Station_ID,Number_of_Chargers,Max_Station_Power_kW,Parking_Spots,Station_Age_Years,Charger_Type,Station_Type,Renewable_Energy_Source,Avg_Utilization,Congestion_Freq,Total_Sessions,Avg_Wait_Time,Avg_Session_Duration,Power_per_Charger,Charger_to_Parking_Ratio,Target_High_Util,Target_High_Congestion
EVS00001,3,1050,7,13,AC Level 2,Ultra-Fast Charging,Yes,0.324269696969697,0.030303030303030304,33,1.026969696969697,58.367575757575764,350.0,0.42857142857142855,0,0
EVS00002,1,350,2,16,DC Fast Charger,Ultra-Fast Charging,Yes,0.8276864516129033,0.7677419354838709,155,7.763612903225805,54.17083870967742,350.0,0.5,1,1
EVS00003,7,350,9,7,AC Level 2,Fast Charging,No,0.1442965811965812,0.042735042735042736,117,1.744273504273504,60.60452991452991,50.0,0.7777777777777778,0,0
EVS00004,5,1750,7,16,AC Level 1,Ultra-Fast Charging,Yes,0.21405875000000002,0.1,80,1.6323750000000001,64.21975,350.0,0.7142857142857143,0,0
EVS00005,3,1050,6,11,AC Level 2,Ultra-Fast Charging,Yes,0.3423231884057971,0.10144927536231885,70,2.448695652173913,60.73814285714286,350.0,0.5,0,0
EVS00006,4,1400,9,10,AC Level 2,Ultra-Fast Charging,Yes,0.26198193548387094,0.16774193548387098,155,3.3103225806451615,62.876129032258056,350.0,0.4444444444444444,0,0
EVS00007,3,1050,4,15,AC Level 1,Ultra-Fast Charging,Yes,0.3811735294117647,0.08823529411764706,34,1.2738235294117648,68.61117647058823,350.0,0.75,0,0
EVS00008,7,2450,9,13,AC Level 2,Ultra-Fast Charging,Yes,0.1427121212121212,0.07575757575757576,132,1.5956060606060607,59.93893939393939,350.0,0.7777777777777778,0,0
EVS00009,1,350,1,13,AC Level 2,Ultra-Fast Charging,No,0.8545790697674419,0.627906976744186,43,3.9202325581395345,57.76325581395349,350.0,1.0,1,1
EVS00010,4,600,5,3,AC Level 2,Fast Charging,No,0.261578125,0.0625,32,0.975,62.7809375,150.0,0.8,0,0
EVS00011,3,66,5,13,AC Level 1,Destination/AC,No,0.31766226415094334,0.16981132075471697,106,3.6170754716981133,57.17896226415095,22.0,0.6,0,0
EVS00012,3,450,5,10,AC Level 1,Fast Charging,Yes,0.35262023121387287,0.31213872832369943,175,5.414537572254336,62.746342857142864,150.0,0.6,0,1
EVS00013,1,22,2,14,AC Level 1,Destination/AC,No,0.8890769784172662,0.8273381294964028,140,8.549460431654676,59.07671428571428,22.0,0.5,1,1
EVS00014,4,200,9,14,AC Level 2,Fast Charging,Yes,0.26732111801242237,0.15527950310559005,162,3.29527950310559,63.7616049382716,50.0,0.4444444444444444,0,0
EVS00015,5,1750,10,13,AC Level 2,Ultra-Fast Charging,Yes,0.20321666666666668,0.14,150,2.5315333333333334,60.964933333333335,350.0,0.5,0,0
EVS00016,7,154,9,6,AC Level 2,Destination/AC,No,0.14044520547945205,0.13013698630136986,148,1.9286986301369862,58.19040540540541,22.0,0.7777777777777778,0,0
EVS00017,2,700,3,8,AC Level 1,Ultra-Fast Charging,No,0.5171632075471698,0.2358490566037736,106,4.852075471698113,62.19292452830189,350.0,0.6666666666666666,1,0
EVS00018,4,600,7,3,AC Level 1,Fast Charging,No,0.24456470588235296,0.0,34,0.861764705882353,58.69647058823529,150.0,0.5714285714285714,0,0
EVS00019,1,350,2,9,AC Level 1,Ultra-Fast Charging,No,0.8964060606060607,0.8545454545454545,165,8.506121212121212,61.47781818181818,350.0,0.5,1,1
EVS00020,3,1050,5,3,DC Fast Charger,Ultra-Fast Charging,Yes,0.2861859813084112,0.1308411214953271,108,2.5018691588785047,51.0362962962963,350.0,0.6,0,0
EVS00021,5,750,10,10,DC Fast Charger,Fast Charging,Yes,0.16891769911504426,0.035398230088495575,113,1.905221238938053,50.674513274336284,150.0,0.5,0,0
EVS00022,3,1050,5,6,AC Level 2,Ultra-Fast Charging,No,0.3388472972972973,0.06756756756756757,74,2.5894594594594595,60.99202702702703,350.0,0.6,0,0
EVS00023,6,2100,10,6,AC Level 2,Ultra-Fast Charging,Yes,0.15822105263157896,0.02631578947368421,38,1.2060526315789473,56.96342105263158,350.0,0.6,0,0
EVS00024,1,22,2,3,DC Fast Charger,Destination/AC,Yes,0.9086015228426395,0.817258883248731,199,8.804137055837563,62.663819095477386,22.0,0.5,1,1
EVS00025,6,300,7,5,AC Level 1,Fast Charging,No,0.17452399999999998,0.11333333333333333,153,2.6616,61.59725490196078,50.0,0.8571428571428571,0,0
EVS00026,1,50,1,11,DC Fast Charger,Fast Charging,No,0.7650931297709923,0.6946564885496184,131,8.581374045801528,49.21129770992366,50.0,1.0,1,1
EVS00027,6,900,7,6,DC Fast Charger,Fast Charging,No,0.1453918918918919,0.0945945945945946,74,1.1572972972972972,52.34175675675676,150.0,0.8571428571428571,0,0
EVS00028,2,100,3,12,AC Level 1,Fast Charging,No,0.5032227272727273,0.43506493506493504,156,7.878506493506493,59.867948717948714,50.0,0.6666666666666666,0,1
EVS00029,7,154,9,9,AC Level 1,Destination/AC,No,0.1521943925233645,0.08411214953271028,108,1.4813084112149533,63.33185185185185,22.0,0.7777777777777778,0,0
EVS00030,4,200,5,13,DC Fast Charger,Fast Charging,No,0.22283626373626372,0.06593406593406594,91,2.0893406593406594,53.481538461538456,50.0,0.8,0,0
EVS00031,3,66,5,8,AC Level 2,Destination/AC,Yes,0.3397780487804878,0.12195121951219512,82,3.4357317073170734,61.16036585365853,22.0,0.6,0,0
EVS00032,2,300,3,6,AC Level 2,Fast Charging,Yes,0.5220893333333333,0.09333333333333334,75,2.5951999999999997,62.650266666666674,150.0,0.6666666666666666,1,0
EVS00033,5,1750,7,8,DC Fast Charger,Ultra-Fast Charging,No,0.1892962962962963,0.07407407407407407,27,0.5862962962962963,56.78962962962963,350.0,0.7142857142857143,0,0
EVS00034,4,600,9,8,AC Level 1,Fast Charging,Yes,0.2508822033898305,0.1440677966101695,119,2.793898305084746,59.70647058823529,150.0,0.4444444444444444,0,0
EVS00035,2,100,2,11,AC Level 2,Fast Charging,Yes,0.5362153374233128,0.3987730061349693,165,6.871411042944785,63.5660606060606,50.0,1.0,1,1
EVS00036,3,66,4,14,AC Level 2,Destination/AC,Yes,0.3385875,0.08333333333333333,24,0.775,60.94625,22.0,0.75,0,0
EVS00037,1,350,1,10,AC Level 1,Ultra-Fast Charging,No,0.8890082191780821,0.8287671232876712,146,7.998972602739725,61.51883561643836,350.0,1.0,1,1
EVS00038,2,44,4,8,AC Level 1,Destination/AC,Yes,0.4920058823529412,0.3790849673202614,154,6.873529411764706,58.65785714285714,22.0,0.5,0,1
EVS00039,1,350,3,3,DC Fast Charger,Ultra-Fast Charging,Yes,0.7726463768115942,0.5942028985507246,70,5.382753623188405,51.55685714285714,350.0,0.3333333333333333,1,1
EVS00040,1,50,1,14,AC Level 2,Fast Charging,No,0.8892435897435897,0.8205128205128205,118,8.555085470085471,62.4185593220339,50.0,1.0,1,1
EVS00041,2,700,3,12,AC Level 1,Ultra-Fast Charging,No,0.5143295454545455,0.06818181818181818,44,2.395909090909091,61.72022727272727,350.0,0.6666666666666666,1,0
EVS00042,2,100,3,3,DC Fast Charger,Fast Charging,No,0.4545266233766234,0.35714285714285715,155,6.146266233766234,54.38309677419355,50.0,0.6666666666666666,0,1
EVS00043,5,250,8,14,AC Level 1,Fast Charging,Yes,0.2096765625,0.1171875,128,2.331875,62.903828125,50.0,0.625,0,0
EVS00044,2,100,3,7,AC Level 1,Fast Charging,No,0.49561486486486483,0.22972972972972974,74,3.400810810810811,59.51702702702703,50.0,0.6666666666666666,0,0
EVS00045,2,44,3,8,AC Level 2,Destination/AC,Yes,0.5416777777777777,0.0,27,1.1737037037037037,65.00259259259259,22.0,0.6666666666666666,1,0
EVS00046,2,100,3,6,DC Fast Charger,Fast Charging,No,0.4427948571428571,0.38857142857142857,175,7.446114285714286,53.13508571428571,50.0,0.6666666666666666,0,1
EVS00047,8,400,9,5,AC Level 1,Fast Charging,Yes,0.12959545454545454,0.06818181818181818,88,1.1099999999999999,62.20613636363637,50.0,0.8888888888888888,0,0
EVS00048,2,300,4,4,DC Fast Charger,Fast Charging,No,0.42944261363636366,0.3352272727272727,176,6.5925,51.53357954545454,150.0,0.5,0,1
EVS00049,5,750,8,15,AC Level 1,Fast Charging,Yes,0.20710542635658916,0.06201550387596899,129,2.3101550387596896,62.13271317829457,150.0,0.625,0,0
EVS00050,5,750,9,3,AC Level 2,Fast Charging,Yes,0.19690534351145036,0.11450381679389313,131,2.672824427480916,59.07236641221374,150.0,0.5555555555555556,0,0
EVS00051,6,300,9,4,AC Level 1,Fast Charging,No,0.17771538461538464,0.1,130,2.0393076923076925,63.97769230769231,50.0,0.6666666666666666,0,0
EVS00052,2,100,3,15,AC Level 2,Fast Charging,No,0.4799177777777778,0.2,45,2.4755555555555557,57.59022222222222,50.0,0.6666666666666666,0,0
EVS00053,3,66,4,9,AC Level 2,Destination/AC,No,0.3447486486486487,0.10810810810810811,74,2.4091891891891892,62.054054054054056,22.0,0.75,0,0
EVS00054,3,150,4,10,DC Fast Charger,Fast Charging,Yes,0.2744534090909091,0.125,88,3.0628409090909092,49.40113636363637,50.0,0.75,0,0
EVS00055,3,450,5,13,AC Level 1,Fast Charging,Yes,0.34383367346938776,0.14285714285714285,98,2.9185714285714286,61.889489795918365,150.0,0.6,0,0
EVS00056,3,450,4,13,AC Level 2,Fast Charging,Yes,0.33299599999999996,0.0,25,0.9712000000000001,59.940799999999996,150.0,0.75,0,0
EVS00057,4,200,8,8,DC Fast Charger,Fast Charging,No,0.22295255474452555,0.072992700729927,137,2.4997080291970804,53.50861313868614,50.0,0.5,0,0
EVS00058,2,300,4,14,AC Level 1,Fast Charging,Yes,0.51318,0.125,40,2.28425,61.58200000000001,150.0,0.5,1,0
EVS00059,6,2100,9,4,DC Fast Charger,Ultra-Fast Charging,No,0.1447223880597015,0.1044776119402985,134,2.2726865671641794,52.09820895522388,350.0,0.6666666666666666,0,0
EVS00060,2,44,4,16,AC Level 2,Destination/AC,Yes,0.524794495412844,0.2018348623853211,110,4.4322935779816515,62.49245454545455,22.0,0.5,1,0
EVS00061,3,66,4,6,DC Fast Charger,Destination/AC,No,0.3500387283236994,0.27167630057803466,173,5.685317919075144,63.00699421965317,22.0,0.75,0,0
EVS00062,6,300,8,3,DC Fast Charger,Fast Charging,Yes,0.1427320610687023,0.10687022900763359,132,2.285916030534351,50.993484848484854,50.0,0.75,0,0
EVS00063,7,2450,9,8,DC Fast Charger,Ultra-Fast Charging,No,0.11853658536585367,0.036585365853658534,82,1.1728048780487805,49.78585365853659,350.0,0.7777777777777778,0,0
EVS00064,3,66,4,8,AC Level 2,Destination/AC,Yes,0.34429302325581396,0.2441860465116279,174,5.420261627906976,61.259540229885054,22.0,0.75,0,0
EVS00065,5,1750,7,7,DC Fast Charger,Ultra-Fast Charging,No,0.17490212765957447,0.0851063829787234,94,1.607553191489362,52.47021276595744,350.0,0.7142857142857143,0,0
EVS00066,2,700,3,13,DC Fast Charger,Ultra-Fast Charging,Yes,0.4264886363636364,0.14772727272727273,88,3.2504545454545455,51.17886363636364,350.0,0.6666666666666666,0,0
EVS00067,1,150,3,6,AC Level 2,Fast Charging,Yes,0.8840201149425287,0.8448275862068966,175,8.670833333333333,60.986,150.0,0.3333333333333333,1,1
EVS00068,1,350,3,11,DC Fast Charger,Ultra-Fast Charging,No,0.7810563829787234,0.6382978723404256,95,7.170851063829787,50.78736842105263,350.0,0.3333333333333333,1,1
EVS00069,6,300,8,10,DC Fast Charger,Fast Charging,Yes,0.15195416666666667,0.125,24,0.4970833333333333,54.70375000000001,50.0,0.75,0,0
EVS00070,8,1200,10,6,DC Fast Charger,Fast Charging,No,0.10884505494505493,0.06593406593406594,92,1.187087912087912,51.67619565217392,150.0,0.8,0,0
EVS00071,1,50,3,9,AC Level 2,Fast Charging,Yes,0.8641173611111111,0.7847222222222222,146,9.137986111111111,59.287465753424655,50.0,0.3333333333333333,1,1
EVS00072,4,88,6,6,AC Level 1,Destination/AC,Yes,0.2554565217391304,0.10869565217391304,46,1.163478260869565,61.31,22.0,0.6666666666666666,0,0
EVS00073,2,44,2,10,AC Level 2,Destination/AC,No,0.49394680851063827,0.19148936170212766,94,4.140851063829787,59.27351063829787,22.0,1.0,0,0
EVS00074,8,2800,10,8,AC Level 1,Ultra-Fast Charging,No,0.12515384615384617,0.05128205128205128,39,0.5656410256410256,60.0725641025641,350.0,0.8,0,0
EVS00075,1,22,1,9,DC Fast Charger,Destination/AC,Yes,0.8665633093525179,0.7769784172661871,139,8.104028776978417,59.04158273381295,22.0,1.0,1,1
EVS00076,6,300,8,4,AC Level 2,Fast Charging,Yes,0.1648822222222222,0.07777777777777778,90,1.7453333333333334,59.35655555555556,50.0,0.75,0,0
EVS00077,7,154,10,3,DC Fast Charger,Destination/AC,Yes,0.14812777777777777,0.09722222222222222,73,0.9400694444444445,61.359315068493146,22.0,0.7,0,0
EVS00078,4,1400,5,9,AC Level 2,Ultra-Fast Charging,Yes,0.24016607142857144,0.07142857142857142,56,1.3485714285714285,57.64071428571429,350.0,0.8,0,0
EVS00079,1,350,2,4,DC Fast Charger,Ultra-Fast Charging,Yes,0.779279381443299,0.7216494845360825,98,8.970309278350516,50.81948979591837,350.0,0.5,1,1
EVS00080,3,450,4,5,AC Level 2,Fast Charging,Yes,0.33766875,0.15178571428571427,112,3.6649107142857145,60.78044642857143,150.0,0.75,0,0
EVS00081,5,1750,10,3,AC Level 2,Ultra-Fast Charging,No,0.20918241758241757,0.12637362637362637,184,3.0234340659340657,62.07304347826087,350.0,0.5,0,0
EVS00082,3,150,4,3,DC Fast Charger,Fast Charging,Yes,0.2824434210526316,0.10526315789473684,76,2.4232894736842105,50.84,50.0,0.75,0,0
EVS00083,4,1400,8,12,AC Level 2,Ultra-Fast Charging,Yes,0.2610272727272727,0.12121212121212122,33,1.1163636363636362,62.64696969696969,350.0,0.5,0,0
EVS00084,1,150,1,16,AC Level 2,Fast Charging,Yes,0.8709048780487804,0.774390243902439,164,9.247926829268293,59.73115853658536,150.0,1.0,1,1
EVS00085,4,200,9,14,AC Level 2,Fast Charging,Yes,0.2604923076923077,0.08391608391608392,144,2.6884265734265735,62.084097222222226,50.0,0.4444444444444444,0,0
EVS00086,5,250,8,15,AC Level 2,Fast Charging,Yes,0.21409739130434785,0.09565217391304348,116,2.540391304347826,63.67474137931035,50.0,0.625,0,0
EVS00087,6,300,10,7,AC Level 2,Fast Charging,No,0.18044285714285715,0.07142857142857142,28,0.5796428571428571,64.95785714285714,50.0,0.6,0,0
EVS00088,3,1050,6,4,DC Fast Charger,Ultra-Fast Charging,No,0.28832608695652173,0.057971014492753624,69,1.6957971014492752,51.89855072463768,350.0,0.5,0,0
EVS00089,4,200,6,8,AC Level 1,Fast Charging,No,0.24694370370370372,0.17777777777777778,136,3.4350370370370373,58.830882352941174,50.0,0.6666666666666666,0,0
EVS00090,2,300,3,10,AC Level 2,Fast Charging,Yes,0.5248464788732394,0.352112676056338,142,6.453802816901409,62.98197183098592,150.0,0.6666666666666666,1,1
EVS00091,8,1200,10,11,AC Level 1,Fast Charging,Yes,0.13170526315789474,0.06315789473684211,95,1.374,63.22010526315789,150.0,0.8,0,0
EVS00092,2,700,3,8,AC Level 1,Ultra-Fast Charging,Yes,0.49273846153846157,0.38461538461538464,143,6.9134965034965035,59.12881118881119,350.0,0.6666666666666666,0,1
EVS00093,6,2100,8,4,AC Level 1,Ultra-Fast Charging,Yes,0.1607186046511628,0.11627906976744186,129,2.887829457364341,57.85852713178294,350.0,0.75,0,0
EVS00094,3,150,7,8,AC Level 2,Fast Charging,Yes,0.3330638888888889,0.125,72,2.5844444444444448,59.951388888888886,50.0,0.42857142857142855,0,0
EVS00095,2,44,3,5,AC Level 1,Destination/AC,No,0.49741694915254236,0.4011299435028249,177,8.408813559322033,59.69022598870057,22.0,0.6666666666666666,0,1
EVS00096,2,100,2,12,AC Level 1,Fast Charging,Yes,0.5196901234567901,0.1728395061728395,81,2.5791358024691355,62.36283950617285,50.0,1.0,1,0
EVS00097,2,44,5,6,AC Level 2,Destination/AC,Yes,0.5065490196078432,0.11764705882352941,51,2.828823529411765,60.78607843137255,22.0,0.4,0,0
EVS00098,3,1050,5,3,DC Fast Charger,Ultra-Fast Charging,No,0.2895909090909091,0.17355371900826447,122,3.864793388429752,51.69934426229508,350.0,0.6,0,0
EVS00099,7,2450,8,11,AC Level 2,Ultra-Fast Charging,Yes,0.14916140350877194,0.06140350877192982,115,1.8973245614035088,62.10269565217391,350.0,0.875,0,0
EVS00100,8,1200,10,8,AC Level 2,Fast Charging,No,0.12524871794871797,0.0,39,0.4330769230769231,60.1174358974359,150.0,0.8,0,0
EVS00101,1,50,1,13,DC Fast Charger,Fast Charging,Yes,0.8465090277777778,0.8402777777777778,144,8.448541666666666,55.928333333333335,50.0,1.0,1,1
EVS00102,3,66,4,3,DC Fast Charger,Destination/AC,No,0.3478592592592593,0.07407407407407407,54,1.651111111111111,62.61351851851852,22.0,0.75,0,0
EVS00103,4,88,7,16,AC Level 1,Destination/AC,No,0.25141383647798743,0.16352201257861634,159,3.328364779874214,60.33893081761006,22.0,0.5714285714285714,0,0
EVS00104,4,88,5,6,AC Level 2,Destination/AC,No,0.27603684210526314,0.0,19,0.661578947368421,66.24789473684211,22.0,0.8,0,0
EVS00105,5,750,10,8,AC Level 2,Fast Charging,No,0.20271085714285716,0.14857142857142858,176,2.804885714285714,60.46784090909091,150.0,0.5,0,0
EVS00106,1,350,1,14,AC Level 2,Ultra-Fast Charging,No,0.8766534351145038,0.8549618320610687,132,9.280954198473284,60.257045454545455,350.0,1.0,1,1
EVS00107,5,110,7,15,DC Fast Charger,Destination/AC,No,0.20853648648648648,0.11486486486486487,150,2.636081081081081,61.726333333333336,22.0,0.7142857142857143,0,0
EVS00108,4,1400,7,6,AC Level 2,Ultra-Fast Charging,Yes,0.24619705882352938,0.18382352941176472,136,3.6116911764705883,59.08757352941176,350.0,0.5714285714285714,0,0
EVS00109,5,250,7,8,DC Fast Charger,Fast Charging,No,0.17707835051546392,0.041237113402061855,97,1.6682474226804123,53.1239175257732,50.0,0.7142857142857143,0,0
EVS00110,5,1750,9,8,AC Level 1,Ultra-Fast Charging,Yes,0.2170299363057325,0.12101910828025478,157,2.5445859872611467,65.10821656050955,350.0,0.5555555555555556,0,0
EVS00111,6,2100,7,16,DC Fast Charger,Ultra-Fast Charging,Yes,0.13637241379310344,0.10344827586206896,58,0.9984482758620691,49.09344827586207,350.0,0.8571428571428571,0,0
EVS00112,2,100,2,9,AC Level 1,Fast Charging,Yes,0.5141887218045114,0.3082706766917293,134,5.85703007518797,61.242313432835815,50.0,1.0,1,1
EVS00113,6,900,10,12,AC Level 2,Fast Charging,Yes,0.1718190082644628,0.09917355371900827,122,1.4724380165289255,61.348688524590166,150.0,0.6,0,0
EVS00114,7,350,9,4,AC Level 2,Fast Charging,Yes,0.14452073170731708,0.036585365853658534,82,1.4029268292682928,60.69963414634146,50.0,0.7777777777777778,0,0
EVS00115,2,100,4,8,AC Level 2,Fast Charging,No,0.49577614678899085,0.26605504587155965,109,4.789266055045871,59.57449541284404,50.0,0.5,0,0
EVS00116,1,50,1,9,AC Level 2,Fast Charging,Yes,0.8984029411764706,0.8137254901960784,102,7.49,61.317549019607846,50.0,1.0,1,1
EVS00117,4,88,7,16,AC Level 2,Destination/AC,No,0.2557869565217391,0.043478260869565216,23,0.6165217391304347,61.38739130434782,22.0,0.5714285714285714,0,0
EVS00118,6,132,8,11,DC Fast Charger,Destination/AC,No,0.18662,0.1,30,0.6273333333333333,67.185,22.0,0.75,0,0
EVS00119,5,250,6,9,AC Level 2,Fast Charging,Yes,0.2052735849056604,0.03773584905660377,53,1.2130188679245284,61.58132075471698,50.0,0.8333333333333334,0,0
EVS00120,7,1050,9,3,AC Level 2,Fast Charging,No,0.14048148148148148,0.07407407407407407,27,0.8566666666666666,58.99925925925926,150.0,0.7777777777777778,0,0
EVS00121,2,300,3,9,DC Fast Charger,Fast Charging,Yes,0.4548916666666667,0.20833333333333334,96,4.012395833333334,54.587812500000005,150.0,0.6666666666666666,0,0
EVS00122,2,100,2,5,AC Level 2,Fast Charging,Yes,0.5219401785714286,0.33035714285714285,112,5.8965178571428565,62.69678571428572,50.0,1.0,1,1
EVS00123,4,200,7,5,AC Level 2,Fast Charging,Yes,0.2623948717948718,0.10256410256410256,117,2.364700854700855,62.97521367521368,50.0,0.5714285714285714,0,0
EVS00124,5,250,6,7,AC Level 2,Fast Charging,Yes,0.2059111111111111,0.12222222222222222,90,1.841888888888889,61.77277777777778,50.0,0.8333333333333334,0,0
EVS00125,1,50,1,4,DC Fast Charger,Fast Charging,No,0.8126841176470587,0.7764705882352941,171,8.834323529411765,53.242046783625725,50.0,1.0,1,1
EVS00126,6,900,10,5,AC Level 1,Fast Charging,Yes,0.1675699115044248,0.07079646017699115,113,1.9287610619469024,60.32619469026548,150.0,0.6,0,0
EVS00127,5,110,8,14,DC Fast Charger,Destination/AC,No,0.20554615384615385,0.038461538461538464,26,0.551923076923077,61.66269230769231,22.0,0.625,0,0
EVS00128,4,200,6,13,AC Level 2,Fast Charging,No,0.25208275862068963,0.1724137931034483,147,3.310758620689655,59.676054421768704,50.0,0.6666666666666666,0,0
EVS00129,2,44,4,5,AC Level 1,Destination/AC,Yes,0.4982725806451613,0.3225806451612903,124,5.538387096774193,59.792338709677416,22.0,0.5,0,1
EVS00130,2,300,4,13,DC Fast Charger,Fast Charging,Yes,0.4415169014084507,0.28169014084507044,142,6.432605633802817,52.98225352112676,150.0,0.5,0,0
EVS00131,1,50,1,14,AC Level 1,Fast Charging,Yes,0.8768152380952381,0.8,105,7.583428571428572,60.10171428571429,50.0,1.0,1,1
EVS00132,1,150,1,10,AC Level 1,Fast Charging,No,0.88771,0.8454545454545455,111,8.106045454545454,59.90387387387387,150.0,1.0,1,1
EVS00133,3,66,4,12,DC Fast Charger,Destination/AC,Yes,0.30748,0.06666666666666667,30,1.0873333333333333,55.34733333333334,22.0,0.75,0,0
EVS00134,6,300,8,9,AC Level 1,Fast Charging,No,0.1851532110091743,0.045871559633027525,110,1.7168348623853211,66.049,50.0,0.75,0,0
EVS00135,7,2450,10,9,DC Fast Charger,Ultra-Fast Charging,No,0.12412337662337661,0.09740259740259741,154,2.206298701298701,52.13136363636364,350.0,0.7,0,0
EVS00136,2,700,4,16,AC Level 1,Ultra-Fast Charging,No,0.5248565217391304,0.14492753623188406,69,3.276521739130435,62.982898550724634,350.0,0.5,1,0
EVS00137,3,1050,4,6,AC Level 1,Ultra-Fast Charging,Yes,0.3526026785714286,0.21428571428571427,116,4.022455357142857,61.28051724137931,350.0,0.75,0,0
EVS00138,1,22,2,7,DC Fast Charger,Destination/AC,Yes,0.8639499999999999,0.6923076923076923,26,1.7269230769230768,58.00423076923077,22.0,0.5,1,1
EVS00139,2,44,3,10,AC Level 1,Destination/AC,Yes,0.5325,0.18181818181818182,55,3.364181818181818,63.9,22.0,0.6666666666666666,1,0
EVS00140,2,700,4,15,AC Level 2,Ultra-Fast Charging,Yes,0.5391768421052632,0.12631578947368421,95,3.4269473684210525,64.70178947368422,350.0,0.5,1,0
EVS00141,4,88,6,16,AC Level 1,Destination/AC,No,0.25506415094339624,0.1650943396226415,212,4.02061320754717,61.215094339622645,22.0,0.6666666666666666,0,0
EVS00142,8,1200,10,4,AC Level 1,Fast Charging,No,0.12802884615384616,0.038461538461538464,52,0.7223076923076923,61.45653846153846,150.0,0.8,0,0
EVS00143,5,250,8,3,AC Level 2,Fast Charging,No,0.21988275862068965,0.05172413793103448,58,1.5037931034482759,65.96603448275863,50.0,0.625,0,0
EVS00144,3,450,4,9,DC Fast Charger,Fast Charging,Yes,0.2888737373737374,0.050505050505050504,99,2.327878787878788,51.99717171717172,150.0,0.75,0,0
EVS00145,5,1750,9,14,AC Level 1,Ultra-Fast Charging,Yes,0.21274973821989526,0.13612565445026178,192,3.1989528795811517,63.49286458333333,350.0,0.5555555555555556,0,0
EVS00146,2,100,3,16,DC Fast Charger,Fast Charging,Yes,0.43442684563758394,0.31543624161073824,149,6.744429530201342,52.131140939597316,50.0,0.6666666666666666,0,1
EVS00147,7,2450,9,15,AC Level 1,Ultra-Fast Charging,Yes,0.14469545454545454,0.22727272727272727,22,0.3227272727272727,60.76863636363637,350.0,0.7777777777777778,0,0
EVS00148,5,750,6,15,AC Level 1,Fast Charging,No,0.19835070422535211,0.15492957746478872,71,1.3411267605633803,59.50492957746479,150.0,0.8333333333333334,0,0
EVS00149,6,300,9,8,AC Level 2,Fast Charging,Yes,0.17515394736842105,0.09868421052631579,155,2.4658223684210525,61.83509677419355,50.0,0.6666666666666666,0,0
EVS00150,1,22,1,9,AC Level 2,Destination/AC,No,0.8693941176470589,0.8235294117647058,17,2.8717647058823528,60.27117647058823,22.0,1.0,1,1
EVS00151,6,300,7,13,AC Level 2,Fast Charging,Yes,0.17445743243243245,0.11486486486486487,149,2.461587837837838,62.38463087248322,50.0,0.8571428571428571,0,0
EVS00152,2,44,3,9,AC Level 2,Destination/AC,No,0.5052725806451612,0.20967741935483872,62,3.915967741935484,60.752096774193554,22.0,0.6666666666666666,0,0
EVS00153,1,150,1,11,AC Level 2,Fast Charging,No,0.8881524752475247,0.8564356435643564,203,8.825544554455446,60.37137931034483,150.0,1.0,1,1
EVS00154,4,600,5,7,AC Level 2,Fast Charging,Yes,0.258486301369863,0.0410958904109589,73,1.6382191780821918,62.03643835616438,150.0,0.8,0,0
EVS00155,3,150,4,7,AC Level 2,Fast Charging,Yes,0.33361,0.15,80,3.11825,60.048500000000004,50.0,0.75,0,0
EVS00156,8,2800,10,6,AC Level 2,Ultra-Fast Charging,No,0.12598027210884352,0.04081632653061224,148,1.3228911564625851,60.0629054054054,350.0,0.8,0,0
EVS00157,5,110,9,4,AC Level 2,Destination/AC,Yes,0.21384594594594594,0.02702702702702703,37,1.058918918918919,64.15270270270271,22.0,0.5555555555555556,0,0
EVS00158,3,450,4,15,DC Fast Charger,Fast Charging,Yes,0.30247934782608693,0.18478260869565216,93,3.5818478260869564,53.86021505376344,150.0,0.75,0,0
EVS00159,3,150,6,5,AC Level 2,Fast Charging,No,0.3311513513513514,0.11711711711711711,111,3.046306306306306,59.60702702702703,50.0,0.5,0,0
EVS00160,2,700,3,16,DC Fast Charger,Ultra-Fast Charging,No,0.42223481012658226,0.37341772151898733,158,6.732278481012658,50.66829113924051,350.0,0.6666666666666666,0,1
EVS00161,2,44,3,10,AC Level 2,Destination/AC,No,0.5224806282722513,0.36649214659685864,192,6.706701570680629,62.501354166666665,22.0,0.6666666666666666,1,1
EVS00162,2,300,3,8,DC Fast Charger,Fast Charging,Yes,0.4499338842975207,0.30578512396694213,121,5.275702479338843,53.99190082644628,150.0,0.6666666666666666,0,1
EVS00163,1,350,1,5,DC Fast Charger,Ultra-Fast Charging,No,0.7611602564102564,0.6794871794871795,79,7.092756410256411,49.258607594936706,350.0,1.0,1,1
EVS00164,1,22,2,11,AC Level 1,Destination/AC,Yes,0.8622914285714286,0.8285714285714286,70,6.724428571428571,58.96842857142857,22.0,0.5,1,1
EVS00165,6,300,9,4,AC Level 1,Fast Charging,Yes,0.16152692307692307,0.07692307692307693,78,1.3191025641025642,58.15038461538461,50.0,0.6666666666666666,0,0
EVS00166,7,2450,9,13,AC Level 1,Ultra-Fast Charging,No,0.14919675324675324,0.05844155844155844,156,2.093344155844156,61.8575,350.0,0.7777777777777778,0,0
EVS00167,4,600,5,12,DC Fast Charger,Fast Charging,Yes,0.22270266666666666,0.06666666666666667,75,1.4458666666666666,53.4488,150.0,0.8,0,0
EVS00168,3,450,7,11,DC Fast Charger,Fast Charging,Yes,0.27002444444444446,0.0,45,1.2855555555555556,48.605111111111114,150.0,0.42857142857142855,0,0
EVS00169,1,22,1,13,DC Fast Charger,Destination/AC,Yes,0.8923364864864864,0.7567567567567568,75,5.470810810810811,62.618,22.0,1.0,1,1
EVS00170,3,1050,4,14,AC Level 2,Ultra-Fast Charging,No,0.33837500000000004,0.041666666666666664,24,0.6579166666666666,60.907916666666665,350.0,0.75,0,0
EVS00171,3,450,5,11,AC Level 1,Fast Charging,Yes,0.3199945945945946,0.05405405405405406,37,0.9589189189189188,57.60027027027027,150.0,0.6,0,0
EVS00172,3,1050,4,9,DC Fast Charger,Ultra-Fast Charging,Yes,0.265325,0.10714285714285714,28,0.8150000000000001,47.75928571428572,350.0,0.75,0,0
EVS00173,2,100,3,9,AC Level 2,Fast Charging,No,0.5113539473684211,0.4144736842105263,152,7.258947368421052,61.41717105263158,50.0,0.6666666666666666,0,1
EVS00174,2,44,3,10,AC Level 1,Destination/AC,No,0.516786046511628,0.3488372093023256,130,5.795775193798449,61.57992307692308,22.0,0.6666666666666666,1,1
EVS00175,3,450,5,12,DC Fast Charger,Fast Charging,Yes,0.2765548611111111,0.19444444444444445,145,3.9751388888888886,49.436689655172415,150.0,0.6,0,0
EVS00176,3,1050,4,11,DC Fast Charger,Ultra-Fast Charging,No,0.2864762886597938,0.12371134020618557,97,3.265876288659794,51.565670103092785,350.0,0.75,0,0
EVS00177,3,450,4,16,AC Level 2,Fast Charging,Yes,0.35833939393939396,0.18181818181818182,135,3.572651515151515,63.06792592592593,150.0,0.75,0,0
EVS00178,7,2450,9,4,AC Level 1,Ultra-Fast Charging,No,0.14936052631578947,0.05263157894736842,38,0.45473684210526316,62.728157894736846,350.0,0.7777777777777778,0,0
EVS00179,2,300,3,9,AC Level 2,Fast Charging,Yes,0.5190575539568345,0.3381294964028777,141,5.909496402877697,61.66794326241135,150.0,0.6666666666666666,1,1
EVS00180,2,100,3,9,AC Level 2,Fast Charging,Yes,0.54165,0.19230769230769232,104,4.472019230769231,65.17423076923077,50.0,0.6666666666666666,1,0
EVS00181,5,110,6,7,AC Level 2,Destination/AC,No,0.20047735849056605,0.15723270440251572,159,3.0242767295597486,60.14471698113208,22.0,0.8333333333333334,0,0
EVS00182,7,154,9,11,AC Level 1,Destination/AC,No,0.1446581395348837,0.023255813953488372,43,0.5646511627906977,60.7539534883721,22.0,0.7777777777777778,0,0
EVS00183,2,700,3,3,AC Level 1,Ultra-Fast Charging,Yes,0.4944336448598131,0.17757009345794392,107,4.235046728971962,59.33196261682242,350.0,0.6666666666666666,0,0
EVS00184,1,150,1,4,DC Fast Charger,Fast Charging,No,0.809244776119403,0.7014925373134329,134,9.36044776119403,53.29880597014925,150.0,1.0,1,1
EVS00185,6,900,10,5,AC Level 2,Fast Charging,No,0.17359381443298968,0.09278350515463918,97,1.8048453608247421,62.492164948453606,150.0,0.6,0,0
EVS00186,3,450,4,6,AC Level 1,Fast Charging,No,0.3306695652173913,0.17391304347826086,92,2.84945652173913,59.520760869565216,150.0,0.75,0,0
EVS00187,5,250,9,15,DC Fast Charger,Fast Charging,No,0.1744923076923077,0.09615384615384616,52,0.8857692307692309,52.34865384615385,50.0,0.5555555555555556,0,0
EVS00188,1,22,2,4,DC Fast Charger,Destination/AC,Yes,0.9021548387096774,0.8548387096774194,62,7.780161290322581,61.47,22.0,0.5,1,1
EVS00189,4,88,7,4,AC Level 1,Destination/AC,No,0.25966206896551725,0.10344827586206896,58,1.2863793103448276,62.31862068965517,22.0,0.5714285714285714,0,0
EVS00190,5,1750,7,15,AC Level 1,Ultra-Fast Charging,No,0.20101612903225805,0.04838709677419355,62,1.2540322580645162,60.302903225806446,350.0,0.7142857142857143,0,0
EVS00191,2,300,2,9,AC Level 2,Fast Charging,Yes,0.5223110169491525,0.3220338983050847,118,6.088813559322034,62.677542372881355,150.0,1.0,1,1
EVS00192,3,150,5,14,DC Fast Charger,Fast Charging,No,0.27857119999999996,0.128,125,3.7950399999999997,50.142480000000006,50.0,0.6,0,0
EVS00193,2,100,2,15,AC Level 2,Fast Charging,No,0.5088339285714286,0.30357142857142855,112,5.423928571428571,61.224553571428565,50.0,1.0,0,1
EVS00194,6,2100,7,14,AC Level 1,Ultra-Fast Charging,Yes,0.1754551282051282,0.07692307692307693,78,1.408974358974359,63.16397435897436,350.0,0.8571428571428571,0,0
EVS00195,3,450,4,16,DC Fast Charger,Fast Charging,No,0.2869655,0.305,200,5.53175,51.65335,150.0,0.75,0,1
EVS00196,3,1050,5,3,AC Level 1,Ultra-Fast Charging,No,0.3347913043478261,0.08695652173913043,23,0.971304347826087,60.26304347826087,350.0,0.6,0,0
EVS00197,5,250,7,15,AC Level 1,Fast Charging,Yes,0.1939450704225352,0.07042253521126761,71,1.3574647887323943,58.18408450704225,50.0,0.7142857142857143,0,0
EVS00198,5,1750,10,12,AC Level 1,Ultra-Fast Charging,Yes,0.20901714285714285,0.05714285714285714,35,0.9437142857142857,62.70399999999999,350.0,0.5,0,0
EVS00199,5,750,9,7,DC Fast Charger,Fast Charging,No,0.1786290909090909,0.05454545454545454,55,1.1992727272727273,53.58836363636364,150.0,0.5555555555555556,0,0
EVS00200,8,2800,10,15,DC Fast Charger,Ultra-Fast Charging,Yes,0.11186264367816091,0.07471264367816093,175,2.1528160919540227,53.390457142857144,350.0,0.8,0,0
EVS00201,5,750,7,3,AC Level 1,Fast Charging,No,0.21033793103448276,0.04310344827586207,116,1.6385344827586206,63.100948275862066,150.0,0.7142857142857143,0,0
EVS00202,7,154,10,4,AC Level 2,Destination/AC,No,0.14561447368421052,0.13157894736842105,152,2.596842105263158,61.15934210526316,22.0,0.7,0,0
EVS00203,1,150,2,8,AC Level 2,Fast Charging,Yes,0.9024361904761904,0.8380952380952381,105,7.941999999999999,62.071619047619045,150.0,0.5,1,1
EVS00204,2,44,3,15,AC Level 1,Destination/AC,Yes,0.5014711111111111,0.2814814814814815,135,5.598444444444445,60.17659259259259,22.0,0.6666666666666666,0,0
EVS00205,4,88,6,6,AC Level 1,Destination/AC,Yes,0.24518378378378378,0.09009009009009009,111,2.082072072072072,58.844234234234236,22.0,0.6666666666666666,0,0
EVS00206,3,150,4,14,AC Level 2,Fast Charging,Yes,0.3614578125,0.09375,64,2.01046875,65.06281249999999,50.0,0.75,0,0
EVS00207,4,1400,5,3,DC Fast Charger,Ultra-Fast Charging,Yes,0.22404850299401197,0.08982035928143713,169,2.820808383233533,53.13568047337278,350.0,0.8,0,0
EVS00208,2,100,3,16,AC Level 2,Fast Charging,No,0.5095379888268157,0.3575418994413408,180,7.967011173184358,60.80488888888888,50.0,0.6666666666666666,0,1
EVS00209,5,1750,10,9,AC Level 2,Ultra-Fast Charging,Yes,0.20531454545454544,0.05454545454545454,55,1.0072727272727273,61.593090909090904,350.0,0.5,0,0
EVS00210,2,700,3,16,AC Level 2,Ultra-Fast Charging,No,0.5222439393939394,0.32575757575757575,133,5.634242424242425,62.29300751879699,350.0,0.6666666666666666,1,1
EVS00211,3,150,4,12,AC Level 1,Fast Charging,Yes,0.3363909090909091,0.07272727272727272,55,2.2323636363636363,60.55054545454546,50.0,0.75,0,0
EVS00212,5,1750,10,15,DC Fast Charger,Ultra-Fast Charging,No,0.16615785714285713,0.12857142857142856,141,2.5854642857142855,49.49276595744681,350.0,0.5,0,0
EVS00213,1,22,1,8,DC Fast Charger,Destination/AC,Yes,0.9075947368421052,0.868421052631579,153,8.567302631578947,63.23509803921568,22.0,1.0,1,1
EVS00214,2,300,3,11,AC Level 1,Fast Charging,Yes,0.5262865384615385,0.21153846153846154,104,4.31048076923077,63.15442307692308,150.0,0.6666666666666666,1,0
EVS00215,5,110,6,15,DC Fast Charger,Destination/AC,No,0.197858940397351,0.07947019867549669,151,2.676754966887417,59.358079470198675,22.0,0.8333333333333334,0,0
EVS00216,5,110,9,13,AC Level 2,Destination/AC,Yes,0.21291034482758622,0.05172413793103448,58,1.1293103448275863,63.87241379310345,22.0,0.5555555555555556,0,0
EVS00217,3,66,4,7,DC Fast Charger,Destination/AC,No,0.336439393939394,0.09090909090909091,33,0.7990909090909091,60.55727272727273,22.0,0.75,0,0
EVS00218,2,300,2,12,DC Fast Charger,Fast Charging,No,0.4868551724137931,0.10344827586206896,29,1.82,58.422758620689656,150.0,1.0,0,0
EVS00219,2,300,5,5,AC Level 1,Fast Charging,No,0.50175,0.1625,80,3.99675,60.210375,150.0,0.4,0,0
EVS00220,6,2100,9,16,AC Level 2,Ultra-Fast Charging,No,0.1719425,0.1,160,2.3811875000000002,61.900437499999995,350.0,0.6666666666666666,0,0
EVS00221,6,900,9,3,AC Level 1,Fast Charging,Yes,0.1852792452830189,0.03773584905660377,53,0.7447169811320754,66.69962264150944,150.0,0.6666666666666666,0,0
EVS00222,4,600,5,3,AC Level 1,Fast Charging,No,0.251936,0.07,100,2.3295,60.4654,150.0,0.8,0,0
EVS00223,2,300,4,6,AC Level 1,Fast Charging,Yes,0.49620563380281696,0.3591549295774648,143,6.174366197183098,59.54524475524475,150.0,0.5,0,1
EVS00224,1,22,1,9,DC Fast Charger,Destination/AC,Yes,0.9105520833333333,0.8541666666666666,48,3.581041666666667,64.66708333333334,22.0,1.0,1,1
EVS00225,4,88,8,16,AC Level 1,Destination/AC,Yes,0.2687447552447553,0.15384615384615385,144,3.184825174825175,64.05090277777778,22.0,0.5,0,0
EVS00226,4,1400,5,7,DC Fast Charger,Ultra-Fast Charging,Yes,0.2213126984126984,0.047619047619047616,63,1.5053968253968255,53.11507936507937,350.0,0.8,0,0
EVS00227,2,44,2,9,AC Level 1,Destination/AC,Yes,0.5238579831932774,0.2773109243697479,119,5.932941176470588,62.862857142857145,22.0,1.0,1,0
EVS00228,2,44,3,7,DC Fast Charger,Destination/AC,Yes,0.536446875,0.3359375,128,5.343984375,64.43109375,22.0,0.6666666666666666,1,1
EVS00229,1,22,2,6,AC Level 2,Destination/AC,Yes,0.8990783132530121,0.8554216867469879,83,7.895421686746987,60.4444578313253,22.0,0.5,1,1
EVS00230,2,44,3,16,DC Fast Charger,Destination/AC,Yes,0.5696552631578947,0.07894736842105263,38,2.0826315789473684,68.3578947368421,22.0,0.6666666666666666,1,0
EVS00231,3,66,7,8,AC Level 2,Destination/AC,Yes,0.3611153846153846,0.17307692307692307,104,3.1655769230769235,65.00019230769232,22.0,0.42857142857142855,0,0
EVS00232,3,150,6,16,DC Fast Charger,Fast Charging,No,0.29540337078651685,0.3202247191011236,179,5.431376404494382,52.87558659217877,50.0,0.5,0,1
EVS00233,3,1050,4,7,AC Level 1,Ultra-Fast Charging,No,0.34433749999999996,0.0,24,0.8833333333333333,61.98083333333333,350.0,0.75,0,0
EVS00234,2,100,3,10,AC Level 2,Fast Charging,No,0.5173867768595042,0.30578512396694213,122,6.349462809917355,61.9011475409836,50.0,0.6666666666666666,1,1
EVS00235,2,44,3,5,DC Fast Charger,Destination/AC,No,0.541225,0.17857142857142858,114,4.251785714285714,64.11026315789474,22.0,0.6666666666666666,1,0
EVS00236,4,88,6,6,AC Level 2,Destination/AC,Yes,0.2628738461538462,0.1076923076923077,130,2.788846153846154,63.090692307692315,22.0,0.6666666666666666,0,0
EVS00237,5,250,9,3,AC Level 2,Fast Charging,Yes,0.20893027522935778,0.10091743119266056,109,2.2084403669724773,62.6791743119266,50.0,0.5555555555555556,0,0
EVS00238,4,600,6,7,DC Fast Charger,Fast Charging,No,0.2110298969072165,0.1134020618556701,97,2.471134020618557,50.646391752577316,150.0,0.6666666666666666,0,0
EVS00239,6,900,8,12,AC Level 2,Fast Charging,Yes,0.1816327868852459,0.06557377049180328,61,1.1622950819672133,65.38754098360656,150.0,0.75,0,0
EVS00240,2,44,3,4,AC Level 1,Destination/AC,Yes,0.5161553719008264,0.33884297520661155,123,6.117851239669421,61.16869918699187,22.0,0.6666666666666666,1,1
EVS00241,1,350,3,15,AC Level 1,Ultra-Fast Charging,Yes,0.8610785714285715,0.6428571428571429,42,3.9176190476190476,58.108809523809526,350.0,0.3333333333333333,1,1
EVS00242,8,400,10,13,AC Level 2,Fast Charging,Yes,0.13002330097087378,0.10679611650485436,103,1.5349514563106796,62.41077669902913,50.0,0.8,0,0
EVS00243,3,1050,6,13,AC Level 1,Ultra-Fast Charging,No,0.3587730769230769,0.07692307692307693,27,0.9926923076923077,62.18888888888888,350.0,0.5,0,0
EVS00244,1,50,1,13,AC Level 2,Fast Charging,No,0.8762042372881356,0.7966101694915254,118,8.702627118644068,59.798813559322035,50.0,1.0,1,1
EVS00245,2,300,3,6,AC Level 2,Fast Charging,Yes,0.4974388888888889,0.2037037037037037,108,4.55787037037037,59.6925,150.0,0.6666666666666666,0,0
EVS00246,5,1750,7,9,AC Level 2,Ultra-Fast Charging,Yes,0.1906608695652174,0.0,23,0.6721739130434782,57.19782608695652,350.0,0.7142857142857143,0,0
EVS00247,3,150,6,11,AC Level 1,Fast Charging,No,0.3305735294117647,0.25735294117647056,137,4.953419117647059,59.06934306569343,50.0,0.5,0,0
EVS00248,4,600,7,14,DC Fast Charger,Fast Charging,Yes,0.23465151515151517,0.12121212121212122,67,1.7331060606060606,55.47537313432836,150.0,0.5714285714285714,0,0
EVS00249,3,66,5,9,DC Fast Charger,Destination/AC,No,0.3197416149068323,0.2484472049689441,162,4.62751552795031,57.19845679012345,22.0,0.6,0,0
EVS00250,5,250,10,16,DC Fast Charger,Fast Charging,Yes,0.15181875,0.0,16,0.56125,45.545625,50.0,0.5,0,0
EVS00251,5,110,9,7,DC Fast Charger,Destination/AC,No,0.19211818181818183,0.022727272727272728,44,1.0159090909090909,57.635681818181816,22.0,0.5555555555555556,0,0
EVS00252,5,1750,7,16,AC Level 2,Ultra-Fast Charging,Yes,0.19779702970297028,0.0594059405940594,102,2.152029702970297,58.75764705882353,350.0,0.7142857142857143,0,0
EVS00253,6,300,8,4,DC Fast Charger,Fast Charging,No,0.14613214285714288,0.07142857142857142,56,0.8016071428571429,52.60821428571428,50.0,0.75,0,0
EVS00254,1,150,1,11,AC Level 1,Fast Charging,No,0.8838012987012988,0.7272727272727273,77,5.642857142857143,60.36896103896104,150.0,1.0,1,1
EVS00255,8,2800,10,8,DC Fast Charger,Ultra-Fast Charging,Yes,0.10990588235294117,0.058823529411764705,120,1.3827310924369747,52.315666666666665,350.0,0.8,0,0
EVS00256,4,200,5,10,AC Level 2,Fast Charging,Yes,0.26816388888888887,0.027777777777777776,36,1.335,64.35833333333333,50.0,0.8,0,0
EVS00257,2,44,3,15,AC Level 1,Destination/AC,No,0.5057644927536232,0.30434782608695654,138,5.409782608695652,60.76753623188406,22.0,0.6666666666666666,0,1
EVS00258,1,150,2,6,AC Level 2,Fast Charging,No,0.9029914285714286,0.7428571428571429,35,3.144285714285714,63.42371428571428,150.0,0.5,1,1
EVS00259,3,1050,4,14,AC Level 2,Ultra-Fast Charging,No,0.3472314285714286,0.0,35,1.2194285714285715,62.501714285714286,350.0,0.75,0,0
EVS00260,1,22,2,3,DC Fast Charger,Destination/AC,Yes,0.9026651785714286,0.8482142857142857,113,9.667098214285714,62.165044247787606,22.0,0.5,1,1
EVS00261,4,200,6,10,AC Level 2,Fast Charging,No,0.2541294478527607,0.22699386503067484,163,3.9520858895705526,60.99147239263804,50.0,0.6666666666666666,0,0
EVS00262,2,100,3,4,AC Level 2,Fast Charging,Yes,0.4669083333333333,0.0625,48,1.7162499999999998,56.029583333333335,50.0,0.6666666666666666,0,0
EVS00263,1,50,3,4,DC Fast Charger,Fast Charging,Yes,0.8546289855072464,0.7536231884057971,69,6.930000000000001,57.78782608695652,50.0,0.3333333333333333,1,1
EVS00264,3,150,6,6,AC Level 2,Fast Charging,Yes,0.33403659793814433,0.28350515463917525,194,6.082061855670103,60.12716494845361,50.0,0.5,0,0
EVS00265,4,1400,9,5,DC Fast Charger,Ultra-Fast Charging,No,0.2180434554973822,0.2356020942408377,191,4.075759162303665,52.3303664921466,350.0,0.4444444444444444,0,0
EVS00266,4,600,5,6,AC Level 1,Fast Charging,Yes,0.24824672897196262,0.19626168224299065,107,2.775607476635514,59.57859813084112,150.0,0.8,0,0
EVS00267,1,50,2,4,AC Level 2,Fast Charging,No,0.9013470588235295,0.8117647058823529,85,6.0902352941176465,62.125882352941176,50.0,0.5,1,1
EVS00268,7,350,10,5,DC Fast Charger,Fast Charging,No,0.1141763157894737,0.02631578947368421,76,0.8047368421052632,47.95434210526316,50.0,0.7,0,0
EVS00269,6,300,8,12,AC Level 2,Fast Charging,Yes,0.1690701612903226,0.0967741935483871,124,2.116129032258064,60.866048387096775,50.0,0.75,0,0
EVS00270,1,150,1,8,DC Fast Charger,Fast Charging,No,0.779251282051282,0.7264957264957265,118,7.527094017094017,50.998050847457634,150.0,1.0,1,1
EVS00271,2,100,4,14,AC Level 2,Fast Charging,No,0.5203074626865671,0.14925373134328357,67,2.7722388059701495,62.43716417910448,50.0,0.5,1,0
EVS00272,2,44,2,9,DC Fast Charger,Destination/AC,Yes,0.4834777777777778,0.07407407407407407,27,0.8985185185185185,58.01814814814815,22.0,1.0,0,0
EVS00273,7,154,9,12,AC Level 2,Destination/AC,No,0.14751999999999998,0.06666666666666667,45,0.5988888888888889,61.958000000000006,22.0,0.7777777777777778,0,0
EVS00274,3,150,7,8,AC Level 2,Fast Charging,No,0.3255290322580645,0.23870967741935484,155,5.128967741935484,58.59509677419355,50.0,0.42857142857142855,0,0
EVS00275,4,88,5,15,AC Level 1,Destination/AC,Yes,0.24749277108433732,0.08433734939759036,84,2.040542168674699,58.69166666666667,22.0,0.8,0,0
EVS00276,3,66,5,6,AC Level 1,Destination/AC,Yes,0.35287093023255817,0.11627906976744186,87,2.508895348837209,62.78563218390805,22.0,0.6,0,0
EVS00277,4,200,5,15,AC Level 2,Fast Charging,Yes,0.23236326530612245,0.11224489795918367,98,2.434285714285714,55.767755102040816,50.0,0.8,0,0
EVS00278,1,150,2,6,DC Fast Charger,Fast Charging,No,0.803134693877551,0.7142857142857143,148,9.012721088435374,52.58013513513513,150.0,0.5,1,1
EVS00279,4,88,7,12,AC Level 2,Destination/AC,Yes,0.24883636363636363,0.0,22,0.7622727272727272,59.71727272727273,22.0,0.5714285714285714,0,0
EVS00280,4,1400,7,5,AC Level 2,Ultra-Fast Charging,No,0.24988000000000002,0.2,30,1.0433333333333334,59.97,350.0,0.5714285714285714,0,0
EVS00281,2,300,5,9,AC Level 2,Fast Charging,Yes,0.5112296875,0.109375,64,2.43765625,61.34703125,150.0,0.4,0,0
EVS00282,3,1050,7,9,AC Level 2,Ultra-Fast Charging,Yes,0.34231149425287355,0.11494252873563218,87,3.4763218390804598,61.616206896551724,350.0,0.42857142857142855,0,0
EVS00283,2,100,3,3,DC Fast Charger,Fast Charging,Yes,0.4394806722689076,0.29411764705882354,119,5.373613445378152,52.7381512605042,50.0,0.6666666666666666,0,1
EVS00284,2,44,4,7,AC Level 2,Destination/AC,No,0.4877421052631579,0.2543859649122807,114,4.906491228070176,58.52877192982456,22.0,0.5,0,0
EVS00285,2,44,4,9,AC Level 2,Destination/AC,No,0.5177954022988506,0.20689655172413793,87,3.8910344827586205,62.13574712643678,22.0,0.5,1,0
EVS00286,1,22,2,11,AC Level 1,Destination/AC,No,0.9062286549707603,0.8654970760233918,171,9.241754385964912,63.23701754385965,22.0,0.5,1,1
EVS00287,7,154,9,9,AC Level 2,Destination/AC,No,0.13602127659574467,0.0,47,0.6261702127659574,57.126170212765956,22.0,0.7777777777777778,0,0
EVS00288,5,250,8,9,DC Fast Charger,Fast Charging,No,0.17681919999999998,0.096,125,2.4557599999999997,53.04544,50.0,0.625,0,0
EVS00289,2,300,2,5,DC Fast Charger,Fast Charging,No,0.4015896103896104,0.2597402597402597,77,4.354415584415585,48.19116883116883,150.0,1.0,0,0
EVS00290,4,200,7,11,AC Level 1,Fast Charging,Yes,0.26220361445783136,0.12048192771084337,83,2.1736144578313255,62.92951807228915,50.0,0.5714285714285714,0,0
EVS00291,3,66,4,15,AC Level 1,Destination/AC,Yes,0.3290528169014084,0.23943661971830985,142,4.767042253521127,59.22908450704226,22.0,0.75,0,0
EVS00292,1,150,1,5,DC Fast Charger,Fast Charging,Yes,0.7842065573770491,0.6065573770491803,61,4.992950819672131,50.174590163934425,150.0,1.0,1,1
EVS00293,1,150,2,12,DC Fast Charger,Fast Charging,Yes,0.8047078534031413,0.7068062827225131,191,8.86497382198953,51.856282722513086,150.0,0.5,1,1
EVS00294,8,2800,9,9,AC Level 2,Ultra-Fast Charging,No,0.13178833333333334,0.03333333333333333,60,0.7023333333333334,63.25666666666667,350.0,0.8888888888888888,0,0
EVS00295,6,132,8,5,AC Level 2,Destination/AC,No,0.17014947368421054,0.06315789473684211,96,1.9292631578947368,60.616458333333334,22.0,0.75,0,0
EVS00296,3,1050,5,8,AC Level 2,Ultra-Fast Charging,No,0.34656666666666663,0.1623931623931624,117,3.2187179487179485,62.381452991452996,350.0,0.6,0,0
EVS00297,6,2100,9,11,DC Fast Charger,Ultra-Fast Charging,No,0.14487152317880794,0.11258278145695365,153,2.3008278145695367,51.473137254901964,350.0,0.6666666666666666,0,0
EVS00298,4,88,6,12,AC Level 2,Destination/AC,Yes,0.2408654761904762,0.13095238095238096,84,2.361190476190476,57.80809523809524,22.0,0.6666666666666666,0,0
EVS00299,6,2100,9,4,AC Level 1,Ultra-Fast Charging,Yes,0.1733983870967742,0.03225806451612903,62,0.9962903225806452,62.421129032258065,350.0,0.6666666666666666,0,0
EVS00300,7,154,9,15,DC Fast Charger,Destination/AC,Yes,0.15865882352941177,0.17647058823529413,17,0.3494117647058823,66.63470588235293,22.0,0.7777777777777778,0,0
EVS00301,8,400,10,12,DC Fast Charger,Fast Charging,Yes,0.10510909090909092,0.012987012987012988,77,1.0106493506493508,50.451428571428565,50.0,0.8,0,0
EVS00302,4,1400,6,15,DC Fast Charger,Ultra-Fast Charging,Yes,0.21922763157894737,0.19078947368421054,154,4.12578947368421,51.93071428571429,350.0,0.6666666666666666,0,0
EVS00303,5,1750,10,10,AC Level 1,Ultra-Fast Charging,No,0.20113333333333333,0.1111111111111111,18,0.5938888888888889,60.337777777777774,350.0,0.5,0,0
EVS00304,6,132,9,7,DC Fast Charger,Destination/AC,No,0.1745717791411043,0.1165644171779141,164,2.514325153374233,62.461768292682926,22.0,0.6666666666666666,0,0
EVS00305,2,44,4,8,AC Level 2,Destination/AC,No,0.5151528846153846,0.2980769230769231,106,5.024375,60.97707547169811,22.0,0.5,1,1
EVS00306,3,66,6,10,AC Level 1,Destination/AC,No,0.3275128205128205,0.07692307692307693,39,1.324102564102564,58.951025641025645,22.0,0.5,0,0
EVS00307,6,2100,10,12,AC Level 1,Ultra-Fast Charging,No,0.15946875,0.03125,64,1.18,57.4078125,350.0,0.6,0,0
EVS00308,1,50,2,10,DC Fast Charger,Fast Charging,No,0.7814009803921569,0.696078431372549,102,9.193235294117647,50.82186274509804,50.0,0.5,1,1
EVS00309,3,150,6,8,AC Level 2,Fast Charging,Yes,0.34521639344262295,0.11475409836065574,61,2.0414754098360657,62.13950819672131,50.0,0.5,0,0
EVS00310,4,1400,7,4,AC Level 2,Ultra-Fast Charging,Yes,0.2639864864864865,0.02702702702702703,37,0.9113513513513514,63.35729729729729,350.0,0.5714285714285714,0,0
EVS00311,1,350,2,4,AC Level 1,Ultra-Fast Charging,No,0.8778298245614035,0.7631578947368421,116,8.286754385964912,60.01560344827587,350.0,0.5,1,1
EVS00312,8,400,10,9,DC Fast Charger,Fast Charging,No,0.1062388888888889,0.05555555555555555,126,1.543015873015873,50.9934126984127,50.0,0.8,0,0
EVS00313,3,1050,4,8,AC Level 1,Ultra-Fast Charging,No,0.3423225806451613,0.03225806451612903,31,1.0025806451612902,61.61870967741935,350.0,0.75,0,0
EVS00314,1,350,3,16,AC Level 2,Ultra-Fast Charging,Yes,0.8783065573770492,0.7868852459016393,61,6.575409836065574,60.912622950819674,350.0,0.3333333333333333,1,1
EVS00315,1,50,3,11,AC Level 2,Fast Charging,Yes,0.8640377358490565,0.6792452830188679,53,3.9566037735849053,58.68188679245283,50.0,0.3333333333333333,1,1
EVS00316,6,900,9,12,DC Fast Charger,Fast Charging,No,0.15745416666666667,0.09166666666666666,120,2.012583333333333,56.68441666666667,150.0,0.6666666666666666,0,0
EVS00317,3,1050,6,15,AC Level 1,Ultra-Fast Charging,No,0.35512465753424655,0.18493150684931506,146,4.348972602739726,63.92232876712329,350.0,0.5,0,0
EVS00318,6,900,9,5,AC Level 2,Fast Charging,No,0.17363311258278144,0.13245033112582782,153,2.405496688741722,61.69065359477124,150.0,0.6666666666666666,0,0
EVS00319,5,1750,8,5,AC Level 2,Ultra-Fast Charging,No,0.2060842105263158,0.15263157894736842,192,3.2131315789473684,61.18072916666667,350.0,0.625,0,0
EVS00320,6,300,7,11,AC Level 2,Fast Charging,No,0.17115960264900662,0.12582781456953643,153,2.2299337748344374,60.81143790849673,50.0,0.8571428571428571,0,0
EVS00321,6,900,10,7,AC Level 1,Fast Charging,No,0.17130196078431373,0.0196078431372549,51,1.2705882352941176,61.66921568627451,150.0,0.6,0,0
EVS00322,1,150,1,10,AC Level 2,Fast Charging,Yes,0.8910870967741935,0.7096774193548387,31,3.970322580645161,62.98483870967742,150.0,1.0,1,1
EVS00323,1,150,1,13,DC Fast Charger,Fast Charging,Yes,0.8147533333333333,0.7416666666666667,120,8.505333333333333,53.30883333333334,150.0,1.0,1,1
EVS00324,7,2450,8,15,AC Level 2,Ultra-Fast Charging,Yes,0.14928443113772455,0.05389221556886228,167,1.8951497005988025,62.699281437125755,350.0,0.875,0,0
EVS00325,1,150,1,16,AC Level 2,Fast Charging,No,0.8497786127167629,0.7745664739884393,175,8.626040462427746,57.87788571428571,150.0,1.0,1,1
EVS00326,3,150,4,15,AC Level 1,Fast Charging,Yes,0.3524714285714286,0.0,49,1.4653061224489796,63.443673469387754,50.0,0.75,0,0
EVS00327,3,450,4,10,AC Level 2,Fast Charging,No,0.35289310344827585,0.06896551724137931,58,1.8205172413793105,63.52051724137931,150.0,0.75,0,0
EVS00328,2,44,3,8,AC Level 2,Destination/AC,Yes,0.526246875,0.03125,32,1.0928125,63.1490625,22.0,0.6666666666666666,1,0
EVS00329,2,100,3,13,AC Level 2,Fast Charging,No,0.5076909090909091,0.13636363636363635,44,1.3977272727272727,60.92227272727273,50.0,0.6666666666666666,0,0
EVS00330,7,1050,9,16,AC Level 1,Fast Charging,No,0.14717540983606558,0.04918032786885246,123,1.7545901639344264,61.31170731707317,150.0,0.7777777777777778,0,0
EVS00331,1,350,1,13,AC Level 1,Ultra-Fast Charging,Yes,0.8895140186915887,0.8317757009345794,107,8.899532710280374,60.74,350.0,1.0,1,1
EVS00332,1,22,1,11,DC Fast Charger,Destination/AC,No,0.8883012345679012,0.8148148148148148,81,7.459012345679012,59.24679012345679,22.0,1.0,1,1
EVS00333,3,450,4,9,AC Level 1,Fast Charging,Yes,0.3483763888888889,0.08333333333333333,72,2.1393055555555556,62.708055555555546,150.0,0.75,0,0
EVS00334,3,150,4,3,AC Level 2,Fast Charging,Yes,0.3381165644171779,0.17177914110429449,163,3.809877300613497,60.86018404907975,50.0,0.75,0,0
EVS00335,3,1050,4,11,DC Fast Charger,Ultra-Fast Charging,No,0.28950975609756097,0.10975609756097561,83,2.2506707317073174,51.48409638554217,350.0,0.75,0,0
EVS00336,4,88,6,4,AC Level 2,Destination/AC,Yes,0.25477697368421054,0.11842105263157894,152,3.1958552631578945,61.14664473684211,22.0,0.6666666666666666,0,0
EVS00337,2,300,3,10,DC Fast Charger,Fast Charging,No,0.44359217877094975,0.3575418994413408,180,7.627849162011173,52.9355,150.0,0.6666666666666666,0,1
EVS00338,3,66,6,13,DC Fast Charger,Destination/AC,No,0.34644473684210525,0.05263157894736842,76,2.2459210526315787,62.36039473684211,22.0,0.5,0,0
EVS00339,1,150,2,5,DC Fast Charger,Fast Charging,No,0.7504333333333333,0.5476190476190477,42,4.929047619047619,49.203095238095244,150.0,0.5,1,1
EVS00340,4,88,8,9,DC Fast Charger,Destination/AC,No,0.25595408805031444,0.22641509433962265,160,4.652641509433962,61.045624999999994,22.0,0.5,0,0
EVS00341,2,700,2,10,AC Level 1,Ultra-Fast Charging,Yes,0.5149138461538462,0.2923076923076923,130,5.248846153846154,61.78930769230769,350.0,1.0,1,1
EVS00342,2,300,3,16,DC Fast Charger,Fast Charging,Yes,0.41425538461538464,0.15384615384615385,65,3.0955384615384616,49.71107692307692,150.0,0.6666666666666666,0,0
EVS00343,3,150,5,7,DC Fast Charger,Fast Charging,Yes,0.29342481751824817,0.1897810218978102,137,3.9806569343065696,52.816861313868614,50.0,0.6,0,0
EVS00344,1,150,2,9,AC Level 1,Fast Charging,No,0.8698463157894737,0.8210526315789474,98,9.085736842105263,58.41234693877551,150.0,0.5,1,1
EVS00345,4,88,7,16,AC Level 1,Destination/AC,Yes,0.26340967741935484,0.14838709677419354,155,3.172967741935484,63.217935483870974,22.0,0.5714285714285714,0,0
EVS00346,4,1400,6,9,DC Fast Charger,Ultra-Fast Charging,No,0.22306774193548387,0.08064516129032258,62,1.7366129032258064,53.53612903225806,350.0,0.6666666666666666,0,0
EVS00347,2,100,3,13,AC Level 1,Fast Charging,Yes,0.5092675257731959,0.3711340206185567,194,7.554742268041236,61.11221649484536,50.0,0.6666666666666666,0,1
EVS00348,1,50,2,6,AC Level 2,Fast Charging,No,0.8842751552795032,0.84472049689441,162,8.401149068322981,61.251913580246914,50.0,0.5,1,1
EVS00349,8,176,10,6,DC Fast Charger,Destination/AC,No,0.12063636363636364,0.03636363636363636,55,0.6776363636363637,57.908545454545454,22.0,0.8,0,0
EVS00350,2,300,4,5,DC Fast Charger,Fast Charging,Yes,0.4100357142857143,0.14285714285714285,42,1.9964285714285712,49.20428571428571,150.0,0.5,0,0
EVS00351,5,750,8,10,DC Fast Charger,Fast Charging,Yes,0.18186477272727275,0.11363636363636363,88,2.044318181818182,54.56068181818182,150.0,0.625,0,0
EVS00352,1,22,1,11,DC Fast Charger,Destination/AC,No,0.8736193548387097,0.7096774193548387,31,1.524516129032258,62.53290322580645,22.0,1.0,1,1
EVS00353,8,400,10,11,AC Level 1,Fast Charging,Yes,0.13005576923076922,0.038461538461538464,52,0.9967307692307692,62.427307692307686,50.0,0.8,0,0
EVS00354,5,1750,8,11,AC Level 1,Ultra-Fast Charging,No,0.20087551020408165,0.05102040816326531,98,1.6612244897959185,60.26326530612245,350.0,0.625,0,0
EVS00355,1,150,1,8,DC Fast Charger,Fast Charging,Yes,0.7745887323943662,0.6995305164319249,215,8.497018779342723,50.42306976744186,150.0,1.0,1,1
EVS00356,7,350,8,12,DC Fast Charger,Fast Charging,No,0.12562642487046632,0.06735751295336788,193,2.330518134715026,52.763005181347154,50.0,0.875,0,0
EVS00357,2,44,3,6,AC Level 1,Destination/AC,Yes,0.5015369565217391,0.06521739130434782,46,1.8793478260869565,60.1845652173913,22.0,0.6666666666666666,0,0
EVS00358,6,132,9,5,AC Level 2,Destination/AC,No,0.17032828947368422,0.13815789473684212,153,2.886875,60.91653594771242,22.0,0.6666666666666666,0,0
EVS00359,4,88,5,3,DC Fast Charger,Destination/AC,No,0.2411548387096774,0.0967741935483871,31,1.0006451612903227,57.877096774193554,22.0,0.8,0,0
EVS00360,5,250,8,12,DC Fast Charger,Fast Charging,No,0.176514598540146,0.15328467153284672,137,2.6393430656934305,52.95394160583942,50.0,0.625,0,0
EVS00361,6,900,10,14,DC Fast Charger,Fast Charging,No,0.14146338028169014,0.1056338028169014,143,2.236760563380282,50.57020979020979,150.0,0.6,0,0
EVS00362,6,132,9,14,AC Level 1,Destination/AC,Yes,0.17500254777070065,0.12101910828025478,157,2.8207643312101913,62.99968152866243,22.0,0.6666666666666666,0,0
EVS00363,5,250,8,5,AC Level 1,Fast Charging,No,0.2013576923076923,0.0,52,1.2665384615384616,60.403653846153844,50.0,0.625,0,0
EVS00364,1,50,3,12,DC Fast Charger,Fast Charging,No,0.8092071428571428,0.7619047619047619,168,10.071785714285713,53.31172619047619,50.0,0.3333333333333333,1,1
EVS00365,6,132,9,12,AC Level 2,Destination/AC,Yes,0.18985151515151516,0.06060606060606061,33,0.5948484848484848,68.34878787878787,22.0,0.6666666666666666,0,0
EVS00366,1,50,2,6,AC Level 2,Fast Charging,Yes,0.9015761904761904,0.8690476190476191,84,8.60702380952381,61.99738095238095,50.0,0.5,1,1
EVS00367,1,350,1,16,AC Level 2,Ultra-Fast Charging,No,0.9113857142857142,0.8857142857142857,105,8.72352380952381,62.77742857142857,350.0,1.0,1,1
EVS00368,7,2450,10,8,DC Fast Charger,Ultra-Fast Charging,No,0.12869122807017544,0.12280701754385964,57,1.1071929824561404,54.04982456140351,350.0,0.7,0,0
EVS00369,2,100,3,6,AC Level 1,Fast Charging,No,0.5238954545454546,0.09090909090909091,22,0.8804545454545455,62.86863636363637,50.0,0.6666666666666666,1,0
EVS00370,2,700,4,8,AC Level 1,Ultra-Fast Charging,Yes,0.5186828767123287,0.3904109589041096,146,6.541780821917809,62.33849315068493,350.0,0.5,1,1
EVS00371,5,250,7,4,DC Fast Charger,Fast Charging,Yes,0.16993055555555556,0.013888888888888888,72,1.258888888888889,50.98041666666667,50.0,0.7142857142857143,0,0
EVS00372,2,300,3,9,AC Level 1,Fast Charging,No,0.4872222222222222,0.3253968253968254,126,6.281031746031746,58.5202380952381,150.0,0.6666666666666666,0,1
EVS00373,5,750,10,9,AC Level 2,Fast Charging,No,0.2101118181818182,0.03636363636363636,110,1.6100909090909092,63.03236363636364,150.0,0.5,0,0
EVS00374,1,350,2,9,DC Fast Charger,Ultra-Fast Charging,Yes,0.8079629629629629,0.7777777777777778,82,7.568580246913581,53.73634146341463,350.0,0.5,1,1
EVS00375,5,750,10,11,AC Level 1,Fast Charging,Yes,0.20950933333333335,0.14,151,3.2262666666666666,62.43721854304636,150.0,0.5,0,0
EVS00376,2,700,4,16,AC Level 2,Ultra-Fast Charging,Yes,0.4828074074074074,0.1111111111111111,27,1.3403703703703702,57.98037037037037,350.0,0.5,0,0
EVS00377,1,350,1,3,AC Level 1,Ultra-Fast Charging,Yes,0.8789654411764706,0.8529411764705882,137,8.695330882352941,59.56978102189781,350.0,1.0,1,1
EVS00378,2,44,3,11,AC Level 2,Destination/AC,No,0.5150165680473373,0.30177514792899407,170,5.955562130177515,61.46823529411765,22.0,0.6666666666666666,1,1
EVS00379,1,22,1,14,AC Level 2,Destination/AC,No,0.8956925925925927,0.8271604938271605,81,7.593333333333334,60.81913580246914,22.0,1.0,1,1
EVS00380,2,300,4,6,AC Level 1,Fast Charging,Yes,0.47543239436619716,0.14084507042253522,71,1.8767605633802817,57.105492957746485,150.0,0.5,0,0
EVS00381,1,22,2,4,AC Level 1,Destination/AC,No,0.85122,0.6,10,1.247,60.701,22.0,0.5,1,1
EVS00382,1,150,2,3,AC Level 2,Fast Charging,Yes,0.8978576687116564,0.8588957055214724,163,8.731656441717792,61.722760736196314,150.0,0.5,1,1
EVS00383,1,350,2,13,AC Level 2,Ultra-Fast Charging,Yes,0.9035093406593407,0.8516483516483516,182,8.802197802197803,64.01851648351649,350.0,0.5,1,1
EVS00384,1,50,2,10,AC Level 1,Fast Charging,Yes,0.8900142857142858,0.7777777777777778,63,5.133333333333333,60.029206349206355,50.0,0.5,1,1
EVS00385,3,450,4,16,AC Level 1,Fast Charging,Yes,0.37004333333333334,0.06666666666666667,30,0.6376666666666666,66.60833333333333,150.0,0.75,0,0
EVS00386,5,110,10,11,AC Level 2,Destination/AC,Yes,0.18852439024390244,0.024390243902439025,41,0.7419512195121951,56.55682926829268,22.0,0.5,0,0
EVS00387,4,200,9,10,AC Level 2,Fast Charging,Yes,0.2564172413793104,0.0,29,0.9386206896551724,61.540000000000006,50.0,0.4444444444444444,0,0
EVS00388,7,1050,9,4,DC Fast Charger,Fast Charging,No,0.12926624203821654,0.05732484076433121,158,2.1248089171974525,53.94930379746835,150.0,0.7777777777777778,0,0
EVS00389,4,600,8,16,AC Level 2,Fast Charging,Yes,0.24436234567901235,0.2037037037037037,162,4.557530864197531,58.64604938271605,150.0,0.5,0,0
EVS00390,1,150,2,4,AC Level 2,Fast Charging,No,0.9004714285714286,0.7380952380952381,42,2.8176190476190475,62.18857142857143,150.0,0.5,1,1
EVS00391,2,300,4,6,AC Level 2,Fast Charging,Yes,0.5097734848484848,0.2803030303030303,132,5.7518939393939394,61.27590909090909,150.0,0.5,0,0
EVS00392,7,154,8,3,AC Level 2,Destination/AC,Yes,0.16233333333333333,0.08333333333333333,48,0.768125,68.1825,22.0,0.875,0,0
EVS00393,7,1050,10,14,AC Level 1,Fast Charging,No,0.14979135802469137,0.04938271604938271,81,1.1058024691358024,62.913456790123455,150.0,0.7,0,0
EVS00394,1,150,1,10,DC Fast Charger,Fast Charging,No,0.7985780952380953,0.7047619047619048,107,8.207333333333333,52.88392523364486,150.0,1.0,1,1
EVS00395,1,50,1,3,AC Level 2,Fast Charging,Yes,0.899399375,0.84375,160,8.381375,61.5590625,50.0,1.0,1,1
EVS00396,4,200,8,8,AC Level 1,Fast Charging,Yes,0.2655463855421687,0.18072289156626506,167,3.317740963855422,63.35011976047904,50.0,0.5,0,0
EVS00397,7,1050,8,13,AC Level 1,Fast Charging,Yes,0.15048695652173913,0.08695652173913043,24,0.32717391304347826,60.57208333333333,150.0,0.875,0,0
EVS00398,2,100,4,4,DC Fast Charger,Fast Charging,Yes,0.47195692307692305,0.15384615384615385,67,2.3926153846153846,54.944328358208956,50.0,0.5,0,0
EVS00399,1,150,2,11,DC Fast Charger,Fast Charging,Yes,0.8022516129032259,0.6290322580645161,62,5.985161290322581,53.26064516129032,150.0,0.5,1,1
EVS00400,5,750,8,7,DC Fast Charger,Fast Charging,No,0.17211304347826087,0.11594202898550725,69,1.4552173913043478,51.63202898550725,150.0,0.625,0,0
EVS00401,6,300,10,8,DC Fast Charger,Fast Charging,No,0.15314308510638297,0.10106382978723404,189,3.0534574468085105,54.837724867724866,50.0,0.6,0,0
EVS00402,2,44,3,16,AC Level 2,Destination/AC,No,0.5176727272727273,0.34415584415584416,155,6.671525974025974,61.781225806451616,22.0,0.6666666666666666,1,1
EVS00403,5,750,9,7,AC Level 2,Fast Charging,No,0.19506493506493505,0.06493506493506493,77,1.497142857142857,58.518311688311684,150.0,0.5555555555555556,0,0
EVS00404,8,176,9,11,AC Level 2,Destination/AC,Yes,0.1267371794871795,0.08974358974358974,157,1.9701923076923078,60.44458598726114,22.0,0.8888888888888888,0,0
EVS00405,1,22,2,4,AC Level 2,Destination/AC,No,0.875934,0.82,101,7.89765,60.114653465346535,22.0,0.5,1,1
EVS00406,7,154,10,5,AC Level 1,Destination/AC,Yes,0.15186636363636366,0.03636363636363636,110,1.2993636363636365,63.78290909090909,22.0,0.7,0,0
EVS00407,8,1200,10,4,DC Fast Charger,Fast Charging,Yes,0.10819655172413793,0.06896551724137931,88,1.1577011494252873,51.345,150.0,0.8,0,0
EVS00408,3,66,7,14,DC Fast Charger,Destination/AC,Yes,0.3198975,0.05,40,1.7325,57.58225,22.0,0.42857142857142855,0,0
EVS00409,6,132,7,8,AC Level 2,Destination/AC,Yes,0.17296666666666666,0.11728395061728394,162,2.784506172839506,62.26858024691358,22.0,0.8571428571428571,0,0
EVS00410,1,150,2,16,AC Level 1,Fast Charging,Yes,0.90416,0.7333333333333333,15,1.5633333333333332,71.25,150.0,0.5,1,1
EVS00411,2,700,3,9,DC Fast Charger,Ultra-Fast Charging,Yes,0.4131666666666667,0.09803921568627451,51,2.3131372549019606,49.57980392156863,350.0,0.6666666666666666,0,0
EVS00412,3,66,6,9,DC Fast Charger,Destination/AC,No,0.35009285714285715,0.08928571428571429,56,1.739107142857143,63.01732142857143,22.0,0.5,0,0
EVS00413,6,300,9,12,DC Fast Charger,Fast Charging,No,0.15083833333333332,0.1,60,1.0011666666666668,54.30083333333334,50.0,0.6666666666666666,0,0
EVS00414,6,132,9,14,AC Level 1,Destination/AC,Yes,0.17353953488372093,0.023255813953488372,43,0.6274418604651163,62.47488372093024,22.0,0.6666666666666666,0,0
EVS00415,3,450,4,5,AC Level 1,Fast Charging,Yes,0.322578947368421,0.0,19,0.6731578947368421,58.06421052631579,150.0,0.75,0,0
EVS00416,4,88,8,8,DC Fast Charger,Destination/AC,No,0.2514035460992908,0.19148936170212766,141,3.214326241134752,60.3358865248227,22.0,0.5,0,0
EVS00417,3,150,5,8,AC Level 1,Fast Charging,No,0.34904455958549224,0.3626943005181347,194,6.381943005181347,62.504329896907215,50.0,0.6,0,1
EVS00418,6,900,7,13,AC Level 1,Fast Charging,Yes,0.16813846153846154,0.19230769230769232,26,0.8407692307692307,60.53,150.0,0.8571428571428571,0,0
EVS00419,2,700,4,6,DC Fast Charger,Ultra-Fast Charging,Yes,0.44753766233766235,0.06493506493506493,77,2.8487012987012985,53.70467532467533,350.0,0.5,0,0
EVS00420,6,2100,8,3,DC Fast Charger,Ultra-Fast Charging,No,0.14893942307692307,0.08653846153846154,104,1.80125,53.618750000000006,350.0,0.75,0,0
EVS00421,8,2800,10,9,AC Level 1,Ultra-Fast Charging,No,0.12864391534391534,0.0582010582010582,191,1.8077513227513229,61.10314136125655,350.0,0.8,0,0
EVS00422,2,700,5,10,DC Fast Charger,Ultra-Fast Charging,No,0.43991969696969696,0.2878787878787879,133,6.096174242424243,52.39308270676692,350.0,0.4,0,1
EVS00423,4,200,8,14,AC Level 1,Fast Charging,No,0.2457648148148148,0.16666666666666666,162,3.6505555555555556,58.98358024691358,50.0,0.5,0,0
EVS00424,4,88,6,16,AC Level 2,Destination/AC,Yes,0.2522484375,0.171875,128,3.5009375,60.5390625,22.0,0.6666666666666666,0,0
EVS00425,3,150,7,13,DC Fast Charger,Fast Charging,No,0.31583548387096777,0.08602150537634409,93,2.572258064516129,56.84967741935484,50.0,0.42857142857142855,0,0
EVS00426,2,300,3,16,DC Fast Charger,Fast Charging,Yes,0.4252153846153846,0.11538461538461539,52,2.3196153846153846,51.02634615384615,150.0,0.6666666666666666,0,0
EVS00427,3,450,4,4,AC Level 1,Fast Charging,Yes,0.335374375,0.2,160,4.86975,60.36725,150.0,0.75,0,0
EVS00428,3,66,4,9,DC Fast Charger,Destination/AC,No,0.32784967741935483,0.21935483870967742,155,4.78058064516129,59.013548387096776,22.0,0.75,0,0
EVS00429,2,300,4,11,AC Level 2,Fast Charging,No,0.4778962962962963,0.07407407407407407,27,1.2085185185185185,57.34777777777778,150.0,0.5,0,0
EVS00430,4,1400,5,8,DC Fast Charger,Ultra-Fast Charging,No,0.21831782945736433,0.13178294573643412,129,3.4824806201550387,52.395503875969,350.0,0.8,0,0
EVS00431,7,1050,10,7,AC Level 2,Fast Charging,Yes,0.14499629629629632,0.037037037037037035,27,0.6,60.9,150.0,0.7,0,0
EVS00432,5,1750,10,8,DC Fast Charger,Ultra-Fast Charging,Yes,0.18221310344827585,0.09655172413793103,146,2.624103448275862,54.29123287671233,350.0,0.5,0,0
EVS00433,6,900,9,10,DC Fast Charger,Fast Charging,Yes,0.14791862068965517,0.11724137931034483,146,2.422241379310345,52.88609589041096,150.0,0.6666666666666666,0,0
EVS00434,4,88,5,7,AC Level 1,Destination/AC,No,0.2554921052631579,0.02631578947368421,38,0.9942105263157895,61.31763157894737,22.0,0.8,0,0
EVS00435,3,450,4,8,AC Level 1,Fast Charging,Yes,0.35147976190476193,0.13095238095238096,84,2.6920238095238096,63.26702380952381,150.0,0.75,0,0
EVS00436,1,22,1,11,AC Level 2,Destination/AC,No,0.8749558823529412,0.7352941176470589,34,3.5041176470588233,61.13852941176471,22.0,1.0,1,1
EVS00437,1,50,2,9,DC Fast Charger,Fast Charging,Yes,0.8409128205128205,0.717948717948718,117,8.52897435897436,54.86794871794872,50.0,0.5,1,1
EVS00438,1,22,1,12,AC Level 2,Destination/AC,No,0.9125322784810127,0.8924050632911392,160,9.135949367088608,64.542375,22.0,1.0,1,1
EVS00439,2,700,3,14,AC Level 2,Ultra-Fast Charging,Yes,0.5325735294117647,0.058823529411764705,34,1.4591176470588234,63.9964705882353,350.0,0.6666666666666666,1,0
EVS00440,1,22,3,15,AC Level 1,Destination/AC,No,0.92131625,0.875,80,6.428375,64.149625,22.0,0.3333333333333333,1,1
EVS00441,1,50,1,10,AC Level 1,Fast Charging,No,0.8868061855670103,0.7989690721649485,195,9.54819587628866,60.61082051282052,50.0,1.0,1,1
EVS00442,1,50,2,13,AC Level 2,Fast Charging,No,0.8760538461538462,0.717948717948718,78,6.146794871794872,59.194871794871794,50.0,0.5,1,1
EVS00443,3,66,4,13,AC Level 2,Destination/AC,No,0.33995652173913044,0.08695652173913043,46,1.171304347826087,61.19152173913044,22.0,0.75,0,0
EVS00444,3,150,5,5,AC Level 2,Fast Charging,Yes,0.3524508928571429,0.08035714285714286,112,2.3910714285714287,63.440892857142856,50.0,0.6,0,0
EVS00445,6,2100,10,6,AC Level 2,Ultra-Fast Charging,Yes,0.16555242718446603,0.05825242718446602,103,1.6198058252427185,59.59825242718446,350.0,0.6,0,0
EVS00446,4,600,7,7,DC Fast Charger,Fast Charging,Yes,0.2201855855855856,0.17117117117117117,112,2.98972972972973,52.37357142857143,150.0,0.5714285714285714,0,0
EVS00447,1,150,2,5,DC Fast Charger,Fast Charging,No,0.7651192771084337,0.6144578313253012,83,5.94710843373494,49.7312048192771,150.0,0.5,1,1
EVS00448,3,150,4,5,AC Level 2,Fast Charging,No,0.3479879518072289,0.2710843373493976,166,5.920421686746987,62.63801204819277,50.0,0.75,0,0
EVS00449,3,66,4,6,AC Level 2,Destination/AC,Yes,0.3284833333333333,0.12962962962962962,108,3.1764814814814817,59.12638888888888,22.0,0.75,0,0
EVS00450,8,2800,10,5,DC Fast Charger,Ultra-Fast Charging,Yes,0.1042984126984127,0.031746031746031744,63,1.1042857142857143,50.06301587301587,350.0,0.8,0,0
EVS00451,5,1750,10,14,AC Level 1,Ultra-Fast Charging,No,0.20203897435897433,0.1794871794871795,196,3.4604615384615385,60.30290816326531,350.0,0.5,0,0
EVS00452,4,600,5,8,AC Level 1,Fast Charging,Yes,0.2533387640449438,0.2247191011235955,178,4.0048876404494385,60.80179775280899,150.0,0.8,0,0
EVS00453,5,110,10,4,AC Level 1,Destination/AC,Yes,0.1958020202020202,0.10101010101010101,99,2.0956565656565656,58.73979797979798,22.0,0.5,0,0
EVS00454,6,300,7,10,AC Level 1,Fast Charging,Yes,0.20131764705882355,0.058823529411764705,17,0.3264705882352941,72.47235294117647,50.0,0.8571428571428571,0,0
EVS00455,6,300,9,8,DC Fast Charger,Fast Charging,No,0.14367155172413792,0.0603448275862069,116,1.840689655172414,51.722068965517245,50.0,0.6666666666666666,0,0
EVS00456,5,750,8,8,AC Level 2,Fast Charging,No,0.1983743119266055,0.11009174311926606,109,2.3205504587155965,59.51183486238532,150.0,0.625,0,0
EVS00457,5,1750,9,4,AC Level 2,Ultra-Fast Charging,Yes,0.21005102040816329,0.061224489795918366,49,1.076326530612245,63.01387755102041,350.0,0.5555555555555556,0,0
EVS00458,2,700,4,12,DC Fast Charger,Ultra-Fast Charging,Yes,0.45020491803278684,0.319672131147541,122,5.916967213114754,54.02459016393443,350.0,0.5,0,1
EVS00459,5,250,10,10,AC Level 1,Fast Charging,Yes,0.19900486111111113,0.11805555555555555,144,3.0547916666666666,59.70097222222223,50.0,0.5,0,0
EVS00460,3,66,4,14,AC Level 2,Destination/AC,Yes,0.3606967741935484,0.06451612903225806,31,0.8564516129032258,64.9241935483871,22.0,0.75,0,0
EVS00461,5,110,6,12,AC Level 1,Destination/AC,Yes,0.2113316129032258,0.13548387096774195,156,2.6168387096774195,62.993589743589745,22.0,0.8333333333333334,0,0
EVS00462,8,400,10,12,DC Fast Charger,Fast Charging,No,0.11164,0.02857142857142857,35,0.4631428571428572,53.59285714285714,50.0,0.8,0,0
EVS00463,1,50,2,7,AC Level 2,Fast Charging,No,0.8887383116883117,0.8441558441558441,155,8.597077922077922,60.42877419354838,50.0,0.5,1,1
EVS00464,5,110,8,11,DC Fast Charger,Destination/AC,No,0.2045051724137931,0.08620689655172414,59,1.8957758620689655,60.31118644067797,22.0,0.625,0,0
EVS00465,6,2100,10,5,AC Level 1,Ultra-Fast Charging,Yes,0.18334545454545453,0.09090909090909091,11,0.35727272727272724,66.00181818181818,350.0,0.6,0,0
EVS00466,1,50,2,6,AC Level 2,Fast Charging,No,0.9009720430107527,0.8548387096774194,187,9.082231182795699,62.20058823529412,50.0,0.5,1,1
EVS00467,6,132,10,11,AC Level 1,Destination/AC,No,0.17227111111111112,0.06666666666666667,45,0.9600000000000001,62.01844444444444,22.0,0.6,0,0
EVS00468,3,1050,5,8,DC Fast Charger,Ultra-Fast Charging,No,0.2911913461538461,0.19230769230769232,104,3.4619230769230773,52.41413461538461,350.0,0.6,0,0
EVS00469,4,88,6,11,DC Fast Charger,Destination/AC,No,0.26162,0.06666666666666667,45,1.0915555555555554,62.78888888888889,22.0,0.6666666666666666,0,0
EVS00470,4,600,7,16,AC Level 1,Fast Charging,Yes,0.2605967741935484,0.21505376344086022,188,4.06236559139785,61.878191489361704,150.0,0.5714285714285714,0,0
EVS00471,3,1050,4,12,AC Level 1,Ultra-Fast Charging,Yes,0.34973375796178346,0.1910828025477707,159,4.154140127388535,62.15987421383648,350.0,0.75,0,0
EVS00472,6,132,9,10,AC Level 2,Destination/AC,No,0.1711484076433121,0.050955414012738856,158,2.169140127388535,61.22253164556962,22.0,0.6666666666666666,0,0
EVS00473,1,350,2,4,AC Level 2,Ultra-Fast Charging,No,0.8788083333333334,0.7738095238095238,84,7.313809523809524,60.28916666666667,350.0,0.5,1,1
EVS00474,7,154,9,5,AC Level 2,Destination/AC,Yes,0.1446516129032258,0.06451612903225806,94,1.5123118279569894,60.10595744680851,22.0,0.7777777777777778,0,0
EVS00475,7,350,10,3,AC Level 2,Fast Charging,No,0.14288629032258066,0.08870967741935484,124,1.6720161290322582,60.01209677419355,50.0,0.7,0,0
EVS00476,2,700,2,10,AC Level 2,Ultra-Fast Charging,Yes,0.5083102189781022,0.31386861313868614,137,6.065547445255475,61.004744525547444,350.0,1.0,0,1
EVS00477,2,300,3,6,AC Level 1,Fast Charging,No,0.5398362573099416,0.3567251461988304,172,7.772192982456141,64.57348837209302,150.0,0.6666666666666666,1,1
EVS00478,1,350,2,6,AC Level 1,Ultra-Fast Charging,No,0.8827,0.7142857142857143,14,1.6321428571428573,56.35928571428571,350.0,0.5,1,1
EVS00479,6,900,8,7,DC Fast Charger,Fast Charging,No,0.13924601769911504,0.09734513274336283,113,1.8760176991150443,50.1283185840708,150.0,0.75,0,0
EVS00480,4,1400,5,3,AC Level 2,Ultra-Fast Charging,Yes,0.2525857142857143,0.08571428571428572,35,0.9982857142857142,60.621714285714276,350.0,0.8,0,0
EVS00481,3,66,5,13,AC Level 2,Destination/AC,No,0.3485453333333333,0.06666666666666667,75,2.219333333333333,62.738533333333336,22.0,0.6,0,0
EVS00482,6,132,10,16,AC Level 1,Destination/AC,Yes,0.17003185185185185,0.08148148148148149,135,2.2006666666666663,61.20992592592593,22.0,0.6,0,0
EVS00483,1,350,2,12,AC Level 1,Ultra-Fast Charging,Yes,0.9304535714285714,0.875,56,5.859464285714286,65.04767857142858,350.0,0.5,1,1
EVS00484,6,2100,8,10,AC Level 2,Ultra-Fast Charging,Yes,0.17742913907284769,0.08609271523178808,152,2.125496688741722,63.455065789473686,350.0,0.75,0,0
EVS00485,2,100,5,14,AC Level 1,Fast Charging,No,0.5438273684210526,0.28421052631578947,95,4.42421052631579,65.41010526315789,50.0,0.4,1,0
EVS00486,4,600,7,3,AC Level 1,Fast Charging,Yes,0.264868,0.06,50,1.4234,63.5678,150.0,0.5714285714285714,0,0
EVS00487,3,1050,6,5,DC Fast Charger,Ultra-Fast Charging,Yes,0.2951692307692308,0.09230769230769231,66,2.283384615384615,52.32606060606061,350.0,0.5,0,0
EVS00488,7,2450,10,10,AC Level 1,Ultra-Fast Charging,Yes,0.1430847619047619,0.047619047619047616,106,1.5085714285714287,59.52679245283019,350.0,0.7,0,0
EVS00489,2,100,3,8,AC Level 1,Fast Charging,No,0.5158496503496504,0.35664335664335667,143,6.175174825174825,62.05671328671329,50.0,0.6666666666666666,1,1
EVS00490,6,300,8,9,AC Level 1,Fast Charging,No,0.16756896551724138,0.07758620689655173,116,1.9420689655172414,60.324741379310346,50.0,0.75,0,0
EVS00491,8,2800,10,6,AC Level 2,Ultra-Fast Charging,No,0.12969011627906976,0.0755813953488372,173,1.8811627906976744,61.891676300578034,350.0,0.8,0,0
EVS00492,2,700,3,11,AC Level 1,Ultra-Fast Charging,Yes,0.5147741258741259,0.35664335664335667,144,6.98041958041958,61.62784722222222,350.0,0.6666666666666666,1,1
EVS00493,5,110,9,3,AC Level 2,Destination/AC,No,0.19473724137931034,0.12413793103448276,146,2.3586896551724137,58.020136986301374,22.0,0.5555555555555556,0,0
EVS00494,4,1400,6,11,DC Fast Charger,Ultra-Fast Charging,Yes,0.21381333333333333,0.1619047619047619,105,3.1832380952380954,51.31342857142857,350.0,0.6666666666666666,0,0
EVS00495,7,154,10,6,AC Level 2,Destination/AC,No,0.15127846153846153,0.1076923076923077,65,1.159230769230769,63.5356923076923,22.0,0.7,0,0
EVS00496,3,150,4,12,AC Level 2,Fast Charging,No,0.33875164835164834,0.16483516483516483,91,3.0406593406593405,60.97494505494506,50.0,0.75,0,0
EVS00497,7,1050,10,4,DC Fast Charger,Fast Charging,Yes,0.12908,0.02857142857142857,35,0.5828571428571429,54.212,150.0,0.7,0,0
EVS00498,4,200,7,7,AC Level 1,Fast Charging,No,0.26097866666666664,0.13333333333333333,76,2.2396,61.81,50.0,0.5714285714285714,0,0
EVS00499,8,176,10,10,DC Fast Charger,Destination/AC,Yes,0.13113426966292135,0.06179775280898876,179,1.850926966292135,62.59173184357542,22.0,0.8,0,0
EVS00500,4,200,8,10,AC Level 2,Fast Charging,No,0.25607011494252874,0.11494252873563218,87,2.3717241379310345,61.457126436781614,50.0,0.5,0,0
EVS00501,4,88,5,16,DC Fast Charger,Destination/AC,Yes,0.23657368421052632,0.02631578947368421,38,0.901842105263158,56.77789473684211,22.0,0.8,0,0
EVS00502,6,900,8,15,AC Level 2,Fast Charging,Yes,0.1740784,0.064,125,1.84728,62.6692,150.0,0.75,0,0
EVS00503,4,200,8,11,AC Level 1,Fast Charging,No,0.25031147540983606,0.21311475409836064,186,4.0362841530054645,59.1068817204301,50.0,0.5,0,0
EVS00504,5,1750,7,6,AC Level 2,Ultra-Fast Charging,No,0.1979919786096257,0.12299465240641712,188,2.855614973262032,59.0811170212766,350.0,0.7142857142857143,0,0
EVS00505,4,88,9,12,DC Fast Charger,Destination/AC,No,0.2537033898305085,0.0847457627118644,59,1.3345762711864406,60.88949152542373,22.0,0.4444444444444444,0,0
EVS00506,1,22,1,13,AC Level 1,Destination/AC,No,0.8656437499999999,0.8333333333333334,96,7.9792708333333335,58.90072916666667,22.0,1.0,1,1
EVS00507,1,22,1,15,AC Level 2,Destination/AC,Yes,0.8985,0.8623853211009175,109,8.305963302752295,60.49201834862385,22.0,1.0,1,1
EVS00508,3,450,6,5,DC Fast Charger,Fast Charging,Yes,0.27978360655737705,0.09836065573770492,61,2.2436065573770496,50.360983606557376,150.0,0.5,0,0
EVS00509,3,150,7,13,AC Level 2,Fast Charging,Yes,0.357075,0.09722222222222222,72,1.8102777777777779,64.27388888888889,50.0,0.42857142857142855,0,0
EVS00510,8,2800,10,10,DC Fast Charger,Ultra-Fast Charging,No,0.11021351351351351,0.05405405405405406,74,0.6767567567567567,52.90405405405406,350.0,0.8,0,0
EVS00511,6,2100,10,3,DC Fast Charger,Ultra-Fast Charging,No,0.13922956989247312,0.0967741935483871,186,2.9113978494623654,50.12198924731183,350.0,0.6,0,0
EVS00512,2,300,3,10,AC Level 1,Fast Charging,No,0.5207556886227545,0.32934131736526945,168,6.267934131736526,62.233273809523816,150.0,0.6666666666666666,1,1
EVS00513,3,450,4,5,AC Level 2,Fast Charging,Yes,0.34019693251533745,0.3374233128834356,163,5.6685276073619635,61.23570552147239,150.0,0.75,0,1
EVS00514,4,600,6,6,AC Level 2,Fast Charging,No,0.26338805031446544,0.1761006289308176,160,3.6715408805031444,62.818687499999996,150.0,0.6666666666666666,0,0
EVS00515,4,88,8,14,AC Level 2,Destination/AC,No,0.25779876543209873,0.1728395061728395,163,4.565895061728395,61.492085889570546,22.0,0.5,0,0
EVS00516,4,600,6,7,DC Fast Charger,Fast Charging,No,0.2367857142857143,0.03571428571428571,28,0.8171428571428571,56.8275,150.0,0.6666666666666666,0,0
EVS00517,5,250,6,4,DC Fast Charger,Fast Charging,Yes,0.1781909090909091,0.10795454545454546,177,2.9160227272727273,53.15564971751412,50.0,0.8333333333333334,0,0
EVS00518,2,44,5,7,DC Fast Charger,Destination/AC,Yes,0.4858227272727273,0.0,22,1.1463636363636363,58.29772727272727,22.0,0.4,0,0
EVS00519,5,110,8,4,DC Fast Charger,Destination/AC,No,0.20847875,0.125,81,1.7046875,61.77172839506173,22.0,0.625,0,0
EVS00520,4,1400,7,3,AC Level 2,Ultra-Fast Charging,Yes,0.25746,0.11304347826086956,115,2.734086956521739,61.78973913043478,350.0,0.5714285714285714,0,0
EVS00521,4,88,7,9,AC Level 1,Destination/AC,Yes,0.25218354430379747,0.08860759493670886,80,2.0490506329113924,59.767250000000004,22.0,0.5714285714285714,0,0
EVS00522,6,300,8,10,AC Level 2,Fast Charging,No,0.1695046511627907,0.046511627906976744,43,0.5776744186046512,61.02255813953488,50.0,0.75,0,0
EVS00523,5,750,8,14,AC Level 1,Fast Charging,Yes,0.2013392156862745,0.058823529411764705,51,1.038627450980392,60.399803921568626,150.0,0.625,0,0
EVS00524,7,154,10,8,AC Level 1,Destination/AC,No,0.14972420382165605,0.025477707006369428,159,1.921019108280255,62.094339622641506,22.0,0.7,0,0
EVS00525,5,750,9,8,AC Level 1,Fast Charging,No,0.2045635135135135,0.02702702702702703,75,1.404662162162162,60.54866666666666,150.0,0.5555555555555556,0,0
EVS00526,4,200,7,5,AC Level 1,Fast Charging,No,0.264928125,0.046875,64,1.5021875,63.5840625,50.0,0.5714285714285714,0,0
EVS00527,4,1400,7,5,AC Level 2,Ultra-Fast Charging,No,0.25372151162790696,0.18604651162790697,172,4.090523255813953,60.89302325581396,350.0,0.5714285714285714,0,0
EVS00528,6,132,7,10,AC Level 2,Destination/AC,No,0.17648181818181818,0.022727272727272728,44,0.7859090909090909,63.532045454545454,22.0,0.8571428571428571,0,0
EVS00529,6,300,9,8,AC Level 2,Fast Charging,Yes,0.16407795698924732,0.13978494623655913,188,2.743709677419355,58.439574468085105,50.0,0.6666666666666666,0,0
EVS00530,6,2100,10,12,AC Level 1,Ultra-Fast Charging,No,0.16493186813186814,0.08791208791208792,182,2.618901098901099,59.37642857142857,350.0,0.6,0,0
EVS00531,3,66,4,8,DC Fast Charger,Destination/AC,Yes,0.3447146788990826,0.1651376146788991,112,3.7252293577981654,60.386607142857144,22.0,0.75,0,0
EVS00532,1,350,1,4,DC Fast Charger,Ultra-Fast Charging,No,0.7588977777777777,0.5555555555555556,45,3.786888888888889,49.22266666666667,350.0,1.0,1,1
EVS00533,4,200,7,9,AC Level 2,Fast Charging,No,0.2892603773584906,0.03773584905660377,54,0.9199056603773585,68.13703703703703,50.0,0.5714285714285714,0,0
EVS00534,1,150,2,4,DC Fast Charger,Fast Charging,Yes,0.750648076923077,0.6153846153846154,52,5.849038461538461,47.957115384615385,150.0,0.5,1,1
EVS00535,2,300,2,11,AC Level 1,Fast Charging,No,0.5190703999999999,0.28,126,4.8506800000000005,61.84968253968254,150.0,1.0,1,0
EVS00536,1,50,2,15,DC Fast Charger,Fast Charging,No,0.8291111111111111,0.6666666666666666,45,3.8757777777777775,54.40888888888889,50.0,0.5,1,1
EVS00537,6,300,9,16,AC Level 1,Fast Charging,Yes,0.16646309523809524,0.03571428571428571,84,1.610595238095238,59.92761904761905,50.0,0.6666666666666666,0,0
EVS00538,4,88,8,10,AC Level 1,Destination/AC,Yes,0.24744444444444444,0.044444444444444446,45,0.8497777777777779,59.385999999999996,22.0,0.5,0,0
EVS00539,4,1400,8,12,AC Level 2,Ultra-Fast Charging,Yes,0.26954672897196263,0.08411214953271028,108,2.381728971962617,64.09194444444445,350.0,0.5,0,0
EVS00540,7,350,10,11,AC Level 1,Fast Charging,Yes,0.142416,0.0,25,0.4004,59.818400000000004,50.0,0.7,0,0
EVS00541,5,110,8,11,DC Fast Charger,Destination/AC,No,0.20202516129032258,0.10967741935483871,155,2.451741935483871,60.60806451612903,22.0,0.625,0,0
EVS00542,2,300,2,12,AC Level 1,Fast Charging,No,0.5319039999999999,0.08,25,0.9256,63.8288,150.0,1.0,1,0
EVS00543,6,900,8,13,DC Fast Charger,Fast Charging,Yes,0.15541627906976743,0.023255813953488372,43,0.8434883720930233,55.94790697674418,150.0,0.75,0,0
EVS00544,5,110,8,4,AC Level 2,Destination/AC,No,0.20941600000000002,0.06,50,1.0166,62.8252,22.0,0.625,0,0
EVS00545,4,88,6,6,AC Level 2,Destination/AC,Yes,0.26211089743589744,0.1794871794871795,156,3.6212179487179483,62.907051282051285,22.0,0.6666666666666666,0,0
EVS00546,8,176,10,7,AC Level 1,Destination/AC,Yes,0.127521875,0.09375,32,0.4146875,61.2109375,22.0,0.8,0,0
EVS00547,3,450,4,14,DC Fast Charger,Fast Charging,No,0.28763118279569894,0.0967741935483871,93,2.351505376344086,51.77451612903226,150.0,0.75,0,0
EVS00548,1,150,1,7,AC Level 2,Fast Charging,No,0.8605301886792452,0.7735849056603774,106,8.37320754716981,56.6677358490566,150.0,1.0,1,1
EVS00549,7,350,9,13,AC Level 2,Fast Charging,Yes,0.15053271028037382,0.07476635514018691,108,1.4985514018691588,62.639351851851856,50.0,0.7777777777777778,0,0
EVS00550,2,44,3,6,AC Level 2,Destination/AC,Yes,0.5109891891891892,0.22522522522522523,111,4.793423423423424,61.318828828828835,22.0,0.6666666666666666,0,0
EVS00551,1,350,1,11,DC Fast Charger,Ultra-Fast Charging,No,0.7963170731707317,0.7317073170731707,164,8.621646341463414,52.038536585365854,350.0,1.0,1,1
EVS00552,2,100,4,3,AC Level 2,Fast Charging,Yes,0.5077940476190476,0.21428571428571427,84,3.795952380952381,60.93535714285714,50.0,0.5,0,0
EVS00553,6,132,9,11,AC Level 1,Destination/AC,No,0.16783187500000002,0.1,160,2.4968125,60.4195625,22.0,0.6666666666666666,0,0
EVS00554,5,250,7,10,AC Level 2,Fast Charging,No,0.21274714285714286,0.05714285714285714,70,1.1581428571428571,63.825857142857146,50.0,0.7142857142857143,0,0
EVS00555,5,110,7,9,AC Level 2,Destination/AC,Yes,0.20232760416666665,0.11458333333333333,193,3.303125,60.38284974093264,22.0,0.7142857142857143,0,0
EVS00556,4,600,6,10,AC Level 2,Fast Charging,Yes,0.2620472222222222,0.12962962962962962,109,2.595648148148148,62.313944954128445,150.0,0.6666666666666666,0,0
EVS00557,2,700,3,11,DC Fast Charger,Ultra-Fast Charging,Yes,0.4112879518072289,0.3795180722891566,167,7.243765060240963,49.05874251497006,350.0,0.6666666666666666,0,1
EVS00558,3,150,5,8,DC Fast Charger,Fast Charging,Yes,0.30149166666666666,0.2569444444444444,145,5.306666666666667,53.89455172413793,50.0,0.6,0,0
EVS00559,4,1400,8,16,AC Level 2,Ultra-Fast Charging,Yes,0.2491006711409396,0.20134228187919462,149,3.9373154362416107,59.78335570469798,350.0,0.5,0,0
EVS00560,5,1750,9,14,AC Level 2,Ultra-Fast Charging,No,0.21116645569620254,0.13291139240506328,159,2.75376582278481,62.95056603773585,350.0,0.5555555555555556,0,0
EVS00561,4,1400,6,7,AC Level 2,Ultra-Fast Charging,Yes,0.25324646464646466,0.1111111111111111,99,2.5205050505050504,60.77909090909091,350.0,0.6666666666666666,0,0
EVS00562,3,450,5,6,AC Level 2,Fast Charging,No,0.39006086956521735,0.043478260869565216,23,1.076086956521739,70.21130434782609,150.0,0.6,0,0
EVS00563,1,150,2,12,AC Level 1,Fast Charging,Yes,0.8659184466019417,0.8058252427184466,103,8.511359223300971,60.665242718446606,150.0,0.5,1,1
EVS00564,1,22,1,5,DC Fast Charger,Destination/AC,No,0.9117,0.813953488372093,43,3.893488372093023,61.66558139534884,22.0,1.0,1,1
EVS00565,4,200,7,6,AC Level 1,Fast Charging,Yes,0.26456820809248555,0.21965317919075145,174,4.1290462427745664,63.13155172413793,50.0,0.5714285714285714,0,0
EVS00566,1,50,2,8,AC Level 1,Fast Charging,Yes,0.8427224137931035,0.6379310344827587,58,4.502586206896551,58.06275862068965,50.0,0.5,1,1
EVS00567,4,1400,6,6,AC Level 2,Ultra-Fast Charging,No,0.2672314814814815,0.12962962962962962,54,1.1957407407407408,64.1361111111111,350.0,0.6666666666666666,0,0
EVS00568,2,44,3,8,AC Level 2,Destination/AC,No,0.5265306451612903,0.0967741935483871,62,2.9024193548387096,63.18354838709678,22.0,0.6666666666666666,1,0
EVS00569,1,22,1,12,AC Level 2,Destination/AC,Yes,0.9186413223140496,0.8760330578512396,122,8.456776859504131,63.62114754098361,22.0,1.0,1,1
EVS00570,6,132,9,3,AC Level 2,Destination/AC,No,0.172975,0.046296296296296294,108,1.7887037037037037,62.27231481481481,22.0,0.6666666666666666,0,0
EVS00571,4,1400,9,9,DC Fast Charger,Ultra-Fast Charging,No,0.2191766233766234,0.15584415584415584,154,3.694350649350649,52.602597402597404,350.0,0.4444444444444444,0,0
EVS00572,1,350,1,15,DC Fast Charger,Ultra-Fast Charging,Yes,0.7701565217391304,0.6521739130434783,69,7.417391304347826,50.28057971014493,350.0,1.0,1,1
EVS00573,5,1750,7,14,AC Level 1,Ultra-Fast Charging,Yes,0.19966266666666668,0.04,75,1.1333333333333333,59.89933333333333,350.0,0.7142857142857143,0,0
EVS00574,5,750,7,10,AC Level 2,Fast Charging,Yes,0.20033043478260867,0.0,23,0.5756521739130435,60.09782608695652,150.0,0.7142857142857143,0,0
EVS00575,3,450,4,13,AC Level 2,Fast Charging,No,0.35327857142857144,0.0,14,0.4707142857142857,63.59142857142857,150.0,0.75,0,0
EVS00576,8,176,10,7,AC Level 1,Destination/AC,Yes,0.12903417721518987,0.05063291139240506,79,1.1783544303797469,61.934936708860754,22.0,0.8,0,0
EVS00577,1,22,1,16,AC Level 2,Destination/AC,No,0.8959232704402516,0.8427672955974843,160,9.06880503144654,61.0209375,22.0,1.0,1,1
EVS00578,2,100,3,13,AC Level 1,Fast Charging,Yes,0.5002010752688172,0.3118279569892473,93,5.806774193548387,60.09451612903226,50.0,0.6666666666666666,0,1
EVS00579,6,2100,9,6,AC Level 2,Ultra-Fast Charging,No,0.16965860215053763,0.13978494623655913,189,2.638413978494624,60.10671957671958,350.0,0.6666666666666666,0,0
EVS00580,4,600,8,10,AC Level 2,Fast Charging,Yes,0.25737333333333334,0.0,31,0.7328333333333333,59.77903225806452,150.0,0.5,0,0
EVS00581,5,750,10,15,AC Level 2,Fast Charging,No,0.20703225806451614,0.03225806451612903,31,0.8896774193548387,62.11,150.0,0.5,0,0
EVS00582,3,150,7,11,AC Level 1,Fast Charging,No,0.3503394444444445,0.35555555555555557,180,5.77288888888889,63.061499999999995,50.0,0.42857142857142855,0,1
EVS00583,6,132,8,6,AC Level 1,Destination/AC,No,0.1669264705882353,0.029411764705882353,34,0.6938235294117647,60.09058823529411,22.0,0.75,0,0
EVS00584,6,300,8,4,DC Fast Charger,Fast Charging,Yes,0.14649565217391305,0.043478260869565216,23,0.5473913043478261,52.737826086956524,50.0,0.75,0,0
EVS00585,5,250,6,16,AC Level 2,Fast Charging,No,0.2135087912087912,0.06593406593406594,92,1.605164835164835,63.356521739130436,50.0,0.8333333333333334,0,0
EVS00586,5,750,8,16,AC Level 1,Fast Charging,Yes,0.20787430167597765,0.12849162011173185,179,3.2250837988826815,62.36251396648044,150.0,0.625,0,0
EVS00587,1,150,1,11,DC Fast Charger,Fast Charging,Yes,0.8060137931034482,0.7379310344827587,145,8.458551724137932,52.49958620689655,150.0,1.0,1,1
EVS00588,2,300,3,13,DC Fast Charger,Fast Charging,Yes,0.4230807692307692,0.11538461538461539,26,1.9130769230769231,50.76923076923077,150.0,0.6666666666666666,0,0
EVS00589,4,1400,6,10,AC Level 1,Ultra-Fast Charging,Yes,0.260215923566879,0.20382165605095542,157,3.497070063694267,62.452738853503185,350.0,0.6666666666666666,0,0
EVS00590,5,110,6,16,AC Level 1,Destination/AC,No,0.20953860759493673,0.20253164556962025,158,2.979367088607595,62.861518987341775,22.0,0.8333333333333334,0,0
EVS00591,5,750,6,4,AC Level 1,Fast Charging,No,0.20503846153846153,0.07051282051282051,156,2.6725641025641025,61.5125,150.0,0.8333333333333334,0,0
EVS00592,3,450,4,5,DC Fast Charger,Fast Charging,Yes,0.2879331521739131,0.2391304347826087,187,5.352554347826087,50.996256684491975,150.0,0.75,0,0
EVS00593,8,176,10,9,AC Level 1,Destination/AC,Yes,0.12449444444444444,0.037037037037037035,54,0.6774074074074073,59.75759259259259,22.0,0.8,0,0
EVS00594,8,400,9,4,AC Level 1,Fast Charging,Yes,0.13188352272727275,0.11363636363636363,176,2.159261363636364,63.304375,50.0,0.8888888888888888,0,0
EVS00595,4,200,7,5,AC Level 2,Fast Charging,No,0.2356833333333333,0.0641025641025641,78,1.6520512820512823,56.565512820512815,50.0,0.5714285714285714,0,0
EVS00596,1,150,1,14,AC Level 1,Fast Charging,Yes,0.9124470967741937,0.8516129032258064,155,7.954193548387098,62.86987096774193,150.0,1.0,1,1
EVS00597,2,700,4,8,DC Fast Charger,Ultra-Fast Charging,Yes,0.4546,0.288135593220339,118,5.174152542372881,54.55127118644068,350.0,0.5,0,1
EVS00598,2,100,4,5,DC Fast Charger,Fast Charging,Yes,0.45723271604938276,0.2716049382716049,162,5.755246913580247,54.86783950617284,50.0,0.5,0,0
EVS00599,6,900,10,7,AC Level 2,Fast Charging,Yes,0.17186349206349208,0.07936507936507936,126,1.6476190476190475,61.86976190476191,150.0,0.6,0,0
EVS00600,2,100,4,13,DC Fast Charger,Fast Charging,Yes,0.414362962962963,0.2518518518518518,135,5.988074074074074,49.723555555555556,50.0,0.5,0,0
EVS00601,7,350,9,12,AC Level 2,Fast Charging,Yes,0.1417235849056604,0.0660377358490566,106,1.7371698113207548,59.52518867924528,50.0,0.7777777777777778,0,0
EVS00602,2,700,3,4,AC Level 2,Ultra-Fast Charging,No,0.505839375,0.3,160,5.686,60.700750000000006,350.0,0.6666666666666666,0,1
EVS00603,8,2800,10,4,AC Level 2,Ultra-Fast Charging,Yes,0.13086666666666666,0.09722222222222222,145,1.8065624999999998,62.38365517241379,350.0,0.8,0,0
EVS00604,7,154,9,5,DC Fast Charger,Destination/AC,No,0.149275,0.025,40,0.63575,62.69449999999999,22.0,0.7777777777777778,0,0
EVS00605,3,1050,4,4,AC Level 1,Ultra-Fast Charging,Yes,0.3241798561151079,0.2302158273381295,139,4.733093525179856,58.3526618705036,350.0,0.75,0,0
EVS00606,1,50,1,3,AC Level 2,Fast Charging,No,0.879837,0.8,100,8.8413,58.9046,50.0,1.0,1,1
EVS00607,6,300,10,10,AC Level 1,Fast Charging,No,0.1730608695652174,0.014492753623188406,69,1.0988405797101448,62.303623188405794,50.0,0.6,0,0
EVS00608,2,44,3,16,DC Fast Charger,Destination/AC,Yes,0.5461282608695652,0.30434782608695654,92,5.089347826086957,65.65423913043477,22.0,0.6666666666666666,1,1
EVS00609,1,22,1,9,AC Level 2,Destination/AC,No,0.8847999999999999,0.8484848484848485,165,9.091454545454544,61.22212121212121,22.0,1.0,1,1
EVS00610,8,176,10,3,AC Level 2,Destination/AC,Yes,0.13053701298701298,0.03896103896103896,156,1.9715909090909092,61.85288461538461,22.0,0.8,0,0
EVS00611,5,1750,8,3,AC Level 2,Ultra-Fast Charging,Yes,0.20851764705882353,0.1411764705882353,170,2.8493529411764706,62.55511764705883,350.0,0.625,0,0
EVS00612,2,700,4,15,AC Level 2,Ultra-Fast Charging,No,0.4845933333333333,0.23333333333333334,90,4.572222222222222,58.150555555555556,350.0,0.5,0,0
EVS00613,1,50,2,16,DC Fast Charger,Fast Charging,No,0.818246762589928,0.7338129496402878,140,8.265503597122303,53.33428571428571,50.0,0.5,1,1
EVS00614,2,700,3,14,DC Fast Charger,Ultra-Fast Charging,Yes,0.44878999999999997,0.2,70,3.325714285714286,53.85471428571429,350.0,0.6666666666666666,0,0
EVS00615,5,250,8,12,AC Level 2,Fast Charging,Yes,0.21138723404255322,0.09929078014184398,142,2.654432624113475,62.969647887323944,50.0,0.625,0,0
EVS00616,2,44,3,13,DC Fast Charger,Destination/AC,No,0.498736,0.336,126,6.07116,59.373650793650796,22.0,0.6666666666666666,0,1
EVS00617,4,600,7,14,AC Level 2,Fast Charging,No,0.2562451612903226,0.04838709677419355,62,1.6217741935483871,61.49822580645161,150.0,0.5714285714285714,0,0
EVS00618,4,600,5,13,AC Level 1,Fast Charging,No,0.24928833333333333,0.05,60,1.5366666666666666,59.829,150.0,0.8,0,0
EVS00619,1,350,1,9,AC Level 2,Ultra-Fast Charging,No,0.8207818181818183,0.5,22,1.655909090909091,56.52227272727273,350.0,1.0,1,1
EVS00620,6,900,10,9,AC Level 1,Fast Charging,Yes,0.1653181818181818,0.06060606060606061,33,0.6172727272727273,59.51090909090909,150.0,0.6,0,0
EVS00621,5,110,10,8,DC Fast Charger,Destination/AC,Yes,0.20508191489361702,0.0851063829787234,94,1.7320212765957448,61.524361702127656,22.0,0.5,0,0
EVS00622,2,100,4,15,AC Level 2,Fast Charging,Yes,0.490302,0.23,100,4.4333,58.836000000000006,50.0,0.5,0,0
EVS00623,1,50,1,9,AC Level 2,Fast Charging,No,0.8933513513513514,0.7567567567567568,37,3.7981081081081083,61.16027027027027,50.0,1.0,1,1
EVS00624,1,150,1,9,AC Level 2,Fast Charging,Yes,0.8905082352941177,0.8352941176470589,85,6.513882352941176,61.256470588235295,150.0,1.0,1,1
EVS00625,2,300,3,6,DC Fast Charger,Fast Charging,No,0.4149023622047244,0.25984251968503935,128,4.622559055118111,49.3996875,150.0,0.6666666666666666,0,0
EVS00626,2,100,3,7,AC Level 2,Fast Charging,Yes,0.54432,0.15,60,2.9885,65.35316666666667,50.0,0.6666666666666666,1,0
EVS00627,4,200,6,6,AC Level 2,Fast Charging,No,0.2640508771929825,0.10526315789473684,57,1.8864912280701756,63.37245614035088,50.0,0.6666666666666666,0,0
EVS00628,4,88,7,9,AC Level 2,Destination/AC,Yes,0.24930131578947368,0.09210526315789473,77,1.9591447368421053,59.05597402597403,22.0,0.5714285714285714,0,0
EVS00629,4,88,5,3,AC Level 2,Destination/AC,Yes,0.27642135922330097,0.08737864077669903,103,2.3828155339805828,66.34184466019417,22.0,0.8,0,0
EVS00630,8,400,10,10,AC Level 1,Fast Charging,No,0.124865,0.0875,80,0.8163750000000001,59.93275,50.0,0.8,0,0
EVS00631,2,700,3,4,DC Fast Charger,Ultra-Fast Charging,No,0.4525966216216217,0.3108108108108108,149,6.523547297297298,53.94738255033557,350.0,0.6666666666666666,0,1
EVS00632,8,2800,10,5,AC Level 1,Ultra-Fast Charging,No,0.13586708860759492,0.0379746835443038,79,0.7912658227848101,65.21924050632911,350.0,0.8,0,0
EVS00633,2,300,4,15,AC Level 1,Fast Charging,No,0.5227586538461538,0.16346153846153846,104,3.366826923076923,62.801538461538456,150.0,0.5,1,0
EVS00634,4,88,8,4,DC Fast Charger,Destination/AC,No,0.25087865168539325,0.15730337078651685,89,1.9186516853932583,60.211011235955056,22.0,0.5,0,0
EVS00635,5,750,7,6,AC Level 2,Fast Charging,Yes,0.19481896551724137,0.05172413793103448,58,1.0232758620689655,58.44655172413793,150.0,0.7142857142857143,0,0
EVS00636,1,50,1,8,AC Level 1,Fast Charging,No,0.9149215277777779,0.8194444444444444,144,8.021666666666668,62.839375000000004,50.0,1.0,1,1
EVS00637,1,22,1,6,DC Fast Charger,Destination/AC,Yes,0.8344483870967742,0.6935483870967742,62,5.013548387096773,55.936129032258066,22.0,1.0,1,1
EVS00638,2,44,4,11,AC Level 2,Destination/AC,Yes,0.5300933333333333,0.13333333333333333,60,2.7221666666666664,63.6115,22.0,0.5,1,0
EVS00639,2,100,2,5,AC Level 2,Fast Charging,Yes,0.5084961538461539,0.34615384615384615,157,5.82849358974359,60.74369426751593,50.0,1.0,0,1
EVS00640,5,750,8,4,AC Level 1,Fast Charging,No,0.20367882352941175,0.1588235294117647,173,3.2622058823529416,60.04398843930636,150.0,0.625,0,0
EVS00641,5,750,9,6,AC Level 2,Fast Charging,No,0.202,0.1415929203539823,114,2.526106194690265,60.068333333333335,150.0,0.5555555555555556,0,0
EVS00642,4,200,7,13,DC Fast Charger,Fast Charging,Yes,0.22542886597938147,0.20103092783505155,197,3.7361855670103097,53.28,50.0,0.5714285714285714,0,0
EVS00643,1,350,1,9,AC Level 1,Ultra-Fast Charging,No,0.891904761904762,0.8630952380952381,168,8.74767857142857,61.7025,350.0,1.0,1,1
EVS00644,4,200,8,9,AC Level 2,Fast Charging,Yes,0.24908863636363635,0.06818181818181818,88,2.019659090909091,59.78215909090909,50.0,0.5,0,0
EVS00645,6,2100,8,12,AC Level 2,Ultra-Fast Charging,No,0.17270148148148148,0.1037037037037037,136,2.0838888888888887,61.71411764705883,350.0,0.75,0,0
EVS00646,1,150,2,15,AC Level 2,Fast Charging,Yes,0.8755771428571428,0.7428571428571429,70,5.202285714285715,59.51542857142857,150.0,0.5,1,1
EVS00647,5,250,7,16,AC Level 2,Fast Charging,Yes,0.2013287356321839,0.11494252873563218,87,2.155402298850575,60.39908045977012,50.0,0.7142857142857143,0,0
EVS00648,5,250,7,15,AC Level 2,Fast Charging,No,0.20138659793814434,0.10309278350515463,98,1.9760309278350516,59.799285714285716,50.0,0.7142857142857143,0,0
EVS00649,7,1050,9,10,DC Fast Charger,Fast Charging,No,0.13133068181818183,0.10795454545454546,176,2.318068181818182,55.15897727272727,150.0,0.7777777777777778,0,0
EVS00650,3,1050,6,9,AC Level 1,Ultra-Fast Charging,Yes,0.35887236842105263,0.21052631578947367,155,4.6958223684210525,63.3461935483871,350.0,0.5,0,0
EVS00651,1,50,3,4,DC Fast Charger,Fast Charging,No,0.7893355555555556,0.6777777777777778,90,7.6801111111111116,51.23755555555556,50.0,0.3333333333333333,1,1
EVS00652,6,300,9,9,AC Level 2,Fast Charging,No,0.17723840000000002,0.096,126,2.09616,63.29785714285714,50.0,0.6666666666666666,0,0
EVS00653,4,200,6,16,AC Level 2,Fast Charging,No,0.24760294117647058,0.08823529411764706,34,1.416470588235294,59.42411764705883,50.0,0.6666666666666666,0,0
EVS00654,4,200,9,14,AC Level 2,Fast Charging,No,0.25474236111111115,0.2152777777777778,144,3.5972222222222223,61.138958333333335,50.0,0.4444444444444444,0,0
EVS00655,2,700,4,3,AC Level 2,Ultra-Fast Charging,No,0.48890392156862744,0.23529411764705882,102,5.882843137254902,58.6685294117647,350.0,0.5,0,0
EVS00656,1,150,1,5,AC Level 2,Fast Charging,Yes,0.8842572916666667,0.8541666666666666,97,8.58734375,60.850103092783506,150.0,1.0,1,1
EVS00657,3,1050,6,12,AC Level 2,Ultra-Fast Charging,No,0.3401838028169014,0.176056338028169,142,4.0569718309859155,61.232957746478874,350.0,0.5,0,0
EVS00658,4,88,9,8,AC Level 2,Destination/AC,No,0.2592655737704918,0.16393442622950818,122,2.936639344262295,62.22450819672132,22.0,0.4444444444444444,0,0
EVS00659,1,22,1,13,AC Level 1,Destination/AC,Yes,0.863790909090909,0.696969696969697,33,2.2906060606060605,60.92939393939394,22.0,1.0,1,1
EVS00660,2,300,3,14,AC Level 2,Fast Charging,Yes,0.5349833333333334,0.15151515151515152,66,3.1354545454545453,64.19787878787879,150.0,0.6666666666666666,1,0
EVS00661,4,200,5,5,AC Level 1,Fast Charging,No,0.2542921568627451,0.0392156862745098,51,1.2084313725490197,61.030392156862746,50.0,0.8,0,0
EVS00662,5,250,6,11,DC Fast Charger,Fast Charging,Yes,0.17236935483870966,0.14516129032258066,125,2.752016129032258,51.29696,50.0,0.8333333333333334,0,0
EVS00663,4,1400,7,14,DC Fast Charger,Ultra-Fast Charging,No,0.21302857142857143,0.09523809523809523,21,0.6547619047619048,51.12571428571428,350.0,0.5714285714285714,0,0
EVS00664,5,110,7,15,DC Fast Charger,Destination/AC,Yes,0.2049392857142857,0.03571428571428571,56,0.8551785714285715,61.481785714285714,22.0,0.7142857142857143,0,0
EVS00665,3,1050,4,10,AC Level 2,Ultra-Fast Charging,Yes,0.3498217054263566,0.20155038759689922,129,3.831782945736434,62.968062015503875,350.0,0.75,0,0
EVS00666,1,150,1,3,DC Fast Charger,Fast Charging,No,0.8142034782608695,0.7304347826086957,115,8.511304347826087,52.86252173913043,150.0,1.0,1,1
EVS00667,1,150,2,5,AC Level 1,Fast Charging,Yes,0.8587450980392157,0.803921568627451,102,9.316176470588236,59.413529411764706,150.0,0.5,1,1
EVS00668,4,200,7,7,AC Level 2,Fast Charging,Yes,0.2557954248366013,0.19607843137254902,153,3.871111111111111,61.391960784313724,50.0,0.5714285714285714,0,0
EVS00669,1,50,2,12,AC Level 2,Fast Charging,No,0.8898771604938271,0.8024691358024691,162,9.491419753086419,61.038950617283945,50.0,0.5,1,1
EVS00670,1,50,2,5,AC Level 2,Fast Charging,Yes,0.84949,0.7,40,2.66925,60.72025,50.0,0.5,1,1
EVS00671,8,2800,9,16,DC Fast Charger,Ultra-Fast Charging,Yes,0.10730344827586207,0.10919540229885058,175,2.1458045977011495,51.210342857142855,350.0,0.8888888888888888,0,0
EVS00672,4,88,6,15,DC Fast Charger,Destination/AC,Yes,0.25746785714285714,0.09821428571428571,113,2.7921875000000003,61.245663716814164,22.0,0.6666666666666666,0,0
EVS00673,5,1750,7,6,DC Fast Charger,Ultra-Fast Charging,Yes,0.1793911111111111,0.11851851851851852,137,2.581074074074074,53.03145985401459,350.0,0.7142857142857143,0,0
EVS00674,2,100,2,3,AC Level 1,Fast Charging,Yes,0.5055666666666666,0.0,27,1.3759259259259258,60.66851851851852,50.0,1.0,0,0
EVS00675,2,100,3,7,AC Level 1,Fast Charging,No,0.5017884615384616,0.2980769230769231,104,6.202692307692308,60.214807692307694,50.0,0.6666666666666666,0,1
EVS00676,2,44,4,11,AC Level 1,Destination/AC,No,0.5044173553719008,0.24793388429752067,121,5.7907438016528925,60.541735537190085,22.0,0.5,0,0
EVS00677,6,300,7,14,AC Level 2,Fast Charging,Yes,0.17010714285714285,0.07936507936507936,126,1.7246825396825396,61.23873015873016,50.0,0.8571428571428571,0,0
EVS00678,4,600,7,8,AC Level 2,Fast Charging,Yes,0.24379032258064517,0.06451612903225806,31,0.8919354838709677,58.51129032258064,150.0,0.5714285714285714,0,0
EVS00679,1,50,3,4,AC Level 1,Fast Charging,Yes,0.8972267326732674,0.8415841584158416,101,8.39009900990099,61.60356435643564,50.0,0.3333333333333333,1,1
EVS00680,3,66,5,11,AC Level 2,Destination/AC,Yes,0.3397075949367089,0.2911392405063291,158,5.1837341772151895,61.14708860759494,22.0,0.6,0,1
EVS00681,1,350,1,3,AC Level 1,Ultra-Fast Charging,Yes,0.9188721804511277,0.8345864661654135,134,9.231654135338346,64.14164179104478,350.0,1.0,1,1
EVS00682,2,700,4,14,DC Fast Charger,Ultra-Fast Charging,No,0.4214888888888889,0.2222222222222222,36,2.1025,50.57944444444444,350.0,0.5,0,0
EVS00683,3,66,4,12,DC Fast Charger,Destination/AC,Yes,0.3295878453038674,0.24861878453038674,182,5.16646408839779,58.99950549450549,22.0,0.75,0,0
EVS00684,2,300,3,14,DC Fast Charger,Fast Charging,Yes,0.42925193370165743,0.3867403314917127,183,6.993232044198895,50.9468306010929,150.0,0.6666666666666666,0,1
EVS00685,1,50,3,16,AC Level 2,Fast Charging,Yes,0.913267441860465,0.7906976744186046,43,4.275581395348837,64.41046511627907,50.0,0.3333333333333333,1,1
EVS00686,4,200,9,11,AC Level 2,Fast Charging,No,0.2506236111111111,0.10416666666666667,144,3.1991666666666667,60.15006944444445,50.0,0.4444444444444444,0,0
EVS00687,4,600,5,6,AC Level 1,Fast Charging,No,0.25839999999999996,0.10126582278481013,79,2.3932911392405063,62.01594936708861,150.0,0.8,0,0
EVS00688,8,1200,10,3,AC Level 1,Fast Charging,Yes,0.12800535714285716,0.07142857142857142,112,1.3811607142857143,61.44383928571428,150.0,0.8,0,0
EVS00689,4,1400,8,15,AC Level 2,Ultra-Fast Charging,Yes,0.25701941747572815,0.10679611650485436,104,1.8712621359223303,61.090576923076924,350.0,0.5,0,0
EVS00690,4,600,7,11,AC Level 1,Fast Charging,Yes,0.2495758389261745,0.16778523489932887,150,3.3464093959731542,59.498866666666665,150.0,0.5714285714285714,0,0
EVS00691,4,200,8,5,AC Level 2,Fast Charging,Yes,0.26192447916666667,0.19791666666666666,194,4.10671875,62.21345360824742,50.0,0.5,0,0
EVS00692,2,44,5,3,DC Fast Charger,Destination/AC,Yes,0.5254456375838926,0.38926174496644295,150,6.864362416107382,62.85913333333334,22.0,0.4,1,1
EVS00693,3,1050,4,14,AC Level 1,Ultra-Fast Charging,Yes,0.3516672413793103,0.27586206896551724,174,5.559942528735632,63.30011494252873,350.0,0.75,0,0
EVS00694,2,300,3,6,AC Level 2,Fast Charging,No,0.5291050955414013,0.40764331210191085,157,7.275031847133758,63.49292993630573,150.0,0.6666666666666666,1,1
EVS00695,4,600,5,13,AC Level 1,Fast Charging,No,0.2593542857142857,0.05714285714285714,35,0.7857142857142857,62.24485714285715,150.0,0.8,0,0
EVS00696,2,44,4,9,DC Fast Charger,Destination/AC,No,0.4924782608695652,0.15217391304347827,46,3.279782608695652,59.09760869565217,22.0,0.5,0,0
EVS00697,3,150,5,16,DC Fast Charger,Fast Charging,No,0.29904016393442623,0.13114754098360656,123,3.609426229508197,53.389837398373984,50.0,0.6,0,0
EVS00698,3,450,6,5,DC Fast Charger,Fast Charging,No,0.29564596774193547,0.1693548387096774,124,3.979435483870968,53.215483870967745,150.0,0.5,0,0
EVS00699,1,350,2,10,AC Level 2,Ultra-Fast Charging,Yes,0.8606,0.6666666666666666,21,2.6738095238095236,58.37285714285714,350.0,0.5,1,1
EVS00700,6,300,7,8,DC Fast Charger,Fast Charging,No,0.14317567567567568,0.02702702702702703,37,0.5172972972972973,51.54189189189189,50.0,0.8571428571428571,0,0
EVS00701,1,50,1,4,AC Level 1,Fast Charging,No,0.9230244186046511,0.8953488372093024,86,10.380116279069767,63.093139534883726,50.0,1.0,1,1
EVS00702,1,150,1,6,DC Fast Charger,Fast Charging,Yes,0.8096628787878788,0.7348484848484849,132,9.332575757575759,53.172348484848484,150.0,1.0,1,1
EVS00703,8,176,10,4,AC Level 2,Destination/AC,No,0.13030930232558138,0.06976744186046512,43,0.609767441860465,62.55348837209303,22.0,0.8,0,0
EVS00704,5,1750,7,3,AC Level 1,Ultra-Fast Charging,Yes,0.19963541666666665,0.0625,48,0.8658333333333333,59.89166666666667,350.0,0.7142857142857143,0,0
EVS00705,8,400,10,15,AC Level 1,Fast Charging,No,0.1266783783783784,0.08108108108108109,37,0.6902702702702702,60.80243243243243,50.0,0.8,0,0
EVS00706,5,110,8,8,DC Fast Charger,Destination/AC,No,0.20140287769784174,0.1079136690647482,139,2.052805755395683,60.42071942446043,22.0,0.625,0,0
EVS00707,1,150,3,7,AC Level 2,Fast Charging,Yes,0.9051071428571429,0.7142857142857143,14,1.0992857142857144,65.53785714285713,150.0,0.3333333333333333,1,1
EVS00708,1,50,3,8,AC Level 2,Fast Charging,Yes,0.8879663793103447,0.8362068965517241,116,8.207931034482758,60.70327586206896,50.0,0.3333333333333333,1,1
EVS00709,1,50,1,4,DC Fast Charger,Fast Charging,Yes,0.8013734042553191,0.6702127659574468,94,6.105957446808511,52.16127659574468,50.0,1.0,1,1
EVS00710,1,22,1,4,AC Level 1,Destination/AC,No,0.8955657142857143,0.8380952380952381,105,7.2355238095238095,61.166476190476196,22.0,1.0,1,1
EVS00711,3,66,5,15,AC Level 2,Destination/AC,No,0.3334239130434783,0.2028985507246377,139,4.119746376811594,59.584460431654676,22.0,0.6,0,0
EVS00712,1,50,1,16,AC Level 2,Fast Charging,Yes,0.8692050505050505,0.8181818181818182,99,8.752222222222223,58.66525252525252,50.0,1.0,1,1
EVS00713,5,1750,6,7,DC Fast Charger,Ultra-Fast Charging,Yes,0.16364820143884892,0.04316546762589928,139,2.1532374100719425,49.0931654676259,350.0,0.8333333333333334,0,0
EVS00714,1,50,1,13,AC Level 2,Fast Charging,No,0.898956338028169,0.8661971830985915,144,7.632464788732394,62.00048611111111,50.0,1.0,1,1
EVS00715,1,22,2,3,DC Fast Charger,Destination/AC,Yes,0.8927011049723758,0.7955801104972375,182,9.35389502762431,61.43247252747252,22.0,0.5,1,1
EVS00716,3,1050,4,9,DC Fast Charger,Ultra-Fast Charging,No,0.2852585714285714,0.19285714285714287,140,4.010071428571428,51.34742857142857,350.0,0.75,0,0
EVS00717,3,450,5,6,AC Level 1,Fast Charging,No,0.35635428571428573,0.17142857142857143,105,3.3036190476190477,64.14409523809523,150.0,0.6,0,0
EVS00718,4,200,8,6,AC Level 2,Fast Charging,No,0.25386407766990293,0.06796116504854369,103,2.0076699029126215,60.92728155339806,50.0,0.5,0,0
EVS00719,4,1400,8,13,AC Level 2,Ultra-Fast Charging,Yes,0.25212121212121213,0.06060606060606061,66,1.5568181818181819,60.50818181818182,350.0,0.5,0,0
EVS00720,2,300,4,11,AC Level 2,Fast Charging,Yes,0.5039051724137932,0.25,116,5.482155172413792,60.46896551724138,150.0,0.5,0,0
EVS00721,1,50,1,7,DC Fast Charger,Fast Charging,Yes,0.7923490196078431,0.6274509803921569,51,3.7958823529411765,51.6135294117647,50.0,1.0,1,1
EVS00722,6,900,8,15,DC Fast Charger,Fast Charging,Yes,0.14911089743589742,0.1282051282051282,157,2.6032051282051283,53.338853503184716,150.0,0.75,0,0
EVS00723,6,900,8,3,AC Level 1,Fast Charging,No,0.17061840490797547,0.1411042944785276,163,2.4917791411042947,61.421533742331285,150.0,0.75,0,0
EVS00724,1,150,2,9,AC Level 1,Fast Charging,Yes,0.869051219512195,0.6341463414634146,41,2.5529268292682925,60.82414634146341,150.0,0.5,1,1
EVS00725,3,66,6,4,AC Level 1,Destination/AC,No,0.3361448051948052,0.22077922077922077,155,4.379512987012987,60.115741935483875,22.0,0.5,0,0
EVS00726,6,300,8,11,AC Level 1,Fast Charging,No,0.18147948717948717,0.02564102564102564,39,0.7735897435897435,65.33205128205128,50.0,0.75,0,0
EVS00727,5,250,7,15,AC Level 2,Fast Charging,No,0.20346060606060606,0.12878787878787878,132,2.5970454545454547,61.03901515151515,50.0,0.7142857142857143,0,0
EVS00728,3,1050,5,9,AC Level 2,Ultra-Fast Charging,Yes,0.34150357142857146,0.07142857142857142,28,1.2321428571428572,61.471785714285716,350.0,0.6,0,0
EVS00729,1,150,1,15,AC Level 1,Fast Charging,Yes,0.8804833333333333,0.8529411764705882,102,8.584607843137254,59.269215686274514,150.0,1.0,1,1
EVS00730,6,2100,9,5,DC Fast Charger,Ultra-Fast Charging,Yes,0.15205075757575756,0.12121212121212122,133,1.79,54.32601503759398,350.0,0.6666666666666666,0,0
EVS00731,6,300,10,12,DC Fast Charger,Fast Charging,No,0.1502278911564626,0.14285714285714285,151,2.0608843537414967,52.65026490066225,50.0,0.6,0,0
EVS00732,3,150,6,5,AC Level 2,Fast Charging,Yes,0.33993763440860214,0.13978494623655913,94,2.7427419354838714,60.53765957446809,50.0,0.5,0,0
EVS00733,7,350,10,4,AC Level 1,Fast Charging,Yes,0.14809210526315789,0.09473684210526316,190,2.2312631578947366,62.19884210526316,50.0,0.7,0,0
EVS00734,3,66,6,15,AC Level 2,Destination/AC,No,0.362928275862069,0.2,146,4.400448275862069,64.88034246575343,22.0,0.5,0,0
EVS00735,3,150,6,5,AC Level 2,Fast Charging,No,0.35526,0.04,50,1.5928,63.9468,50.0,0.5,0,0
EVS00736,1,350,2,6,AC Level 1,Ultra-Fast Charging,Yes,0.8939923728813559,0.864406779661017,119,8.236271186440678,62.302773109243695,350.0,0.5,1,1
EVS00737,7,2450,8,16,AC Level 1,Ultra-Fast Charging,Yes,0.1421823076923077,0.09230769230769231,130,1.9128461538461536,59.717,350.0,0.875,0,0
EVS00738,2,44,4,15,AC Level 2,Destination/AC,No,0.513710606060606,0.07575757575757576,67,2.8295454545454546,60.72477611940298,22.0,0.5,1,0
EVS00739,3,66,5,5,AC Level 1,Destination/AC,Yes,0.3438978260869565,0.21739130434782608,138,4.318913043478261,61.901086956521745,22.0,0.6,0,0
EVS00740,2,300,3,5,AC Level 2,Fast Charging,No,0.5347723529411764,0.38823529411764707,171,7.718558823529412,63.97292397660818,150.0,0.6666666666666666,1,1
EVS00741,8,2800,10,5,AC Level 1,Ultra-Fast Charging,No,0.1253668918918919,0.05405405405405406,148,1.8854729729729731,60.175270270270275,350.0,0.8,0,0
EVS00742,1,150,1,6,AC Level 1,Fast Charging,Yes,0.8612546666666666,0.76,150,8.370733333333332,57.6766,150.0,1.0,1,1
EVS00743,6,132,7,11,DC Fast Charger,Destination/AC,Yes,0.16854180327868853,0.06557377049180328,122,1.796967213114754,60.67450819672131,22.0,0.8571428571428571,0,0
EVS00744,3,150,5,6,DC Fast Charger,Fast Charging,Yes,0.28907758620689655,0.034482758620689655,58,1.8446551724137932,52.033793103448275,50.0,0.6,0,0
EVS00745,3,1050,7,12,DC Fast Charger,Ultra-Fast Charging,No,0.28758345864661655,0.24812030075187969,133,4.444586466165413,51.76533834586466,350.0,0.42857142857142855,0,0
EVS00746,5,110,7,8,DC Fast Charger,Destination/AC,Yes,0.20532266666666668,0.08,75,1.43,61.59626666666667,22.0,0.7142857142857143,0,0
EVS00747,2,44,4,6,AC Level 2,Destination/AC,Yes,0.5117475247524753,0.24752475247524752,101,4.5921782178217825,61.41,22.0,0.5,1,0
EVS00748,2,700,3,14,AC Level 2,Ultra-Fast Charging,No,0.5095365853658537,0.1951219512195122,84,2.939451219512195,59.77440476190476,350.0,0.6666666666666666,0,0
EVS00749,3,150,4,3,AC Level 2,Fast Charging,No,0.3620918918918919,0.13513513513513514,74,2.0054054054054054,65.17608108108108,50.0,0.75,0,0
EVS00750,2,44,3,7,DC Fast Charger,Destination/AC,No,0.532102380952381,0.14285714285714285,42,2.1928571428571426,63.852619047619044,22.0,0.6666666666666666,1,0
EVS00751,4,600,5,9,DC Fast Charger,Fast Charging,No,0.22675463917525773,0.21649484536082475,196,4.139845360824742,53.8659693877551,150.0,0.8,0,0
EVS00752,6,2100,9,4,AC Level 2,Ultra-Fast Charging,No,0.1738184210526316,0.02631578947368421,38,0.7547368421052632,62.57657894736842,350.0,0.6666666666666666,0,0
EVS00753,5,750,9,13,AC Level 1,Fast Charging,Yes,0.19790357142857143,0.0,28,0.5821428571428572,59.37035714285714,150.0,0.5555555555555556,0,0
EVS00754,6,300,10,5,DC Fast Charger,Fast Charging,No,0.14658820224719102,0.11797752808988764,179,2.5210955056179776,52.47648044692738,50.0,0.6,0,0
EVS00755,1,150,1,5,AC Level 1,Fast Charging,Yes,0.9220308333333332,0.875,120,7.076666666666667,64.41358333333334,150.0,1.0,1,1
EVS00756,4,1400,5,10,AC Level 1,Ultra-Fast Charging,Yes,0.26541190476190474,0.07142857142857142,84,1.7751190476190477,63.69845238095238,350.0,0.8,0,0
EVS00757,2,100,5,16,DC Fast Charger,Fast Charging,Yes,0.4381695035460993,0.28368794326241137,142,5.909184397163121,52.209788732394365,50.0,0.4,0,0
EVS00758,2,100,3,7,AC Level 2,Fast Charging,Yes,0.5246425531914893,0.18085106382978725,94,3.473404255319149,62.960531914893615,50.0,0.6666666666666666,1,0
EVS00759,5,1750,8,10,DC Fast Charger,Ultra-Fast Charging,Yes,0.20269714285714285,0.14285714285714285,35,1.0451428571428572,60.81028571428572,350.0,0.625,0,0
EVS00760,2,44,5,6,AC Level 1,Destination/AC,Yes,0.5095409395973154,0.2214765100671141,149,5.620335570469798,61.14463087248322,22.0,0.4,0,0
EVS00761,5,1750,10,13,AC Level 2,Ultra-Fast Charging,No,0.19843243243243242,0.05405405405405406,37,1.0927027027027028,59.530270270270265,350.0,0.5,0,0
EVS00762,6,2100,8,11,AC Level 2,Ultra-Fast Charging,Yes,0.1762367924528302,0.05660377358490566,106,1.9087735849056604,63.44547169811321,350.0,0.75,0,0
EVS00763,2,100,4,8,AC Level 2,Fast Charging,No,0.5224842105263158,0.34210526315789475,190,6.597631578947368,62.69847368421053,50.0,0.5,1,1
EVS00764,2,100,3,15,AC Level 2,Fast Charging,Yes,0.4944097701149425,0.39080459770114945,175,7.337614942528735,58.99062857142857,50.0,0.6666666666666666,0,1
EVS00765,5,750,8,11,DC Fast Charger,Fast Charging,Yes,0.17703048780487807,0.04878048780487805,83,1.5551829268292683,52.46915662650602,150.0,0.625,0,0
EVS00766,1,150,2,7,AC Level 2,Fast Charging,No,0.8750547945205479,0.821917808219178,146,9.148561643835617,58.42157534246575,150.0,0.5,1,1
EVS00767,1,150,2,13,AC Level 2,Fast Charging,No,0.8752428571428571,0.8319327731092437,120,9.247226890756304,59.73133333333333,150.0,0.5,1,1
EVS00768,8,176,10,6,AC Level 1,Destination/AC,Yes,0.13812315789473684,0.05263157894736842,95,1.1531578947368422,66.29705263157895,22.0,0.8,0,0
EVS00769,6,132,7,5,AC Level 2,Destination/AC,Yes,0.1687952380952381,0.023809523809523808,42,0.5845238095238096,60.767380952380954,22.0,0.8571428571428571,0,0
EVS00770,4,88,8,9,AC Level 2,Destination/AC,No,0.24746746987951806,0.12048192771084337,83,2.34144578313253,59.39289156626506,22.0,0.5,0,0
EVS00771,8,2800,10,14,AC Level 1,Ultra-Fast Charging,No,0.125875,0.06896551724137931,116,1.4593103448275861,60.41982758620689,350.0,0.8,0,0
EVS00772,3,66,5,3,AC Level 1,Destination/AC,No,0.3377895061728395,0.25925925925925924,164,4.955925925925926,60.061036585365855,22.0,0.6,0,0
EVS00773,1,50,2,6,AC Level 2,Fast Charging,Yes,0.9161428571428571,0.7142857142857143,7,0.9742857142857143,65.05,50.0,0.5,1,1
EVS00774,7,350,9,14,AC Level 2,Fast Charging,Yes,0.13828629032258066,0.12096774193548387,124,1.9950806451612901,58.079274193548386,50.0,0.7777777777777778,0,0
EVS00775,1,350,2,8,DC Fast Charger,Ultra-Fast Charging,No,0.7549321212121212,0.6484848484848484,166,8.891757575757577,49.10096385542169,350.0,0.5,1,1
EVS00776,6,900,8,7,AC Level 2,Fast Charging,Yes,0.16936820809248554,0.10404624277456648,175,2.6058959537572255,60.2764,150.0,0.75,0,0
EVS00777,6,300,9,10,DC Fast Charger,Fast Charging,No,0.15185824175824175,0.06593406593406594,91,1.454945054945055,54.669230769230765,50.0,0.6666666666666666,0,0
EVS00778,1,150,2,13,AC Level 2,Fast Charging,No,0.8401700000000001,0.6666666666666666,30,2.783333333333333,56.30333333333333,150.0,0.5,1,1
EVS00779,4,200,7,9,AC Level 1,Fast Charging,No,0.2544712121212121,0.07575757575757576,67,1.3206060606060606,60.160298507462684,50.0,0.5714285714285714,0,0
EVS00780,4,200,8,9,DC Fast Charger,Fast Charging,Yes,0.21383291139240507,0.11392405063291139,159,3.1581962025316455,50.99547169811321,50.0,0.5,0,0
EVS00781,2,300,3,12,AC Level 2,Fast Charging,No,0.508014465408805,0.3333333333333333,159,7.011572327044025,60.96094339622641,150.0,0.6666666666666666,0,1
EVS00782,4,88,9,9,AC Level 1,Destination/AC,No,0.2617124031007752,0.13178294573643412,130,2.8993023255813952,62.32769230769231,22.0,0.4444444444444444,0,0
EVS00783,3,450,5,7,AC Level 1,Fast Charging,Yes,0.3193424242424242,0.09090909090909091,33,1.3627272727272728,57.480909090909094,150.0,0.6,0,0
EVS00784,2,300,5,10,AC Level 2,Fast Charging,Yes,0.5174931818181818,0.13636363636363635,44,1.8738636363636365,62.099545454545456,150.0,0.4,1,0
EVS00785,3,1050,5,4,AC Level 2,Ultra-Fast Charging,No,0.3431692307692308,0.0989010989010989,92,2.607307692307692,61.09934782608696,350.0,0.6,0,0
EVS00786,4,88,6,13,AC Level 2,Destination/AC,Yes,0.26767,0.11818181818181818,110,2.3105454545454545,64.241,22.0,0.6666666666666666,0,0
EVS00787,6,900,8,3,DC Fast Charger,Fast Charging,No,0.15536111111111112,0.05555555555555555,18,0.4766666666666667,55.928333333333335,150.0,0.75,0,0
EVS00788,1,22,2,3,AC Level 1,Destination/AC,Yes,0.8575496402877698,0.8057553956834532,139,7.660431654676259,58.475539568345326,22.0,0.5,1,1
EVS00789,4,600,8,6,DC Fast Charger,Fast Charging,Yes,0.22211964285714286,0.0625,112,2.4466964285714283,53.30919642857143,150.0,0.5,0,0
EVS00790,6,2100,10,3,DC Fast Charger,Ultra-Fast Charging,No,0.14586470588235292,0.11764705882352941,17,0.4876470588235294,52.51,350.0,0.6,0,0
EVS00791,1,50,1,4,AC Level 2,Fast Charging,No,0.9189371428571428,0.7714285714285715,35,3.0397142857142856,65.286,50.0,1.0,1,1
EVS00792,5,110,7,12,AC Level 1,Destination/AC,No,0.20250549450549452,0.06593406593406594,92,1.8554395604395604,60.0925,22.0,0.7142857142857143,0,0
EVS00793,1,350,2,15,DC Fast Charger,Ultra-Fast Charging,Yes,0.8234617021276596,0.7730496453900709,142,7.845248226950355,52.551126760563385,350.0,0.5,1,1
EVS00794,5,250,8,12,AC Level 2,Fast Charging,Yes,0.20699018404907976,0.18404907975460122,165,3.0439877300613496,61.34424242424242,50.0,0.625,0,0
EVS00795,5,110,8,11,AC Level 2,Destination/AC,Yes,0.21104851485148515,0.06930693069306931,101,1.7366336633663366,63.313168316831685,22.0,0.625,0,0
EVS00796,1,50,1,10,AC Level 2,Fast Charging,No,0.9097766666666666,0.8166666666666667,60,6.9525,61.79316666666667,50.0,1.0,1,1
EVS00797,3,450,4,13,AC Level 2,Fast Charging,No,0.34592906976744187,0.2441860465116279,172,5.277906976744186,62.26761627906977,150.0,0.75,0,0
EVS00798,4,600,6,11,DC Fast Charger,Fast Charging,No,0.2046798076923077,0.07692307692307693,105,2.152067307692308,48.65561904761905,150.0,0.6666666666666666,0,0
EVS00799,1,350,1,7,AC Level 2,Ultra-Fast Charging,Yes,0.9119947368421052,0.8289473684210527,76,5.09828947368421,61.87434210526315,350.0,1.0,1,1
EVS00800,4,88,9,15,AC Level 2,Destination/AC,Yes,0.24600808080808081,0.1111111111111111,99,2.0565656565656565,59.04282828282828,22.0,0.4444444444444444,0,0
EVS00801,6,300,7,15,DC Fast Charger,Fast Charging,No,0.1357157894736842,0.0,19,0.5063157894736842,48.857894736842105,50.0,0.8571428571428571,0,0
EVS00802,3,450,6,4,AC Level 1,Fast Charging,Yes,0.3390625,0.10416666666666667,48,2.1077083333333335,61.03062500000001,150.0,0.5,0,0
EVS00803,5,1750,9,8,AC Level 1,Ultra-Fast Charging,Yes,0.21099385964912282,0.07017543859649122,115,1.766798245614035,62.74782608695652,350.0,0.5555555555555556,0,0
EVS00804,8,2800,9,3,AC Level 2,Ultra-Fast Charging,Yes,0.12785194805194805,0.07792207792207792,154,1.9937012987012985,61.3688961038961,350.0,0.8888888888888888,0,0
EVS00805,1,50,1,8,AC Level 2,Fast Charging,Yes,0.8859877697841726,0.8057553956834532,139,8.89884892086331,60.99438848920863,50.0,1.0,1,1
EVS00806,2,700,5,9,AC Level 2,Ultra-Fast Charging,No,0.5140841379310345,0.3793103448275862,146,6.361896551724138,61.42109589041095,350.0,0.4,1,1
EVS00807,4,200,8,11,AC Level 1,Fast Charging,Yes,0.24083243243243244,0.12612612612612611,112,2.3718468468468465,57.28339285714286,50.0,0.5,0,0
EVS00808,1,22,1,4,AC Level 1,Destination/AC,Yes,0.85946,0.6666666666666666,30,3.778,58.89666666666667,22.0,1.0,1,1
EVS00809,3,1050,4,8,DC Fast Charger,Ultra-Fast Charging,No,0.2833891891891892,0.06756756756756757,74,2.6664864864864866,51.009864864864866,350.0,0.75,0,0
EVS00810,1,150,1,12,DC Fast Charger,Fast Charging,Yes,0.8108655172413792,0.7471264367816092,174,9.036666666666667,53.878620689655165,150.0,1.0,1,1
EVS00811,6,900,7,9,AC Level 2,Fast Charging,No,0.17583157894736842,0.05263157894736842,19,0.47368421052631576,63.300526315789476,150.0,0.8571428571428571,0,0
EVS00812,2,700,2,13,DC Fast Charger,Ultra-Fast Charging,Yes,0.4103963855421687,0.3253012048192771,167,7.068584337349398,48.95221556886227,350.0,1.0,0,1
EVS00813,6,300,9,13,DC Fast Charger,Fast Charging,Yes,0.14739761904761903,0.07142857142857142,126,2.0623809523809524,53.0631746031746,50.0,0.6666666666666666,0,0
EVS00814,5,750,7,14,AC Level 2,Fast Charging,No,0.21048999999999998,0.02857142857142857,71,1.0952857142857144,62.25929577464789,150.0,0.7142857142857143,0,0
EVS00815,3,66,6,4,AC Level 2,Destination/AC,Yes,0.34015364238410595,0.2582781456953642,153,4.808443708609272,60.427320261437906,22.0,0.5,0,0
EVS00816,3,450,7,14,AC Level 2,Fast Charging,No,0.34399836065573774,0.22404371584699453,184,4.27568306010929,61.582663043478256,150.0,0.42857142857142855,0,0
EVS00817,5,750,7,14,DC Fast Charger,Fast Charging,No,0.17779523809523812,0.0,21,0.508095238095238,53.336190476190474,150.0,0.7142857142857143,0,0
EVS00818,1,350,2,10,AC Level 2,Ultra-Fast Charging,Yes,0.89154,0.7714285714285715,35,4.402857142857143,61.164857142857144,350.0,0.5,1,1
EVS00819,2,300,4,3,AC Level 1,Fast Charging,Yes,0.49823719008264467,0.35537190082644626,121,6.884876033057852,59.78793388429752,150.0,0.5,0,1
EVS00820,1,350,2,14,AC Level 1,Ultra-Fast Charging,Yes,0.8836834170854272,0.7939698492462312,199,9.292663316582914,60.44130653266331,350.0,0.5,1,1
EVS00821,1,150,1,14,AC Level 2,Fast Charging,No,0.8740727272727273,0.6363636363636364,22,1.7772727272727273,56.96636363636364,150.0,1.0,1,1
EVS00822,6,900,9,6,AC Level 2,Fast Charging,No,0.16876896551724138,0.06896551724137931,116,2.1658620689655175,60.75586206896552,150.0,0.6666666666666666,0,0
EVS00823,1,22,1,12,AC Level 1,Destination/AC,Yes,0.8829695652173912,0.6956521739130435,23,2.88304347826087,59.44521739130435,22.0,1.0,1,1
EVS00824,7,154,9,7,AC Level 1,Destination/AC,Yes,0.15148053691275168,0.06040268456375839,149,1.7936241610738255,63.6210067114094,22.0,0.7777777777777778,0,0
EVS00825,4,1400,6,16,DC Fast Charger,Ultra-Fast Charging,No,0.2085298245614035,0.06140350877192982,114,2.6585087719298244,50.047105263157896,350.0,0.6666666666666666,0,0
EVS00826,7,1050,9,11,AC Level 1,Fast Charging,Yes,0.13930588235294117,0.08823529411764706,34,0.6208823529411764,58.51117647058823,150.0,0.7777777777777778,0,0
EVS00827,2,100,3,3,AC Level 1,Fast Charging,Yes,0.510961403508772,0.2807017543859649,114,6.167631578947368,61.31552631578948,50.0,0.6666666666666666,0,0
EVS00828,3,150,4,12,DC Fast Charger,Fast Charging,Yes,0.299294708994709,0.21693121693121692,190,5.058253968253968,53.589473684210525,50.0,0.75,0,0
EVS00829,3,150,4,4,AC Level 2,Fast Charging,Yes,0.36655058139534885,0.27325581395348836,175,5.083459302325582,64.848,50.0,0.75,0,0
EVS00830,3,1050,6,4,AC Level 1,Ultra-Fast Charging,No,0.34259999999999996,0.08,25,0.7936,61.668,350.0,0.5,0,0
EVS00831,1,350,1,3,DC Fast Charger,Ultra-Fast Charging,Yes,0.7999577464788732,0.647887323943662,71,5.3673239436619715,52.6625352112676,350.0,1.0,1,1
EVS00832,1,50,2,9,DC Fast Charger,Fast Charging,Yes,0.7619897959183674,0.673469387755102,49,5.83204081632653,49.40428571428571,50.0,0.5,1,1
EVS00833,3,150,7,7,AC Level 1,Fast Charging,No,0.35958981481481483,0.14814814814814814,109,3.060046296296296,64.13247706422018,50.0,0.42857142857142855,0,0
EVS00834,1,350,2,7,AC Level 1,Ultra-Fast Charging,Yes,0.9092909090909091,0.75,44,3.374318181818182,63.813181818181825,350.0,0.5,1,1
EVS00835,1,50,1,16,AC Level 1,Fast Charging,No,0.9034359477124182,0.8300653594771242,155,7.953888888888889,62.00741935483871,50.0,1.0,1,1
EVS00836,2,700,4,9,AC Level 2,Ultra-Fast Charging,No,0.5078541984732824,0.3511450381679389,131,6.577786259541985,60.99717557251908,350.0,0.5,0,1
EVS00837,1,22,2,10,AC Level 1,Destination/AC,Yes,0.8773959731543625,0.8456375838926175,150,9.350838926174497,59.8556,22.0,0.5,1,1
EVS00838,3,150,4,7,AC Level 1,Fast Charging,No,0.34964,0.12727272727272726,55,1.3481818181818184,62.93454545454546,50.0,0.75,0,0
EVS00839,1,150,2,13,AC Level 1,Fast Charging,No,0.926225,0.75,20,2.1614999999999998,62.42,150.0,0.5,1,1
EVS00840,3,66,4,9,DC Fast Charger,Destination/AC,Yes,0.33918979591836734,0.23469387755102042,196,5.143061224489796,61.05448979591837,22.0,0.75,0,0
EVS00841,3,450,5,13,AC Level 1,Fast Charging,No,0.34234029850746267,0.11940298507462686,67,2.0961194029850745,61.62059701492537,150.0,0.6,0,0
EVS00842,7,350,9,8,AC Level 2,Fast Charging,No,0.14438771929824562,0.07017543859649122,115,1.813859649122807,60.11460869565218,50.0,0.7777777777777778,0,0
EVS00843,5,250,9,8,DC Fast Charger,Fast Charging,No,0.17290058139534883,0.16279069767441862,172,3.3805232558139537,51.86936046511628,50.0,0.5555555555555556,0,0
EVS00844,5,250,10,14,AC Level 1,Fast Charging,Yes,0.1982142857142857,0.0,14,0.3821428571428571,59.46785714285714,50.0,0.5,0,0
EVS00845,5,1750,7,4,AC Level 1,Ultra-Fast Charging,No,0.20990833333333334,0.0,12,0.4466666666666667,62.975,350.0,0.7142857142857143,0,0
EVS00846,6,300,8,13,AC Level 1,Fast Charging,No,0.17086153846153845,0.07692307692307693,13,0.5353846153846153,61.505384615384614,50.0,0.75,0,0
EVS00847,6,132,8,12,DC Fast Charger,Destination/AC,Yes,0.16814736842105263,0.05263157894736842,38,0.7955263157894737,60.533684210526324,22.0,0.75,0,0
EVS00848,3,150,5,5,DC Fast Charger,Fast Charging,Yes,0.27794827586206894,0.034482758620689655,29,1.0375862068965518,50.031724137931036,50.0,0.6,0,0
EVS00849,1,150,1,14,DC Fast Charger,Fast Charging,No,0.8081488095238095,0.7559523809523809,168,8.573809523809524,52.88273809523809,150.0,1.0,1,1
EVS00850,2,100,3,9,DC Fast Charger,Fast Charging,Yes,0.44601509433962266,0.24528301886792453,106,4.910566037735849,53.521981132075474,50.0,0.6666666666666666,0,0
EVS00851,1,22,2,15,AC Level 1,Destination/AC,Yes,0.8637850515463917,0.7783505154639175,194,8.32881443298969,58.80262886597938,22.0,0.5,1,1
EVS00852,2,300,4,16,DC Fast Charger,Fast Charging,Yes,0.4646603896103896,0.3246753246753247,156,5.939350649350649,55.09230769230769,150.0,0.5,0,1
EVS00853,3,150,7,11,DC Fast Charger,Fast Charging,Yes,0.2955197916666667,0.296875,192,5.910520833333333,53.193645833333335,50.0,0.42857142857142855,0,1
EVS00854,2,700,4,16,AC Level 2,Ultra-Fast Charging,Yes,0.508464,0.04,50,2.232,61.01520000000001,350.0,0.5,0,0
EVS00855,3,450,5,4,AC Level 2,Fast Charging,Yes,0.3506111111111111,0.08333333333333333,73,2.2350694444444446,62.24575342465753,150.0,0.6,0,0
EVS00856,5,750,8,7,AC Level 2,Fast Charging,No,0.206427485380117,0.2222222222222222,174,3.1960526315789473,60.86097701149425,150.0,0.625,0,0
EVS00857,5,750,7,3,DC Fast Charger,Fast Charging,No,0.1620719298245614,0.08771929824561403,57,0.9414035087719299,48.61912280701754,150.0,0.7142857142857143,0,0
EVS00858,6,2100,9,11,DC Fast Charger,Ultra-Fast Charging,Yes,0.1376483870967742,0.03225806451612903,31,0.5380645161290323,49.55516129032258,350.0,0.6666666666666666,0,0
EVS00859,3,450,4,14,AC Level 1,Fast Charging,Yes,0.3519138461538462,0.2,131,3.9301153846153847,62.86068702290076,150.0,0.75,0,0
EVS00860,6,132,9,15,DC Fast Charger,Destination/AC,No,0.17204676258992807,0.09352517985611511,139,2.4589208633093524,61.93676258992805,22.0,0.6666666666666666,0,0
EVS00861,2,300,4,14,AC Level 1,Fast Charging,No,0.5187829268292683,0.35121951219512193,206,7.180073170731707,62.05635922330097,150.0,0.5,1,1
EVS00862,4,200,7,12,AC Level 2,Fast Charging,Yes,0.27155898876404494,0.2303370786516854,182,3.922415730337079,63.741098901098894,50.0,0.5714285714285714,0,0
EVS00863,4,200,6,13,AC Level 2,Fast Charging,Yes,0.27059444444444447,0.1111111111111111,37,1.266111111111111,63.18702702702703,50.0,0.6666666666666666,0,0
EVS00864,6,900,8,9,DC Fast Charger,Fast Charging,No,0.14300232558139533,0.12209302325581395,172,2.2528488372093025,51.48029069767442,150.0,0.75,0,0
EVS00865,2,44,3,6,AC Level 2,Destination/AC,No,0.5224,0.3472222222222222,145,6.016666666666667,62.25565517241379,22.0,0.6666666666666666,1,1
EVS00866,3,450,5,9,DC Fast Charger,Fast Charging,No,0.2745839694656489,0.20610687022900764,131,3.944274809160305,49.425648854961835,150.0,0.6,0,0
EVS00867,3,150,4,10,DC Fast Charger,Fast Charging,No,0.2910089820359282,0.24550898203592814,168,4.47314371257485,52.069404761904764,50.0,0.75,0,0
EVS00868,4,200,6,16,DC Fast Charger,Fast Charging,Yes,0.21989136690647484,0.1510791366906475,139,3.577553956834532,52.773381294964025,50.0,0.6666666666666666,0,0
EVS00869,5,1750,9,16,DC Fast Charger,Ultra-Fast Charging,No,0.1683219512195122,0.0975609756097561,83,1.614939024390244,49.88819277108434,350.0,0.5555555555555556,0,0
EVS00870,4,1400,7,11,DC Fast Charger,Ultra-Fast Charging,No,0.19615454545454547,0.045454545454545456,22,0.5959090909090908,47.07772727272727,350.0,0.5714285714285714,0,0
EVS00871,1,350,1,7,AC Level 1,Ultra-Fast Charging,No,0.906192380952381,0.8476190476190476,106,7.44152380952381,62.794999999999995,350.0,1.0,1,1
EVS00872,3,150,6,14,AC Level 1,Fast Charging,Yes,0.3293,0.0851063829787234,47,1.7051063829787234,59.27297872340425,50.0,0.5,0,0
EVS00873,7,154,9,11,AC Level 1,Destination/AC,Yes,0.14264666666666667,0.06666666666666667,30,0.4003333333333333,59.91466666666667,22.0,0.7777777777777778,0,0
EVS00874,5,750,9,5,AC Level 1,Fast Charging,Yes,0.19204285714285713,0.047619047619047616,42,0.8238095238095239,57.61428571428572,150.0,0.5555555555555556,0,0
EVS00875,1,50,2,11,AC Level 1,Fast Charging,Yes,0.8725394736842105,0.7543859649122807,115,7.889122807017544,60.58747826086957,50.0,0.5,1,1
EVS00876,1,22,1,10,DC Fast Charger,Destination/AC,No,0.8652592233009709,0.7281553398058253,103,7.6058252427184465,59.70864077669903,22.0,1.0,1,1
EVS00877,1,22,2,14,AC Level 1,Destination/AC,Yes,0.8716119047619048,0.7619047619047619,84,7.7335714285714285,58.87345238095238,22.0,0.5,1,1
EVS00878,3,66,4,13,AC Level 1,Destination/AC,Yes,0.3385237762237762,0.20279720279720279,144,4.538006993006992,60.51138888888889,22.0,0.75,0,0
EVS00879,5,110,8,4,AC Level 2,Destination/AC,Yes,0.21497844827586207,0.06896551724137931,116,2.0407758620689656,64.49405172413793,22.0,0.625,0,0
EVS00880,3,450,4,12,DC Fast Charger,Fast Charging,No,0.2883316666666667,0.125,121,3.6025416666666668,51.47157024793389,150.0,0.75,0,0
EVS00881,3,150,5,10,DC Fast Charger,Fast Charging,No,0.2999538461538461,0.038461538461538464,26,1.1507692307692308,53.99307692307692,50.0,0.6,0,0
EVS00882,8,176,10,9,AC Level 2,Destination/AC,No,0.12944415584415583,0.1038961038961039,154,1.8921428571428571,62.13363636363636,22.0,0.8,0,0
EVS00883,7,1050,8,16,DC Fast Charger,Fast Charging,Yes,0.11864343434343434,0.020202020202020204,99,1.4448484848484848,49.83171717171717,150.0,0.875,0,0
EVS00884,3,1050,5,5,AC Level 2,Ultra-Fast Charging,No,0.3585642857142857,0.07142857142857142,42,1.4473809523809524,64.54238095238095,350.0,0.6,0,0
EVS00885,1,22,1,5,AC Level 2,Destination/AC,No,0.9018645390070922,0.851063829787234,141,8.306241134751774,63.974113475177305,22.0,1.0,1,1
EVS00886,5,250,7,9,AC Level 1,Fast Charging,No,0.21082028985507245,0.08695652173913043,139,2.6358333333333333,62.790503597122296,50.0,0.7142857142857143,0,0
EVS00887,4,600,6,3,AC Level 1,Fast Charging,Yes,0.22384761904761905,0.047619047619047616,21,0.6328571428571428,53.726190476190474,150.0,0.6666666666666666,0,0
EVS00888,6,2100,7,13,DC Fast Charger,Ultra-Fast Charging,No,0.13505348837209302,0.06976744186046512,43,0.8748837209302325,48.62162790697675,350.0,0.8571428571428571,0,0
EVS00889,3,66,4,6,DC Fast Charger,Destination/AC,No,0.30157272727272727,0.0,22,0.5368181818181817,54.283181818181816,22.0,0.75,0,0
EVS00890,2,44,4,14,AC Level 1,Destination/AC,No,0.4897257575757576,0.18181818181818182,66,2.4072727272727272,58.76712121212121,22.0,0.5,0,0
EVS00891,1,150,2,10,DC Fast Charger,Fast Charging,Yes,0.8087833333333333,0.5833333333333334,36,2.8494444444444444,51.61833333333333,150.0,0.5,1,1
EVS00892,3,150,4,13,DC Fast Charger,Fast Charging,Yes,0.29472430555555557,0.1597222222222222,144,4.0782638888888885,53.05027777777778,50.0,0.75,0,0
EVS00893,3,150,4,9,AC Level 2,Fast Charging,Yes,0.332808,0.152,126,3.1254,59.43039682539682,50.0,0.75,0,0
EVS00894,1,50,2,11,AC Level 1,Fast Charging,No,0.8869023391812866,0.8304093567251462,172,10.264415204678363,60.82941860465116,50.0,0.5,1,1
EVS00895,7,1050,9,10,DC Fast Charger,Fast Charging,No,0.1264984496124031,0.08527131782945736,129,1.6300000000000001,53.130077519379846,150.0,0.7777777777777778,0,0
EVS00896,3,1050,4,6,AC Level 2,Ultra-Fast Charging,Yes,0.35544529914529915,0.09401709401709402,119,3.4182905982905982,62.90445378151261,350.0,0.75,0,0
EVS00897,2,700,4,3,AC Level 1,Ultra-Fast Charging,Yes,0.49263023255813954,0.3023255813953488,87,4.590988372093023,58.43574712643678,350.0,0.5,0,1
EVS00898,4,1400,9,15,DC Fast Charger,Ultra-Fast Charging,Yes,0.19948333333333335,0.027777777777777776,36,0.6891666666666666,47.87444444444444,350.0,0.4444444444444444,0,0
EVS00899,5,1750,7,10,AC Level 1,Ultra-Fast Charging,No,0.18775999999999998,0.03333333333333333,30,0.519,56.330333333333336,350.0,0.7142857142857143,0,0
EVS00900,2,44,3,4,AC Level 1,Destination/AC,Yes,0.49920859375,0.3125,129,5.7973046875,59.440465116279064,22.0,0.6666666666666666,0,1
EVS00901,4,200,9,7,AC Level 2,Fast Charging,Yes,0.25686,0.13333333333333333,15,0.30333333333333334,61.64533333333333,50.0,0.4444444444444444,0,0
EVS00902,1,50,1,12,AC Level 1,Fast Charging,No,0.8655777777777778,0.7037037037037037,27,1.3522222222222222,59.47222222222222,50.0,1.0,1,1
EVS00903,5,750,8,5,AC Level 1,Fast Charging,No,0.18917173913043478,0.043478260869565216,46,1.18,56.75086956521739,150.0,0.625,0,0
EVS00904,2,100,3,15,AC Level 2,Fast Charging,No,0.4995164705882353,0.38235294117647056,173,7.590794117647058,58.9649710982659,50.0,0.6666666666666666,0,1
EVS00905,1,350,1,7,AC Level 1,Ultra-Fast Charging,Yes,0.8900681318681319,0.8241758241758241,91,7.982967032967033,60.09406593406594,350.0,1.0,1,1
EVS00906,2,700,3,11,AC Level 1,Ultra-Fast Charging,Yes,0.5302991803278688,0.32786885245901637,123,6.051393442622951,63.447560975609754,350.0,0.6666666666666666,1,1
EVS00907,4,1400,6,16,AC Level 2,Ultra-Fast Charging,Yes,0.25356352941176474,0.12941176470588237,85,2.118588235294118,60.85482352941176,350.0,0.6666666666666666,0,0
EVS00908,3,66,5,16,AC Level 2,Destination/AC,No,0.3297727272727273,0.045454545454545456,44,1.6493181818181817,59.36000000000001,22.0,0.6,0,0
EVS00909,3,450,5,16,AC Level 1,Fast Charging,No,0.3348777777777778,0.12345679012345678,81,2.1953086419753087,60.27777777777778,150.0,0.6,0,0
EVS00910,2,44,5,5,AC Level 1,Destination/AC,No,0.5001642857142857,0.0,28,1.3146428571428572,60.020714285714284,22.0,0.4,0,0
EVS00911,7,350,10,9,AC Level 2,Fast Charging,Yes,0.14105223880597015,0.08208955223880597,134,2.0919402985074624,59.23955223880597,50.0,0.7,0,0
EVS00912,2,100,4,14,AC Level 1,Fast Charging,No,0.4767468085106383,0.0851063829787234,47,2.0640425531914897,57.20914893617021,50.0,0.5,0,0
EVS00913,3,1050,5,4,AC Level 1,Ultra-Fast Charging,Yes,0.352138202247191,0.07865168539325842,89,2.317415730337079,63.3838202247191,350.0,0.6,0,0
EVS00914,5,1750,10,14,AC Level 2,Ultra-Fast Charging,Yes,0.20140752688172042,0.0913978494623656,186,3.102258064516129,60.42172043010753,350.0,0.5,0,0
EVS00915,2,100,4,6,DC Fast Charger,Fast Charging,Yes,0.43074576271186443,0.2542372881355932,118,4.769745762711865,51.68966101694915,50.0,0.5,0,0
EVS00916,2,300,4,5,AC Level 1,Fast Charging,No,0.5333010416666667,0.19791666666666666,96,3.721458333333333,64.01572916666667,150.0,0.5,1,0
EVS00917,7,154,10,7,AC Level 2,Destination/AC,No,0.14625555555555556,0.08080808080808081,99,1.5380808080808082,61.42757575757576,22.0,0.7,0,0
EVS00918,8,176,10,13,AC Level 1,Destination/AC,No,0.13048287671232878,0.0821917808219178,147,1.9540753424657535,62.207210884353735,22.0,0.8,0,0
EVS00919,1,350,2,13,AC Level 1,Ultra-Fast Charging,Yes,0.9058753846153846,0.8,65,5.068615384615384,61.536307692307695,350.0,0.5,1,1
EVS00920,6,900,7,3,DC Fast Charger,Fast Charging,Yes,0.14795615384615385,0.1,131,2.022384615384615,52.856259541984734,150.0,0.8571428571428571,0,0
EVS00921,5,1750,6,6,AC Level 1,Ultra-Fast Charging,Yes,0.2006243243243243,0.16891891891891891,148,3.0755405405405405,60.18729729729729,350.0,0.8333333333333334,0,0
EVS00922,5,750,9,8,DC Fast Charger,Fast Charging,Yes,0.1805462962962963,0.1111111111111111,108,2.165277777777778,54.163148148148146,150.0,0.5555555555555556,0,0
EVS00923,1,150,2,12,DC Fast Charger,Fast Charging,No,0.7844403669724771,0.5963302752293578,109,6.269816513761468,52.04266055045871,150.0,0.5,1,1
EVS00924,4,200,7,10,DC Fast Charger,Fast Charging,Yes,0.22051212121212121,0.15151515151515152,33,0.9636363636363636,52.92090909090909,50.0,0.5714285714285714,0,0
EVS00925,2,700,3,13,DC Fast Charger,Ultra-Fast Charging,Yes,0.4245461538461539,0.1282051282051282,39,2.795128205128205,50.94538461538461,350.0,0.6666666666666666,0,0
EVS00926,7,2450,10,10,AC Level 2,Ultra-Fast Charging,Yes,0.1417123287671233,0.13013698630136986,146,2.333972602739726,59.520616438356164,350.0,0.7,0,0
EVS00927,5,750,10,12,DC Fast Charger,Fast Charging,No,0.17725042735042734,0.07692307692307693,117,1.9022222222222223,53.176324786324784,150.0,0.5,0,0
EVS00928,2,100,3,5,AC Level 2,Fast Charging,No,0.504863768115942,0.15942028985507245,69,3.4442028985507247,60.58391304347826,50.0,0.6666666666666666,0,0
EVS00929,4,88,5,10,AC Level 2,Destination/AC,Yes,0.2634084337349398,0.0,83,1.9357831325301207,63.21831325301205,22.0,0.8,0,0
EVS00930,4,1400,5,3,AC Level 2,Ultra-Fast Charging,No,0.2660073394495413,0.08256880733944955,110,2.5966513761467893,63.26054545454545,350.0,0.8,0,0
EVS00931,1,50,1,13,AC Level 1,Fast Charging,Yes,0.8718340206185566,0.7628865979381443,97,7.560927835051546,59.25701030927836,50.0,1.0,1,1
EVS00932,2,300,3,3,AC Level 1,Fast Charging,Yes,0.5125136,0.28,126,6.1064,61.013333333333335,150.0,0.6666666666666666,1,0
EVS00933,8,176,10,9,AC Level 1,Destination/AC,No,0.1255111111111111,0.07407407407407407,54,0.7696296296296297,60.24555555555556,22.0,0.8,0,0
EVS00934,5,110,9,3,AC Level 1,Destination/AC,No,0.20787454545454545,0.10909090909090909,110,2.0820000000000003,62.36172727272727,22.0,0.5555555555555556,0,0
EVS00935,3,1050,7,12,DC Fast Charger,Ultra-Fast Charging,No,0.3001923076923077,0.10989010989010989,91,3.0759340659340664,54.035384615384615,350.0,0.42857142857142855,0,0
EVS00936,7,154,10,10,AC Level 2,Destination/AC,Yes,0.14755526315789474,0.07236842105263158,152,2.1138815789473684,61.97276315789474,22.0,0.7,0,0
EVS00937,2,100,3,11,AC Level 2,Fast Charging,No,0.5473318181818182,0.1590909090909091,44,1.4602272727272727,65.67977272727272,50.0,0.6666666666666666,1,0
EVS00938,2,300,4,11,AC Level 1,Fast Charging,Yes,0.5162357142857142,0.023809523809523808,42,1.5683333333333334,61.950714285714284,150.0,0.5,1,0
EVS00939,4,200,8,4,AC Level 2,Fast Charging,No,0.2578980582524272,0.11650485436893204,103,2.520388349514563,61.89611650485437,50.0,0.5,0,0
EVS00940,4,88,6,3,DC Fast Charger,Destination/AC,No,0.24579238095238096,0.09523809523809523,105,2.208857142857143,58.99019047619048,22.0,0.6666666666666666,0,0
EVS00941,4,200,7,3,DC Fast Charger,Fast Charging,Yes,0.22809752066115702,0.18181818181818182,121,3.1768595041322314,54.74355371900827,50.0,0.5714285714285714,0,0
EVS00942,2,100,3,8,AC Level 1,Fast Charging,No,0.52235,0.1511627906976744,86,3.521279069767442,62.68151162790697,50.0,0.6666666666666666,1,0
EVS00943,1,150,3,7,AC Level 1,Fast Charging,No,0.8760853107344634,0.7796610169491526,177,9.20728813559322,59.112033898305086,150.0,0.3333333333333333,1,1
EVS00944,1,350,2,9,AC Level 2,Ultra-Fast Charging,Yes,0.8979779069767442,0.872093023255814,86,8.070465116279069,62.65441860465116,350.0,0.5,1,1
EVS00945,7,350,9,4,DC Fast Charger,Fast Charging,No,0.13168620689655172,0.0,30,0.5117241379310344,53.46266666666667,50.0,0.7777777777777778,0,0
EVS00946,5,250,9,3,DC Fast Charger,Fast Charging,No,0.16802,0.05714285714285714,35,0.816,50.406,50.0,0.5555555555555556,0,0
EVS00947,1,150,1,9,DC Fast Charger,Fast Charging,No,0.7802095505617977,0.7471910112359551,178,10.441067415730338,51.21410112359551,150.0,1.0,1,1
EVS00948,4,200,5,12,DC Fast Charger,Fast Charging,No,0.2304379310344828,0.10344827586206896,29,1.1462068965517243,55.3051724137931,50.0,0.8,0,0
EVS00949,5,750,8,15,DC Fast Charger,Fast Charging,Yes,0.17737093023255815,0.1511627906976744,172,3.4194186046511628,53.211395348837215,150.0,0.625,0,0
EVS00950,2,100,2,13,AC Level 1,Fast Charging,Yes,0.521439705882353,0.1323529411764706,68,3.1469117647058824,62.57308823529412,50.0,1.0,1,0
EVS00951,4,200,5,13,DC Fast Charger,Fast Charging,No,0.20233478260869564,0.13043478260869565,23,0.8708695652173913,48.56173913043479,50.0,0.8,0,0
EVS00952,1,22,2,10,AC Level 2,Destination/AC,No,0.8892766666666667,0.8166666666666667,60,6.7860000000000005,62.22416666666666,22.0,0.5,1,1
EVS00953,3,450,6,15,DC Fast Charger,Fast Charging,No,0.28739921259842516,0.15748031496062992,130,3.090866141732284,50.53869230769231,150.0,0.5,0,0
EVS00954,3,66,7,16,DC Fast Charger,Destination/AC,Yes,0.35649178082191785,0.0958904109589041,73,2.336027397260274,64.16780821917808,22.0,0.42857142857142855,0,0
EVS00955,6,900,7,5,AC Level 1,Fast Charging,Yes,0.1771313953488372,0.1511627906976744,173,2.370087209302326,63.39890173410405,150.0,0.8571428571428571,0,0
EVS00956,5,250,7,8,DC Fast Charger,Fast Charging,No,0.17380185185185187,0.10185185185185185,108,2.712962962962963,52.14083333333333,50.0,0.7142857142857143,0,0
EVS00957,7,2450,8,6,AC Level 2,Ultra-Fast Charging,No,0.14558732394366197,0.056338028169014086,71,1.1780281690140846,61.14704225352112,350.0,0.875,0,0
EVS00958,2,300,2,16,AC Level 2,Fast Charging,Yes,0.50306640625,0.3203125,128,5.7651562499999995,60.3678125,150.0,1.0,0,1
EVS00959,5,750,10,10,AC Level 2,Fast Charging,No,0.21066964285714285,0.125,168,2.842202380952381,63.20130952380952,150.0,0.5,0,0
EVS00960,8,1200,10,9,AC Level 1,Fast Charging,No,0.12837887323943661,0.04225352112676056,71,1.1790140845070423,61.622253521126765,150.0,0.8,0,0
EVS00961,4,600,6,7,DC Fast Charger,Fast Charging,No,0.20800769230769228,0.0,39,0.9961538461538462,49.922051282051285,150.0,0.6666666666666666,0,0
EVS00962,3,66,4,11,AC Level 1,Destination/AC,No,0.3472571428571429,0.06493506493506493,77,2.7270129870129867,62.506753246753256,22.0,0.75,0,0
EVS00963,3,450,6,7,AC Level 2,Fast Charging,Yes,0.33191333333333334,0.26666666666666666,150,4.634,59.745133333333335,150.0,0.5,0,0
EVS00964,3,450,5,15,AC Level 1,Fast Charging,Yes,0.34670612244897964,0.08163265306122448,50,1.5260204081632653,61.1592,150.0,0.6,0,0
EVS00965,6,2100,8,13,DC Fast Charger,Ultra-Fast Charging,No,0.15294263157894739,0.12631578947368421,192,2.509105263157895,54.485468749999995,350.0,0.75,0,0
EVS00966,6,900,8,7,AC Level 2,Fast Charging,Yes,0.17060841121495327,0.09345794392523364,107,1.6413084112149534,61.419719626168224,150.0,0.75,0,0
EVS00967,6,2100,9,16,DC Fast Charger,Ultra-Fast Charging,Yes,0.14991311475409835,0.09836065573770492,125,2.1545901639344263,52.67288,350.0,0.6666666666666666,0,0
EVS00968,5,110,9,15,AC Level 2,Destination/AC,No,0.19794179104477613,0.014925373134328358,67,1.2576119402985075,59.38313432835821,22.0,0.5555555555555556,0,0
EVS00969,2,44,4,8,DC Fast Charger,Destination/AC,No,0.49977267080745347,0.37267080745341613,161,6.6904968944099386,59.97291925465838,22.0,0.5,0,1
EVS00970,8,1200,10,15,AC Level 2,Fast Charging,No,0.12252692307692306,0.07692307692307693,26,0.43230769230769234,58.818461538461534,150.0,0.8,0,0
EVS00971,6,900,9,15,DC Fast Charger,Fast Charging,No,0.15575,0.05,61,0.897,55.15081967213114,150.0,0.6666666666666666,0,0
EVS00972,6,132,9,16,DC Fast Charger,Destination/AC,No,0.16339325842696628,0.033707865168539325,90,1.3180337078651685,58.169777777777774,22.0,0.6666666666666666,0,0
EVS00973,5,110,8,12,AC Level 1,Destination/AC,Yes,0.20523203883495145,0.0970873786407767,103,1.7099029126213592,61.56776699029126,22.0,0.625,0,0
EVS00974,6,2100,10,7,DC Fast Charger,Ultra-Fast Charging,No,0.15248372093023255,0.05813953488372093,86,1.6019767441860466,54.893488372093024,350.0,0.6,0,0
EVS00975,7,1050,10,7,AC Level 1,Fast Charging,No,0.15595217391304347,0.043478260869565216,47,0.7290217391304349,64.1068085106383,150.0,0.7,0,0
EVS00976,6,2100,9,12,DC Fast Charger,Ultra-Fast Charging,Yes,0.14087833333333333,0.06666666666666667,60,0.8173333333333334,50.717999999999996,350.0,0.6666666666666666,0,0
EVS00977,5,750,7,14,DC Fast Charger,Fast Charging,Yes,0.1675290322580645,0.12903225806451613,31,0.5948387096774194,50.25806451612903,150.0,0.7142857142857143,0,0
EVS00978,7,350,9,15,DC Fast Charger,Fast Charging,Yes,0.12477142857142857,0.031746031746031744,126,1.5333333333333332,52.40468253968254,50.0,0.7777777777777778,0,0
EVS00979,8,176,10,4,AC Level 1,Destination/AC,No,0.1361906976744186,0.03488372093023256,86,0.9409302325581396,65.37162790697674,22.0,0.8,0,0
EVS00980,1,350,1,14,AC Level 1,Ultra-Fast Charging,No,0.8887704,0.76,125,7.32048,60.60696,350.0,1.0,1,1
EVS00981,1,150,1,3,AC Level 2,Fast Charging,Yes,0.8940214285714285,0.8482142857142857,112,8.233303571428571,60.137946428571425,150.0,1.0,1,1
EVS00982,4,600,5,8,AC Level 2,Fast Charging,Yes,0.2576565517241379,0.15862068965517243,145,3.0101379310344827,61.8371724137931,150.0,0.8,0,0
EVS00983,2,700,3,3,AC Level 2,Ultra-Fast Charging,No,0.5207609999999999,0.25,100,4.2151,62.5901,350.0,0.6666666666666666,1,0
EVS00984,3,450,5,8,DC Fast Charger,Fast Charging,No,0.2669176923076923,0.17692307692307693,131,3.843384615384615,47.67793893129771,150.0,0.6,0,0
EVS00985,3,450,4,6,DC Fast Charger,Fast Charging,Yes,0.3042091743119266,0.06422018348623854,110,3.1817889908256882,54.25990909090909,150.0,0.75,0,0
EVS00986,6,2100,8,8,DC Fast Charger,Ultra-Fast Charging,No,0.13774107142857142,0.08035714285714286,112,2.0019642857142856,49.58544642857142,350.0,0.75,0,0
EVS00987,1,22,2,8,DC Fast Charger,Destination/AC,No,0.8724169491525424,0.8050847457627118,119,7.806271186440678,58.39420168067227,22.0,0.5,1,1
EVS00988,6,132,8,8,DC Fast Charger,Destination/AC,No,0.17519589041095893,0.0547945205479452,73,1.280958904109589,63.06917808219178,22.0,0.75,0,0
EVS00989,2,44,3,6,AC Level 2,Destination/AC,Yes,0.5213116666666667,0.08333333333333333,61,2.617,61.531639344262295,22.0,0.6666666666666666,1,0
EVS00990,1,22,1,12,AC Level 2,Destination/AC,No,0.8965974193548387,0.832258064516129,157,9.41,63.53573248407643,22.0,1.0,1,1
EVS00991,2,300,3,3,AC Level 2,Fast Charging,No,0.5401,0.13580246913580246,81,3.1475308641975306,64.81222222222222,150.0,0.6666666666666666,1,0
EVS00992,1,50,1,7,AC Level 2,Fast Charging,Yes,0.8951504672897196,0.8411214953271028,107,8.38214953271028,62.558411214953274,50.0,1.0,1,1
EVS00993,3,450,4,13,AC Level 1,Fast Charging,Yes,0.33822545454545455,0.03636363636363636,55,1.4492727272727273,60.88036363636364,150.0,0.75,0,0
EVS00994,2,44,3,6,DC Fast Charger,Destination/AC,Yes,0.49785728155339803,0.1941747572815534,103,3.9033980582524275,59.742912621359224,22.0,0.6666666666666666,0,0
EVS00995,4,600,7,6,DC Fast Charger,Fast Charging,No,0.21477425742574258,0.09900990099009901,101,1.9662376237623762,51.54554455445545,150.0,0.5714285714285714,0,0
EVS00996,2,700,3,4,DC Fast Charger,Ultra-Fast Charging,Yes,0.4360463235294118,0.34558823529411764,136,5.604044117647058,52.325294117647054,350.0,0.6666666666666666,0,1
EVS00997,1,150,2,4,AC Level 1,Fast Charging,Yes,0.9188754716981132,0.8867924528301887,107,8.559905660377359,62.568411214953265,150.0,0.5,1,1
EVS00998,5,250,7,8,DC Fast Charger,Fast Charging,Yes,0.18031038961038962,0.11688311688311688,77,1.5107792207792208,54.0938961038961,50.0,0.7142857142857143,0,0
EVS00999,6,300,10,4,AC Level 1,Fast Charging,Yes,0.17356441717791413,0.1656441717791411,166,2.626319018404908,61.35373493975903,50.0,0.6,0,0
EVS01000,4,88,5,11,DC Fast Charger,Destination/AC,No,0.2520063829787234,0.13829787234042554,94,2.5544680851063832,60.480638297872346,22.0,0.8,0,0
EVS01001,6,900,10,9,AC Level 2,Fast Charging,No,0.17019444444444445,0.14814814814814814,162,2.474135802469136,61.26938271604938,150.0,0.6,0,0
EVS01002,4,1400,6,7,DC Fast Charger,Ultra-Fast Charging,No,0.21883846153846154,0.14685314685314685,145,3.281783216783217,51.79689655172414,350.0,0.6666666666666666,0,0
EVS01003,2,700,5,6,AC Level 1,Ultra-Fast Charging,No,0.5022543103448276,0.20689655172413793,116,4.463534482758621,60.41025862068965,350.0,0.4,0,0
EVS01004,7,154,10,11,AC Level 2,Destination/AC,No,0.15161129943502824,0.15819209039548024,179,2.5200564971751414,62.96670391061453,22.0,0.7,0,0
EVS01005,4,600,5,15,AC Level 1,Fast Charging,No,0.24052068965517243,0.0,29,0.8113793103448276,57.72379310344827,150.0,0.8,0,0
EVS01006,2,100,3,13,DC Fast Charger,Fast Charging,Yes,0.4749452702702703,0.3581081081081081,151,6.74375,56.0094701986755,50.0,0.6666666666666666,0,1
EVS01007,5,110,7,8,DC Fast Charger,Destination/AC,Yes,0.20766938775510205,0.16326530612244897,148,3.2110204081632654,61.88047297297297,22.0,0.7142857142857143,0,0
EVS01008,5,1750,7,13,AC Level 1,Ultra-Fast Charging,No,0.20629333333333336,0.1,90,1.5736666666666665,61.88866666666667,350.0,0.7142857142857143,0,0
EVS01009,6,2100,8,7,AC Level 2,Ultra-Fast Charging,Yes,0.16503424657534246,0.1095890410958904,146,2.280342465753425,59.413561643835614,350.0,0.75,0,0
EVS01010,4,1400,7,12,AC Level 2,Ultra-Fast Charging,No,0.2536548387096774,0.13978494623655913,93,2.1986021505376345,60.87709677419355,350.0,0.5714285714285714,0,0
EVS01011,2,300,2,9,AC Level 2,Fast Charging,No,0.48859074074074077,0.1111111111111111,54,3.10037037037037,58.63,150.0,1.0,0,0
EVS01012,3,66,4,4,AC Level 1,Destination/AC,Yes,0.33205625,0.21875,160,4.2146875,59.77025,22.0,0.75,0,0
EVS01013,3,66,4,13,DC Fast Charger,Destination/AC,Yes,0.3297608695652174,0.0,46,1.7791304347826087,59.35630434782608,22.0,0.75,0,0
EVS01014,2,100,2,8,DC Fast Charger,Fast Charging,Yes,0.46023281250000003,0.15625,64,3.75875,55.2278125,50.0,1.0,0,0
EVS01015,6,132,7,7,AC Level 2,Destination/AC,Yes,0.16844752475247526,0.0594059405940594,101,1.7356435643564359,60.63930693069307,22.0,0.8571428571428571,0,0
EVS01016,2,44,3,14,AC Level 1,Destination/AC,Yes,0.5092773722627737,0.3795620437956204,137,6.277591240875912,61.12452554744525,22.0,0.6666666666666666,0,1
EVS01017,6,300,9,13,AC Level 1,Fast Charging,Yes,0.17426511627906976,0.05813953488372093,86,1.3681395348837209,62.7353488372093,50.0,0.6666666666666666,0,0
EVS01018,2,300,3,14,AC Level 1,Fast Charging,No,0.48408190476190477,0.3142857142857143,106,6.1654285714285715,57.87169811320754,150.0,0.6666666666666666,0,1
EVS01019,3,150,5,5,AC Level 1,Fast Charging,No,0.3073727272727273,0.09090909090909091,22,0.47954545454545455,55.32681818181818,50.0,0.6,0,0
EVS01020,1,50,1,14,DC Fast Charger,Fast Charging,Yes,0.8345903225806451,0.6451612903225806,31,2.7519354838709678,58.19161290322581,50.0,1.0,1,1
EVS01021,7,350,10,13,DC Fast Charger,Fast Charging,No,0.11455833333333333,0.08333333333333333,24,0.42083333333333334,48.11083333333334,50.0,0.7,0,0
EVS01022,7,154,9,11,DC Fast Charger,Destination/AC,Yes,0.15752285714285716,0.02857142857142857,35,0.5885714285714286,66.16171428571428,22.0,0.7777777777777778,0,0
EVS01023,4,600,8,12,AC Level 2,Fast Charging,Yes,0.2541292682926829,0.2073170731707317,164,3.5544512195121953,60.9909756097561,150.0,0.5,0,0
EVS01024,4,1400,7,15,AC Level 2,Ultra-Fast Charging,Yes,0.25977897727272725,0.19886363636363635,177,3.820653409090909,61.99446327683616,350.0,0.5714285714285714,0,0
EVS01025,5,250,7,10,DC Fast Charger,Fast Charging,Yes,0.1685755395683453,0.09352517985611511,139,2.909208633093525,50.57474820143885,50.0,0.7142857142857143,0,0
EVS01026,3,1050,5,13,AC Level 1,Ultra-Fast Charging,No,0.3375684210526316,0.05263157894736842,19,0.7805263157894737,60.763684210526314,350.0,0.6,0,0
EVS01027,2,700,4,12,AC Level 2,Ultra-Fast Charging,No,0.5307878787878787,0.0,33,1.5775757575757576,63.69424242424242,350.0,0.5,1,0
EVS01028,5,750,9,16,AC Level 1,Fast Charging,No,0.21323970588235294,0.014705882352941176,69,1.284485294117647,63.04507246376811,150.0,0.5555555555555556,0,0
EVS01029,4,600,5,12,AC Level 1,Fast Charging,No,0.26105378151260505,0.14285714285714285,120,2.7760084033613444,62.131,150.0,0.8,0,0
EVS01030,5,250,7,5,AC Level 2,Fast Charging,Yes,0.19353157894736842,0.039473684210526314,76,1.3736842105263158,58.060394736842106,50.0,0.7142857142857143,0,0
EVS01031,1,50,3,16,DC Fast Charger,Fast Charging,Yes,0.8147887640449438,0.7415730337078652,91,7.421460674157303,54.27978021978022,50.0,0.3333333333333333,1,1
EVS01032,2,100,5,12,DC Fast Charger,Fast Charging,No,0.4439107142857143,0.08928571428571429,56,2.082678571428571,53.269285714285715,50.0,0.4,0,0
EVS01033,5,750,8,11,DC Fast Charger,Fast Charging,Yes,0.16750425531914892,0.09929078014184398,142,2.5886170212765958,49.898450704225354,150.0,0.625,0,0
EVS01034,4,200,7,15,AC Level 1,Fast Charging,No,0.25564835164835165,0.08791208791208792,91,1.426923076923077,61.356153846153845,50.0,0.5714285714285714,0,0
EVS01035,6,300,8,15,DC Fast Charger,Fast Charging,No,0.1474304347826087,0.043478260869565216,23,0.783913043478261,53.07521739130435,50.0,0.75,0,0
EVS01036,3,1050,4,7,DC Fast Charger,Ultra-Fast Charging,Yes,0.2796135135135135,0.22972972972972974,148,3.984527027027027,50.32993243243243,350.0,0.75,0,0
EVS01037,3,66,6,9,AC Level 1,Destination/AC,No,0.3511422077922078,0.2597402597402597,155,4.536688311688311,62.798258064516126,22.0,0.5,0,0
EVS01038,3,150,4,9,AC Level 1,Fast Charging,Yes,0.30448823529411767,0.058823529411764705,17,0.5635294117647058,54.81,50.0,0.75,0,0
EVS01039,5,250,9,5,DC Fast Charger,Fast Charging,Yes,0.18724545454545452,0.056818181818181816,89,2.0872727272727274,55.54258426966292,50.0,0.5555555555555556,0,0
EVS01040,1,50,2,11,DC Fast Charger,Fast Charging,Yes,0.7902869565217391,0.7080745341614907,162,8.850900621118011,51.761296296296294,50.0,0.5,1,1
EVS01041,6,300,7,15,AC Level 2,Fast Charging,Yes,0.16483006535947714,0.12418300653594772,153,1.9601960784313728,59.33960784313725,50.0,0.8571428571428571,0,0
EVS01042,4,200,6,13,DC Fast Charger,Fast Charging,No,0.2136820359281437,0.19161676646706588,169,3.7256886227544914,50.67710059171598,50.0,0.6666666666666666,0,0
EVS01043,1,350,1,15,AC Level 1,Ultra-Fast Charging,Yes,0.8886649999999999,0.775,80,7.837000000000001,59.1595,350.0,1.0,1,1
EVS01044,5,250,9,11,AC Level 2,Fast Charging,No,0.18580886075949368,0.06329113924050633,79,1.3827848101265823,55.74253164556962,50.0,0.5555555555555556,0,0
EVS01045,3,66,6,4,AC Level 2,Destination/AC,No,0.3453380952380952,0.16666666666666666,127,3.744206349206349,61.6715748031496,22.0,0.5,0,0
EVS01046,6,2100,9,15,AC Level 2,Ultra-Fast Charging,Yes,0.1754690476190476,0.0,42,0.5738095238095239,63.167380952380945,350.0,0.6666666666666666,0,0
EVS01047,6,2100,9,14,AC Level 1,Ultra-Fast Charging,Yes,0.17292931034482759,0.05172413793103448,58,0.9575862068965517,62.254482758620696,350.0,0.6666666666666666,0,0
EVS01048,3,66,3,9,DC Fast Charger,Destination/AC,No,0.35419999999999996,0.17346938775510204,98,3.8874489795918366,63.75632653061224,22.0,1.0,0,0
EVS01049,2,100,4,12,AC Level 1,Fast Charging,Yes,0.5243300813008129,0.34146341463414637,124,5.598943089430894,62.52524193548387,50.0,0.5,1,1
EVS01050,3,450,4,9,AC Level 1,Fast Charging,No,0.34105405405405403,0.10810810810810811,37,1.158918918918919,61.391351351351354,150.0,0.75,0,0
EVS01051,6,300,7,12,AC Level 1,Fast Charging,Yes,0.17333301886792454,0.08490566037735849,107,1.836556603773585,61.816074766355136,50.0,0.8571428571428571,0,0
EVS01052,3,66,4,5,DC Fast Charger,Destination/AC,Yes,0.3513695652173913,0.06521739130434782,93,2.2495652173913046,62.56655913978495,22.0,0.75,0,0
EVS01053,4,1400,6,5,AC Level 2,Ultra-Fast Charging,No,0.25758349514563106,0.0970873786407767,103,2.6364077669902914,61.82,350.0,0.6666666666666666,0,0
EVS01054,4,1400,6,6,DC Fast Charger,Ultra-Fast Charging,Yes,0.2193238805970149,0.1691542288557214,203,3.686094527363184,52.11940886699507,350.0,0.6666666666666666,0,0
EVS01055,2,44,3,9,DC Fast Charger,Destination/AC,Yes,0.48832000000000003,0.04,25,1.8703999999999998,58.5976,22.0,0.6666666666666666,0,0
EVS01056,7,154,9,6,AC Level 1,Destination/AC,No,0.14937688442211056,0.11055276381909548,200,2.1346984924623116,62.424099999999996,22.0,0.7777777777777778,0,0
EVS01057,3,450,5,3,AC Level 1,Fast Charging,Yes,0.3329643835616438,0.0821917808219178,73,2.393835616438356,59.933287671232875,150.0,0.6,0,0
EVS01058,6,2100,7,11,AC Level 1,Ultra-Fast Charging,No,0.1671888111888112,0.07692307692307693,143,2.153916083916084,60.18832167832168,350.0,0.8571428571428571,0,0
EVS01059,7,350,10,11,DC Fast Charger,Fast Charging,Yes,0.1295822222222222,0.07777777777777778,91,1.0237222222222222,53.82637362637362,50.0,0.7,0,0
EVS01060,1,150,1,8,AC Level 2,Fast Charging,No,0.9004485294117647,0.8088235294117647,68,5.8426470588235295,64.18279411764706,150.0,1.0,1,1
EVS01061,5,250,7,5,AC Level 2,Fast Charging,Yes,0.21423507462686567,0.15671641791044777,134,2.5104477611940297,64.2694776119403,50.0,0.7142857142857143,0,0
EVS01062,5,250,8,15,AC Level 1,Fast Charging,Yes,0.21248832116788322,0.06569343065693431,138,2.465,63.28485507246376,50.0,0.625,0,0
EVS01063,6,900,7,11,AC Level 1,Fast Charging,Yes,0.1680967741935484,0.06451612903225806,31,0.7774193548387097,60.513548387096776,150.0,0.8571428571428571,0,0
EVS01064,2,300,3,6,AC Level 1,Fast Charging,Yes,0.5345114503816794,0.3435114503816794,131,7.437709923664122,64.14083969465649,150.0,0.6666666666666666,1,1
EVS01065,4,88,5,8,AC Level 2,Destination/AC,Yes,0.2585671641791045,0.13432835820895522,135,2.7607089552238806,61.59644444444445,22.0,0.8,0,0
EVS01066,5,1750,6,8,AC Level 1,Ultra-Fast Charging,Yes,0.20931923076923076,0.0641025641025641,78,1.4938461538461538,62.79615384615385,350.0,0.8333333333333334,0,0
EVS01067,5,110,6,15,AC Level 2,Destination/AC,Yes,0.20142444444444443,0.16666666666666666,180,3.010777777777778,60.427277777777775,22.0,0.8333333333333334,0,0
EVS01068,2,700,3,16,AC Level 1,Ultra-Fast Charging,No,0.5094422018348624,0.3302752293577982,109,5.803761467889909,61.13311926605505,350.0,0.6666666666666666,0,1
EVS01069,2,44,2,8,DC Fast Charger,Destination/AC,Yes,0.5182626865671641,0.23880597014925373,67,3.48044776119403,62.192089552238805,22.0,1.0,1,0
EVS01070,6,132,10,6,DC Fast Charger,Destination/AC,Yes,0.180325,0.05,20,0.44299999999999995,64.91749999999999,22.0,0.6,0,0
EVS01071,5,110,6,11,AC Level 2,Destination/AC,Yes,0.2016558333333333,0.11666666666666667,120,2.453333333333333,60.497499999999995,22.0,0.8333333333333334,0,0
EVS01072,2,700,4,3,AC Level 1,Ultra-Fast Charging,Yes,0.5186553191489361,0.1702127659574468,47,2.8738297872340426,62.251489361702134,350.0,0.5,1,0
EVS01073,3,450,6,6,AC Level 1,Fast Charging,Yes,0.3320022058823529,0.27941176470588236,136,4.433382352941177,59.76029411764706,150.0,0.5,0,0
EVS01074,3,450,4,11,AC Level 2,Fast Charging,No,0.34031827956989247,0.11827956989247312,93,3.4635483870967745,61.25677419354839,150.0,0.75,0,0
EVS01075,5,110,9,7,AC Level 2,Destination/AC,No,0.19671720430107525,0.10752688172043011,94,1.8868279569892472,58.386489361702125,22.0,0.5555555555555556,0,0
EVS01076,2,700,4,16,DC Fast Charger,Ultra-Fast Charging,Yes,0.4260076923076923,0.07692307692307693,39,2.1415384615384614,51.12102564102564,350.0,0.5,0,0
EVS01077,8,1200,10,9,AC Level 2,Fast Charging,No,0.1287448275862069,0.06206896551724138,146,1.397137931034483,61.37602739726027,150.0,0.8,0,0
EVS01078,1,50,2,10,AC Level 1,Fast Charging,Yes,0.9106071428571428,0.8035714285714286,56,4.016071428571428,64.3144642857143,50.0,0.5,1,1
EVS01079,6,2100,8,5,DC Fast Charger,Ultra-Fast Charging,Yes,0.1536977777777778,0.08888888888888889,90,1.6152222222222223,55.33111111111111,350.0,0.75,0,0
EVS01080,4,1400,9,3,AC Level 1,Ultra-Fast Charging,Yes,0.25233984375,0.1328125,128,3.424140625,60.56078125,350.0,0.4444444444444444,0,0
EVS01081,1,150,1,9,DC Fast Charger,Fast Charging,Yes,0.8135497206703911,0.7318435754189944,179,8.593296089385476,53.61614525139665,150.0,1.0,1,1
EVS01082,8,176,10,14,AC Level 1,Destination/AC,No,0.1252611111111111,0.06944444444444445,217,2.2511574074074074,59.84815668202765,22.0,0.8,0,0
EVS01083,2,100,3,16,AC Level 1,Fast Charging,No,0.5219076433121019,0.35668789808917195,158,6.7794904458598735,62.718227848101264,50.0,0.6666666666666666,1,1
EVS01084,4,600,5,4,DC Fast Charger,Fast Charging,No,0.22652254901960783,0.10784313725490197,102,2.38156862745098,54.36588235294117,150.0,0.8,0,0
EVS01085,2,700,3,12,AC Level 1,Ultra-Fast Charging,Yes,0.5194877551020408,0.12244897959183673,49,2.5646938775510204,62.33959183673469,350.0,0.6666666666666666,1,0
EVS01086,2,44,2,4,AC Level 2,Destination/AC,No,0.5203274285714286,0.37142857142857144,177,7.141257142857143,61.747570621468924,22.0,1.0,1,1
EVS01087,5,250,8,4,AC Level 2,Fast Charging,Yes,0.20440872483221478,0.11409395973154363,150,2.8323489932885906,60.9144,50.0,0.625,0,0
EVS01088,3,450,5,6,DC Fast Charger,Fast Charging,No,0.28606381909547735,0.23115577889447236,200,4.863040201005025,51.233599999999996,150.0,0.6,0,0
EVS01089,7,154,9,10,AC Level 1,Destination/AC,No,0.14941416666666668,0.05,120,1.8060833333333333,62.754416666666664,22.0,0.7777777777777778,0,0
EVS01090,3,450,5,13,AC Level 2,Fast Charging,No,0.334653488372093,0.06976744186046512,43,1.6474418604651164,60.23813953488373,150.0,0.6,0,0
EVS01091,1,150,1,4,AC Level 2,Fast Charging,No,0.8810081818181817,0.8,110,7.172272727272728,60.39418181818181,150.0,1.0,1,1
EVS01092,5,110,9,4,AC Level 1,Destination/AC,Yes,0.20183789473684213,0.10526315789473684,95,1.7805263157894737,60.55147368421053,22.0,0.5555555555555556,0,0
EVS01093,6,300,8,16,AC Level 2,Fast Charging,No,0.16909662162162162,0.10135135135135136,148,2.550067567567568,60.87567567567568,50.0,0.75,0,0
EVS01094,4,88,8,13,AC Level 1,Destination/AC,No,0.24572375000000002,0.075,80,1.8920000000000001,58.973749999999995,22.0,0.5,0,0
EVS01095,1,22,3,15,AC Level 1,Destination/AC,No,0.8874387096774193,0.8064516129032258,62,7.087903225806452,61.86838709677419,22.0,0.3333333333333333,1,1
EVS01096,6,132,7,9,AC Level 1,Destination/AC,No,0.1733027027027027,0.05405405405405406,37,0.5913513513513513,62.38972972972973,22.0,0.8571428571428571,0,0
EVS01097,6,300,8,13,AC Level 1,Fast Charging,No,0.16772176470588235,0.09411764705882353,171,2.4798529411764707,60.0266081871345,50.0,0.75,0,0
EVS01098,8,176,10,13,AC Level 2,Destination/AC,Yes,0.12607329192546582,0.043478260869565216,161,1.6909316770186336,60.51534161490683,22.0,0.8,0,0
EVS01099,2,100,2,5,AC Level 2,Fast Charging,No,0.5196444444444445,0.07407407407407407,27,0.7907407407407407,62.35666666666667,50.0,1.0,1,0
EVS01100,2,44,3,13,DC Fast Charger,Destination/AC,No,0.5285693181818182,0.23863636363636365,88,4.363636363636363,63.42806818181818,22.0,0.6666666666666666,1,0
EVS01101,6,132,10,7,AC Level 2,Destination/AC,No,0.17176666666666665,0.049019607843137254,102,1.5439215686274508,61.837450980392155,22.0,0.6,0,0
EVS01102,4,1400,7,8,DC Fast Charger,Ultra-Fast Charging,Yes,0.22227247706422018,0.12844036697247707,109,2.293577981651376,53.346422018348626,350.0,0.5714285714285714,0,0
EVS01103,2,700,3,5,DC Fast Charger,Ultra-Fast Charging,No,0.42654345238095237,0.4583333333333333,169,7.892440476190477,50.92437869822485,350.0,0.6666666666666666,0,1
EVS01104,1,50,2,16,AC Level 2,Fast Charging,Yes,0.8705428571428571,0.7551020408163265,49,3.625306122448979,57.442857142857136,50.0,0.5,1,1
EVS01105,2,44,2,15,DC Fast Charger,Destination/AC,Yes,0.4937765432098765,0.1728395061728395,81,3.1807407407407404,59.25308641975309,22.0,1.0,0,0
EVS01106,4,600,8,3,AC Level 2,Fast Charging,Yes,0.2658521739130435,0.021739130434782608,46,1.2932608695652175,63.805217391304346,150.0,0.5,0,0
EVS01107,2,700,4,12,AC Level 1,Ultra-Fast Charging,Yes,0.5219933333333333,0.11666666666666667,60,2.317833333333333,62.639,350.0,0.5,1,0
EVS01108,5,250,10,9,DC Fast Charger,Fast Charging,No,0.17362,0.1657142857142857,175,3.8996571428571434,52.08622857142857,50.0,0.5,0,0
EVS01109,1,350,1,6,DC Fast Charger,Ultra-Fast Charging,Yes,0.801059217877095,0.7318435754189944,180,9.507178770949722,51.84466666666667,350.0,1.0,1,1
EVS01110,4,600,8,11,AC Level 2,Fast Charging,Yes,0.24581499999999998,0.1,20,0.5315000000000001,58.99300000000001,150.0,0.5,0,0
EVS01111,1,350,2,6,DC Fast Charger,Ultra-Fast Charging,No,0.7804568000000001,0.712,126,8.189599999999999,51.23277777777778,350.0,0.5,1,1
EVS01112,1,350,2,16,AC Level 1,Ultra-Fast Charging,No,0.8908170212765958,0.7872340425531915,47,5.467234042553191,59.97489361702128,350.0,0.5,1,1
EVS01113,4,1400,6,4,AC Level 2,Ultra-Fast Charging,Yes,0.254522,0.06,50,1.2742,61.085,350.0,0.6666666666666666,0,0
EVS01114,3,66,4,13,AC Level 2,Destination/AC,Yes,0.3348513888888889,0.09722222222222222,72,2.079861111111111,60.27333333333334,22.0,0.75,0,0
EVS01115,6,300,8,3,AC Level 2,Fast Charging,No,0.16879111111111111,0.044444444444444446,45,0.7328888888888888,60.76511111111111,50.0,0.75,0,0
EVS01116,4,600,6,14,DC Fast Charger,Fast Charging,Yes,0.21979636363636362,0.08181818181818182,110,2.070090909090909,52.75145454545454,150.0,0.6666666666666666,0,0
EVS01117,5,110,9,16,DC Fast Charger,Destination/AC,No,0.20282636815920396,0.15422885572139303,201,3.18452736318408,60.84845771144279,22.0,0.5555555555555556,0,0
EVS01118,3,66,5,16,AC Level 2,Destination/AC,Yes,0.35408790322580647,0.16129032258064516,124,3.4318548387096777,63.73572580645162,22.0,0.6,0,0
EVS01119,3,1050,5,8,DC Fast Charger,Ultra-Fast Charging,Yes,0.2922485714285714,0.2785714285714286,140,4.979857142857142,52.60507142857143,350.0,0.6,0,0
EVS01120,5,750,6,9,AC Level 2,Fast Charging,No,0.20697058823529413,0.08823529411764706,103,1.9405882352941177,61.48805825242718,150.0,0.8333333333333334,0,0
EVS01121,7,2450,10,10,DC Fast Charger,Ultra-Fast Charging,Yes,0.13090555555555555,0.05555555555555555,18,0.43777777777777777,54.98111111111111,350.0,0.7,0,0
EVS01122,1,50,1,10,AC Level 2,Fast Charging,No,0.8552903225806452,0.5806451612903226,31,2.0983870967741933,56.857419354838704,50.0,1.0,1,1
EVS01123,1,50,2,12,DC Fast Charger,Fast Charging,No,0.8208612903225806,0.7741935483870968,62,5.970483870967742,53.74032258064516,50.0,0.5,1,1
EVS01124,4,600,5,10,AC Level 1,Fast Charging,No,0.24815185185185185,0.09259259259259259,54,1.4544444444444447,59.557037037037034,150.0,0.8,0,0
EVS01125,4,200,5,14,AC Level 2,Fast Charging,Yes,0.24451481481481482,0.2074074074074074,135,3.622444444444444,58.68377777777778,50.0,0.8,0,0
EVS01126,3,1050,5,12,AC Level 1,Ultra-Fast Charging,Yes,0.3283342541436464,0.22099447513812154,181,4.539723756906078,59.100497237569066,350.0,0.6,0,0
EVS01127,8,1200,10,10,AC Level 2,Fast Charging,Yes,0.12722080536912753,0.0738255033557047,150,1.6626845637583894,60.65826666666666,150.0,0.8,0,0
EVS01128,4,88,5,4,DC Fast Charger,Destination/AC,No,0.2512324074074074,0.12962962962962962,108,2.801111111111111,60.2962037037037,22.0,0.8,0,0
EVS01129,2,700,3,11,DC Fast Charger,Ultra-Fast Charging,Yes,0.41617809523809524,0.18095238095238095,105,4.7291428571428575,49.94152380952381,350.0,0.6666666666666666,0,0
EVS01130,5,1750,9,14,DC Fast Charger,Ultra-Fast Charging,No,0.1701344262295082,0.09836065573770492,122,2.387295081967213,51.04,350.0,0.5555555555555556,0,0
EVS01131,4,1400,8,13,AC Level 2,Ultra-Fast Charging,No,0.2647349397590361,0.1566265060240964,84,2.0419277108433733,62.77773809523809,350.0,0.5,0,0
EVS01132,1,22,1,7,AC Level 2,Destination/AC,Yes,0.8927309734513275,0.831858407079646,113,8.188761061946902,63.18530973451328,22.0,1.0,1,1
EVS01133,1,150,2,9,AC Level 1,Fast Charging,No,0.8990993243243243,0.8378378378378378,149,8.171216216216216,62.50147651006711,150.0,0.5,1,1
EVS01134,1,50,1,10,AC Level 1,Fast Charging,No,0.9026418439716312,0.8439716312056738,141,7.8023404255319155,63.59765957446809,50.0,1.0,1,1
EVS01135,1,22,2,4,AC Level 1,Destination/AC,No,0.9341944444444444,0.873015873015873,126,7.7746031746031745,66.47,22.0,0.5,1,1
EVS01136,4,1400,9,7,DC Fast Charger,Ultra-Fast Charging,No,0.22056470588235294,0.11764705882352941,17,0.4864705882352941,52.93529411764706,350.0,0.4444444444444444,0,0
EVS01137,8,1200,10,10,AC Level 1,Fast Charging,No,0.12652532467532468,0.07792207792207792,154,1.817012987012987,60.7337012987013,150.0,0.8,0,0
EVS01138,1,350,1,11,DC Fast Charger,Ultra-Fast Charging,No,0.8217244444444445,0.7555555555555555,90,7.7620000000000005,55.35066666666667,350.0,1.0,1,1
EVS01139,3,450,4,3,AC Level 2,Fast Charging,No,0.3463097744360902,0.16541353383458646,134,3.8766165413533837,61.87,150.0,0.75,0,0
EVS01140,2,300,3,4,DC Fast Charger,Fast Charging,No,0.4455694444444444,0.24074074074074073,109,5.172824074074073,52.97844036697247,150.0,0.6666666666666666,0,0
EVS01141,3,450,5,8,DC Fast Charger,Fast Charging,Yes,0.2918624113475177,0.24822695035460993,141,4.786382978723404,52.534893617021275,150.0,0.6,0,0
EVS01142,3,66,7,9,AC Level 2,Destination/AC,Yes,0.3587885245901639,0.13114754098360656,61,2.4881967213114753,64.58196721311475,22.0,0.42857142857142855,0,0
EVS01143,7,350,9,13,DC Fast Charger,Fast Charging,Yes,0.12335287356321839,0.06896551724137931,175,2.1670689655172413,51.51034285714285,50.0,0.7777777777777778,0,0
EVS01144,5,250,10,12,DC Fast Charger,Fast Charging,No,0.17086101694915254,0.11299435028248588,177,2.8248022598870057,51.258418079096046,50.0,0.5,0,0
EVS01145,4,1400,9,4,AC Level 2,Ultra-Fast Charging,Yes,0.24597543859649124,0.10526315789473684,57,1.7503508771929823,59.034912280701754,350.0,0.4444444444444444,0,0
EVS01146,7,2450,9,15,DC Fast Charger,Ultra-Fast Charging,Yes,0.12249021739130435,0.06521739130434782,92,1.360108695652174,51.44423913043478,350.0,0.7777777777777778,0,0
EVS01147,5,1750,9,7,DC Fast Charger,Ultra-Fast Charging,No,0.18207758620689654,0.12931034482758622,117,1.985344827586207,54.15675213675214,350.0,0.5555555555555556,0,0
EVS01148,1,50,2,13,AC Level 1,Fast Charging,Yes,0.9037789473684211,0.8646616541353384,133,8.786240601503758,62.61939849624059,50.0,0.5,1,1
EVS01149,1,50,2,13,AC Level 2,Fast Charging,No,0.8512295454545455,0.8181818181818182,132,8.155757575757576,58.388106060606056,50.0,0.5,1,1
EVS01150,2,44,2,16,DC Fast Charger,Destination/AC,Yes,0.5073274509803921,0.39215686274509803,153,6.704575163398692,60.95163398692811,22.0,1.0,0,1
EVS01151,2,300,3,12,AC Level 2,Fast Charging,Yes,0.5102644736842105,0.19736842105263158,76,3.729868421052631,61.519868421052635,150.0,0.6666666666666666,0,0
EVS01152,3,66,6,11,DC Fast Charger,Destination/AC,No,0.3429032258064516,0.16129032258064516,93,3.4620430107526885,61.72193548387097,22.0,0.5,0,0
EVS01153,6,132,10,8,AC Level 1,Destination/AC,No,0.1714758620689655,0.034482758620689655,87,1.401609195402299,61.73264367816092,22.0,0.6,0,0
EVS01154,5,110,10,7,DC Fast Charger,Destination/AC,No,0.20370636942675158,0.11464968152866242,158,2.9694585987261144,60.72512658227848,22.0,0.5,0,0
EVS01155,5,110,9,6,AC Level 1,Destination/AC,Yes,0.20399344262295083,0.06557377049180328,61,1.1075409836065575,61.197049180327866,22.0,0.5555555555555556,0,0
EVS01156,2,700,4,9,AC Level 1,Ultra-Fast Charging,No,0.5378060606060605,0.29545454545454547,132,5.102727272727273,64.57681818181818,350.0,0.5,1,1
EVS01157,4,600,7,15,AC Level 2,Fast Charging,No,0.25193571428571426,0.07142857142857142,28,0.7882142857142858,60.465357142857144,150.0,0.5714285714285714,0,0
EVS01158,3,450,5,13,AC Level 1,Fast Charging,Yes,0.3347206106870229,0.2748091603053435,132,5.600763358778626,59.79401515151515,150.0,0.6,0,0
EVS01159,5,110,6,11,AC Level 1,Destination/AC,No,0.20963636363636362,0.05194805194805195,79,1.4272077922077921,61.297721518987345,22.0,0.8333333333333334,0,0
EVS01160,2,700,5,10,AC Level 1,Ultra-Fast Charging,No,0.5405375,0.17857142857142858,56,3.3960714285714286,64.86464285714285,350.0,0.4,1,0
EVS01161,2,700,3,7,DC Fast Charger,Ultra-Fast Charging,No,0.42917521367521366,0.2222222222222222,117,5.124444444444444,51.5008547008547,350.0,0.6666666666666666,0,0
EVS01162,2,100,3,10,AC Level 1,Fast Charging,Yes,0.5460833333333334,0.21428571428571427,85,4.0096428571428575,65.36564705882353,50.0,0.6666666666666666,1,0
EVS01163,1,50,1,15,AC Level 1,Fast Charging,Yes,0.8663940828402368,0.7988165680473372,170,8.130650887573964,59.827882352941174,50.0,1.0,1,1
EVS01164,7,350,10,7,AC Level 2,Fast Charging,No,0.14115794392523365,0.102803738317757,108,1.4391121495327104,58.73925925925926,50.0,0.7,0,0
EVS01165,5,250,9,13,AC Level 1,Fast Charging,No,0.20776702127659574,0.07446808510638298,94,1.9956382978723404,62.332021276595746,50.0,0.5555555555555556,0,0
EVS01166,1,50,1,11,AC Level 2,Fast Charging,No,0.8805411764705883,0.7352941176470589,34,2.074705882352941,60.14735294117647,50.0,1.0,1,1
EVS01167,5,750,9,11,DC Fast Charger,Fast Charging,Yes,0.18233809523809524,0.09523809523809523,21,0.4185714285714286,54.70142857142857,150.0,0.5555555555555556,0,0
EVS01168,1,350,2,4,AC Level 2,Ultra-Fast Charging,No,0.8920650602409638,0.8433734939759037,83,6.806385542168674,61.814096385542165,350.0,0.5,1,1
EVS01169,4,200,7,3,AC Level 2,Fast Charging,Yes,0.26198095238095237,0.2328042328042328,189,4.4994179894179895,62.874920634920635,50.0,0.5714285714285714,0,0
EVS01170,7,154,10,14,DC Fast Charger,Destination/AC,No,0.14418323699421964,0.10982658959537572,175,2.2879479768786126,59.86451428571429,22.0,0.7,0,0
EVS01171,4,600,6,15,AC Level 2,Fast Charging,No,0.2577175572519084,0.09923664122137404,131,2.578549618320611,61.85175572519084,150.0,0.6666666666666666,0,0
EVS01172,6,300,9,3,DC Fast Charger,Fast Charging,Yes,0.14398999999999998,0.03076923076923077,131,2.0174230769230768,51.44068702290077,50.0,0.6666666666666666,0,0
EVS01173,5,250,8,16,AC Level 1,Fast Charging,No,0.19676483516483517,0.04395604395604396,91,1.806043956043956,59.02857142857143,50.0,0.625,0,0
EVS01174,1,50,2,8,AC Level 2,Fast Charging,Yes,0.903313888888889,0.7777777777777778,36,4.067777777777778,66.32194444444445,50.0,0.5,1,1
EVS01175,2,300,3,3,AC Level 1,Fast Charging,No,0.5827666666666667,0.05555555555555555,18,0.7161111111111111,69.93222222222222,150.0,0.6666666666666666,1,0
EVS01176,7,350,9,6,AC Level 1,Fast Charging,No,0.1445891891891892,0.08108108108108109,74,0.9975675675675675,60.72675675675676,50.0,0.7777777777777778,0,0
EVS01177,2,300,4,3,AC Level 1,Fast Charging,No,0.49846724137931037,0.10344827586206896,58,3.281034482758621,59.816206896551726,150.0,0.5,0,0
EVS01178,7,154,10,13,AC Level 1,Destination/AC,No,0.15572972972972973,0.05405405405405406,37,0.8540540540540541,65.40405405405404,22.0,0.7,0,0
EVS01179,2,300,4,12,AC Level 2,Fast Charging,No,0.5184716666666667,0.11666666666666667,60,2.4143333333333334,62.21583333333333,150.0,0.5,1,0
EVS01180,1,50,2,7,DC Fast Charger,Fast Charging,Yes,0.8715125,0.75,24,2.5816666666666666,56.413333333333334,50.0,0.5,1,1
EVS01181,2,44,3,3,DC Fast Charger,Destination/AC,Yes,0.514732,0.336,125,6.09696,61.92384,22.0,0.6666666666666666,1,1
EVS01182,3,150,6,8,AC Level 2,Fast Charging,Yes,0.3423158823529412,0.2647058823529412,170,5.279,61.61647058823529,50.0,0.5,0,0
EVS01183,6,900,9,6,AC Level 2,Fast Charging,No,0.16436241134751772,0.09929078014184398,141,2.0708510638297875,59.17248226950355,150.0,0.6666666666666666,0,0
EVS01184,4,88,6,3,AC Level 1,Destination/AC,Yes,0.23788555555555557,0.05555555555555555,90,1.8472222222222223,57.093444444444444,22.0,0.6666666666666666,0,0
EVS01185,1,50,2,3,AC Level 2,Fast Charging,No,0.8655578947368421,0.7684210526315789,95,7.575473684210526,58.37652631578948,50.0,0.5,1,1
EVS01186,1,50,3,4,AC Level 2,Fast Charging,Yes,0.90459,0.8,60,6.054,63.147333333333336,50.0,0.3333333333333333,1,1
EVS01187,1,22,2,13,DC Fast Charger,Destination/AC,Yes,0.9028409090909091,0.7954545454545454,44,3.9311363636363637,62.08113636363637,22.0,0.5,1,1
EVS01188,6,132,7,7,AC Level 1,Destination/AC,No,0.17191851851851853,0.06481481481481481,108,1.6927777777777777,61.89018518518519,22.0,0.8571428571428571,0,0
EVS01189,3,450,4,12,DC Fast Charger,Fast Charging,Yes,0.30807936507936506,0.1746031746031746,126,3.5064285714285712,55.453968253968256,150.0,0.75,0,0
EVS01190,1,50,2,9,AC Level 2,Fast Charging,Yes,0.9522875,0.8125,16,1.5775000000000001,68.3775,50.0,0.5,1,1
EVS01191,2,44,4,3,DC Fast Charger,Destination/AC,No,0.532530985915493,0.14084507042253522,71,3.476619718309859,63.99239436619718,22.0,0.5,1,0
EVS01192,1,22,1,14,AC Level 1,Destination/AC,Yes,0.8733706896551724,0.7586206896551724,58,4.797758620689655,60.875689655172415,22.0,1.0,1,1
EVS01193,2,700,5,4,AC Level 2,Ultra-Fast Charging,No,0.5340428571428572,0.14285714285714285,49,1.9842857142857144,64.08551020408163,350.0,0.4,1,0
EVS01194,5,110,7,6,DC Fast Charger,Destination/AC,Yes,0.20788543046357616,0.15894039735099338,151,2.4788079470198676,62.36655629139073,22.0,0.7142857142857143,0,0
EVS01195,8,176,10,14,DC Fast Charger,Destination/AC,No,0.12538645833333334,0.11458333333333333,96,1.3895833333333334,60.18520833333333,22.0,0.8,0,0
EVS01196,6,132,9,6,AC Level 1,Destination/AC,No,0.1675635135135135,0.06756756756756757,148,1.769189189189189,60.324594594594586,22.0,0.6666666666666666,0,0
EVS01197,4,600,7,15,DC Fast Charger,Fast Charging,No,0.22279856115107916,0.15827338129496402,141,3.524820143884892,52.71312056737589,150.0,0.5714285714285714,0,0
EVS01198,1,150,3,12,DC Fast Charger,Fast Charging,Yes,0.7918198830409356,0.7953216374269005,172,8.889707602339183,52.571220930232556,150.0,0.3333333333333333,1,1
EVS01199,5,110,10,15,AC Level 1,Destination/AC,Yes,0.21313,0.1125,161,2.87534375,63.54180124223602,22.0,0.5,0,0
EVS01200,6,300,10,16,AC Level 1,Fast Charging,Yes,0.17040359712230216,0.07913669064748201,140,1.6830575539568344,60.908500000000004,50.0,0.6,0,0
EVS01201,4,200,5,11,AC Level 2,Fast Charging,No,0.2534016759776536,0.21787709497206703,180,4.165614525139665,60.47833333333334,50.0,0.8,0,0
EVS01202,1,22,1,7,DC Fast Charger,Destination/AC,Yes,0.8844236363636363,0.8090909090909091,110,8.372545454545454,60.819909090909086,22.0,1.0,1,1
EVS01203,3,150,4,8,AC Level 2,Fast Charging,Yes,0.35348677248677246,0.2962962962962963,192,5.501534391534391,62.63369791666667,50.0,0.75,0,1
EVS01204,4,200,5,14,AC Level 2,Fast Charging,No,0.25867612903225806,0.14193548387096774,155,3.278322580645161,62.08322580645161,50.0,0.8,0,0
EVS01205,1,50,3,8,AC Level 1,Fast Charging,Yes,0.8623313559322033,0.864406779661017,118,7.31949152542373,58.57838983050848,50.0,0.3333333333333333,1,1
EVS01206,3,66,5,6,AC Level 2,Destination/AC,Yes,0.3538676470588235,0.27647058823529413,170,4.938470588235294,63.69547058823529,22.0,0.6,0,0
EVS01207,5,750,9,6,AC Level 2,Fast Charging,No,0.20175,0.10185185185185185,108,1.8834259259259258,60.52537037037037,150.0,0.5555555555555556,0,0
EVS01208,4,1400,6,9,DC Fast Charger,Ultra-Fast Charging,Yes,0.20610069444444445,0.11805555555555555,144,3.270486111111111,49.46458333333333,350.0,0.6666666666666666,0,0
EVS01209,6,132,9,14,AC Level 1,Destination/AC,No,0.17779,0.05714285714285714,70,0.9245714285714286,64.0037142857143,22.0,0.6666666666666666,0,0
EVS01210,7,2450,9,9,AC Level 2,Ultra-Fast Charging,No,0.14332078651685393,0.0898876404494382,179,2.5519382022471913,59.857709497206706,350.0,0.7777777777777778,0,0
EVS01211,1,50,1,16,AC Level 2,Fast Charging,Yes,0.9095611570247933,0.859504132231405,121,8.015371900826446,62.370826446280994,50.0,1.0,1,1
EVS01212,1,150,1,15,AC Level 1,Fast Charging,No,0.9128544217687076,0.8571428571428571,149,9.565204081632654,64.33879194630872,150.0,1.0,1,1
EVS01213,1,22,1,14,DC Fast Charger,Destination/AC,Yes,0.8902249999999999,0.8409090909090909,88,8.543977272727274,61.63829545454546,22.0,1.0,1,1
EVS01214,7,350,9,10,DC Fast Charger,Fast Charging,No,0.11971543209876542,0.05555555555555555,162,2.2360493827160495,50.28074074074074,50.0,0.7777777777777778,0,0
EVS01215,5,250,6,7,DC Fast Charger,Fast Charging,No,0.15525416666666667,0.08333333333333333,24,0.44083333333333335,46.57791666666666,50.0,0.8333333333333334,0,0
EVS01216,5,750,6,13,DC Fast Charger,Fast Charging,No,0.16543720930232558,0.06976744186046512,43,0.6490697674418605,49.633720930232556,150.0,0.8333333333333334,0,0
EVS01217,3,450,4,15,DC Fast Charger,Fast Charging,No,0.30784272727272727,0.10909090909090909,111,2.6818181818181817,54.91243243243243,150.0,0.75,0,0
EVS01218,7,2450,9,16,AC Level 1,Ultra-Fast Charging,No,0.14447163120567375,0.04964539007092199,142,1.515141843971631,60.25084507042254,350.0,0.7777777777777778,0,0
EVS01219,1,22,1,6,AC Level 1,Destination/AC,No,0.9017666666666666,0.8435374149659864,149,8.767074829931973,62.51845637583892,22.0,1.0,1,1
EVS01220,6,300,10,12,AC Level 1,Fast Charging,No,0.1687170731707317,0.10975609756097561,82,1.4151219512195123,60.738780487804874,50.0,0.6,0,0
EVS01221,5,250,7,3,AC Level 2,Fast Charging,No,0.2100251798561151,0.08633093525179857,140,2.37931654676259,62.55735714285715,50.0,0.7142857142857143,0,0
EVS01222,1,350,2,9,AC Level 2,Ultra-Fast Charging,Yes,0.8846713178294574,0.8217054263565892,129,7.042868217054263,62.23596899224806,350.0,0.5,1,1
EVS01223,5,750,6,12,DC Fast Charger,Fast Charging,No,0.16489289340101523,0.2131979695431472,197,3.3821319796954312,49.46786802030457,150.0,0.8333333333333334,0,0
EVS01224,6,2100,10,12,DC Fast Charger,Ultra-Fast Charging,No,0.13770650406504065,0.0975609756097561,124,1.8460975609756096,49.17346774193548,350.0,0.6,0,0
EVS01225,2,300,2,6,DC Fast Charger,Fast Charging,Yes,0.4431975903614458,0.1927710843373494,83,4.077831325301204,53.18325301204819,150.0,1.0,0,0
EVS01226,7,154,9,8,AC Level 2,Destination/AC,Yes,0.14489298245614035,0.09941520467836257,171,2.4563157894736842,60.854912280701754,22.0,0.7777777777777778,0,0
EVS01227,1,150,1,9,AC Level 2,Fast Charging,Yes,0.8930384615384614,0.7435897435897436,39,3.4379487179487183,62.52717948717949,150.0,1.0,1,1
EVS01228,2,100,3,15,DC Fast Charger,Fast Charging,Yes,0.4306901639344262,0.40437158469945356,183,7.082021857923497,51.68245901639344,50.0,0.6666666666666666,0,1
EVS01229,3,66,4,12,DC Fast Charger,Destination/AC,Yes,0.33880961538461535,0.057692307692307696,52,1.3942307692307692,60.98557692307692,22.0,0.75,0,0
EVS01230,1,350,1,5,DC Fast Charger,Ultra-Fast Charging,No,0.8314596774193548,0.7258064516129032,62,5.475806451612903,55.17774193548387,350.0,1.0,1,1
EVS01231,3,150,4,9,AC Level 2,Fast Charging,No,0.35177142857142857,0.18571428571428572,142,4.320714285714286,62.426760563380284,50.0,0.75,0,0
EVS01232,1,50,1,7,AC Level 1,Fast Charging,No,0.8829958904109588,0.8356164383561644,146,9.294109589041096,60.41102739726028,50.0,1.0,1,1
EVS01233,5,110,8,8,DC Fast Charger,Destination/AC,Yes,0.20618666666666668,0.1076923076923077,195,3.4262051282051282,61.85564102564103,22.0,0.625,0,0
EVS01234,6,900,9,8,AC Level 1,Fast Charging,Yes,0.17572183098591548,0.1056338028169014,143,2.2275352112676057,62.81699300699301,150.0,0.6666666666666666,0,0
EVS01235,3,450,5,3,AC Level 1,Fast Charging,Yes,0.33774000000000004,0.14814814814814814,135,3.7079999999999997,60.79325925925926,150.0,0.6,0,0
EVS01236,4,200,5,6,AC Level 1,Fast Charging,No,0.23847733333333332,0.08,75,1.8285333333333336,57.2336,50.0,0.8,0,0
EVS01237,6,300,10,4,AC Level 2,Fast Charging,Yes,0.16508333333333333,0.0,12,0.25666666666666665,59.4275,50.0,0.6,0,0
EVS01238,4,600,6,13,AC Level 1,Fast Charging,No,0.26387777777777777,0.07407407407407407,27,0.8718518518518518,63.330370370370375,150.0,0.6666666666666666,0,0
EVS01239,2,100,2,13,DC Fast Charger,Fast Charging,Yes,0.45545319148936175,0.14893617021276595,48,3.340531914893617,53.51479166666667,50.0,1.0,0,0
EVS01240,6,900,9,4,AC Level 2,Fast Charging,Yes,0.19605555555555554,0.0,27,0.5659259259259259,70.58111111111111,150.0,0.6666666666666666,0,0
EVS01241,1,350,2,14,AC Level 2,Ultra-Fast Charging,Yes,0.9005573033707864,0.8539325842696629,89,7.2550561797752815,61.218764044943825,350.0,0.5,1,1
EVS01242,4,600,8,7,DC Fast Charger,Fast Charging,No,0.22351478873239436,0.15492957746478872,143,3.4288028169014084,53.26902097902098,150.0,0.5,0,0
EVS01243,3,66,4,5,DC Fast Charger,Destination/AC,No,0.34283251231527095,0.22167487684729065,204,5.283152709359606,61.40725490196078,22.0,0.75,0,0
EVS01244,5,750,8,7,AC Level 1,Fast Charging,No,0.1913273684210526,0.08421052631578947,96,1.5548947368421053,56.80083333333334,150.0,0.625,0,0
EVS01245,1,350,3,5,DC Fast Charger,Ultra-Fast Charging,Yes,0.8248817567567567,0.7432432432432432,150,9.041858108108107,54.5602,350.0,0.3333333333333333,1,1
EVS01246,5,750,7,8,DC Fast Charger,Fast Charging,No,0.1676734375,0.13020833333333334,194,3.132421875,49.78340206185567,150.0,0.7142857142857143,0,0
EVS01247,1,22,2,9,DC Fast Charger,Destination/AC,Yes,0.9051397350993377,0.8543046357615894,151,8.848675496688742,62.13205298013246,22.0,0.5,1,1
EVS01248,2,44,3,3,AC Level 1,Destination/AC,No,0.5217963414634147,0.2682926829268293,82,5.541707317073171,62.78695121951219,22.0,0.6666666666666666,1,0
EVS01249,3,150,5,11,AC Level 1,Fast Charging,Yes,0.33229864864864866,0.06756756756756757,74,1.842972972972973,59.813918918918915,50.0,0.6,0,0
EVS01250,5,1750,9,11,DC Fast Charger,Ultra-Fast Charging,No,0.17452303370786518,0.14606741573033707,178,3.3460112359550562,52.35724719101124,350.0,0.5555555555555556,0,0
EVS01251,1,50,3,8,AC Level 2,Fast Charging,Yes,0.9364650793650794,0.873015873015873,64,5.390555555555556,65.3321875,50.0,0.3333333333333333,1,1
EVS01252,6,2100,9,8,AC Level 2,Ultra-Fast Charging,Yes,0.17398433734939758,0.07228915662650602,83,1.6386746987951806,62.63421686746988,350.0,0.6666666666666666,0,0
EVS01253,6,300,9,13,AC Level 1,Fast Charging,Yes,0.16883199999999998,0.0,26,0.589,58.441538461538464,50.0,0.6666666666666666,0,0
EVS01254,1,50,1,13,DC Fast Charger,Fast Charging,Yes,0.8067902777777778,0.7291666666666666,146,8.758888888888889,52.70335616438356,50.0,1.0,1,1
EVS01255,3,450,5,15,AC Level 1,Fast Charging,Yes,0.33115948275862067,0.16379310344827586,116,3.4851724137931033,59.60974137931035,150.0,0.6,0,0
EVS01256,5,110,8,9,AC Level 2,Destination/AC,No,0.20696799999999999,0.04,25,0.6487999999999999,62.092,22.0,0.625,0,0
EVS01257,2,44,3,6,AC Level 2,Destination/AC,No,0.4823610169491525,0.1016949152542373,59,2.2594915254237287,57.88322033898305,22.0,0.6666666666666666,0,0
EVS01258,3,450,6,4,AC Level 1,Fast Charging,No,0.33922061855670105,0.10309278350515463,97,3.039278350515464,61.05917525773196,150.0,0.5,0,0
EVS01259,5,250,6,14,DC Fast Charger,Fast Charging,Yes,0.17969663865546218,0.09243697478991597,119,2.122268907563025,53.90949579831933,50.0,0.8333333333333334,0,0
EVS01260,2,700,4,5,AC Level 1,Ultra-Fast Charging,No,0.5158341935483871,0.3870967741935484,155,7.146903225806452,61.90748387096774,350.0,0.5,1,1
EVS01261,2,700,2,5,DC Fast Charger,Ultra-Fast Charging,Yes,0.4313070422535211,0.14084507042253522,71,2.9680281690140844,51.7574647887324,350.0,1.0,0,0
EVS01262,3,150,5,15,AC Level 1,Fast Charging,No,0.34230125786163523,0.2578616352201258,159,5.48559748427673,61.61522012578616,50.0,0.6,0,0
EVS01263,5,110,10,14,AC Level 2,Destination/AC,Yes,0.19967176470588235,0.03529411764705882,85,1.4492941176470588,59.901529411764706,22.0,0.5,0,0
EVS01264,4,1400,7,13,AC Level 2,Ultra-Fast Charging,No,0.2579762820512821,0.15384615384615385,156,3.3506410256410257,61.91423076923078,350.0,0.5714285714285714,0,0
EVS01265,1,350,1,8,DC Fast Charger,Ultra-Fast Charging,Yes,0.804611475409836,0.6229508196721312,61,5.229672131147541,54.040163934426225,350.0,1.0,1,1
EVS01266,5,250,6,6,AC Level 2,Fast Charging,Yes,0.19816428571428574,0.03571428571428571,28,0.6046428571428571,59.44892857142857,50.0,0.8333333333333334,0,0
EVS01267,4,600,6,12,AC Level 2,Fast Charging,No,0.281485,0.05,20,0.738,67.55449999999999,150.0,0.6666666666666666,0,0
EVS01268,5,250,8,14,AC Level 1,Fast Charging,No,0.19838382352941175,0.058823529411764705,68,1.6479411764705882,59.51735294117647,50.0,0.625,0,0
EVS01269,3,450,4,6,AC Level 1,Fast Charging,No,0.34575,0.25862068965517243,174,5.618045977011494,62.234655172413795,150.0,0.75,0,0
EVS01270,4,1400,6,13,DC Fast Charger,Ultra-Fast Charging,No,0.19741304347826086,0.08695652173913043,23,0.5647826086956522,47.37869565217392,350.0,0.6666666666666666,0,0
EVS01271,7,2450,9,11,DC Fast Charger,Ultra-Fast Charging,Yes,0.11859365079365079,0.07936507936507936,63,0.9476190476190477,49.80888888888889,350.0,0.7777777777777778,0,0
EVS01272,7,154,8,16,AC Level 2,Destination/AC,No,0.159,0.08333333333333333,24,0.7695833333333333,66.78416666666666,22.0,0.875,0,0
EVS01273,1,50,1,6,DC Fast Charger,Fast Charging,Yes,0.8005312101910829,0.7133757961783439,158,8.817929936305733,51.61848101265823,50.0,1.0,1,1
EVS01274,5,250,6,3,AC Level 2,Fast Charging,Yes,0.20491627906976745,0.12403100775193798,130,2.57015503875969,61.002923076923075,50.0,0.8333333333333334,0,0
EVS01275,8,176,10,10,AC Level 2,Destination/AC,No,0.12552905405405404,0.08108108108108109,148,1.8241891891891893,60.254932432432426,22.0,0.8,0,0
EVS01276,3,150,4,5,AC Level 2,Fast Charging,Yes,0.3304207142857143,0.2,141,3.975107142857143,59.053617021276594,50.0,0.75,0,0
EVS01277,7,2450,10,5,AC Level 2,Ultra-Fast Charging,Yes,0.14597768595041322,0.12396694214876033,122,1.8606198347107437,60.80729508196721,350.0,0.7,0,0
EVS01278,1,150,3,10,AC Level 2,Fast Charging,Yes,0.85968125,0.8125,128,9.53140625,57.865625,150.0,0.3333333333333333,1,1
EVS01279,2,700,2,4,AC Level 2,Ultra-Fast Charging,Yes,0.53598125,0.0,16,0.814375,64.316875,350.0,1.0,1,0
EVS01280,3,66,3,11,AC Level 2,Destination/AC,No,0.3361734939759036,0.21686746987951808,169,4.501656626506024,59.43763313609468,22.0,1.0,0,0
EVS01281,1,50,1,6,AC Level 2,Fast Charging,Yes,0.8839585714285714,0.8285714285714286,140,9.1015,61.25507142857142,50.0,1.0,1,1
EVS01282,5,250,7,5,AC Level 1,Fast Charging,Yes,0.19749859154929578,0.1056338028169014,142,2.9098591549295776,59.250422535211264,50.0,0.7142857142857143,0,0
EVS01283,2,700,3,14,AC Level 2,Ultra-Fast Charging,No,0.5189717171717172,0.2222222222222222,100,3.838030303030303,61.653800000000004,350.0,0.6666666666666666,1,0
EVS01284,2,44,4,8,AC Level 2,Destination/AC,Yes,0.5128149484536083,0.29896907216494845,194,6.533298969072165,61.53757731958763,22.0,0.5,1,1
EVS01285,5,250,7,4,AC Level 2,Fast Charging,No,0.21242000000000003,0.08235294117647059,85,1.5118823529411765,63.72564705882353,50.0,0.7142857142857143,0,0
EVS01286,1,50,1,7,DC Fast Charger,Fast Charging,Yes,0.7846818181818181,0.5,22,1.8222727272727275,50.69136363636364,50.0,1.0,1,1
EVS01287,4,88,5,8,DC Fast Charger,Destination/AC,Yes,0.2521524861878453,0.20441988950276244,181,4.057237569060773,60.516353591160225,22.0,0.8,0,0
EVS01288,2,100,3,9,AC Level 1,Fast Charging,Yes,0.5464416666666666,0.14583333333333334,49,2.5021875000000002,64.30857142857143,50.0,0.6666666666666666,1,0
EVS01289,1,350,2,13,AC Level 2,Ultra-Fast Charging,Yes,0.8383413793103449,0.6551724137931034,29,2.6648275862068966,55.709310344827585,350.0,0.5,1,1
EVS01290,5,1750,7,10,AC Level 1,Ultra-Fast Charging,No,0.1958991525423729,0.11016949152542373,118,2.178813559322034,58.76983050847458,350.0,0.7142857142857143,0,0
EVS01291,4,200,8,14,AC Level 2,Fast Charging,Yes,0.26739444444444443,0.037037037037037035,54,1.2744444444444445,64.17407407407407,50.0,0.5,0,0
EVS01292,1,350,2,12,AC Level 2,Ultra-Fast Charging,Yes,0.8663032258064516,0.8193548387096774,155,8.810967741935483,58.74645161290323,350.0,0.5,1,1
EVS01293,4,88,8,8,AC Level 2,Destination/AC,Yes,0.24932631578947367,0.039473684210526314,76,2.123815789473684,59.83907894736843,22.0,0.5,0,0
EVS01294,5,1750,10,16,AC Level 2,Ultra-Fast Charging,No,0.20760769230769233,0.07692307692307693,13,0.44153846153846155,62.2823076923077,350.0,0.5,0,0
EVS01295,3,1050,4,15,AC Level 2,Ultra-Fast Charging,No,0.3431718918918919,0.2594594594594595,185,5.530864864864865,61.7707027027027,350.0,0.75,0,0
EVS01296,1,150,1,11,DC Fast Charger,Fast Charging,Yes,0.7939101123595506,0.7191011235955056,89,7.960561797752809,50.79056179775281,150.0,1.0,1,1
EVS01297,1,150,2,13,AC Level 1,Fast Charging,No,0.8774578125,0.765625,64,5.12765625,60.59546875,150.0,0.5,1,1
EVS01298,1,50,1,12,DC Fast Charger,Fast Charging,Yes,0.8028208333333333,0.7361111111111112,144,8.842847222222224,52.992222222222225,50.0,1.0,1,1
EVS01299,4,200,7,14,DC Fast Charger,Fast Charging,Yes,0.22454601769911503,0.09734513274336283,113,2.537787610619469,53.89159292035398,50.0,0.5714285714285714,0,0
EVS01300,2,44,4,15,AC Level 1,Destination/AC,Yes,0.5074190476190475,0.047619047619047616,21,0.9095238095238096,60.889523809523816,22.0,0.5,0,0
EVS01301,1,350,3,3,AC Level 2,Ultra-Fast Charging,Yes,0.9041357664233577,0.8759124087591241,137,10.074087591240877,62.22744525547445,350.0,0.3333333333333333,1,1
EVS01302,3,1050,5,3,AC Level 2,Ultra-Fast Charging,Yes,0.3578863636363636,0.06818181818181818,88,2.3375,64.41943181818182,350.0,0.6,0,0
EVS01303,6,300,10,14,DC Fast Charger,Fast Charging,Yes,0.14528926174496645,0.12080536912751678,149,2.4476510067114092,52.304093959731546,50.0,0.6,0,0
EVS01304,4,88,8,8,AC Level 1,Destination/AC,Yes,0.26250817610062893,0.18867924528301888,161,3.857924528301887,62.2188198757764,22.0,0.5,0,0
EVS01305,1,50,1,13,AC Level 2,Fast Charging,Yes,0.9115550847457627,0.864406779661017,118,7.328389830508475,63.052372881355936,50.0,1.0,1,1
EVS01306,4,1400,7,9,AC Level 1,Ultra-Fast Charging,Yes,0.2527017391304348,0.09565217391304348,115,2.9962608695652175,60.649130434782606,350.0,0.5714285714285714,0,0
EVS01307,2,700,3,12,AC Level 2,Ultra-Fast Charging,No,0.522055,0.06666666666666667,60,2.4135,62.64633333333334,350.0,0.6666666666666666,1,0
EVS01308,6,900,8,11,AC Level 1,Fast Charging,Yes,0.17398070175438596,0.05263157894736842,57,1.1085964912280701,62.63263157894737,150.0,0.75,0,0
EVS01309,8,176,10,6,AC Level 2,Destination/AC,Yes,0.13303333333333334,0.08333333333333333,109,1.1594907407407407,63.26908256880734,22.0,0.8,0,0
EVS01310,4,1400,5,7,AC Level 1,Ultra-Fast Charging,Yes,0.253685,0.19375,160,4.0570625,60.8849375,350.0,0.8,0,0
EVS01311,1,150,1,4,AC Level 2,Fast Charging,No,0.880315748031496,0.8110236220472441,127,7.528818897637795,61.91220472440945,150.0,1.0,1,1
EVS01312,3,450,5,6,AC Level 1,Fast Charging,Yes,0.3413987951807229,0.08433734939759036,83,2.243253012048193,61.45204819277109,150.0,0.6,0,0
EVS01313,3,66,5,3,DC Fast Charger,Destination/AC,Yes,0.34600434782608697,0.15217391304347827,138,3.7722463768115944,62.28159420289855,22.0,0.6,0,0
EVS01314,3,150,6,9,AC Level 1,Fast Charging,No,0.3416026315789474,0.26973684210526316,153,5.283552631578948,61.08679738562092,50.0,0.5,0,0
EVS01315,4,600,6,5,AC Level 1,Fast Charging,No,0.25470303030303026,0.2,166,3.5213030303030304,60.760120481927714,150.0,0.6666666666666666,0,0
EVS01316,6,900,10,5,AC Level 1,Fast Charging,No,0.16931272727272728,0.09090909090909091,55,1.1958181818181817,60.95181818181818,150.0,0.6,0,0
EVS01317,6,900,9,12,DC Fast Charger,Fast Charging,No,0.14499304347826086,0.09565217391304348,115,2.3605217391304345,52.1991304347826,150.0,0.6666666666666666,0,0
EVS01318,5,110,9,10,AC Level 1,Destination/AC,Yes,0.21002365591397848,0.0967741935483871,93,2.3208602150537634,63.00720430107527,22.0,0.5555555555555556,0,0
EVS01319,5,250,7,15,DC Fast Charger,Fast Charging,No,0.173925,0.075,80,1.58825,52.17725,50.0,0.7142857142857143,0,0
EVS01320,3,150,4,16,AC Level 2,Fast Charging,Yes,0.3346402777777778,0.08333333333333333,72,2.5118055555555556,60.235416666666666,50.0,0.75,0,0
EVS01321,6,900,8,5,AC Level 1,Fast Charging,No,0.17456923076923078,0.038461538461538464,26,0.6084615384615385,62.848846153846154,150.0,0.75,0,0
EVS01322,1,350,1,13,AC Level 1,Ultra-Fast Charging,Yes,0.8960753623188406,0.7536231884057971,69,5.97536231884058,63.80913043478261,350.0,1.0,1,1
EVS01323,5,250,8,10,AC Level 1,Fast Charging,Yes,0.19720098039215686,0.058823529411764705,102,1.9772549019607844,59.15960784313725,50.0,0.625,0,0
EVS01324,4,88,9,16,AC Level 1,Destination/AC,Yes,0.2506633879781421,0.1366120218579235,183,3.8008196721311474,60.158415300546444,22.0,0.4444444444444444,0,0
EVS01325,4,88,5,14,DC Fast Charger,Destination/AC,Yes,0.258034756097561,0.23780487804878048,166,4.176920731707317,61.181204819277106,22.0,0.8,0,0
EVS01326,5,1750,7,15,AC Level 1,Ultra-Fast Charging,No,0.21022173913043476,0.043478260869565216,46,0.8439130434782609,63.06695652173913,350.0,0.7142857142857143,0,0
EVS01327,4,200,8,8,AC Level 2,Fast Charging,Yes,0.2542203703703704,0.09259259259259259,109,2.841851851851852,60.45266055045872,50.0,0.5,0,0
EVS01328,1,50,2,13,AC Level 1,Fast Charging,No,0.9027939393939395,0.6666666666666666,33,2.7175757575757573,63.339999999999996,50.0,0.5,1,1
EVS01329,7,350,9,8,AC Level 1,Fast Charging,No,0.14577012987012986,0.11038961038961038,155,1.993668831168831,60.82748387096775,50.0,0.7777777777777778,0,0
EVS01330,2,44,3,15,AC Level 1,Destination/AC,Yes,0.5149974683544304,0.16455696202531644,79,3.1851898734177215,61.799873417721514,22.0,0.6666666666666666,1,0
EVS01331,6,2100,10,13,AC Level 1,Ultra-Fast Charging,No,0.16733979591836734,0.04081632653061224,98,1.5266326530612246,60.24214285714285,350.0,0.6,0,0
EVS01332,1,350,2,12,AC Level 1,Ultra-Fast Charging,No,0.8763953488372094,0.7984496124031008,130,8.777131782945736,59.12192307692308,350.0,0.5,1,1
EVS01333,6,2100,9,9,DC Fast Charger,Ultra-Fast Charging,No,0.14445866666666668,0.06666666666666667,75,1.4536,52.00506666666667,350.0,0.6666666666666666,0,0
EVS01334,4,600,7,8,AC Level 2,Fast Charging,Yes,0.2514888888888889,0.19047619047619047,190,3.4066137566137566,60.03921052631579,150.0,0.5714285714285714,0,0
EVS01335,6,300,10,15,DC Fast Charger,Fast Charging,No,0.14965164835164835,0.06593406593406594,91,1.782967032967033,53.8743956043956,50.0,0.6,0,0
EVS01336,4,88,6,4,AC Level 2,Destination/AC,Yes,0.2552042780748663,0.21390374331550802,190,4.411016042780749,60.28205263157895,22.0,0.6666666666666666,0,0
EVS01337,4,200,5,5,AC Level 2,Fast Charging,Yes,0.2631,0.12173913043478261,115,2.4871304347826086,63.14321739130435,50.0,0.8,0,0
EVS01338,3,450,7,14,AC Level 1,Fast Charging,No,0.3491405063291139,0.0379746835443038,80,1.8482278481012657,62.060125000000006,150.0,0.42857142857142855,0,0
EVS01339,1,350,1,10,AC Level 2,Ultra-Fast Charging,No,0.8705859259259259,0.8296296296296296,135,9.324,58.67288888888889,350.0,1.0,1,1
EVS01340,1,350,2,5,AC Level 2,Ultra-Fast Charging,No,0.8799721518987341,0.8354430379746836,79,6.715569620253164,59.761265822784814,350.0,0.5,1,1
EVS01341,3,66,4,13,AC Level 2,Destination/AC,No,0.35242559999999995,0.072,125,2.70848,63.43736,22.0,0.75,0,0
EVS01342,7,350,10,4,AC Level 1,Fast Charging,No,0.14826756756756757,0.0,37,0.6416216216216217,62.27297297297297,50.0,0.7,0,0
EVS01343,3,66,4,13,AC Level 1,Destination/AC,No,0.313832,0.0,25,1.1076000000000001,56.489200000000004,22.0,0.75,0,0
EVS01344,3,66,4,7,DC Fast Charger,Destination/AC,No,0.33924056603773584,0.19811320754716982,106,3.3412264150943396,61.062641509433966,22.0,0.75,0,0
EVS01345,6,300,7,11,DC Fast Charger,Fast Charging,No,0.1362177777777778,0.044444444444444446,45,0.8035555555555555,49.04111111111111,50.0,0.8571428571428571,0,0
EVS01346,5,750,8,16,AC Level 1,Fast Charging,No,0.21208281250000002,0.15104166666666666,193,3.378072916666667,63.295854922279794,150.0,0.625,0,0
EVS01347,4,88,6,5,AC Level 2,Destination/AC,No,0.26760977443609024,0.16541353383458646,136,3.5149248120300753,62.80926470588235,22.0,0.6666666666666666,0,0
EVS01348,6,132,8,13,AC Level 2,Destination/AC,Yes,0.16301968503937006,0.06299212598425197,127,1.8313385826771655,58.688267716535435,22.0,0.75,0,0
EVS01349,5,750,9,9,AC Level 2,Fast Charging,Yes,0.1971128,0.112,125,2.63456,59.133199999999995,150.0,0.5555555555555556,0,0
EVS01350,5,1750,8,10,AC Level 2,Ultra-Fast Charging,Yes,0.2076540322580645,0.12903225806451613,124,2.2166129032258066,62.2966935483871,350.0,0.625,0,0
EVS01351,6,300,9,8,AC Level 1,Fast Charging,No,0.16319259259259258,0.07407407407407407,27,0.76,58.74592592592593,50.0,0.6666666666666666,0,0
EVS01352,3,66,6,6,AC Level 2,Destination/AC,Yes,0.35697634408602147,0.11827956989247312,93,2.1625806451612903,64.25559139784947,22.0,0.5,0,0
EVS01353,5,750,9,12,DC Fast Charger,Fast Charging,Yes,0.17735108695652177,0.043478260869565216,92,1.927391304347826,53.20478260869565,150.0,0.5555555555555556,0,0
EVS01354,2,100,3,3,AC Level 2,Fast Charging,No,0.49836503067484667,0.4049079754601227,163,7.633435582822086,59.80343558282209,50.0,0.6666666666666666,0,1
EVS01355,6,300,9,16,AC Level 1,Fast Charging,Yes,0.17033387096774194,0.03225806451612903,62,1.1487096774193548,61.32,50.0,0.6666666666666666,0,0
EVS01356,5,1750,10,5,AC Level 1,Ultra-Fast Charging,Yes,0.1930112244897959,0.09183673469387756,98,2.0785714285714283,57.90326530612246,350.0,0.5,0,0
EVS01357,7,350,9,6,DC Fast Charger,Fast Charging,Yes,0.12592833333333334,0.03333333333333333,60,1.0521666666666667,52.89033333333334,50.0,0.7777777777777778,0,0
EVS01358,6,2100,9,9,AC Level 2,Ultra-Fast Charging,No,0.176790625,0.09375,32,0.6478125,63.6428125,350.0,0.6666666666666666,0,0
EVS01359,5,750,7,6,AC Level 2,Fast Charging,Yes,0.22305142857142857,0.05714285714285714,35,0.704857142857143,66.91399999999999,150.0,0.7142857142857143,0,0
EVS01360,4,1400,8,5,AC Level 1,Ultra-Fast Charging,Yes,0.25633690476190474,0.047619047619047616,84,1.2120238095238096,61.520833333333336,350.0,0.5,0,0
EVS01361,3,1050,4,5,AC Level 2,Ultra-Fast Charging,No,0.34744444444444444,0.0,27,0.9051851851851852,62.54074074074074,350.0,0.75,0,0
EVS01362,1,150,3,8,AC Level 2,Fast Charging,Yes,0.9230826086956521,0.782608695652174,23,2.9143478260869564,60.83347826086957,150.0,0.3333333333333333,1,1
EVS01363,2,700,3,4,AC Level 1,Ultra-Fast Charging,Yes,0.4927623188405797,0.2753623188405797,69,4.486231884057971,59.13159420289855,350.0,0.6666666666666666,0,0
EVS01364,2,700,4,16,AC Level 2,Ultra-Fast Charging,No,0.5243792452830189,0.07547169811320754,53,1.920188679245283,62.92528301886792,350.0,0.5,1,0
EVS01365,3,1050,4,5,AC Level 1,Ultra-Fast Charging,Yes,0.35411344537815126,0.15966386554621848,119,3.6365546218487395,63.74016806722689,350.0,0.75,0,0
EVS01366,4,600,7,13,AC Level 2,Fast Charging,No,0.2668190476190476,0.0,21,0.5171428571428571,64.0352380952381,150.0,0.5714285714285714,0,0
EVS01367,7,1050,10,13,AC Level 2,Fast Charging,No,0.15197636363636366,0.03636363636363636,55,1.036,63.83109090909091,150.0,0.7,0,0
EVS01368,1,150,2,6,DC Fast Charger,Fast Charging,Yes,0.7720267441860466,0.7674418604651163,86,7.478837209302325,49.393837209302326,150.0,0.5,1,1
EVS01369,3,1050,4,14,DC Fast Charger,Ultra-Fast Charging,No,0.2978585106382979,0.2765957446808511,191,5.538191489361703,52.77193717277487,350.0,0.75,0,0
EVS01370,3,1050,4,8,DC Fast Charger,Ultra-Fast Charging,Yes,0.3023,0.18045112781954886,134,3.264398496240602,54.0079104477612,350.0,0.75,0,0
EVS01371,5,110,8,6,AC Level 1,Destination/AC,No,0.19627423312883435,0.147239263803681,164,3.0858588957055213,58.52323170731707,22.0,0.625,0,0
EVS01372,1,50,1,14,AC Level 2,Fast Charging,Yes,0.86883,0.7,70,6.016,57.28157142857143,50.0,1.0,1,1
EVS01373,2,700,5,11,AC Level 2,Ultra-Fast Charging,Yes,0.5192415584415584,0.18181818181818182,77,4.094675324675325,62.30831168831168,350.0,0.4,1,0
EVS01374,1,150,3,11,AC Level 1,Fast Charging,Yes,0.8930138888888889,0.8194444444444444,73,9.418680555555556,60.801506849315075,150.0,0.3333333333333333,1,1
EVS01375,6,132,7,10,AC Level 1,Destination/AC,No,0.1663899441340782,0.18435754189944134,179,2.802122905027933,59.90050279329609,22.0,0.8571428571428571,0,0
EVS01376,6,300,9,6,DC Fast Charger,Fast Charging,Yes,0.14219944751381214,0.143646408839779,182,2.969558011049724,50.910000000000004,50.0,0.6666666666666666,0,0
EVS01377,4,1400,8,4,DC Fast Charger,Ultra-Fast Charging,Yes,0.21142513966480447,0.1787709497206704,181,3.88122905027933,50.181381215469614,350.0,0.5,0,0
EVS01378,2,700,2,15,AC Level 2,Ultra-Fast Charging,No,0.5384198473282443,0.2900763358778626,131,6.091374045801527,64.61106870229007,350.0,1.0,1,1
EVS01379,1,150,2,16,AC Level 1,Fast Charging,No,0.8915124999999999,0.8365384615384616,104,8.528942307692308,60.03894230769231,150.0,0.5,1,1
EVS01380,6,132,10,3,DC Fast Charger,Destination/AC,No,0.1719791304347826,0.05217391304347826,115,1.8775652173913042,61.91052173913044,22.0,0.6,0,0
EVS01381,4,88,5,3,DC Fast Charger,Destination/AC,No,0.2628591463414634,0.18292682926829268,165,3.7446646341463414,62.70393939393939,22.0,0.8,0,0
EVS01382,4,88,5,9,DC Fast Charger,Destination/AC,No,0.2622520547945206,0.1095890410958904,74,1.5425342465753424,62.090135135135135,22.0,0.8,0,0
EVS01383,6,300,8,16,AC Level 2,Fast Charging,No,0.16786184210526317,0.07894736842105263,76,1.4048684210526314,60.43157894736842,50.0,0.75,0,0
EVS01384,3,150,4,12,AC Level 1,Fast Charging,No,0.3276909638554217,0.2891566265060241,168,4.951566265060241,58.28208333333333,50.0,0.75,0,1
EVS01385,6,2100,7,7,AC Level 2,Ultra-Fast Charging,Yes,0.18181492537313432,0.04477611940298507,68,1.2724626865671642,64.49073529411764,350.0,0.8571428571428571,0,0
EVS01386,4,88,9,5,AC Level 2,Destination/AC,Yes,0.252380701754386,0.10526315789473684,57,1.4649122807017543,60.5719298245614,22.0,0.4444444444444444,0,0
EVS01387,6,132,7,6,DC Fast Charger,Destination/AC,No,0.17229134615384614,0.04807692307692308,104,1.8590384615384616,62.02461538461539,22.0,0.8571428571428571,0,0
EVS01388,3,150,4,9,AC Level 2,Fast Charging,Yes,0.35554090909090913,0.06060606060606061,66,2.1198484848484846,63.996818181818185,50.0,0.75,0,0
EVS01389,1,22,1,10,DC Fast Charger,Destination/AC,Yes,0.8978152317880794,0.847682119205298,152,8.772417218543046,59.07111842105263,22.0,1.0,1,1
EVS01390,6,900,10,5,DC Fast Charger,Fast Charging,Yes,0.14562090395480226,0.12994350282485875,178,2.8620903954802257,52.12926966292135,150.0,0.6,0,0
EVS01391,1,150,1,12,AC Level 2,Fast Charging,Yes,0.9034864864864866,0.8108108108108109,74,5.5393243243243235,65.99135135135134,150.0,1.0,1,1
EVS01392,4,600,5,11,DC Fast Charger,Fast Charging,No,0.2184788617886179,0.16260162601626016,123,2.5410569105691057,52.4349593495935,150.0,0.8,0,0
EVS01393,5,110,7,14,AC Level 1,Destination/AC,Yes,0.2109140449438202,0.16292134831460675,181,3.8333707865168543,62.225082872928176,22.0,0.7142857142857143,0,0
EVS01394,2,100,3,9,DC Fast Charger,Fast Charging,No,0.4402925675675676,0.31756756756756754,148,5.76418918918919,52.83527027027027,50.0,0.6666666666666666,0,1
EVS01395,7,1050,8,8,AC Level 2,Fast Charging,Yes,0.1471125,0.0625,48,0.9372916666666667,61.78604166666667,150.0,0.875,0,0
EVS01396,6,300,8,16,AC Level 2,Fast Charging,No,0.17177404580152672,0.0916030534351145,131,1.627175572519084,61.83801526717557,50.0,0.75,0,0
EVS01397,2,700,4,12,AC Level 2,Ultra-Fast Charging,No,0.5325769841269841,0.29365079365079366,126,5.7940476190476184,63.90920634920635,350.0,0.5,1,1
EVS01398,3,150,5,7,AC Level 2,Fast Charging,Yes,0.35453383458646615,0.18045112781954886,134,3.918571428571428,63.339999999999996,50.0,0.6,0,0
EVS01399,2,100,4,7,AC Level 2,Fast Charging,No,0.5443730769230769,0.0,26,0.6815384615384615,65.325,50.0,0.5,1,0
EVS01400,1,50,1,15,AC Level 1,Fast Charging,No,0.8782846153846154,0.7051282051282052,78,5.987948717948718,59.33217948717949,50.0,1.0,1,1
EVS01401,5,750,9,11,AC Level 1,Fast Charging,Yes,0.20656510067114092,0.1610738255033557,149,3.0051006711409394,61.971006711409395,150.0,0.5555555555555556,0,0
EVS01402,6,132,8,10,AC Level 2,Destination/AC,Yes,0.17562727272727272,0.07272727272727272,55,1.0683636363636364,63.22490909090909,22.0,0.75,0,0
EVS01403,1,150,1,13,AC Level 1,Fast Charging,Yes,0.8646632352941177,0.7647058823529411,68,8.098970588235295,59.61029411764706,150.0,1.0,1,1
EVS01404,3,150,4,3,AC Level 2,Fast Charging,No,0.3225107142857143,0.19642857142857142,56,2.2950000000000004,58.05214285714286,50.0,0.75,0,0
EVS01405,1,350,2,10,AC Level 1,Ultra-Fast Charging,Yes,0.9161844444444444,0.8444444444444444,45,3.21,67.4331111111111,350.0,0.5,1,1
EVS01406,1,22,1,11,AC Level 1,Destination/AC,Yes,0.886745,0.725,40,3.6515,59.920249999999996,22.0,1.0,1,1
EVS01407,1,350,1,12,AC Level 1,Ultra-Fast Charging,Yes,0.9213700000000001,0.8571428571428571,70,6.351714285714285,62.55671428571429,350.0,1.0,1,1
EVS01408,3,450,4,16,AC Level 2,Fast Charging,No,0.35084634146341465,0.2073170731707317,167,4.67859756097561,62.017365269461074,150.0,0.75,0,0
EVS01409,7,154,10,9,AC Level 2,Destination/AC,No,0.15369473684210525,0.05263157894736842,19,0.2910526315789474,64.5521052631579,22.0,0.7,0,0
EVS01410,7,1050,9,13,DC Fast Charger,Fast Charging,No,0.12874776119402984,0.029850746268656716,67,1.1674626865671642,54.07283582089553,150.0,0.7777777777777778,0,0
EVS01411,1,150,1,4,AC Level 1,Fast Charging,No,0.889648275862069,0.6896551724137931,29,3.2020689655172414,63.90965517241379,150.0,1.0,1,1
EVS01412,2,100,3,5,AC Level 2,Fast Charging,No,0.502451376146789,0.27522935779816515,109,5.530733944954129,60.30577981651376,50.0,0.6666666666666666,0,0
EVS01413,7,1050,9,5,AC Level 2,Fast Charging,No,0.14798840579710146,0.043478260869565216,70,0.9584782608695653,61.26814285714286,150.0,0.7777777777777778,0,0
EVS01414,6,132,10,4,DC Fast Charger,Destination/AC,Yes,0.17162048192771084,0.06626506024096386,166,2.1673493975903613,61.78283132530121,22.0,0.6,0,0
EVS01415,6,132,10,4,DC Fast Charger,Destination/AC,Yes,0.16905289256198347,0.09917355371900827,121,1.7984297520661159,60.860247933884295,22.0,0.6,0,0
EVS01416,3,150,5,3,DC Fast Charger,Fast Charging,No,0.27266987951807226,0.2469879518072289,166,4.665180722891566,49.08060240963855,50.0,0.6,0,0
EVS01417,1,350,1,12,AC Level 2,Ultra-Fast Charging,No,0.8874140625,0.8203125,128,8.3215625,59.67109375,350.0,1.0,1,1
EVS01418,5,250,7,15,DC Fast Charger,Fast Charging,Yes,0.17694022988505748,0.04597701149425287,87,1.4504597701149424,53.08252873563219,50.0,0.7142857142857143,0,0
EVS01419,6,132,8,14,AC Level 1,Destination/AC,Yes,0.17552635658914728,0.13953488372093023,129,3.016666666666667,63.191782945736435,22.0,0.75,0,0
EVS01420,4,88,7,11,AC Level 2,Destination/AC,Yes,0.24906082474226804,0.17525773195876287,97,2.710309278350515,59.77432989690721,22.0,0.5714285714285714,0,0
EVS01421,1,50,2,14,AC Level 1,Fast Charging,No,0.8853467836257309,0.8654970760233918,172,9.68312865497076,61.47151162790698,50.0,0.5,1,1
EVS01422,2,700,3,5,AC Level 1,Ultra-Fast Charging,Yes,0.5081657142857143,0.4342857142857143,175,7.421542857142857,60.979600000000005,350.0,0.6666666666666666,0,1
EVS01423,3,150,5,3,AC Level 2,Fast Charging,Yes,0.3162695652173913,0.21739130434782608,115,3.570695652173913,56.92852173913043,50.0,0.6,0,0
EVS01424,3,66,4,8,AC Level 1,Destination/AC,No,0.3365875,0.15441176470588236,136,3.3585294117647058,60.58558823529411,22.0,0.75,0,0
EVS01425,1,350,1,14,AC Level 2,Ultra-Fast Charging,Yes,0.8777807692307692,0.7307692307692307,52,4.856346153846154,59.25269230769231,350.0,1.0,1,1
EVS01426,4,600,6,16,DC Fast Charger,Fast Charging,No,0.2247469387755102,0.2108843537414966,147,3.9087074829931976,53.93925170068027,150.0,0.6666666666666666,0,0
EVS01427,6,900,9,6,DC Fast Charger,Fast Charging,No,0.14875428571428573,0.12857142857142856,141,1.9806785714285715,53.171773049645395,150.0,0.6666666666666666,0,0
EVS01428,5,110,7,10,AC Level 1,Destination/AC,Yes,0.19999285714285714,0.15476190476190477,168,3.220297619047619,59.99869047619048,22.0,0.7142857142857143,0,0
EVS01429,4,88,8,11,AC Level 2,Destination/AC,Yes,0.2511875,0.03571428571428571,56,1.465892857142857,60.28410714285714,22.0,0.5,0,0
EVS01430,2,100,3,15,AC Level 1,Fast Charging,Yes,0.5049788732394366,0.323943661971831,143,6.10887323943662,60.32097902097902,50.0,0.6666666666666666,0,1
EVS01431,7,1050,10,13,DC Fast Charger,Fast Charging,Yes,0.11822162162162163,0.04054054054054054,74,1.3075675675675675,49.65081081081081,150.0,0.7,0,0
EVS01432,5,250,8,16,AC Level 1,Fast Charging,No,0.2115720930232558,0.11627906976744186,43,1.2295348837209301,63.47255813953489,50.0,0.625,0,0
EVS01433,2,44,3,8,AC Level 1,Destination/AC,Yes,0.4931365384615385,0.09615384615384616,52,1.9092307692307693,59.177115384615384,22.0,0.6666666666666666,0,0
EVS01434,1,150,1,16,AC Level 2,Fast Charging,No,0.8755520408163265,0.8877551020408163,98,8.583265306122449,59.60020408163265,150.0,1.0,1,1
EVS01435,5,110,8,6,DC Fast Charger,Destination/AC,No,0.2138371794871795,0.08974358974358974,78,1.38974358974359,64.15166666666667,22.0,0.625,0,0
EVS01436,1,350,1,4,AC Level 1,Ultra-Fast Charging,No,0.8552527777777779,0.6666666666666666,36,2.802222222222222,58.88777777777778,350.0,1.0,1,1
EVS01437,3,1050,5,13,AC Level 2,Ultra-Fast Charging,Yes,0.3418181818181818,0.15584415584415584,77,2.757662337662338,61.52753246753247,350.0,0.6,0,0
EVS01438,5,1750,7,4,DC Fast Charger,Ultra-Fast Charging,No,0.15944850746268657,0.08208955223880597,134,2.498731343283582,47.83328358208955,350.0,0.7142857142857143,0,0
EVS01439,1,150,2,6,AC Level 1,Fast Charging,No,0.8940211538461539,0.8269230769230769,52,7.644807692307692,62.652884615384615,150.0,0.5,1,1
EVS01440,4,1400,8,7,DC Fast Charger,Ultra-Fast Charging,No,0.22187657142857145,0.2,175,4.5929142857142855,53.250342857142854,350.0,0.5,0,0
EVS01441,2,100,4,9,AC Level 2,Fast Charging,Yes,0.5151764331210191,0.36942675159235666,158,6.86296178343949,61.42993670886076,50.0,0.5,1,1
EVS01442,4,1400,7,6,DC Fast Charger,Ultra-Fast Charging,Yes,0.2234752380952381,0.06666666666666667,105,2.2670476190476188,53.63438095238095,350.0,0.5714285714285714,0,0
EVS01443,1,150,1,15,AC Level 1,Fast Charging,Yes,0.8942267515923567,0.8471337579617835,157,9.44095541401274,62.43777070063694,150.0,1.0,1,1
EVS01444,1,22,1,6,DC Fast Charger,Destination/AC,No,0.9050230769230769,0.8351648351648352,92,7.408076923076923,61.22641304347826,22.0,1.0,1,1
EVS01445,4,600,8,4,DC Fast Charger,Fast Charging,Yes,0.21577333333333332,0.08888888888888889,46,1.1059999999999999,50.65978260869565,150.0,0.5,0,0
EVS01446,4,1400,5,6,DC Fast Charger,Ultra-Fast Charging,Yes,0.21899999999999997,0.045454545454545456,22,0.6940909090909091,52.56045454545454,350.0,0.8,0,0
EVS01447,3,450,5,13,AC Level 2,Fast Charging,Yes,0.33766327683615815,0.3107344632768362,179,5.004293785310734,60.10050279329609,150.0,0.6,0,1
EVS01448,1,22,2,14,DC Fast Charger,Destination/AC,No,0.9016098445595856,0.8911917098445595,194,9.393341968911917,62.92185567010309,22.0,0.5,1,1
EVS01449,3,66,4,15,AC Level 1,Destination/AC,Yes,0.35812432432432434,0.20270270270270271,148,4.2994594594594595,64.4622972972973,22.0,0.75,0,0
EVS01450,5,1750,9,5,AC Level 2,Ultra-Fast Charging,Yes,0.20308571428571429,0.05714285714285714,35,0.8534285714285714,60.92400000000001,350.0,0.5555555555555556,0,0
EVS01451,1,22,2,5,DC Fast Charger,Destination/AC,No,0.8633084745762712,0.8305084745762712,59,6.552203389830508,58.417796610169496,22.0,0.5,1,1
EVS01452,6,2100,7,14,AC Level 1,Ultra-Fast Charging,Yes,0.1713157894736842,0.05263157894736842,19,0.4889473684210526,61.67526315789473,350.0,0.8571428571428571,0,0
EVS01453,2,300,2,13,DC Fast Charger,Fast Charging,No,0.4613761904761905,0.09523809523809523,21,1.4823809523809524,55.3652380952381,150.0,1.0,0,0
EVS01454,3,1050,4,4,AC Level 1,Ultra-Fast Charging,Yes,0.34253666666666666,0.03333333333333333,60,1.6723333333333334,61.657000000000004,350.0,0.75,0,0
EVS01455,5,750,10,15,AC Level 2,Fast Charging,No,0.20509081632653062,0.08163265306122448,98,2.386326530612245,61.52887755102041,150.0,0.5,0,0
EVS01456,5,1750,8,13,DC Fast Charger,Ultra-Fast Charging,No,0.1644344827586207,0.0,29,0.6348275862068966,49.330689655172414,350.0,0.625,0,0
EVS01457,7,2450,8,3,AC Level 2,Ultra-Fast Charging,No,0.14441005025125628,0.08542713567839195,199,2.5603015075376883,60.652914572864326,350.0,0.875,0,0
EVS01458,3,1050,4,16,AC Level 1,Ultra-Fast Charging,Yes,0.3350457446808511,0.11702127659574468,94,3.0193617021276595,60.30829787234042,350.0,0.75,0,0
EVS01459,3,66,6,13,AC Level 1,Destination/AC,No,0.3268276923076923,0.07692307692307693,65,1.7736923076923077,58.82907692307692,22.0,0.5,0,0
EVS01460,5,250,9,6,AC Level 1,Fast Charging,No,0.19543904761904762,0.0380952380952381,105,2.4554285714285715,58.63238095238095,50.0,0.5555555555555556,0,0
EVS01461,6,2100,10,15,AC Level 1,Ultra-Fast Charging,Yes,0.1630346153846154,0.1,130,2.3625384615384615,58.69215384615384,350.0,0.6,0,0
EVS01462,1,50,1,9,DC Fast Charger,Fast Charging,Yes,0.8056435483870967,0.6774193548387096,62,7.045483870967741,54.02806451612903,50.0,1.0,1,1
EVS01463,1,150,1,8,AC Level 1,Fast Charging,No,0.9051449999999999,0.75,20,2.682,66.6535,150.0,1.0,1,1
EVS01464,3,66,6,8,AC Level 2,Destination/AC,No,0.3452857142857143,0.0,21,0.8861904761904762,62.15190476190477,22.0,0.5,0,0
EVS01465,5,250,9,10,AC Level 2,Fast Charging,Yes,0.2034863095238095,0.125,169,2.8689285714285715,60.68396449704142,50.0,0.5555555555555556,0,0
EVS01466,1,22,2,12,AC Level 1,Destination/AC,No,0.9404939393939394,0.8787878787878788,33,3.3845454545454543,65.02878787878787,22.0,0.5,1,1
EVS01467,5,1750,8,7,DC Fast Charger,Ultra-Fast Charging,Yes,0.16902772277227723,0.15841584158415842,101,2.218910891089109,50.70970297029703,350.0,0.625,0,0
EVS01468,4,1400,8,13,AC Level 1,Ultra-Fast Charging,No,0.25786951219512194,0.04878048780487805,82,1.7786585365853658,61.88878048780488,350.0,0.5,0,0
EVS01469,1,22,2,10,DC Fast Charger,Destination/AC,No,0.8965659420289855,0.8188405797101449,138,8.462753623188405,61.76666666666666,22.0,0.5,1,1
EVS01470,4,88,7,3,AC Level 1,Destination/AC,No,0.27455,0.0,18,0.865,65.89277777777778,22.0,0.5714285714285714,0,0
EVS01471,6,132,7,13,AC Level 1,Destination/AC,Yes,0.16891055555555556,0.12222222222222222,181,2.40075,60.471933701657456,22.0,0.8571428571428571,0,0
EVS01472,4,88,7,7,AC Level 1,Destination/AC,No,0.2697504,0.128,126,2.6494400000000002,64.22547619047619,22.0,0.5714285714285714,0,0
EVS01473,3,150,4,6,DC Fast Charger,Fast Charging,No,0.3068527027027027,0.06756756756756757,74,2.807702702702703,55.233108108108105,50.0,0.75,0,0
EVS01474,4,200,7,6,DC Fast Charger,Fast Charging,Yes,0.21874827586206896,0.0,58,1.0263793103448275,52.5,50.0,0.5714285714285714,0,0
EVS01475,1,150,2,10,AC Level 1,Fast Charging,No,0.8815069651741293,0.8507462686567164,202,8.258383084577114,60.74282178217821,150.0,0.5,1,1
EVS01476,4,600,8,11,AC Level 1,Fast Charging,No,0.2612123076923077,0.12307692307692308,65,1.8303076923076922,62.69123076923076,150.0,0.5,0,0
EVS01477,2,700,5,13,DC Fast Charger,Ultra-Fast Charging,No,0.44480760869565217,0.25,92,4.767065217391305,53.3770652173913,350.0,0.4,0,0
EVS01478,5,1750,10,15,DC Fast Charger,Ultra-Fast Charging,No,0.17740666666666666,0.07777777777777778,90,1.6417777777777778,53.221333333333334,350.0,0.5,0,0
EVS01479,3,66,4,13,AC Level 1,Destination/AC,Yes,0.3320578947368421,0.07017543859649122,57,1.6605263157894739,59.769999999999996,22.0,0.75,0,0
EVS01480,6,132,9,4,DC Fast Charger,Destination/AC,Yes,0.16575795454545456,0.06818181818181818,88,1.264090909090909,59.67159090909092,22.0,0.6666666666666666,0,0
EVS01481,2,100,4,8,AC Level 1,Fast Charging,Yes,0.47051379310344826,0.13793103448275862,30,1.8699999999999999,54.57966666666667,50.0,0.5,0,0
EVS01482,2,300,3,5,DC Fast Charger,Fast Charging,No,0.4205375,0.0,16,0.613125,50.465,150.0,0.6666666666666666,0,0
EVS01483,5,1750,7,16,AC Level 2,Ultra-Fast Charging,Yes,0.20491794871794872,0.08974358974358974,79,1.0978846153846153,60.69810126582278,350.0,0.7142857142857143,0,0
EVS01484,1,350,2,14,DC Fast Charger,Ultra-Fast Charging,No,0.7517628571428572,0.45714285714285713,35,2.677428571428571,48.91657142857142,350.0,0.5,1,1
EVS01485,2,100,3,13,AC Level 2,Fast Charging,No,0.49693152173913047,0.15217391304347827,92,4.188260869565218,59.63141304347826,50.0,0.6666666666666666,0,0
EVS01486,3,1050,6,10,DC Fast Charger,Ultra-Fast Charging,Yes,0.2979455696202532,0.26582278481012656,160,4.705284810126582,52.96006250000001,350.0,0.5,0,0
EVS01487,5,110,9,6,DC Fast Charger,Destination/AC,No,0.21291333333333332,0.044444444444444446,45,0.896,63.87244444444445,22.0,0.5555555555555556,0,0
EVS01488,3,1050,5,14,AC Level 1,Ultra-Fast Charging,No,0.31366,0.04,25,0.5672,56.4604,350.0,0.6,0,0
EVS01489,6,132,7,8,AC Level 1,Destination/AC,Yes,0.17083658536585367,0.04878048780487805,41,0.6275609756097561,61.502195121951225,22.0,0.8571428571428571,0,0
EVS01490,1,50,1,15,DC Fast Charger,Fast Charging,No,0.7963693693693694,0.7207207207207207,111,7.486666666666666,51.32612612612613,50.0,1.0,1,1
EVS01491,8,400,10,16,AC Level 2,Fast Charging,No,0.1190125,0.017857142857142856,56,0.6230357142857142,57.12267857142857,50.0,0.8,0,0
EVS01492,5,250,8,11,AC Level 1,Fast Charging,No,0.20748953488372093,0.08139534883720931,86,1.832906976744186,62.24755813953488,50.0,0.625,0,0
EVS01493,1,150,1,9,DC Fast Charger,Fast Charging,Yes,0.8026571428571428,0.5714285714285714,14,1.3728571428571428,53.13785714285715,150.0,1.0,1,1
EVS01494,5,250,8,3,AC Level 2,Fast Charging,No,0.18692456140350877,0.08771929824561403,57,1.5394736842105263,56.07982456140351,50.0,0.625,0,0
EVS01495,4,600,7,3,AC Level 2,Fast Charging,No,0.26730000000000004,0.0975609756097561,83,2.1187804878048784,63.379036144578315,150.0,0.5714285714285714,0,0
EVS01496,1,150,3,5,DC Fast Charger,Fast Charging,Yes,0.828719,0.77,100,7.4473,56.425200000000004,150.0,0.3333333333333333,1,1
EVS01497,1,350,1,9,AC Level 2,Ultra-Fast Charging,Yes,0.8917008,0.856,126,7.198720000000001,62.58365079365079,350.0,1.0,1,1
EVS01498,6,300,9,5,AC Level 2,Fast Charging,No,0.17131739130434784,0.10559006211180125,161,2.1021739130434782,61.67546583850932,50.0,0.6666666666666666,0,0
EVS01499,3,450,5,14,AC Level 2,Fast Charging,No,0.34084414414414416,0.18018018018018017,112,2.927747747747748,60.80410714285715,150.0,0.6,0,0
EVS01500,5,1750,10,13,AC Level 2,Ultra-Fast Charging,Yes,0.205122,0.10666666666666667,150,2.863933333333333,61.53533333333333,350.0,0.5,0,0
EVS01501,7,2450,10,11,AC Level 2,Ultra-Fast Charging,No,0.1440782608695652,0.043478260869565216,93,1.2979891304347826,59.861827956989245,350.0,0.7,0,0
EVS01502,5,250,9,4,AC Level 2,Fast Charging,Yes,0.1926360655737705,0.04918032786885246,61,0.9449180327868852,57.79163934426229,50.0,0.5555555555555556,0,0
EVS01503,4,600,5,16,AC Level 1,Fast Charging,Yes,0.25228387096774196,0.04838709677419355,62,1.1951612903225806,60.54838709677419,150.0,0.8,0,0
EVS01504,2,300,4,16,AC Level 1,Fast Charging,No,0.4770655172413793,0.1839080459770115,87,3.2501149425287355,57.247356321839085,150.0,0.5,0,0
EVS01505,5,110,7,16,AC Level 2,Destination/AC,No,0.20127391304347825,0.06086956521739131,116,2.2607391304347826,59.86181034482759,22.0,0.7142857142857143,0,0
EVS01506,5,750,9,5,AC Level 1,Fast Charging,No,0.22191923076923076,0.038461538461538464,52,1.1423076923076922,66.575,150.0,0.5555555555555556,0,0
EVS01507,4,1400,6,4,DC Fast Charger,Ultra-Fast Charging,Yes,0.216265,0.16111111111111112,180,3.631222222222222,51.903777777777776,350.0,0.6666666666666666,0,0
EVS01508,1,350,2,5,AC Level 2,Ultra-Fast Charging,Yes,0.8843953488372094,0.8372093023255814,86,8.494651162790698,58.68058139534883,350.0,0.5,1,1
EVS01509,3,450,5,4,AC Level 2,Fast Charging,No,0.34692307692307695,0.23668639053254437,169,4.809467455621301,62.44603550295857,150.0,0.6,0,0
EVS01510,1,50,2,14,AC Level 2,Fast Charging,Yes,0.8784093220338983,0.8305084745762712,118,8.487118644067797,60.03720338983051,50.0,0.5,1,1
EVS01511,2,300,4,3,AC Level 1,Fast Charging,No,0.494323076923077,0.13186813186813187,91,2.9953846153846153,59.3189010989011,150.0,0.5,0,0
EVS01512,5,1750,10,4,AC Level 2,Ultra-Fast Charging,No,0.2141232142857143,0.05357142857142857,56,1.1539285714285714,64.23732142857143,350.0,0.5,0,0
EVS01513,2,100,2,7,DC Fast Charger,Fast Charging,Yes,0.441897972972973,0.34459459459459457,150,6.618783783783784,52.32313333333334,50.0,1.0,0,1
EVS01514,4,200,9,15,DC Fast Charger,Fast Charging,Yes,0.2253658536585366,0.036585365853658534,82,1.974512195121951,54.08609756097562,50.0,0.4444444444444444,0,0
EVS01515,7,1050,10,9,AC Level 2,Fast Charging,Yes,0.14114920634920636,0.047619047619047616,63,0.9736507936507937,59.28285714285715,150.0,0.7,0,0
EVS01516,7,1050,10,5,AC Level 2,Fast Charging,Yes,0.14806586826347307,0.0658682634730539,168,2.1789520958083832,61.8172619047619,150.0,0.7,0,0
EVS01517,2,44,3,9,DC Fast Charger,Destination/AC,No,0.5275712765957448,0.19148936170212766,94,3.4898936170212767,63.41936170212766,22.0,0.6666666666666666,1,0
EVS01518,6,2100,10,11,AC Level 2,Ultra-Fast Charging,Yes,0.14329333333333333,0.06666666666666667,15,0.4473333333333333,51.58266666666667,350.0,0.6,0,0
EVS01519,2,100,5,11,AC Level 1,Fast Charging,No,0.5107563106796117,0.1941747572815534,104,4.1503883495145635,60.75778846153847,50.0,0.4,0,0
EVS01520,6,132,8,11,AC Level 1,Destination/AC,No,0.17199878048780487,0.07317073170731707,83,1.3576219512195122,61.17313253012048,22.0,0.75,0,0
EVS01521,1,350,1,7,DC Fast Charger,Ultra-Fast Charging,Yes,0.7916714285714286,0.7083333333333334,169,8.44139880952381,52.23443786982249,350.0,1.0,1,1
EVS01522,3,450,5,3,AC Level 2,Fast Charging,Yes,0.3381985714285714,0.22857142857142856,140,4.514428571428572,60.875,150.0,0.6,0,0
EVS01523,2,44,3,13,AC Level 2,Destination/AC,No,0.5339791666666667,0.125,48,2.3210416666666664,64.0775,22.0,0.6666666666666666,1,0
EVS01524,1,50,1,10,DC Fast Charger,Fast Charging,Yes,0.7987974358974359,0.5128205128205128,39,3.9333333333333336,52.95846153846154,50.0,1.0,1,1
EVS01525,8,2800,10,10,AC Level 2,Ultra-Fast Charging,Yes,0.11955495495495495,0.036036036036036036,112,1.3273873873873874,56.87508928571429,350.0,0.8,0,0
EVS01526,2,300,2,12,DC Fast Charger,Fast Charging,Yes,0.4351642857142857,0.07142857142857142,28,1.1142857142857143,52.22035714285715,150.0,1.0,0,0
EVS01527,7,2450,10,14,AC Level 2,Ultra-Fast Charging,No,0.14300000000000002,0.0,79,1.1486075949367087,60.059999999999995,350.0,0.7,0,0
EVS01528,6,300,9,9,AC Level 2,Fast Charging,No,0.18425526315789473,0.02631578947368421,38,0.6673684210526316,66.33236842105264,50.0,0.6666666666666666,0,0
EVS01529,6,900,10,7,AC Level 1,Fast Charging,Yes,0.17381904761904762,0.09523809523809523,21,0.3223809523809524,62.580000000000005,150.0,0.6,0,0
EVS01530,2,100,2,13,AC Level 2,Fast Charging,Yes,0.4936925675675676,0.3783783783783784,148,7.977364864864866,59.37831081081081,50.0,1.0,0,1
EVS01531,5,1750,7,13,AC Level 1,Ultra-Fast Charging,Yes,0.20550285714285713,0.14285714285714285,35,0.47828571428571426,61.648857142857146,350.0,0.7142857142857143,0,0
EVS01532,2,100,4,10,DC Fast Charger,Fast Charging,Yes,0.45730526315789477,0.10526315789473684,19,0.9347368421052632,54.875789473684215,50.0,0.5,0,0
EVS01533,1,50,2,3,AC Level 2,Fast Charging,No,0.9040740506329115,0.8607594936708861,159,8.079367088607595,62.93761006289308,50.0,0.5,1,1
EVS01534,2,44,3,12,DC Fast Charger,Destination/AC,No,0.5110671875,0.125,64,2.3415624999999998,61.328125,22.0,0.6666666666666666,0,0
EVS01535,5,250,10,10,AC Level 2,Fast Charging,Yes,0.2028198717948718,0.16025641025641027,158,2.9689423076923074,60.075379746835445,50.0,0.5,0,0
EVS01536,6,300,10,11,AC Level 1,Fast Charging,Yes,0.1610888888888889,0.05555555555555555,18,0.43722222222222223,57.995000000000005,50.0,0.6,0,0
EVS01537,1,350,1,8,AC Level 1,Ultra-Fast Charging,Yes,0.8692423076923077,0.6730769230769231,52,4.309230769230769,60.06038461538461,350.0,1.0,1,1
EVS01538,6,300,8,5,AC Level 2,Fast Charging,Yes,0.1588692307692308,0.038461538461538464,26,0.6688461538461539,57.191153846153846,50.0,0.75,0,0
EVS01539,3,450,5,16,AC Level 2,Fast Charging,Yes,0.347703007518797,0.18045112781954886,134,4.123684210526316,62.11970149253732,150.0,0.6,0,0
EVS01540,5,750,6,15,DC Fast Charger,Fast Charging,No,0.18176287878787878,0.09848484848484848,132,2.2049242424242426,54.52780303030303,150.0,0.8333333333333334,0,0
EVS01541,3,150,4,6,DC Fast Charger,Fast Charging,No,0.28656400000000004,0.13,101,2.68885,51.0710891089109,50.0,0.75,0,0
EVS01542,8,2800,10,5,AC Level 2,Ultra-Fast Charging,Yes,0.12035,0.041666666666666664,48,0.7635416666666667,57.76541666666666,350.0,0.8,0,0
EVS01543,4,1400,7,12,DC Fast Charger,Ultra-Fast Charging,No,0.20705625,0.0625,32,0.943125,49.6934375,350.0,0.5714285714285714,0,0
EVS01544,1,150,1,7,DC Fast Charger,Fast Charging,Yes,0.7752629310344827,0.7241379310344828,116,8.008189655172414,49.87094827586207,150.0,1.0,1,1
EVS01545,6,132,9,4,AC Level 1,Destination/AC,No,0.180665,0.08333333333333333,60,0.9346666666666666,65.03683333333333,22.0,0.6666666666666666,0,0
EVS01546,2,300,4,15,DC Fast Charger,Fast Charging,No,0.4315576271186441,0.22033898305084745,118,5.08,51.78669491525424,150.0,0.5,0,0
EVS01547,4,1400,7,6,DC Fast Charger,Ultra-Fast Charging,No,0.21858333333333335,0.13636363636363635,133,3.36219696969697,52.06481203007519,350.0,0.5714285714285714,0,0
EVS01548,1,22,2,7,DC Fast Charger,Destination/AC,No,0.8899325153374233,0.7852760736196319,163,7.960368098159509,59.967116564417175,22.0,0.5,1,1
EVS01549,1,150,1,4,DC Fast Charger,Fast Charging,No,0.7799630952380951,0.6547619047619048,84,7.228333333333333,51.20119047619047,150.0,1.0,1,1
EVS01550,5,1750,7,13,DC Fast Charger,Ultra-Fast Charging,No,0.18319444444444444,0.05555555555555555,18,0.4361111111111111,54.958888888888886,350.0,0.7142857142857143,0,0
EVS01551,7,350,8,12,AC Level 1,Fast Charging,No,0.153384,0.12,50,0.8859999999999999,64.4216,50.0,0.875,0,0
EVS01552,5,110,7,9,DC Fast Charger,Destination/AC,Yes,0.2046051851851852,0.14074074074074075,136,3.069148148148148,60.930441176470595,22.0,0.7142857142857143,0,0
EVS01553,5,250,7,5,DC Fast Charger,Fast Charging,No,0.176621,0.06,100,2.0556,52.984700000000004,50.0,0.7142857142857143,0,0
EVS01554,3,450,5,11,DC Fast Charger,Fast Charging,No,0.30326382978723404,0.18085106382978725,94,4.125,54.586170212765964,150.0,0.6,0,0
EVS01555,5,1750,7,5,AC Level 1,Ultra-Fast Charging,Yes,0.2007657142857143,0.12380952380952381,105,1.8816190476190475,60.22980952380952,350.0,0.7142857142857143,0,0
EVS01556,6,2100,8,15,AC Level 1,Ultra-Fast Charging,Yes,0.1670775,0.025,40,0.7725,60.14475,350.0,0.75,0,0
EVS01557,4,1400,7,9,AC Level 1,Ultra-Fast Charging,No,0.2549766871165644,0.20245398773006135,163,3.6895705521472393,61.19478527607362,350.0,0.5714285714285714,0,0
EVS01558,3,66,4,11,DC Fast Charger,Destination/AC,Yes,0.3660713333333333,0.19333333333333333,151,3.9358,65.4558940397351,22.0,0.75,0,0
EVS01559,5,1750,9,10,AC Level 2,Ultra-Fast Charging,Yes,0.21050833333333333,0.20833333333333334,192,3.6184375,63.15119791666667,350.0,0.5555555555555556,0,0
EVS01560,2,700,2,3,DC Fast Charger,Ultra-Fast Charging,No,0.43263614457831323,0.39759036144578314,167,7.343493975903614,51.605089820359275,350.0,1.0,0,1
EVS01561,6,300,7,7,AC Level 2,Fast Charging,Yes,0.1603876712328767,0.0958904109589041,73,1.0091780821917808,57.740136986301366,50.0,0.8571428571428571,0,0
EVS01562,1,350,1,13,AC Level 2,Ultra-Fast Charging,Yes,0.9079545454545455,0.8333333333333334,66,6.198030303030303,62.903030303030306,350.0,1.0,1,1
EVS01563,5,110,9,8,AC Level 2,Destination/AC,Yes,0.1949735294117647,0.08823529411764706,68,1.1852941176470588,58.49176470588235,22.0,0.5555555555555556,0,0
EVS01564,2,300,3,11,AC Level 1,Fast Charging,Yes,0.5169709677419355,0.33548387096774196,155,6.1259999999999994,62.04458064516129,150.0,0.6666666666666666,1,1
EVS01565,1,22,3,5,AC Level 2,Destination/AC,No,0.8931193798449613,0.8604651162790697,129,7.92968992248062,61.68062015503876,22.0,0.3333333333333333,1,1
EVS01566,2,300,3,9,DC Fast Charger,Fast Charging,No,0.4570324324324324,0.25675675675675674,74,4.1979729729729724,54.843783783783785,150.0,0.6666666666666666,0,0
EVS01567,5,250,8,12,AC Level 1,Fast Charging,Yes,0.19757471910112362,0.19101123595505617,179,3.8168539325842694,58.941787709497206,50.0,0.625,0,0
EVS01568,1,50,2,14,AC Level 1,Fast Charging,No,0.8915418803418803,0.8376068376068376,119,8.775811965811966,60.54050420168067,50.0,0.5,1,1
EVS01569,8,1200,10,14,AC Level 2,Fast Charging,No,0.130351912568306,0.09836065573770492,185,2.10551912568306,61.892432432432436,150.0,0.8,0,0
EVS01570,3,150,5,3,AC Level 1,Fast Charging,Yes,0.34701728395061726,0.3271604938271605,163,5.25,62.07957055214724,50.0,0.6,0,1
EVS01571,1,22,1,15,DC Fast Charger,Destination/AC,Yes,0.9012888888888888,0.7777777777777778,18,1.5277777777777777,63.05888888888889,22.0,1.0,1,1
EVS01572,4,1400,5,4,DC Fast Charger,Ultra-Fast Charging,No,0.2264236111111111,0.05555555555555555,72,1.8618055555555557,54.34305555555555,350.0,0.8,0,0
EVS01573,3,450,5,15,DC Fast Charger,Fast Charging,Yes,0.3007818181818182,0.2097902097902098,143,4.172167832167832,54.14062937062937,150.0,0.6,0,0
EVS01574,4,1400,7,16,AC Level 1,Ultra-Fast Charging,Yes,0.2614082278481013,0.15822784810126583,159,3.6518037974683546,62.344276729559745,350.0,0.5714285714285714,0,0
EVS01575,1,150,3,11,DC Fast Charger,Fast Charging,Yes,0.8275685714285714,0.6857142857142857,35,4.332,54.665142857142854,150.0,0.3333333333333333,1,1
EVS01576,6,900,10,13,AC Level 2,Fast Charging,No,0.17265692307692307,0.015384615384615385,65,1.1546153846153846,62.15707692307692,150.0,0.6,0,0
EVS01577,6,132,8,16,AC Level 2,Destination/AC,Yes,0.17445963302752296,0.06422018348623854,109,1.6343119266055044,62.806605504587154,22.0,0.75,0,0
EVS01578,3,150,4,6,AC Level 2,Fast Charging,Yes,0.3489102739726027,0.1643835616438356,146,3.8612328767123287,62.803698630136985,50.0,0.75,0,0
EVS01579,5,250,10,7,DC Fast Charger,Fast Charging,Yes,0.1740310344827586,0.06896551724137931,29,0.7003448275862069,52.21068965517241,50.0,0.5,0,0
EVS01580,5,1750,8,5,AC Level 1,Ultra-Fast Charging,Yes,0.20997864077669903,0.10679611650485436,103,2.2293203883495147,62.99427184466019,350.0,0.625,0,0
EVS01581,4,1400,6,4,AC Level 2,Ultra-Fast Charging,Yes,0.25117662337662333,0.05194805194805195,77,1.5148051948051948,60.28064935064935,350.0,0.6666666666666666,0,0
EVS01582,6,900,10,13,AC Level 1,Fast Charging,No,0.17083,0.016666666666666666,60,0.9136666666666666,61.498000000000005,150.0,0.6,0,0
EVS01583,1,50,1,11,DC Fast Charger,Fast Charging,Yes,0.789225,0.75,92,8.273152173913044,52.87097826086956,50.0,1.0,1,1
EVS01584,1,350,2,3,AC Level 2,Ultra-Fast Charging,Yes,0.882579761904762,0.8809523809523809,86,8.242678571428572,59.944883720930235,350.0,0.5,1,1
EVS01585,3,66,4,3,DC Fast Charger,Destination/AC,No,0.34773063063063064,0.1981981981981982,111,4.237297297297297,62.59153153153153,22.0,0.75,0,0
EVS01586,4,200,5,13,DC Fast Charger,Fast Charging,No,0.21723150684931508,0.0684931506849315,74,2.1010273972602738,51.4295945945946,50.0,0.8,0,0
EVS01587,4,600,6,6,AC Level 1,Fast Charging,Yes,0.26324905660377357,0.18867924528301888,159,3.5697484276729563,63.180251572327045,150.0,0.6666666666666666,0,0
EVS01588,7,2450,10,13,AC Level 1,Ultra-Fast Charging,No,0.1743375,0.041666666666666664,24,0.5995833333333334,73.22333333333334,350.0,0.7,0,0
EVS01589,3,66,7,12,AC Level 2,Destination/AC,Yes,0.3393860927152318,0.304635761589404,152,5.52887417218543,60.68723684210527,22.0,0.42857142857142855,0,1
EVS01590,1,350,1,4,AC Level 2,Ultra-Fast Charging,Yes,0.9226684210526316,0.7894736842105263,19,2.424736842105263,61.79789473684211,350.0,1.0,1,1
EVS01591,1,350,2,5,AC Level 2,Ultra-Fast Charging,Yes,0.8797013986013986,0.8181818181818182,143,8.516153846153847,59.94643356643357,350.0,0.5,1,1
EVS01592,5,1750,6,8,AC Level 2,Ultra-Fast Charging,Yes,0.22688,0.1076923076923077,65,1.836,68.06446153846153,350.0,0.8333333333333334,0,0
EVS01593,8,400,10,11,AC Level 1,Fast Charging,No,0.1260239436619718,0.08450704225352113,71,0.9353521126760563,60.48915492957746,50.0,0.8,0,0
EVS01594,1,150,1,16,AC Level 1,Fast Charging,No,0.946,0.8666666666666667,15,1.1039999999999999,68.58266666666667,150.0,1.0,1,1
EVS01595,3,1050,6,15,AC Level 2,Ultra-Fast Charging,No,0.3492295774647887,0.19014084507042253,142,4.070422535211268,62.86112676056339,350.0,0.5,0,0
EVS01596,5,250,9,4,DC Fast Charger,Fast Charging,Yes,0.17468478260869566,0.08695652173913043,46,0.9658695652173913,52.40630434782609,50.0,0.5555555555555556,0,0
EVS01597,3,450,5,15,DC Fast Charger,Fast Charging,No,0.2922241134751773,0.11347517730496454,144,3.3117375886524822,51.50486111111111,150.0,0.6,0,0
EVS01598,2,300,3,3,AC Level 2,Fast Charging,Yes,0.5163901408450704,0.3732394366197183,144,6.762711267605634,61.31527777777777,150.0,0.6666666666666666,1,1
EVS01599,4,88,5,8,AC Level 2,Destination/AC,Yes,0.2437670588235294,0.16470588235294117,170,3.9518235294117643,58.50435294117647,22.0,0.8,0,0
EVS01600,7,1050,9,8,AC Level 2,Fast Charging,Yes,0.14408153846153846,0.05384615384615385,131,1.8415384615384616,60.052977099236635,150.0,0.7777777777777778,0,0
EVS01601,3,1050,6,11,AC Level 2,Ultra-Fast Charging,Yes,0.34565245901639347,0.06557377049180328,61,2.09344262295082,62.21557377049181,350.0,0.5,0,0
EVS01602,4,200,5,3,AC Level 2,Fast Charging,No,0.26195681818181815,0.12878787878787878,134,3.3145075757575757,61.93067164179104,50.0,0.8,0,0
EVS01603,5,250,7,4,DC Fast Charger,Fast Charging,No,0.18151231884057972,0.15217391304347827,138,2.827101449275362,54.452608695652174,50.0,0.7142857142857143,0,0
EVS01604,5,110,8,15,AC Level 1,Destination/AC,Yes,0.1959468085106383,0.02127659574468085,94,1.3235106382978723,58.78425531914894,22.0,0.625,0,0
EVS01605,7,2450,9,6,AC Level 1,Ultra-Fast Charging,No,0.15016875,0.03125,32,0.7675,63.0703125,350.0,0.7777777777777778,0,0
EVS01606,5,250,10,10,DC Fast Charger,Fast Charging,No,0.17007814569536422,0.18543046357615894,152,3.4614238410596023,50.688355263157895,50.0,0.5,0,0
EVS01607,4,1400,6,8,AC Level 1,Ultra-Fast Charging,Yes,0.257275,0.09090909090909091,45,1.0727272727272728,60.37555555555556,350.0,0.6666666666666666,0,0
EVS01608,4,1400,5,3,AC Level 2,Ultra-Fast Charging,No,0.25375980392156866,0.0784313725490196,102,2.8120588235294117,60.901274509803926,350.0,0.8,0,0
EVS01609,1,150,1,6,AC Level 1,Fast Charging,Yes,0.8847588235294118,0.7058823529411765,51,4.52686274509804,61.717254901960786,150.0,1.0,1,1
EVS01610,3,450,5,13,AC Level 1,Fast Charging,No,0.3517764705882353,0.058823529411764705,34,1.1752941176470588,63.32088235294117,150.0,0.6,0,0
EVS01611,5,250,8,4,DC Fast Charger,Fast Charging,No,0.17501408450704226,0.11971830985915492,142,2.853943661971831,52.50422535211268,50.0,0.625,0,0
EVS01612,6,300,8,11,DC Fast Charger,Fast Charging,Yes,0.14084871794871795,0.05128205128205128,39,0.7228205128205129,50.706153846153846,50.0,0.75,0,0
EVS01613,2,100,3,13,AC Level 1,Fast Charging,Yes,0.5055482456140351,0.2719298245614035,114,5.39359649122807,60.665350877192985,50.0,0.6666666666666666,0,0
EVS01614,4,88,6,11,AC Level 2,Destination/AC,No,0.25891,0.13846153846153847,130,2.8646153846153846,62.137846153846155,22.0,0.6666666666666666,0,0
EVS01615,3,1050,4,9,AC Level 1,Ultra-Fast Charging,Yes,0.3474315789473684,0.07894736842105263,38,1.2489473684210526,62.53684210526316,350.0,0.75,0,0
EVS01616,1,22,1,9,AC Level 2,Destination/AC,Yes,0.9331241379310345,0.8448275862068966,58,4.226379310344828,66.68689655172415,22.0,1.0,1,1
EVS01617,2,44,3,9,DC Fast Charger,Destination/AC,Yes,0.5060294117647058,0.39869281045751637,154,7.097352941176471,60.32974025974026,22.0,0.6666666666666666,0,1
EVS01618,4,1400,5,11,DC Fast Charger,Ultra-Fast Charging,No,0.21450458015267176,0.13740458015267176,133,2.8514122137404576,50.707142857142856,350.0,0.8,0,0
EVS01619,1,22,1,16,DC Fast Charger,Destination/AC,No,0.9098181818181819,0.7272727272727273,33,2.853030303030303,68.71060606060605,22.0,1.0,1,1
EVS01620,1,22,1,14,AC Level 2,Destination/AC,No,0.8852344262295081,0.8415300546448088,186,9.05035519125683,60.459999999999994,22.0,1.0,1,1
EVS01621,5,1750,6,6,AC Level 1,Ultra-Fast Charging,Yes,0.2171478260869565,0.06521739130434782,46,1.236304347826087,65.14434782608696,350.0,0.8333333333333334,0,0
EVS01622,3,450,4,14,DC Fast Charger,Fast Charging,No,0.2959923076923077,0.15384615384615385,13,0.8546153846153847,53.27846153846154,150.0,0.75,0,0
EVS01623,2,300,2,11,AC Level 1,Fast Charging,Yes,0.49209659090909086,0.36363636363636365,176,7.3848863636363635,59.05153409090909,150.0,1.0,0,1
EVS01624,4,200,6,16,AC Level 1,Fast Charging,Yes,0.2612904761904762,0.047619047619047616,21,0.4780952380952381,62.709523809523816,50.0,0.6666666666666666,0,0
EVS01625,7,1050,8,3,AC Level 2,Fast Charging,No,0.14446140350877193,0.06140350877192982,114,1.3977192982456141,60.67368421052632,150.0,0.875,0,0
EVS01626,4,88,7,11,AC Level 2,Destination/AC,Yes,0.2465984771573604,0.27918781725888325,197,4.98502538071066,59.184010152284266,22.0,0.5714285714285714,0,0
EVS01627,3,1050,5,12,AC Level 1,Ultra-Fast Charging,No,0.33588130081300815,0.13821138211382114,123,3.4938211382113824,60.45821138211382,350.0,0.6,0,0
EVS01628,6,300,10,13,DC Fast Charger,Fast Charging,Yes,0.13942403100775194,0.07751937984496124,130,1.7524806201550387,49.805230769230775,50.0,0.6,0,0
EVS01629,1,350,1,3,AC Level 1,Ultra-Fast Charging,No,0.8854654320987655,0.7530864197530864,81,5.519259259259259,62.068641975308644,350.0,1.0,1,1
EVS01630,2,100,3,5,AC Level 1,Fast Charging,Yes,0.5336060606060606,0.15151515151515152,33,1.7884848484848486,64.03272727272727,50.0,0.6666666666666666,1,0
EVS01631,7,154,9,10,AC Level 1,Destination/AC,Yes,0.13898376068376067,0.09401709401709402,117,1.6366666666666667,58.37299145299146,22.0,0.7777777777777778,0,0
EVS01632,4,200,5,12,AC Level 1,Fast Charging,Yes,0.2635236994219653,0.23699421965317918,174,4.106791907514451,62.88235632183908,50.0,0.8,0,0
EVS01633,1,50,1,9,AC Level 1,Fast Charging,No,0.8518192307692308,0.6923076923076923,26,2.2011538461538462,56.46769230769231,50.0,1.0,1,1
EVS01634,4,600,6,11,AC Level 2,Fast Charging,No,0.2600880794701987,0.10596026490066225,152,3.188543046357616,62.010197368421046,150.0,0.6666666666666666,0,0
EVS01635,2,44,3,16,AC Level 2,Destination/AC,Yes,0.5286773333333333,0.21333333333333335,75,4.738533333333333,63.44133333333334,22.0,0.6666666666666666,1,0
EVS01636,3,66,6,11,AC Level 2,Destination/AC,Yes,0.35945943396226415,0.19811320754716982,106,3.693490566037736,64.70301886792453,22.0,0.5,0,0
EVS01637,5,250,7,6,AC Level 2,Fast Charging,No,0.19894545454545454,0.0,33,0.6372727272727273,59.68757575757576,50.0,0.7142857142857143,0,0
EVS01638,6,2100,7,8,DC Fast Charger,Ultra-Fast Charging,Yes,0.1484043956043956,0.08791208791208792,91,1.636043956043956,53.425934065934065,350.0,0.8571428571428571,0,0
EVS01639,6,2100,8,15,AC Level 2,Ultra-Fast Charging,Yes,0.16356140350877194,0.10526315789473684,57,0.9731578947368421,58.88175438596492,350.0,0.75,0,0
EVS01640,4,88,5,6,DC Fast Charger,Destination/AC,No,0.24919863013698632,0.0410958904109589,73,1.447123287671233,59.80726027397261,22.0,0.8,0,0
EVS01641,4,600,6,7,AC Level 2,Fast Charging,Yes,0.25486953125,0.140625,128,3.435625,61.168203125,150.0,0.6666666666666666,0,0
EVS01642,5,1750,8,8,DC Fast Charger,Ultra-Fast Charging,No,0.1839,0.0,25,0.5544,55.169200000000004,350.0,0.625,0,0
EVS01643,4,88,8,7,DC Fast Charger,Destination/AC,Yes,0.25190886075949365,0.0759493670886076,80,2.533987341772152,59.70225000000001,22.0,0.5,0,0
EVS01644,5,1750,8,4,DC Fast Charger,Ultra-Fast Charging,No,0.16262177419354837,0.06451612903225806,124,2.1821774193548387,48.78725806451613,350.0,0.625,0,0
EVS01645,3,150,4,15,DC Fast Charger,Fast Charging,Yes,0.31408780487804877,0.07317073170731707,41,1.1778048780487804,56.53609756097561,50.0,0.75,0,0
EVS01646,4,88,8,14,AC Level 2,Destination/AC,Yes,0.23606190476190475,0.015873015873015872,63,1.591111111111111,56.65380952380953,22.0,0.5,0,0
EVS01647,2,100,4,5,DC Fast Charger,Fast Charging,No,0.43384534883720927,0.16279069767441862,86,3.4194186046511628,52.061511627906974,50.0,0.5,0,0
EVS01648,4,1400,5,3,AC Level 2,Ultra-Fast Charging,Yes,0.26711782945736434,0.10077519379844961,130,2.6360077519379845,63.61553846153846,350.0,0.8,0,0
EVS01649,4,200,7,8,DC Fast Charger,Fast Charging,Yes,0.2191461956521739,0.1956521739130435,184,3.9413586956521742,52.59527173913044,50.0,0.5714285714285714,0,0
EVS01650,3,450,5,15,DC Fast Charger,Fast Charging,Yes,0.2922681818181818,0.2597402597402597,155,4.7462012987012985,52.26903225806451,150.0,0.6,0,0
EVS01651,1,150,2,3,DC Fast Charger,Fast Charging,Yes,0.8132128205128205,0.6153846153846154,39,3.8158974358974356,55.203589743589745,150.0,0.5,1,1
EVS01652,4,600,6,16,DC Fast Charger,Fast Charging,Yes,0.24635625,0.0625,16,0.66625,59.1275,150.0,0.6666666666666666,0,0
EVS01653,4,88,6,8,AC Level 2,Destination/AC,Yes,0.23047142857142858,0.047619047619047616,21,0.5585714285714286,55.31428571428571,22.0,0.6666666666666666,0,0
EVS01654,6,2100,10,9,AC Level 2,Ultra-Fast Charging,No,0.16034392523364485,0.09345794392523364,107,2.193644859813084,57.72457943925233,350.0,0.6,0,0
EVS01655,6,900,9,10,DC Fast Charger,Fast Charging,No,0.14005365853658538,0.0,41,0.7792682926829269,50.42121951219512,150.0,0.6666666666666666,0,0
EVS01656,5,250,10,6,AC Level 2,Fast Charging,No,0.20923709677419355,0.0967741935483871,63,1.3955645161290324,61.77587301587302,50.0,0.5,0,0
EVS01657,6,132,7,8,AC Level 1,Destination/AC,Yes,0.1675457516339869,0.1437908496732026,155,2.5102287581699345,59.539096774193546,22.0,0.8571428571428571,0,0
EVS01658,4,88,8,6,DC Fast Charger,Destination/AC,No,0.2585671052631579,0.2565789473684211,153,4.280394736842105,61.649803921568626,22.0,0.5,0,0
EVS01659,4,600,6,15,AC Level 2,Fast Charging,No,0.25135276073619633,0.17177914110429449,163,3.342515337423313,60.325276073619634,150.0,0.6666666666666666,0,0
EVS01660,3,150,6,15,DC Fast Charger,Fast Charging,Yes,0.28733888888888887,0.06944444444444445,72,1.640138888888889,51.721805555555555,50.0,0.5,0,0
EVS01661,7,1050,10,10,AC Level 2,Fast Charging,No,0.145262015503876,0.09302325581395349,129,1.516046511627907,61.00984496124031,150.0,0.7,0,0
EVS01662,4,88,8,9,AC Level 1,Destination/AC,No,0.27191875,0.13392857142857142,113,2.6325000000000003,64.68451327433628,22.0,0.5,0,0
EVS01663,1,150,1,13,DC Fast Charger,Fast Charging,No,0.7933898305084747,0.5423728813559322,59,3.9289830508474575,52.65677966101695,150.0,1.0,1,1
EVS01664,1,350,1,13,DC Fast Charger,Ultra-Fast Charging,Yes,0.7563234693877551,0.7040816326530612,98,8.419183673469389,49.13418367346939,350.0,1.0,1,1
EVS01665,4,1400,6,12,AC Level 2,Ultra-Fast Charging,No,0.2471504854368932,0.07766990291262135,103,2.2883495145631065,59.316213592233005,350.0,0.6666666666666666,0,0
EVS01666,2,44,4,15,AC Level 1,Destination/AC,Yes,0.4958843373493976,0.1566265060240964,83,3.643855421686747,59.50626506024097,22.0,0.5,0,0
EVS01667,3,1050,6,9,AC Level 1,Ultra-Fast Charging,No,0.35785,0.19117647058823528,137,4.25764705882353,63.943284671532844,350.0,0.5,0,0
EVS01668,3,150,5,4,AC Level 2,Fast Charging,Yes,0.34325746268656715,0.1865671641791045,134,4.600074626865672,61.78611940298507,50.0,0.6,0,0
EVS01669,1,50,1,11,DC Fast Charger,Fast Charging,Yes,0.8165792079207922,0.7029702970297029,102,6.9655445544554455,51.904607843137256,50.0,1.0,1,1
EVS01670,1,50,1,13,DC Fast Charger,Fast Charging,Yes,0.8012069620253165,0.7151898734177216,158,8.080253164556963,51.725696202531644,50.0,1.0,1,1
EVS01671,5,750,6,12,DC Fast Charger,Fast Charging,Yes,0.17536730769230768,0.1346153846153846,157,2.711121794871795,52.27484076433121,150.0,0.8333333333333334,0,0
EVS01672,1,350,1,10,DC Fast Charger,Ultra-Fast Charging,Yes,0.7950830508474577,0.6694915254237288,118,7.840084745762712,51.780762711864405,350.0,1.0,1,1
EVS01673,3,66,4,10,AC Level 2,Destination/AC,No,0.32982307692307694,0.09230769230769231,65,1.8335384615384613,59.36938461538462,22.0,0.75,0,0
EVS01674,4,200,7,13,AC Level 1,Fast Charging,Yes,0.2609251968503937,0.1889763779527559,127,3.3122834645669292,62.621417322834645,50.0,0.5714285714285714,0,0
EVS01675,4,1400,5,6,AC Level 2,Ultra-Fast Charging,No,0.25304179104477614,0.1417910447761194,134,3.0882835820895522,60.73082089552239,350.0,0.8,0,0
EVS01676,6,900,9,6,AC Level 2,Fast Charging,No,0.1620957055214724,0.147239263803681,164,2.775950920245399,57.99859756097561,150.0,0.6666666666666666,0,0
EVS01677,7,1050,10,13,DC Fast Charger,Fast Charging,Yes,0.13510526315789476,0.0,38,0.6671052631578948,56.7428947368421,150.0,0.7,0,0
EVS01678,2,44,2,4,DC Fast Charger,Destination/AC,Yes,0.538663953488372,0.2558139534883721,86,3.322674418604651,64.65581395348836,22.0,1.0,1,0
EVS01679,1,22,1,11,AC Level 1,Destination/AC,No,0.8952778443113772,0.8263473053892215,167,8.077125748502995,61.31185628742515,22.0,1.0,1,1
EVS01680,3,450,4,5,AC Level 1,Fast Charging,Yes,0.34905923076923073,0.16923076923076924,130,3.268076923076923,62.830615384615385,150.0,0.75,0,0
EVS01681,7,1050,10,11,AC Level 2,Fast Charging,No,0.1450473372781065,0.08875739644970414,169,2.4114792899408286,60.91905325443787,150.0,0.7,0,0
EVS01682,3,450,5,12,AC Level 2,Fast Charging,No,0.3753684210526316,0.0,19,1.0089473684210526,67.56736842105263,150.0,0.6,0,0
EVS01683,4,1400,6,13,AC Level 2,Ultra-Fast Charging,Yes,0.27655555555555555,0.037037037037037035,27,0.6392592592592593,66.37296296296296,350.0,0.6666666666666666,0,0
EVS01684,6,900,9,11,DC Fast Charger,Fast Charging,No,0.1501204918032787,0.07377049180327869,123,2.201065573770492,53.60260162601626,150.0,0.6666666666666666,0,0
EVS01685,7,1050,9,15,DC Fast Charger,Fast Charging,Yes,0.11918157894736843,0.09210526315789473,76,1.013421052631579,50.05736842105264,150.0,0.7777777777777778,0,0
EVS01686,6,2100,8,8,DC Fast Charger,Ultra-Fast Charging,Yes,0.14863086419753085,0.037037037037037035,81,1.8261728395061727,53.50530864197531,350.0,0.75,0,0
EVS01687,1,50,3,3,DC Fast Charger,Fast Charging,Yes,0.8241959183673471,0.7040816326530612,98,7.381734693877551,53.22091836734693,50.0,0.3333333333333333,1,1
EVS01688,4,1400,7,7,AC Level 2,Ultra-Fast Charging,Yes,0.23212875,0.0875,80,1.891625,55.71062500000001,350.0,0.5714285714285714,0,0
EVS01689,1,50,2,10,AC Level 2,Fast Charging,Yes,0.8845055865921788,0.8324022346368715,179,9.064189944134078,62.12983240223463,50.0,0.5,1,1
EVS01690,3,1050,5,12,DC Fast Charger,Ultra-Fast Charging,No,0.28672,0.02857142857142857,35,0.968857142857143,51.61028571428571,350.0,0.6,0,0
EVS01691,2,44,4,16,AC Level 2,Destination/AC,Yes,0.5252541095890411,0.3424657534246575,146,6.2775342465753425,63.031780821917806,22.0,0.5,1,1
EVS01692,4,1400,5,13,AC Level 1,Ultra-Fast Charging,Yes,0.25259805194805196,0.2077922077922078,155,4.202824675324676,60.23154838709677,350.0,0.8,0,0
EVS01693,1,22,2,14,AC Level 1,Destination/AC,No,0.8845967479674797,0.8455284552845529,125,8.044837398373984,60.64544,22.0,0.5,1,1
EVS01694,3,450,4,5,AC Level 1,Fast Charging,Yes,0.32903521126760565,0.1267605633802817,71,2.258450704225352,59.22605633802817,150.0,0.75,0,0
EVS01695,1,50,1,14,AC Level 1,Fast Charging,Yes,0.85252,0.75,40,4.0705,57.4465,50.0,1.0,1,1
EVS01696,3,66,4,12,AC Level 1,Destination/AC,Yes,0.3441744,0.208,126,4.36772,61.45944444444445,22.0,0.75,0,0
EVS01697,1,150,2,5,AC Level 1,Fast Charging,No,0.8795823008849557,0.7876106194690266,113,6.696460176991151,60.08654867256637,150.0,0.5,1,1
EVS01698,4,88,5,4,AC Level 2,Destination/AC,No,0.26582564102564105,0.10256410256410256,39,1.0633333333333332,63.79769230769231,22.0,0.8,0,0
EVS01699,3,150,6,13,DC Fast Charger,Fast Charging,No,0.2940206349206349,0.031746031746031744,64,2.1473809523809524,52.09703125,50.0,0.5,0,0
EVS01700,4,88,8,13,AC Level 1,Destination/AC,No,0.2622488636363636,0.19318181818181818,177,3.899602272727273,62.58367231638418,22.0,0.5,0,0
EVS01701,1,50,2,7,AC Level 2,Fast Charging,Yes,0.8685338235294118,0.7352941176470589,68,5.66735294117647,57.506911764705876,50.0,0.5,1,1
EVS01702,8,2800,10,13,DC Fast Charger,Ultra-Fast Charging,Yes,0.11095833333333334,0.020833333333333332,48,0.6116666666666667,53.258125,350.0,0.8,0,0
EVS01703,3,66,6,4,AC Level 1,Destination/AC,No,0.3308455882352941,0.19852941176470587,137,3.8724999999999996,59.1163503649635,22.0,0.5,0,0
EVS01704,3,150,4,15,DC Fast Charger,Fast Charging,Yes,0.2996255319148936,0.06382978723404255,47,1.5093617021276595,53.933617021276596,50.0,0.75,0,0
EVS01705,7,1050,9,7,AC Level 1,Fast Charging,No,0.15238782051282052,0.08333333333333333,158,2.579102564102564,63.19379746835443,150.0,0.7777777777777778,0,0
EVS01706,1,150,1,3,AC Level 1,Fast Charging,No,0.8811211180124223,0.8385093167701864,163,8.612857142857143,60.90122699386503,150.0,1.0,1,1
EVS01707,3,150,5,7,AC Level 1,Fast Charging,No,0.339663687150838,0.2905027932960894,181,5.103631284916202,60.46419889502763,50.0,0.6,0,1
EVS01708,3,450,6,8,AC Level 2,Fast Charging,Yes,0.35315927835051547,0.29381443298969073,194,5.54360824742268,63.56881443298969,150.0,0.5,0,1
EVS01709,6,132,10,10,AC Level 2,Destination/AC,Yes,0.15347291666666665,0.020833333333333332,48,1.0531249999999999,55.25,22.0,0.6,0,0
EVS01710,3,66,5,10,AC Level 2,Destination/AC,Yes,0.3305825,0.075,40,1.7035,59.5055,22.0,0.6,0,0
EVS01711,7,154,9,13,AC Level 1,Destination/AC,No,0.1534,0.13114754098360656,61,1.0408196721311476,64.42508196721312,22.0,0.7777777777777778,0,0
EVS01712,3,1050,5,6,AC Level 2,Ultra-Fast Charging,Yes,0.3469333333333333,0.18627450980392157,102,3.8351960784313723,62.44764705882353,350.0,0.6,0,0
EVS01713,1,350,1,5,AC Level 2,Ultra-Fast Charging,Yes,0.8893592105263158,0.8421052631578947,152,8.72703947368421,60.21881578947369,350.0,1.0,1,1
EVS01714,1,22,2,7,AC Level 1,Destination/AC,Yes,0.8816472222222222,0.7777777777777778,145,7.958368055555557,61.40662068965516,22.0,0.5,1,1
EVS01715,4,600,6,13,AC Level 1,Fast Charging,No,0.2506381679389313,0.09923664122137404,133,3.2116030534351148,59.2490977443609,150.0,0.6666666666666666,0,0
EVS01716,5,110,9,7,AC Level 2,Destination/AC,No,0.2102551948051948,0.15584415584415584,155,2.7488636363636365,62.67051612903226,22.0,0.5555555555555556,0,0
EVS01717,3,450,4,16,AC Level 1,Fast Charging,No,0.3380112781954887,0.17293233082706766,133,3.5751127819548874,60.841879699248125,150.0,0.75,0,0
EVS01718,3,150,6,10,AC Level 2,Fast Charging,Yes,0.34075609756097563,0.07317073170731707,82,2.0223170731707314,61.33536585365854,50.0,0.5,0,0
EVS01719,1,22,1,3,AC Level 1,Destination/AC,No,0.8630881720430108,0.7311827956989247,93,6.67494623655914,58.32043010752688,22.0,1.0,1,1
EVS01720,3,1050,4,6,AC Level 1,Ultra-Fast Charging,Yes,0.3275355769230769,0.14423076923076922,104,3.7172115384615383,58.957115384615385,350.0,0.75,0,0
EVS01721,2,300,4,6,DC Fast Charger,Fast Charging,Yes,0.44451875,0.09375,32,1.41,53.3421875,150.0,0.5,0,0
EVS01722,2,700,5,12,AC Level 2,Ultra-Fast Charging,Yes,0.49646232876712326,0.2945205479452055,148,5.97054794520548,59.178445945945946,350.0,0.4,0,1
EVS01723,5,250,8,7,AC Level 2,Fast Charging,No,0.2073984375,0.09375,128,2.4234375,62.221484375,50.0,0.625,0,0
EVS01724,5,1750,10,7,AC Level 2,Ultra-Fast Charging,Yes,0.20347580645161292,0.12903225806451613,125,2.732741935483871,60.55512,350.0,0.5,0,0
EVS01725,2,300,3,3,AC Level 2,Fast Charging,No,0.5337465909090909,0.32954545454545453,88,5.662159090909091,64.04920454545454,150.0,0.6666666666666666,1,1
EVS01726,3,1050,4,4,DC Fast Charger,Ultra-Fast Charging,No,0.2773235714285714,0.18571428571428572,140,3.943571428571429,49.918,350.0,0.75,0,0
EVS01727,6,132,9,3,DC Fast Charger,Destination/AC,No,0.17487671957671955,0.1111111111111111,191,2.8862698412698413,62.295811518324605,22.0,0.6666666666666666,0,0
EVS01728,4,1400,7,11,DC Fast Charger,Ultra-Fast Charging,No,0.2262359649122807,0.07894736842105263,116,2.4771491228070173,53.360517241379306,350.0,0.5714285714285714,0,0
EVS01729,5,110,8,13,AC Level 2,Destination/AC,No,0.19834719101123593,0.1348314606741573,90,2.0855056179775278,58.842666666666666,22.0,0.625,0,0
EVS01730,4,600,8,12,AC Level 2,Fast Charging,Yes,0.24688235294117647,0.058823529411764705,34,0.9791176470588235,59.25323529411765,150.0,0.5,0,0
EVS01731,8,1200,9,15,AC Level 2,Fast Charging,No,0.12575133333333333,0.08,150,1.4363333333333332,60.36226666666667,150.0,0.8888888888888888,0,0
EVS01732,1,50,2,3,DC Fast Charger,Fast Charging,Yes,0.8208505555555555,0.7444444444444445,181,9.270805555555556,54.05292817679558,50.0,0.5,1,1
EVS01733,4,1400,6,10,AC Level 1,Ultra-Fast Charging,Yes,0.2591593103448276,0.13793103448275862,146,3.0802758620689654,61.772739726027396,350.0,0.6666666666666666,0,0
EVS01734,2,700,3,16,AC Level 1,Ultra-Fast Charging,No,0.4958384146341463,0.3780487804878049,165,6.996585365853659,59.16375757575758,350.0,0.6666666666666666,0,1
EVS01735,3,150,6,13,AC Level 2,Fast Charging,No,0.35672420382165604,0.27388535031847133,157,5.115859872611465,64.20968152866241,50.0,0.5,0,0
EVS01736,1,22,1,4,AC Level 1,Destination/AC,Yes,0.9032905405405406,0.8783783783783784,148,8.570337837837839,62.626621621621624,22.0,1.0,1,1
EVS01737,4,600,7,4,AC Level 1,Fast Charging,No,0.25488627450980395,0.08823529411764706,103,2.1079901960784313,60.5790291262136,150.0,0.5714285714285714,0,0
EVS01738,7,2450,9,4,DC Fast Charger,Ultra-Fast Charging,Yes,0.1308969696969697,0.09090909090909091,33,0.38515151515151513,54.97545454545455,350.0,0.7777777777777778,0,0
EVS01739,4,1400,6,5,AC Level 2,Ultra-Fast Charging,No,0.2397375,0.0,16,0.789375,57.536875,350.0,0.6666666666666666,0,0
EVS01740,6,2100,8,7,AC Level 1,Ultra-Fast Charging,No,0.16187884615384615,0.019230769230769232,52,0.8746153846153846,58.27961538461538,350.0,0.75,0,0
EVS01741,6,2100,8,8,AC Level 2,Ultra-Fast Charging,Yes,0.17270714285714286,0.08333333333333333,85,1.4392261904761905,61.44341176470588,350.0,0.75,0,0
EVS01742,5,750,6,14,AC Level 2,Fast Charging,No,0.19827519379844963,0.10077519379844961,129,2.6127131782945736,59.48139534883721,150.0,0.8333333333333334,0,0
EVS01743,1,50,1,3,DC Fast Charger,Fast Charging,No,0.8096966292134832,0.6853932584269663,89,7.281573033707865,53.75303370786517,50.0,1.0,1,1
EVS01744,6,132,9,11,DC Fast Charger,Destination/AC,No,0.182225,0.08333333333333333,12,0.37833333333333335,65.60333333333334,22.0,0.6666666666666666,0,0
EVS01745,1,350,1,8,AC Level 2,Ultra-Fast Charging,Yes,0.8717823529411765,0.6617647058823529,70,4.387279411764705,58.407000000000004,350.0,1.0,1,1
EVS01746,4,600,7,16,AC Level 2,Fast Charging,No,0.24917446808510638,0.19680851063829788,189,3.9147872340425534,59.48513227513228,150.0,0.5714285714285714,0,0
EVS01747,6,300,8,5,DC Fast Charger,Fast Charging,Yes,0.1474728323699422,0.1676300578034682,173,2.9172254335260117,53.09057803468208,50.0,0.75,0,0
EVS01748,2,300,4,16,DC Fast Charger,Fast Charging,Yes,0.42244666666666664,0.2,75,3.3046666666666664,50.69293333333333,150.0,0.5,0,0
EVS01749,5,750,10,15,AC Level 2,Fast Charging,No,0.20376849315068493,0.136986301369863,146,2.6545205479452054,61.13143835616439,150.0,0.5,0,0
EVS01750,8,176,10,4,DC Fast Charger,Destination/AC,No,0.12344222222222222,0.05185185185185185,135,1.7564444444444445,59.252,22.0,0.8,0,0
EVS01751,4,88,6,11,AC Level 1,Destination/AC,Yes,0.2540315789473684,0.20526315789473684,190,4.0440000000000005,60.96752631578947,22.0,0.6666666666666666,0,0
EVS01752,2,700,3,11,AC Level 1,Ultra-Fast Charging,Yes,0.5134046783625731,0.38596491228070173,172,6.9988596491228074,61.25040697674419,350.0,0.6666666666666666,1,1
EVS01753,4,600,7,7,AC Level 2,Fast Charging,Yes,0.25266030534351147,0.15267175572519084,131,3.2272519083969464,60.638625954198474,150.0,0.5714285714285714,0,0
EVS01754,6,132,9,16,DC Fast Charger,Destination/AC,No,0.17243846153846154,0.038461538461538464,78,1.2215384615384615,62.0774358974359,22.0,0.6666666666666666,0,0
EVS01755,6,2100,7,5,AC Level 2,Ultra-Fast Charging,No,0.16992748091603055,0.061068702290076333,133,1.7261450381679388,60.25511278195489,350.0,0.8571428571428571,0,0
EVS01756,3,450,7,3,AC Level 1,Fast Charging,Yes,0.3585333333333333,0.12698412698412698,63,1.7461904761904763,64.5352380952381,150.0,0.42857142857142855,0,0
EVS01757,4,88,8,9,DC Fast Charger,Destination/AC,Yes,0.24180327868852458,0.08196721311475409,61,1.822295081967213,58.03295081967214,22.0,0.5,0,0
EVS01758,5,750,8,16,AC Level 1,Fast Charging,No,0.20323739130434781,0.06956521739130435,115,2.0823478260869566,60.97052173913043,150.0,0.625,0,0
EVS01759,4,1400,5,11,AC Level 1,Ultra-Fast Charging,Yes,0.2612430769230769,0.13846153846153847,130,3.014153846153846,62.698230769230776,350.0,0.8,0,0
EVS01760,2,44,3,6,DC Fast Charger,Destination/AC,Yes,0.5211915254237288,0.2542372881355932,118,5.14457627118644,62.542457627118644,22.0,0.6666666666666666,1,0
EVS01761,2,100,2,5,DC Fast Charger,Fast Charging,No,0.4321445945945946,0.21621621621621623,74,3.602972972972973,51.85702702702703,50.0,1.0,0,0
EVS01762,2,300,2,11,DC Fast Charger,Fast Charging,Yes,0.4164333333333333,0.22727272727272727,66,4.429242424242424,49.9719696969697,150.0,1.0,0,0
EVS01763,3,450,5,3,AC Level 2,Fast Charging,Yes,0.3292333333333333,0.047619047619047616,21,0.659047619047619,59.26095238095238,150.0,0.6,0,0
EVS01764,7,2450,9,3,AC Level 2,Ultra-Fast Charging,Yes,0.13962279411764708,0.0661764705882353,136,1.6165441176470587,58.64161764705882,350.0,0.7777777777777778,0,0
EVS01765,1,150,1,15,AC Level 2,Fast Charging,No,0.8882691588785047,0.8504672897196262,107,8.818971962616823,60.927850467289716,150.0,1.0,1,1
EVS01766,5,750,7,11,AC Level 2,Fast Charging,No,0.1877616883116883,0.09090909090909091,155,3.026331168831169,55.965612903225804,150.0,0.7142857142857143,0,0
EVS01767,1,150,2,11,AC Level 1,Fast Charging,No,0.8982855670103094,0.8247422680412371,97,6.9420618556701035,61.931752577319585,150.0,0.5,1,1
EVS01768,3,150,4,14,AC Level 2,Fast Charging,No,0.3228244897959184,0.12244897959183673,99,2.8459183673469384,57.52131313131313,50.0,0.75,0,0
EVS01769,8,2800,10,15,AC Level 1,Ultra-Fast Charging,No,0.13657272727272726,0.09090909090909091,22,0.44681818181818184,65.55681818181819,350.0,0.8,0,0
EVS01770,8,1200,10,16,AC Level 2,Fast Charging,No,0.1190975,0.025,40,0.6214999999999999,57.16975,150.0,0.8,0,0
EVS01771,3,66,3,13,DC Fast Charger,Destination/AC,Yes,0.33975616438356165,0.0273972602739726,73,2.194794520547945,61.1572602739726,22.0,1.0,0,0
EVS01772,4,1400,6,15,AC Level 2,Ultra-Fast Charging,No,0.25687662337662337,0.06493506493506493,78,2.10461038961039,60.85923076923078,350.0,0.6666666666666666,0,0
EVS01773,2,100,3,11,AC Level 1,Fast Charging,No,0.5383076923076924,0.2153846153846154,66,2.740769230769231,63.845151515151514,50.0,0.6666666666666666,1,0
EVS01774,1,350,1,11,DC Fast Charger,Ultra-Fast Charging,No,0.7841023529411766,0.6470588235294118,85,6.352588235294118,51.56399999999999,350.0,1.0,1,1
EVS01775,5,250,9,9,AC Level 1,Fast Charging,No,0.19838142857142857,0.11428571428571428,140,2.5119285714285717,59.513571428571424,50.0,0.5555555555555556,0,0
EVS01776,4,1400,8,8,AC Level 2,Ultra-Fast Charging,No,0.2787818181818182,0.06060606060606061,33,0.7318181818181818,66.90848484848485,350.0,0.5,0,0
EVS01777,6,132,9,9,AC Level 2,Destination/AC,Yes,0.16516486486486487,0.08108108108108109,74,1.032837837837838,59.46,22.0,0.6666666666666666,0,0
EVS01778,2,100,2,12,DC Fast Charger,Fast Charging,No,0.42558,0.07692307692307693,65,1.8233846153846154,51.07015384615384,50.0,1.0,0,0
EVS01779,3,150,6,9,AC Level 1,Fast Charging,No,0.352185,0.08333333333333333,61,2.3998333333333335,62.35360655737705,50.0,0.5,0,0
EVS01780,7,350,10,7,DC Fast Charger,Fast Charging,Yes,0.12760296296296297,0.07407407407407407,136,1.803925925925926,53.20125,50.0,0.7,0,0
EVS01781,5,110,10,7,DC Fast Charger,Destination/AC,No,0.20944999999999997,0.14285714285714285,14,0.46071428571428574,62.83714285714286,22.0,0.5,0,0
EVS01782,2,700,3,4,AC Level 2,Ultra-Fast Charging,Yes,0.5482985294117647,0.20588235294117646,68,3.1627941176470586,66.0264705882353,350.0,0.6666666666666666,1,0
EVS01783,7,350,10,8,AC Level 2,Fast Charging,No,0.156116,0.0,25,0.49479999999999996,65.56519999999999,50.0,0.7,0,0
EVS01784,3,1050,5,4,DC Fast Charger,Ultra-Fast Charging,Yes,0.27381524390243905,0.3048780487804878,164,5.296524390243903,49.28689024390244,350.0,0.6,0,1
EVS01785,5,750,6,5,AC Level 1,Fast Charging,Yes,0.20639044117647057,0.07352941176470588,136,2.192941176470588,61.917132352941174,150.0,0.8333333333333334,0,0
EVS01786,4,200,8,13,AC Level 2,Fast Charging,Yes,0.2519047619047619,0.0,63,1.5303174603174603,60.45603174603175,50.0,0.5,0,0
EVS01787,7,350,9,16,AC Level 2,Fast Charging,Yes,0.14680555555555555,0.013888888888888888,72,0.7494444444444445,61.657777777777774,50.0,0.7777777777777778,0,0
EVS01788,2,300,3,11,AC Level 1,Fast Charging,No,0.50912,0.13333333333333333,30,1.594,61.09433333333333,150.0,0.6666666666666666,0,0
EVS01789,8,1200,9,15,DC Fast Charger,Fast Charging,No,0.1132795918367347,0.05102040816326531,98,1.1644897959183673,54.373571428571424,150.0,0.8888888888888888,0,0
EVS01790,5,110,7,9,AC Level 1,Destination/AC,No,0.19807910447761193,0.17164179104477612,134,2.9498507462686567,59.422985074626865,22.0,0.7142857142857143,0,0
EVS01791,1,150,2,12,AC Level 2,Fast Charging,Yes,0.8928082474226804,0.8041237113402062,97,8.87701030927835,61.0,150.0,0.5,1,1
EVS01792,4,200,9,7,AC Level 2,Fast Charging,Yes,0.2671701570680628,0.14136125654450263,192,3.521204188481675,63.786875,50.0,0.4444444444444444,0,0
EVS01793,2,100,5,5,AC Level 2,Fast Charging,Yes,0.44146823529411766,0.21176470588235294,85,3.5928235294117647,52.976470588235294,50.0,0.4,0,0
EVS01794,3,150,4,4,DC Fast Charger,Fast Charging,No,0.2893428571428571,0.07142857142857142,57,1.7957142857142858,51.167719298245615,50.0,0.75,0,0
EVS01795,1,150,1,8,AC Level 2,Fast Charging,Yes,0.9021964705882353,0.8352941176470589,86,7.137235294117646,61.32953488372093,150.0,1.0,1,1
EVS01796,6,2100,9,11,AC Level 2,Ultra-Fast Charging,Yes,0.16986964285714287,0.05357142857142857,56,0.8619642857142856,61.15339285714286,350.0,0.6666666666666666,0,0
EVS01797,6,900,9,8,AC Level 2,Fast Charging,No,0.17084010152284262,0.1065989847715736,197,2.7602030456852793,61.50258883248731,150.0,0.6666666666666666,0,0
EVS01798,4,88,6,6,AC Level 1,Destination/AC,Yes,0.2542756097560976,0.024390243902439025,41,1.011219512195122,61.02634146341463,22.0,0.6666666666666666,0,0
EVS01799,3,150,4,7,AC Level 2,Fast Charging,Yes,0.33929038461538463,0.0673076923076923,105,2.826394230769231,60.49028571428571,50.0,0.75,0,0
EVS01800,4,88,6,5,AC Level 2,Destination/AC,No,0.25547663551401867,0.07476635514018691,108,1.5828504672897197,60.74703703703704,22.0,0.6666666666666666,0,0
EVS01801,1,350,1,8,DC Fast Charger,Ultra-Fast Charging,No,0.8130969696969697,0.6060606060606061,33,2.503030303030303,54.71363636363636,350.0,1.0,1,1
EVS01802,7,154,10,4,DC Fast Charger,Destination/AC,No,0.13684719101123594,0.07865168539325842,89,1.0817977528089888,57.47404494382023,22.0,0.7,0,0
EVS01803,6,2100,7,11,AC Level 1,Ultra-Fast Charging,Yes,0.1654421052631579,0.07368421052631578,95,1.3976842105263159,59.55915789473684,350.0,0.8571428571428571,0,0
EVS01804,5,250,9,9,DC Fast Charger,Fast Charging,No,0.17640208333333332,0.0625,48,1.0545833333333334,52.918958333333336,50.0,0.5555555555555556,0,0
EVS01805,3,150,7,10,AC Level 2,Fast Charging,No,0.3450214285714286,0.023809523809523808,42,1.2361904761904763,62.104285714285716,50.0,0.42857142857142855,0,0
EVS01806,1,50,2,11,AC Level 2,Fast Charging,No,0.9306653846153845,0.8076923076923077,26,1.8980769230769232,68.28423076923077,50.0,0.5,1,1
EVS01807,5,750,8,3,DC Fast Charger,Fast Charging,Yes,0.1659764705882353,0.058823529411764705,17,0.39941176470588236,49.78882352941177,150.0,0.625,0,0
EVS01808,3,66,5,5,AC Level 1,Destination/AC,Yes,0.3530857142857143,0.15126050420168066,119,2.915126050420168,63.554621848739494,22.0,0.6,0,0
EVS01809,1,22,1,3,AC Level 2,Destination/AC,No,0.8761857142857142,0.7142857142857143,35,2.321142857142857,59.72942857142858,22.0,1.0,1,1
EVS01810,5,110,7,4,AC Level 1,Destination/AC,No,0.20762715231788081,0.16556291390728478,151,3.7486092715231787,62.28854304635762,22.0,0.7142857142857143,0,0
EVS01811,3,150,5,8,DC Fast Charger,Fast Charging,Yes,0.2800790322580645,0.06451612903225806,62,1.7409677419354839,50.413709677419355,50.0,0.6,0,0
EVS01812,5,250,6,10,AC Level 1,Fast Charging,Yes,0.2021075,0.1,120,2.49225,60.63258333333333,50.0,0.8333333333333334,0,0
EVS01813,4,600,7,14,AC Level 2,Fast Charging,Yes,0.25704375,0.140625,129,2.908828125,61.21124031007752,150.0,0.5714285714285714,0,0
EVS01814,3,1050,4,5,AC Level 2,Ultra-Fast Charging,No,0.33310265486725665,0.10619469026548672,113,2.73070796460177,59.958053097345136,350.0,0.75,0,0
EVS01815,4,1400,8,7,AC Level 2,Ultra-Fast Charging,Yes,0.2622929347826087,0.21739130434782608,185,4.1472554347826085,62.60989189189189,350.0,0.5,0,0
EVS01816,7,1050,10,16,DC Fast Charger,Fast Charging,No,0.11990833333333334,0.027777777777777776,36,0.4072222222222222,50.3625,150.0,0.7,0,0
EVS01817,7,2450,9,7,AC Level 2,Ultra-Fast Charging,No,0.15352745098039217,0.058823529411764705,51,0.9256862745098039,64.47980392156862,350.0,0.7777777777777778,0,0
EVS01818,4,600,5,7,AC Level 2,Fast Charging,Yes,0.2586485294117647,0.058823529411764705,69,1.4358088235294117,61.17521739130435,150.0,0.8,0,0
EVS01819,1,50,1,4,DC Fast Charger,Fast Charging,No,0.8408026315789473,0.5789473684210527,38,3.109736842105263,55.16236842105263,50.0,1.0,1,1
EVS01820,2,700,4,4,DC Fast Charger,Ultra-Fast Charging,No,0.4406206896551724,0.1896551724137931,59,2.6924137931034484,52.250847457627124,350.0,0.5,0,0
EVS01821,5,1750,6,10,DC Fast Charger,Ultra-Fast Charging,No,0.16951818181818182,0.0,55,1.2001818181818182,50.85527272727273,350.0,0.8333333333333334,0,0
EVS01822,1,350,1,15,AC Level 1,Ultra-Fast Charging,No,0.8862800000000001,0.8307692307692308,131,9.089307692307692,62.06236641221374,350.0,1.0,1,1
EVS01823,1,150,2,8,DC Fast Charger,Fast Charging,Yes,0.7769044776119403,0.6417910447761194,67,6.176119402985075,48.93865671641791,150.0,0.5,1,1
EVS01824,4,88,8,5,AC Level 2,Destination/AC,No,0.2541301282051282,0.17307692307692307,159,3.5963461538461536,59.84006289308176,22.0,0.5,0,0
EVS01825,1,350,1,10,AC Level 1,Ultra-Fast Charging,No,0.9007436241610739,0.8322147651006712,149,8.345771812080537,60.97570469798657,350.0,1.0,1,1
EVS01826,3,1050,5,5,AC Level 2,Ultra-Fast Charging,No,0.345272131147541,0.21311475409836064,184,5.072459016393442,61.81114130434783,350.0,0.6,0,0
EVS01827,4,1400,8,13,AC Level 1,Ultra-Fast Charging,Yes,0.2555382352941176,0.029411764705882353,34,0.6841176470588235,61.32735294117647,350.0,0.5,0,0
EVS01828,4,1400,5,5,AC Level 1,Ultra-Fast Charging,No,0.2613048780487805,0.2048780487804878,206,4.000536585365854,62.40912621359224,350.0,0.8,0,0
EVS01829,3,66,4,3,AC Level 2,Destination/AC,No,0.3383953020134228,0.2214765100671141,149,3.9013422818791943,60.911208053691276,22.0,0.75,0,0
EVS01830,2,100,3,5,AC Level 2,Fast Charging,No,0.5125471264367816,0.39080459770114945,175,7.163908045977012,61.50537142857143,50.0,0.6666666666666666,1,1
EVS01831,5,1750,10,6,AC Level 1,Ultra-Fast Charging,Yes,0.20106447368421054,0.07894736842105263,76,1.3439473684210526,60.31921052631579,350.0,0.5,0,0
EVS01832,7,154,8,4,DC Fast Charger,Destination/AC,No,0.14411463414634146,0.0975609756097561,164,2.330853658536585,60.528414634146344,22.0,0.875,0,0
EVS01833,2,300,4,11,AC Level 2,Fast Charging,Yes,0.5318499999999999,0.3829787234042553,95,5.860851063829787,63.241684210526316,150.0,0.5,1,1
EVS01834,3,66,5,6,AC Level 1,Destination/AC,No,0.33943571428571434,0.0,28,0.7960714285714285,61.09892857142857,22.0,0.6,0,0
EVS01835,6,2100,8,4,AC Level 2,Ultra-Fast Charging,No,0.1688793103448276,0.04597701149425287,87,1.5594252873563217,60.796436781609195,350.0,0.75,0,0
EVS01836,2,300,4,3,AC Level 1,Fast Charging,Yes,0.5074000000000001,0.08333333333333333,36,1.9497222222222221,60.888888888888886,150.0,0.5,0,0
EVS01837,1,150,3,5,AC Level 1,Fast Charging,No,0.8830309210526316,0.8157894736842105,153,9.146842105263158,60.384836601307185,150.0,0.3333333333333333,1,1
EVS01838,3,1050,7,16,AC Level 2,Ultra-Fast Charging,No,0.3230884057971014,0.10144927536231885,69,2.1640579710144925,58.155797101449274,350.0,0.42857142857142855,0,0
EVS01839,7,1050,10,5,AC Level 2,Fast Charging,No,0.1432909090909091,0.09090909090909091,44,0.7006818181818182,60.184090909090905,150.0,0.7,0,0
EVS01840,8,400,10,3,AC Level 2,Fast Charging,No,0.12504059405940593,0.0594059405940594,101,1.3222772277227723,60.02168316831683,50.0,0.8,0,0
EVS01841,4,1400,7,9,AC Level 1,Ultra-Fast Charging,No,0.27251136363636363,0.09090909090909091,89,2.065284090909091,64.66831460674157,350.0,0.5714285714285714,0,0
EVS01842,2,100,4,5,DC Fast Charger,Fast Charging,No,0.4595375,0.21875,32,1.3812499999999999,55.144687499999996,50.0,0.5,0,0
EVS01843,5,250,7,11,AC Level 1,Fast Charging,Yes,0.20619133333333334,0.16666666666666666,151,2.702633333333333,61.44602649006623,50.0,0.7142857142857143,0,0
EVS01844,4,200,8,11,DC Fast Charger,Fast Charging,No,0.22521801242236025,0.18012422360248448,162,3.9504658385093165,53.71753086419753,50.0,0.5,0,0
EVS01845,1,150,2,8,AC Level 2,Fast Charging,Yes,0.8870555555555555,0.8,136,8.469888888888889,59.757426470588236,150.0,0.5,1,1
EVS01846,6,900,7,10,DC Fast Charger,Fast Charging,Yes,0.13999558823529412,0.08823529411764706,136,1.7600735294117646,50.39889705882353,150.0,0.8571428571428571,0,0
EVS01847,4,200,5,8,DC Fast Charger,Fast Charging,No,0.2322435294117647,0.10588235294117647,85,2.0872941176470587,55.7384705882353,50.0,0.8,0,0
EVS01848,6,900,7,4,AC Level 1,Fast Charging,No,0.16918584070796458,0.07964601769911504,113,1.7729203539823009,60.9058407079646,150.0,0.8571428571428571,0,0
EVS01849,3,450,4,9,DC Fast Charger,Fast Charging,Yes,0.3057125,0.14583333333333334,97,3.0586458333333333,54.46185567010309,150.0,0.75,0,0
EVS01850,2,300,2,16,DC Fast Charger,Fast Charging,Yes,0.44505434782608694,0.08695652173913043,46,2.103913043478261,53.406956521739126,150.0,1.0,0,0
EVS01851,1,150,1,13,DC Fast Charger,Fast Charging,No,0.7833391304347826,0.5217391304347826,23,2.283913043478261,52.35956521739131,150.0,1.0,1,1
EVS01852,5,750,10,3,DC Fast Charger,Fast Charging,No,0.1701923076923077,0.057692307692307696,52,1.1134615384615385,51.05596153846154,150.0,0.5,0,0
EVS01853,4,1400,5,14,AC Level 2,Ultra-Fast Charging,No,0.2479435294117647,0.07058823529411765,85,2.0958823529411768,59.50611764705883,350.0,0.8,0,0
EVS01854,2,100,5,13,AC Level 2,Fast Charging,No,0.5158957446808511,0.0851063829787234,47,2.1046808510638297,61.90723404255319,50.0,0.4,1,0
EVS01855,6,900,8,3,DC Fast Charger,Fast Charging,No,0.15350714285714284,0.03571428571428571,28,0.6453571428571429,55.26464285714286,150.0,0.75,0,0
EVS01856,5,750,7,3,AC Level 2,Fast Charging,Yes,0.20894709677419354,0.15483870967741936,156,3.0551290322580646,62.282243589743594,150.0,0.7142857142857143,0,0
EVS01857,7,2450,8,7,AC Level 2,Ultra-Fast Charging,Yes,0.14014666666666667,0.0,75,0.8725333333333333,58.86093333333333,350.0,0.875,0,0
EVS01858,3,1050,5,13,DC Fast Charger,Ultra-Fast Charging,No,0.29738793103448274,0.19827586206896552,116,3.421637931034483,53.529310344827586,350.0,0.6,0,0
EVS01859,5,250,8,15,AC Level 1,Fast Charging,No,0.194045,0.1,101,2.54215,57.63673267326733,50.0,0.625,0,0
EVS01860,7,1050,9,12,AC Level 2,Fast Charging,Yes,0.1436923076923077,0.057692307692307696,156,2.005576923076923,60.35089743589744,150.0,0.7777777777777778,0,0
EVS01861,5,1750,9,12,AC Level 1,Ultra-Fast Charging,No,0.20831310344827586,0.10344827586206896,145,2.6618620689655175,62.494413793103455,350.0,0.5555555555555556,0,0
EVS01862,4,600,6,11,DC Fast Charger,Fast Charging,No,0.2203507692307692,0.12307692307692308,65,1.2653846153846153,52.88446153846154,150.0,0.6666666666666666,0,0
EVS01863,1,22,1,7,AC Level 1,Destination/AC,No,0.8988184931506848,0.8424657534246576,146,8.506986301369864,63.02876712328768,22.0,1.0,1,1
EVS01864,4,1400,5,8,DC Fast Charger,Ultra-Fast Charging,Yes,0.2036863636363636,0.056818181818181816,88,1.5277272727272726,48.88590909090909,350.0,0.8,0,0
EVS01865,6,2100,8,13,AC Level 2,Ultra-Fast Charging,No,0.17195705128205127,0.15384615384615385,156,2.683397435897436,61.903910256410256,350.0,0.75,0,0
EVS01866,4,88,9,6,AC Level 1,Destination/AC,Yes,0.2723,0.034482758620689655,88,1.9394827586206898,64.61011363636364,22.0,0.4444444444444444,0,0
EVS01867,6,2100,9,6,AC Level 2,Ultra-Fast Charging,No,0.16844878048780487,0.0,41,0.5736585365853658,60.640243902439025,350.0,0.6666666666666666,0,0
EVS01868,3,150,4,13,AC Level 1,Fast Charging,Yes,0.33680592592592595,0.2222222222222222,135,3.9344444444444444,60.62511111111111,50.0,0.75,0,0
EVS01869,3,66,6,9,AC Level 1,Destination/AC,No,0.33105,0.05555555555555555,18,0.5305555555555556,59.59055555555556,22.0,0.5,0,0
EVS01870,1,22,2,4,AC Level 2,Destination/AC,Yes,0.9112264,0.848,125,9.0504,63.76688,22.0,0.5,1,1
EVS01871,1,50,1,13,AC Level 2,Fast Charging,Yes,0.8974478260869566,0.8260869565217391,23,1.4326086956521737,63.53,50.0,1.0,1,1
EVS01872,4,600,9,8,DC Fast Charger,Fast Charging,Yes,0.2157509433962264,0.07547169811320754,53,1.2911320754716982,51.78132075471698,150.0,0.4444444444444444,0,0
EVS01873,1,22,1,16,AC Level 2,Destination/AC,Yes,0.8814124999999999,0.8,121,8.18875,60.51074380165289,22.0,1.0,1,1
EVS01874,5,1750,10,6,AC Level 1,Ultra-Fast Charging,No,0.20420714285714286,0.13186813186813187,184,3.1903571428571427,60.597228260869564,350.0,0.5,0,0
EVS01875,5,750,7,13,DC Fast Charger,Fast Charging,No,0.18649666666666667,0.06666666666666667,90,1.5095555555555558,55.94933333333333,150.0,0.7142857142857143,0,0
EVS01876,4,600,7,10,DC Fast Charger,Fast Charging,No,0.2076078947368421,0.10526315789473684,38,0.6494736842105263,49.82578947368421,150.0,0.5714285714285714,0,0
EVS01877,1,50,1,14,AC Level 1,Fast Charging,Yes,0.88875,0.7592592592592593,54,4.86037037037037,63.76814814814815,50.0,1.0,1,1
EVS01878,4,200,8,11,DC Fast Charger,Fast Charging,No,0.2254344262295082,0.1912568306010929,183,3.9305464480874317,54.10366120218579,50.0,0.5,0,0
EVS01879,8,2800,10,13,DC Fast Charger,Ultra-Fast Charging,Yes,0.10962585034013604,0.09523809523809523,147,1.6343537414965987,52.61904761904762,350.0,0.8,0,0
EVS01880,3,150,7,7,DC Fast Charger,Fast Charging,No,0.27382,0.0,35,1.0314285714285714,49.28657142857143,50.0,0.42857142857142855,0,0
EVS01881,6,2100,9,13,AC Level 2,Ultra-Fast Charging,No,0.17222777777777779,0.06666666666666667,90,1.3816666666666666,62.00300000000001,350.0,0.6666666666666666,0,0
EVS01882,4,600,7,10,AC Level 1,Fast Charging,Yes,0.26730169491525424,0.0847457627118644,60,1.607457627118644,63.08233333333333,150.0,0.5714285714285714,0,0
EVS01883,1,150,1,7,AC Level 2,Fast Charging,Yes,0.887863829787234,0.7021276595744681,47,3.9793617021276595,58.862978723404254,150.0,1.0,1,1
EVS01884,6,900,10,14,AC Level 2,Fast Charging,No,0.1721673611111111,0.06944444444444445,146,1.9165972222222223,61.13082191780822,150.0,0.6,0,0
EVS01885,2,100,2,15,AC Level 1,Fast Charging,Yes,0.5280198347107438,0.2727272727272727,121,5.386446280991735,63.36198347107438,50.0,1.0,1,0
EVS01886,2,100,2,3,AC Level 1,Fast Charging,Yes,0.5393673076923077,0.11538461538461539,52,1.8198076923076922,64.725,50.0,1.0,1,0
EVS01887,1,350,2,9,AC Level 1,Ultra-Fast Charging,No,0.877563909774436,0.7744360902255639,133,7.789624060150376,60.88624060150376,350.0,0.5,1,1
EVS01888,2,300,4,10,AC Level 2,Fast Charging,No,0.5254471698113208,0.16037735849056603,106,3.5028301886792454,63.116509433962264,150.0,0.5,1,0
EVS01889,1,350,1,5,AC Level 2,Ultra-Fast Charging,Yes,0.9168137931034482,0.7931034482758621,29,2.4941379310344827,64.20310344827587,350.0,1.0,1,1
EVS01890,2,700,3,3,AC Level 1,Ultra-Fast Charging,Yes,0.5444794117647059,0.21568627450980393,104,3.583627450980392,64.65451923076922,350.0,0.6666666666666666,1,0
EVS01891,1,150,2,11,AC Level 2,Fast Charging,Yes,0.8614999999999999,0.6739130434782609,46,4.054347826086956,59.506956521739134,150.0,0.5,1,1
EVS01892,7,1050,9,12,DC Fast Charger,Fast Charging,No,0.12480178571428571,0.017857142857142856,56,0.8471428571428571,52.41357142857142,150.0,0.7777777777777778,0,0
EVS01893,1,22,1,15,AC Level 2,Destination/AC,Yes,0.8857355263157894,0.8421052631578947,153,9.01404605263158,60.67444444444445,22.0,1.0,1,1
EVS01894,1,22,1,5,AC Level 1,Destination/AC,No,0.8964086614173229,0.8188976377952756,127,8.609527559055119,61.657559055118114,22.0,1.0,1,1
EVS01895,2,44,3,6,DC Fast Charger,Destination/AC,Yes,0.4747717391304348,0.043478260869565216,46,1.9008695652173913,56.973260869565216,22.0,0.6666666666666666,0,0
EVS01896,1,22,2,15,AC Level 2,Destination/AC,No,0.9023867052023121,0.8323699421965318,174,9.02199421965318,62.75396551724138,22.0,0.5,1,1
EVS01897,3,450,5,10,AC Level 1,Fast Charging,Yes,0.3414634615384615,0.19230769230769232,104,3.3098076923076927,61.46307692307692,150.0,0.6,0,0
EVS01898,6,300,8,7,DC Fast Charger,Fast Charging,Yes,0.14789044117647057,0.09558823529411764,137,2.4022058823529413,52.85182481751825,50.0,0.75,0,0
EVS01899,2,700,4,3,DC Fast Charger,Ultra-Fast Charging,Yes,0.4534048780487805,0.42276422764227645,123,6.82089430894309,54.40845528455284,350.0,0.5,0,1
EVS01900,5,250,7,3,AC Level 2,Fast Charging,Yes,0.20281111111111114,0.024691358024691357,81,1.1737037037037037,60.84518518518519,50.0,0.7142857142857143,0,0
EVS01901,8,176,10,10,AC Level 1,Destination/AC,No,0.1248037037037037,0.05555555555555555,109,1.1961111111111111,59.35788990825688,22.0,0.8,0,0
EVS01902,4,88,5,14,DC Fast Charger,Destination/AC,No,0.26247372881355935,0.11864406779661017,118,2.704491525423729,62.99305084745763,22.0,0.8,0,0
EVS01903,2,44,4,5,AC Level 1,Destination/AC,No,0.5362972602739726,0.3904109589041096,148,6.0987328767123286,63.90756756756757,22.0,0.5,1,1
EVS01904,3,450,5,6,AC Level 2,Fast Charging,No,0.33055882352941174,0.0392156862745098,51,2.031764705882353,59.500392156862745,150.0,0.6,0,0
EVS01905,1,150,1,8,AC Level 1,Fast Charging,Yes,0.8984028571428571,0.8428571428571429,70,6.708,61.922999999999995,150.0,1.0,1,1
EVS01906,5,110,7,14,AC Level 2,Destination/AC,No,0.21199375,0.0625,48,1.2366666666666666,63.59645833333334,22.0,0.7142857142857143,0,0
EVS01907,7,350,9,10,AC Level 2,Fast Charging,No,0.1505918032786885,0.03278688524590164,61,1.1700000000000002,63.24803278688525,50.0,0.7777777777777778,0,0
EVS01908,1,22,1,6,DC Fast Charger,Destination/AC,No,0.9033548387096775,0.7419354838709677,31,3.270967741935484,60.9841935483871,22.0,1.0,1,1
EVS01909,6,132,8,12,AC Level 2,Destination/AC,No,0.187915,0.0,20,0.5515,67.6535,22.0,0.75,0,0
EVS01910,5,750,9,9,AC Level 2,Fast Charging,Yes,0.20799,0.14444444444444443,182,3.22825,61.7110989010989,150.0,0.5555555555555556,0,0
EVS01911,5,1750,8,5,DC Fast Charger,Ultra-Fast Charging,No,0.16303448275862067,0.034482758620689655,29,0.6789655172413793,48.90931034482758,350.0,0.625,0,0
EVS01912,1,150,1,4,AC Level 2,Fast Charging,Yes,0.8793026490066225,0.8344370860927153,151,9.028675496688741,60.55768211920529,150.0,1.0,1,1
EVS01913,6,2100,8,3,AC Level 2,Ultra-Fast Charging,Yes,0.18604666666666667,0.2,15,0.39,66.97999999999999,350.0,0.75,0,0
EVS01914,4,88,8,12,AC Level 1,Destination/AC,No,0.2731360655737705,0.13934426229508196,126,3.0516803278688527,63.470793650793645,22.0,0.5,0,0
EVS01915,1,150,1,15,DC Fast Charger,Fast Charging,Yes,0.8024222222222223,0.654320987654321,81,6.392962962962963,53.500740740740746,150.0,1.0,1,1
EVS01916,8,176,10,6,AC Level 1,Destination/AC,No,0.13480114942528737,0.11494252873563218,87,1.249080459770115,64.70218390804598,22.0,0.8,0,0
EVS01917,3,450,5,14,AC Level 2,Fast Charging,No,0.35064133333333336,0.16,75,2.109866666666667,63.11586666666666,150.0,0.6,0,0
EVS01918,2,44,4,16,AC Level 1,Destination/AC,No,0.5085999999999999,0.19387755102040816,98,4.218265306122449,61.19489795918368,22.0,0.5,0,0
EVS01919,4,600,8,11,AC Level 2,Fast Charging,No,0.2650409090909091,0.011363636363636364,88,1.7786363636363638,63.61079545454545,150.0,0.5,0,0
EVS01920,1,50,1,7,AC Level 1,Fast Charging,Yes,0.9091577319587628,0.865979381443299,97,9.087422680412372,64.64814432989691,50.0,1.0,1,1
EVS01921,5,110,8,10,DC Fast Charger,Destination/AC,No,0.21563255813953489,0.08139534883720931,89,1.6959302325581396,62.50752808988764,22.0,0.625,0,0
EVS01922,5,110,9,16,AC Level 2,Destination/AC,Yes,0.2071859649122807,0.10526315789473684,114,2.037894736842105,62.155614035087716,22.0,0.5555555555555556,0,0
EVS01923,5,250,7,6,AC Level 1,Fast Charging,No,0.19841286549707604,0.09941520467836257,171,2.7076023391812867,59.52409356725147,50.0,0.7142857142857143,0,0
EVS01924,2,300,4,7,AC Level 2,Fast Charging,No,0.517427397260274,0.1095890410958904,73,3.7005479452054795,62.091506849315074,150.0,0.5,1,0
EVS01925,3,450,5,11,AC Level 2,Fast Charging,No,0.3432097826086956,0.09782608695652174,92,2.1622826086956524,61.77793478260869,150.0,0.6,0,0
EVS01926,4,88,6,5,AC Level 1,Destination/AC,No,0.2305342105263158,0.10526315789473684,38,1.0118421052631579,55.326052631578946,22.0,0.6666666666666666,0,0
EVS01927,4,1400,7,4,AC Level 2,Ultra-Fast Charging,Yes,0.2603830985915493,0.18309859154929578,72,1.5816901408450703,61.623333333333335,350.0,0.5714285714285714,0,0
EVS01928,5,110,10,6,AC Level 2,Destination/AC,Yes,0.20165,0.08333333333333333,36,0.7791666666666667,60.49611111111111,22.0,0.5,0,0
EVS01929,3,66,5,6,AC Level 2,Destination/AC,Yes,0.3144909090909091,0.06060606060606061,33,1.6184848484848484,56.60818181818182,22.0,0.6,0,0
EVS01930,1,350,1,16,DC Fast Charger,Ultra-Fast Charging,Yes,0.7961114285714286,0.7714285714285715,176,9.851342857142857,53.05068181818182,350.0,1.0,1,1
EVS01931,4,88,7,16,DC Fast Charger,Destination/AC,No,0.23989230769230768,0.11538461538461539,26,0.7238461538461538,57.576153846153844,22.0,0.5714285714285714,0,0
EVS01932,8,1200,10,4,DC Fast Charger,Fast Charging,Yes,0.11152549019607844,0.049019607843137254,102,1.0735294117647058,53.53401960784314,150.0,0.8,0,0
EVS01933,2,300,3,11,AC Level 1,Fast Charging,No,0.50199125,0.40625,162,7.67759375,59.68913580246913,150.0,0.6666666666666666,0,1
EVS01934,1,150,1,6,DC Fast Charger,Fast Charging,No,0.8003818181818182,0.7762237762237763,143,9.784125874125873,52.51671328671329,150.0,1.0,1,1
EVS01935,6,2100,9,16,AC Level 2,Ultra-Fast Charging,No,0.17777297297297298,0.05405405405405406,37,0.742972972972973,64.00135135135136,350.0,0.6666666666666666,0,0
EVS01936,1,350,1,9,DC Fast Charger,Ultra-Fast Charging,Yes,0.7779604651162791,0.6046511627906976,43,4.011162790697674,49.489534883720935,350.0,1.0,1,1
EVS01937,4,600,5,4,AC Level 2,Fast Charging,Yes,0.25860112359550563,0.056179775280898875,89,1.9671910112359552,62.064269662921355,150.0,0.8,0,0
EVS01938,2,100,3,5,AC Level 2,Fast Charging,No,0.5289489795918367,0.2755102040816326,98,4.95765306122449,63.47428571428572,50.0,0.6666666666666666,1,0
EVS01939,3,450,6,5,DC Fast Charger,Fast Charging,Yes,0.291495530726257,0.2681564245810056,180,5.030670391061452,52.177888888888894,150.0,0.5,0,0
EVS01940,3,66,5,10,DC Fast Charger,Destination/AC,No,0.33248,0.06666666666666667,45,1.8046666666666664,59.845555555555556,22.0,0.6,0,0
EVS01941,3,1050,7,3,AC Level 2,Ultra-Fast Charging,No,0.3301895833333333,0.041666666666666664,48,1.7372916666666667,59.43541666666667,350.0,0.42857142857142855,0,0
EVS01942,4,200,7,16,AC Level 2,Fast Charging,Yes,0.2663551724137931,0.06896551724137931,58,1.5382758620689656,63.923793103448276,50.0,0.5714285714285714,0,0
EVS01943,8,1200,10,5,AC Level 1,Fast Charging,No,0.12548238636363637,0.0625,177,1.757443181818182,59.89067796610169,150.0,0.8,0,0
EVS01944,3,450,4,10,AC Level 2,Fast Charging,Yes,0.3552565217391304,0.043478260869565216,23,0.5978260869565217,63.94695652173913,150.0,0.75,0,0
EVS01945,1,150,3,12,AC Level 1,Fast Charging,No,0.8776011764705881,0.7764705882352941,85,5.726823529411765,59.77470588235295,150.0,0.3333333333333333,1,1
EVS01946,3,66,5,14,DC Fast Charger,Destination/AC,Yes,0.33572727272727276,0.030303030303030304,33,1.115151515151515,60.43121212121212,22.0,0.6,0,0
EVS01947,2,300,4,10,DC Fast Charger,Fast Charging,No,0.46395945945945943,0.02702702702702703,37,1.5329729729729729,55.674054054054054,150.0,0.5,0,0
EVS01948,5,110,8,15,AC Level 2,Destination/AC,Yes,0.21554567901234567,0.16049382716049382,166,3.104722222222222,63.105843373493975,22.0,0.625,0,0
EVS01949,5,1750,7,10,AC Level 1,Ultra-Fast Charging,Yes,0.20139411764705883,0.058823529411764705,17,0.2635294117647059,60.41823529411764,350.0,0.7142857142857143,0,0
EVS01950,1,22,3,8,DC Fast Charger,Destination/AC,Yes,0.8512943661971831,0.704225352112676,71,5.0446478873239435,56.780281690140846,22.0,0.3333333333333333,1,1
EVS01951,6,2100,8,13,AC Level 2,Ultra-Fast Charging,No,0.17012514285714284,0.12,175,2.7910857142857144,61.242914285714285,350.0,0.75,0,0
EVS01952,8,1200,9,13,DC Fast Charger,Fast Charging,No,0.11097593984962406,0.05263157894736842,134,1.7454135338345866,52.86835820895522,150.0,0.8888888888888888,0,0
EVS01953,4,88,6,11,AC Level 1,Destination/AC,No,0.2825153846153846,0.038461538461538464,26,0.6423076923076922,67.80192307692307,22.0,0.6666666666666666,0,0
EVS01954,6,300,9,5,AC Level 2,Fast Charging,No,0.17865151515151514,0.1111111111111111,99,1.6973737373737372,64.31585858585858,50.0,0.6666666666666666,0,0
EVS01955,4,200,6,5,AC Level 1,Fast Charging,Yes,0.26229895833333333,0.21875,192,4.590104166666666,62.951093750000005,50.0,0.6666666666666666,0,0
EVS01956,4,200,7,9,AC Level 1,Fast Charging,No,0.2609233766233766,0.09090909090909091,77,1.7005194805194805,62.621558441558435,50.0,0.5714285714285714,0,0
EVS01957,3,66,5,8,AC Level 2,Destination/AC,No,0.3458137614678899,0.1834862385321101,109,3.373211009174312,62.246880733944955,22.0,0.6,0,0
EVS01958,6,900,9,14,AC Level 2,Fast Charging,Yes,0.17540396039603962,0.1188118811881188,101,1.6632673267326734,63.14504950495049,150.0,0.6666666666666666,0,0
EVS01959,2,100,5,9,DC Fast Charger,Fast Charging,Yes,0.43596589147286824,0.31007751937984496,129,5.915503875968993,52.31581395348837,50.0,0.4,0,1
EVS01960,5,1750,6,13,AC Level 1,Ultra-Fast Charging,No,0.20618124999999998,0.041666666666666664,48,0.7860416666666667,61.85458333333333,350.0,0.8333333333333334,0,0
EVS01961,4,600,7,11,AC Level 1,Fast Charging,No,0.2505148387096774,0.12903225806451613,156,3.4665483870967737,59.73807692307692,150.0,0.5714285714285714,0,0
EVS01962,2,300,4,7,AC Level 2,Fast Charging,Yes,0.5138114583333333,0.3802083333333333,192,7.6820312500000005,61.7653125,150.0,0.5,1,1
EVS01963,2,300,3,11,AC Level 1,Fast Charging,Yes,0.48746904761904764,0.07142857142857142,42,1.4526190476190475,58.49642857142857,150.0,0.6666666666666666,0,0
EVS01964,3,150,4,16,DC Fast Charger,Fast Charging,Yes,0.27877808988764047,0.21348314606741572,178,4.680168539325843,50.18000000000001,50.0,0.75,0,0
EVS01965,3,450,5,12,AC Level 1,Fast Charging,No,0.35402043795620436,0.30656934306569344,140,5.0306204379562045,62.357214285714285,150.0,0.6,0,1
EVS01966,4,88,8,16,DC Fast Charger,Destination/AC,No,0.2614815602836879,0.1276595744680851,141,3.0012056737588653,62.75567375886524,22.0,0.5,0,0
EVS01967,1,150,2,5,DC Fast Charger,Fast Charging,Yes,0.8255948453608247,0.7422680412371134,97,7.342061855670103,54.92886597938145,150.0,0.5,1,1
EVS01968,5,250,7,10,DC Fast Charger,Fast Charging,Yes,0.17389545454545455,0.09090909090909091,89,1.851534090909091,51.58269662921348,50.0,0.7142857142857143,0,0
EVS01969,1,350,1,9,DC Fast Charger,Ultra-Fast Charging,Yes,0.7977365853658537,0.7439024390243902,166,8.831280487804877,52.57656626506024,350.0,1.0,1,1
EVS01970,2,700,4,8,AC Level 2,Ultra-Fast Charging,Yes,0.5238516129032258,0.0967741935483871,31,2.572903225806452,63.52612903225806,350.0,0.5,1,0
EVS01971,8,2800,10,11,DC Fast Charger,Ultra-Fast Charging,Yes,0.10681840490797546,0.06748466257668712,163,1.734049079754601,51.273374233128834,350.0,0.8,0,0
EVS01972,4,88,8,13,DC Fast Charger,Destination/AC,Yes,0.2555,0.16393442622950818,183,3.865081967213115,61.320109289617484,22.0,0.5,0,0
EVS01973,6,2100,9,11,AC Level 1,Ultra-Fast Charging,No,0.16856268656716417,0.06716417910447761,134,1.8353731343283581,60.68253731343284,350.0,0.6666666666666666,0,0
EVS01974,4,200,9,16,DC Fast Charger,Fast Charging,No,0.21802933333333332,0.12,75,1.8484,52.327866666666665,50.0,0.4444444444444444,0,0
EVS01975,6,132,10,12,AC Level 2,Destination/AC,No,0.16465526315789475,0.07017543859649122,114,1.6220175438596491,59.275877192982456,22.0,0.6,0,0
EVS01976,6,900,9,16,AC Level 1,Fast Charging,Yes,0.17352857142857142,0.03571428571428571,28,0.40214285714285714,62.46928571428571,150.0,0.6666666666666666,0,0
EVS01977,5,1750,7,10,AC Level 1,Ultra-Fast Charging,No,0.1955721212121212,0.15757575757575756,166,3.1571212121212118,58.31789156626506,350.0,0.7142857142857143,0,0
EVS01978,2,700,3,4,AC Level 2,Ultra-Fast Charging,Yes,0.5090727272727272,0.25757575757575757,66,3.9499999999999997,61.08863636363636,350.0,0.6666666666666666,0,0
EVS01979,8,1200,10,15,AC Level 1,Fast Charging,Yes,0.13659545454545455,0.0,22,0.4122727272727273,65.56681818181818,150.0,0.8,0,0
EVS01980,2,100,2,10,AC Level 2,Fast Charging,Yes,0.5046226993865031,0.27607361963190186,165,6.447453987730061,60.30030303030303,50.0,1.0,0,0
EVS01981,6,900,9,3,DC Fast Charger,Fast Charging,No,0.15064666666666668,0.075,120,2.4730833333333333,54.23416666666667,150.0,0.6666666666666666,0,0
EVS01982,5,250,7,7,AC Level 2,Fast Charging,No,0.2113108527131783,0.07751937984496124,129,2.2893798449612404,63.39418604651163,50.0,0.7142857142857143,0,0
EVS01983,3,1050,4,3,AC Level 2,Ultra-Fast Charging,No,0.346376,0.04,25,0.6788,62.348,350.0,0.75,0,0
EVS01984,4,200,7,4,AC Level 2,Fast Charging,No,0.25920283687943263,0.1773049645390071,141,3.3370212765957445,62.20886524822696,50.0,0.5714285714285714,0,0
EVS01985,4,88,5,7,AC Level 2,Destination/AC,Yes,0.26049504132231405,0.12396694214876033,121,3.1545454545454543,62.51884297520661,22.0,0.8,0,0
EVS01986,1,350,2,7,AC Level 2,Ultra-Fast Charging,No,0.8774467836257309,0.8362573099415205,174,9.238859649122807,59.68086206896551,350.0,0.5,1,1
EVS01987,7,2450,9,9,AC Level 2,Ultra-Fast Charging,No,0.15108198757763977,0.10559006211180125,162,2.195807453416149,63.06259259259259,350.0,0.7777777777777778,0,0
EVS01988,5,750,10,5,AC Level 2,Fast Charging,No,0.20424363636363635,0.01818181818181818,55,1.2621818181818183,61.27127272727273,150.0,0.5,0,0
EVS01989,2,700,3,11,AC Level 2,Ultra-Fast Charging,No,0.5050409090909092,0.1590909090909091,44,2.3811363636363634,60.60545454545454,350.0,0.6666666666666666,0,0
EVS01990,1,350,2,8,AC Level 2,Ultra-Fast Charging,No,0.9013904255319148,0.8563829787234043,188,9.41218085106383,61.27521276595745,350.0,0.5,1,1
EVS01991,1,50,1,8,DC Fast Charger,Fast Charging,No,0.8152795454545455,0.7045454545454546,88,7.913522727272727,53.49397727272728,50.0,1.0,1,1
EVS01992,7,1050,9,15,AC Level 1,Fast Charging,No,0.14890736842105262,0.09473684210526316,95,1.4228421052631577,62.54157894736842,150.0,0.7777777777777778,0,0
EVS01993,6,2100,7,4,AC Level 2,Ultra-Fast Charging,Yes,0.16287692307692309,0.06153846153846154,65,1.1052307692307692,58.63415384615384,350.0,0.8571428571428571,0,0
EVS01994,3,450,6,13,AC Level 2,Fast Charging,No,0.3570082644628099,0.12396694214876033,122,3.6070247933884296,63.73475409836066,150.0,0.5,0,0
EVS01995,2,44,4,16,DC Fast Charger,Destination/AC,Yes,0.5377018633540372,0.2981366459627329,163,6.241987577639752,63.83687116564417,22.0,0.5,1,1
EVS01996,1,22,2,14,DC Fast Charger,Destination/AC,Yes,0.851225,0.75,12,1.1849999999999998,63.925000000000004,22.0,0.5,1,1
EVS01997,5,110,8,10,AC Level 1,Destination/AC,No,0.2052869918699187,0.08943089430894309,123,2.0940650406504067,61.58772357723577,22.0,0.625,0,0
EVS01998,6,300,10,12,DC Fast Charger,Fast Charging,No,0.14865375722543353,0.09248554913294797,174,2.7375433526011563,53.208218390804596,50.0,0.6,0,0
EVS01999,4,1400,5,14,AC Level 2,Ultra-Fast Charging,No,0.2617061538461538,0.06153846153846154,65,1.316769230769231,62.80846153846154,350.0,0.8,0,0
EVS02000,6,900,8,9,AC Level 1,Fast Charging,No,0.17748461538461538,0.015384615384615385,65,1.18,63.89492307692308,150.0,0.75,0,0
EVS02001,2,44,5,5,DC Fast Charger,Destination/AC,No,0.5126928571428572,0.35714285714285715,155,6.88262987012987,61.169677419354834,22.0,0.4,1,1
EVS02002,2,44,3,9,AC Level 1,Destination/AC,Yes,0.5143888888888889,0.0,27,1.2359259259259259,61.72481481481481,22.0,0.6666666666666666,1,0
EVS02003,1,150,2,9,AC Level 1,Fast Charging,Yes,0.8794587500000001,0.8125,80,7.588374999999999,61.196375,150.0,0.5,1,1
EVS02004,1,150,1,5,AC Level 1,Fast Charging,No,0.8942054945054945,0.8461538461538461,91,7.811978021978022,61.20296703296704,150.0,1.0,1,1
EVS02005,2,700,4,4,AC Level 1,Ultra-Fast Charging,No,0.5077808917197452,0.3057324840764331,157,6.433630573248408,60.932802547770706,350.0,0.5,0,1
EVS02006,6,300,10,10,AC Level 1,Fast Charging,No,0.16304651162790698,0.09302325581395349,43,0.7188372093023255,58.696046511627905,50.0,0.6,0,0
EVS02007,6,132,9,10,DC Fast Charger,Destination/AC,No,0.1653255319148936,0.0425531914893617,94,1.5553191489361702,59.518404255319155,22.0,0.6666666666666666,0,0
EVS02008,3,1050,6,14,AC Level 1,Ultra-Fast Charging,No,0.3569363636363636,0.13636363636363635,44,1.7129545454545456,64.24886363636364,350.0,0.5,0,0
EVS02009,1,150,1,7,DC Fast Charger,Fast Charging,Yes,0.8175696,0.784,125,9.2636,53.704080000000005,150.0,1.0,1,1
EVS02010,1,150,1,10,AC Level 1,Fast Charging,Yes,0.9024857142857143,0.8809523809523809,126,8.75468253968254,61.84182539682539,150.0,1.0,1,1
EVS02011,2,700,3,6,AC Level 1,Ultra-Fast Charging,Yes,0.506434375,0.25,96,4.247395833333333,60.797291666666666,350.0,0.6666666666666666,0,0
EVS02012,1,150,2,13,AC Level 2,Fast Charging,Yes,0.9071480000000001,0.88,76,6.966333333333334,61.905789473684216,150.0,0.5,1,1
EVS02013,3,66,4,15,AC Level 2,Destination/AC,No,0.3240263157894737,0.10526315789473684,38,1.5636842105263158,58.324473684210524,22.0,0.75,0,0
EVS02014,2,100,5,4,DC Fast Charger,Fast Charging,No,0.45251515151515154,0.3515151515151515,166,6.710090909090908,53.9939156626506,50.0,0.4,0,1
EVS02015,5,250,10,15,AC Level 1,Fast Charging,Yes,0.20764214876033057,0.09090909090909091,121,2.5023966942148763,62.292644628099175,50.0,0.5,0,0
EVS02016,6,900,10,7,DC Fast Charger,Fast Charging,No,0.15097466666666667,0.04,75,1.1033333333333333,54.3484,150.0,0.6,0,0
EVS02017,1,150,1,6,AC Level 2,Fast Charging,No,0.8979056179775281,0.8426966292134831,89,7.278988764044945,62.126741573033705,150.0,1.0,1,1
EVS02018,6,300,10,6,DC Fast Charger,Fast Charging,No,0.14514666666666667,0.1037037037037037,135,2.167851851851852,52.25355555555555,50.0,0.6,0,0
EVS02019,3,450,4,11,DC Fast Charger,Fast Charging,Yes,0.29383658536585366,0.1951219512195122,123,4.229430894308943,52.89089430894309,150.0,0.75,0,0
EVS02020,5,250,10,3,AC Level 2,Fast Charging,Yes,0.20096842105263157,0.031578947368421054,95,1.8804210526315788,60.29147368421052,50.0,0.5,0,0
EVS02021,2,44,5,12,DC Fast Charger,Destination/AC,Yes,0.5131089743589744,0.15384615384615385,78,2.6788461538461537,61.57717948717948,22.0,0.4,1,0
EVS02022,4,1400,7,11,DC Fast Charger,Ultra-Fast Charging,Yes,0.2291888888888889,0.11904761904761904,127,2.9312698412698412,54.57275590551181,350.0,0.5714285714285714,0,0
EVS02023,2,300,2,6,AC Level 2,Fast Charging,Yes,0.5080244444444444,0.25925925925925924,135,5.698444444444444,61.07533333333333,150.0,1.0,0,0
EVS02024,6,900,8,16,DC Fast Charger,Fast Charging,Yes,0.14126050420168065,0.08403361344537816,119,1.7784873949579831,50.85588235294118,150.0,0.75,0,0
EVS02025,3,1050,4,4,DC Fast Charger,Ultra-Fast Charging,No,0.27195806451612903,0.06451612903225806,31,0.8183870967741936,48.95258064516129,350.0,0.75,0,0
EVS02026,3,1050,5,4,DC Fast Charger,Ultra-Fast Charging,Yes,0.28598256880733947,0.11009174311926606,110,3.3206422018348625,51.00854545454545,350.0,0.6,0,0
EVS02027,6,2100,8,3,DC Fast Charger,Ultra-Fast Charging,No,0.14766036036036037,0.08108108108108109,112,2.0353603603603605,52.683482142857144,350.0,0.75,0,0
EVS02028,7,350,9,16,DC Fast Charger,Fast Charging,Yes,0.1303364197530864,0.08641975308641975,163,2.3540123456790125,54.40588957055215,50.0,0.7777777777777778,0,0
EVS02029,2,300,4,11,AC Level 2,Fast Charging,Yes,0.5091428571428571,0.22448979591836735,99,4.4314285714285715,60.68969696969697,150.0,0.5,0,0
EVS02030,1,50,2,12,AC Level 2,Fast Charging,Yes,0.8678717948717949,0.7692307692307693,78,5.0087179487179485,58.705,50.0,0.5,1,1
EVS02031,2,300,2,11,AC Level 1,Fast Charging,Yes,0.5289796116504855,0.22330097087378642,105,4.642912621359223,62.37714285714286,150.0,1.0,1,0
EVS02032,2,700,4,12,AC Level 2,Ultra-Fast Charging,Yes,0.5117065217391304,0.08695652173913043,46,1.946304347826087,61.404347826086955,350.0,0.5,1,0
EVS02033,1,50,1,10,DC Fast Charger,Fast Charging,No,0.843158064516129,0.6451612903225806,31,3.1667741935483873,57.906451612903226,50.0,1.0,1,1
EVS02034,4,600,6,13,AC Level 1,Fast Charging,Yes,0.25988098591549297,0.14084507042253522,142,2.599929577464789,62.3712676056338,150.0,0.6666666666666666,0,0
EVS02035,3,1050,4,9,AC Level 1,Ultra-Fast Charging,Yes,0.35020051546391756,0.25773195876288657,195,4.781984536082475,62.712717948717945,350.0,0.75,0,0
EVS02036,3,450,7,16,DC Fast Charger,Fast Charging,No,0.29488920863309354,0.2589928057553957,139,5.199280575539569,53.08035971223022,150.0,0.42857142857142855,0,0
EVS02037,3,150,4,10,AC Level 1,Fast Charging,Yes,0.35881574074074074,0.21296296296296297,108,3.5953703703703703,64.58694444444444,50.0,0.75,0,0
EVS02038,4,1400,5,3,DC Fast Charger,Ultra-Fast Charging,No,0.2276409090909091,0.045454545454545456,22,0.475,54.63590909090909,350.0,0.8,0,0
EVS02039,2,44,3,10,AC Level 2,Destination/AC,No,0.5108631868131869,0.34065934065934067,182,6.815769230769231,61.30384615384615,22.0,0.6666666666666666,0,1
EVS02040,3,450,5,4,AC Level 1,Fast Charging,Yes,0.34929499999999997,0.14,101,2.833,62.250594059405934,150.0,0.6,0,0
EVS02041,3,66,7,13,AC Level 2,Destination/AC,No,0.3491445945945946,0.04054054054054054,74,1.8222972972972973,62.84540540540541,22.0,0.42857142857142855,0,0
EVS02042,3,66,7,3,AC Level 2,Destination/AC,Yes,0.3382100558659218,0.2346368715083799,181,4.97122905027933,60.20486187845304,22.0,0.42857142857142855,0,0
EVS02043,3,150,4,13,AC Level 2,Fast Charging,No,0.3410740458015267,0.16030534351145037,131,4.447251908396947,61.393435114503816,50.0,0.75,0,0
EVS02044,3,66,4,4,DC Fast Charger,Destination/AC,Yes,0.3476358620689655,0.20689655172413793,146,4.009931034482759,62.14623287671233,22.0,0.75,0,0
EVS02045,3,450,5,3,AC Level 1,Fast Charging,Yes,0.34941960784313725,0.0392156862745098,51,1.831372549019608,62.895294117647055,150.0,0.6,0,0
EVS02046,2,700,3,5,AC Level 1,Ultra-Fast Charging,Yes,0.5034883040935673,0.42105263157894735,174,7.4536842105263155,59.63770114942528,350.0,0.6666666666666666,0,1
EVS02047,3,450,3,13,AC Level 1,Fast Charging,No,0.33845333333333333,0.17777777777777778,90,2.778111111111111,60.92077777777778,150.0,1.0,0,0
EVS02048,5,750,9,9,AC Level 1,Fast Charging,Yes,0.20781770833333335,0.041666666666666664,96,1.7573958333333335,62.34375,150.0,0.5555555555555556,0,0
EVS02049,4,600,6,5,AC Level 1,Fast Charging,No,0.2487503267973856,0.11764705882352941,153,3.103529411764706,59.69967320261438,150.0,0.6666666666666666,0,0
EVS02050,5,750,8,15,AC Level 2,Fast Charging,No,0.1910115702479339,0.06611570247933884,121,2.3988429752066116,57.30289256198347,150.0,0.625,0,0
EVS02051,2,44,5,13,AC Level 1,Destination/AC,No,0.46737551020408163,0.20408163265306123,49,2.756938775510204,56.084693877551025,22.0,0.4,0,0
EVS02052,6,2100,8,7,DC Fast Charger,Ultra-Fast Charging,No,0.13265915492957747,0.056338028169014086,71,1.1509859154929578,47.757183098591554,350.0,0.75,0,0
EVS02053,3,66,7,12,AC Level 2,Destination/AC,No,0.3408170731707317,0.0975609756097561,82,2.7226829268292683,61.34682926829268,22.0,0.42857142857142855,0,0
EVS02054,5,250,7,10,AC Level 2,Fast Charging,Yes,0.20443279569892472,0.17204301075268819,187,3.2278763440860216,61.0011229946524,50.0,0.7142857142857143,0,0
EVS02055,2,44,4,9,AC Level 2,Destination/AC,Yes,0.5170889705882353,0.22794117647058823,137,5.158566176470589,61.597956204379564,22.0,0.5,1,0
EVS02056,7,2450,9,9,AC Level 1,Ultra-Fast Charging,Yes,0.1395265060240964,0.03614457831325301,83,1.2497590361445783,58.598192771084335,350.0,0.7777777777777778,0,0
EVS02057,2,300,2,3,AC Level 1,Fast Charging,No,0.5239659722222222,0.3055555555555556,144,6.247777777777778,62.998402777777784,150.0,1.0,1,1
EVS02058,6,300,8,4,DC Fast Charger,Fast Charging,No,0.1454855072463768,0.050724637681159424,138,2.075072463768116,52.37420289855073,50.0,0.75,0,0
EVS02059,3,1050,7,4,AC Level 2,Ultra-Fast Charging,Yes,0.3382025,0.15,80,2.935375,60.877125,350.0,0.42857142857142855,0,0
EVS02060,7,350,9,5,DC Fast Charger,Fast Charging,Yes,0.13096506024096385,0.060240963855421686,83,1.3054216867469879,55.0033734939759,50.0,0.7777777777777778,0,0
EVS02061,6,300,7,11,DC Fast Charger,Fast Charging,Yes,0.14723540372670807,0.11801242236024845,162,2.6488509316770186,52.67728395061728,50.0,0.8571428571428571,0,0
EVS02062,5,250,9,12,DC Fast Charger,Fast Charging,Yes,0.17024811320754715,0.02830188679245283,106,1.5999056603773585,51.074905660377354,50.0,0.5555555555555556,0,0
EVS02063,5,250,9,4,AC Level 2,Fast Charging,Yes,0.20451590909090908,0.09090909090909091,44,0.9036363636363636,61.35613636363637,50.0,0.5555555555555556,0,0
EVS02064,7,154,9,5,DC Fast Charger,Destination/AC,No,0.15104347826086958,0.07971014492753623,138,1.593913043478261,63.43673913043479,22.0,0.7777777777777778,0,0
EVS02065,2,100,4,14,AC Level 2,Fast Charging,Yes,0.5123509090909091,0.24545454545454545,110,5.115090909090909,61.482181818181814,50.0,0.5,1,0
EVS02066,1,150,1,3,DC Fast Charger,Fast Charging,No,0.7870453488372093,0.6627906976744186,86,7.8838372093023255,51.75081395348837,150.0,1.0,1,1
EVS02067,6,132,8,14,AC Level 2,Destination/AC,No,0.17532446043165467,0.1223021582733813,141,2.139136690647482,62.22248226950355,22.0,0.75,0,0
EVS02068,1,150,1,8,AC Level 1,Fast Charging,Yes,0.8820794117647058,0.8588235294117647,170,9.414411764705882,60.728235294117646,150.0,1.0,1,1
EVS02069,5,1750,8,5,AC Level 2,Ultra-Fast Charging,No,0.20309382716049384,0.04938271604938271,81,1.3966666666666665,60.92975308641976,350.0,0.625,0,0
EVS02070,7,350,10,7,AC Level 2,Fast Charging,Yes,0.13902666666666666,0.07777777777777778,90,1.2765555555555557,58.39266666666667,50.0,0.7,0,0
EVS02071,2,700,3,10,AC Level 1,Ultra-Fast Charging,No,0.54464,0.08571428571428572,35,2.5025714285714287,65.48257142857142,350.0,0.6666666666666666,1,0
EVS02072,3,66,4,14,AC Level 2,Destination/AC,No,0.3482234782608695,0.22608695652173913,115,4.028173913043478,62.68,22.0,0.75,0,0
EVS02073,4,1400,7,15,AC Level 1,Ultra-Fast Charging,No,0.2581232876712329,0.0547945205479452,73,2.213972602739726,61.94972602739726,350.0,0.5714285714285714,0,0
EVS02074,4,200,6,6,AC Level 1,Fast Charging,Yes,0.25656805555555556,0.05555555555555555,73,1.8035416666666666,60.73287671232877,50.0,0.6666666666666666,0,0
EVS02075,1,50,1,16,AC Level 1,Fast Charging,No,0.8940560975609757,0.7987804878048781,165,7.43079268292683,63.44321212121211,50.0,1.0,1,1
EVS02076,4,200,8,5,DC Fast Charger,Fast Charging,Yes,0.22475,0.1,70,1.6877142857142857,53.940999999999995,50.0,0.5,0,0
EVS02077,8,176,10,3,AC Level 2,Destination/AC,Yes,0.1321421052631579,0.021052631578947368,95,1.1758947368421053,63.429157894736846,22.0,0.8,0,0
EVS02078,3,1050,6,10,AC Level 2,Ultra-Fast Charging,Yes,0.3356127659574468,0.1595744680851064,95,3.0918617021276593,59.77378947368421,350.0,0.5,0,0
EVS02079,1,150,1,5,DC Fast Charger,Fast Charging,No,0.7911951807228916,0.6144578313253012,83,5.706987951807229,51.89843373493976,150.0,1.0,1,1
EVS02080,5,110,10,7,AC Level 1,Destination/AC,No,0.22181136363636364,0.022727272727272728,44,0.7156818181818182,66.54431818181818,22.0,0.5,0,0
EVS02081,4,600,5,11,AC Level 1,Fast Charging,Yes,0.2445745341614907,0.19254658385093168,161,3.8191925465838508,58.69832298136646,150.0,0.8,0,0
EVS02082,1,350,1,13,AC Level 1,Ultra-Fast Charging,No,0.9077096774193548,0.8387096774193549,31,3.4535483870967743,65.69677419354838,350.0,1.0,1,1
EVS02083,1,150,1,16,AC Level 2,Fast Charging,No,0.8955911764705882,0.7941176470588235,68,7.59985294117647,61.20426470588236,150.0,1.0,1,1
EVS02084,3,450,3,15,AC Level 2,Fast Charging,Yes,0.3531503937007874,0.16535433070866143,129,4.010354330708662,62.58255813953488,150.0,1.0,0,0
EVS02085,7,350,10,11,AC Level 1,Fast Charging,No,0.132548,0.0,25,0.6724,55.672399999999996,50.0,0.7,0,0
EVS02086,5,250,7,8,AC Level 2,Fast Charging,Yes,0.20550000000000002,0.13636363636363635,112,2.4484999999999997,60.54982142857143,50.0,0.7142857142857143,0,0
EVS02087,1,22,2,7,AC Level 1,Destination/AC,No,0.88079,0.825,120,9.416500000000001,60.094,22.0,0.5,1,1
EVS02088,4,200,5,6,DC Fast Charger,Fast Charging,No,0.2252920634920635,0.15079365079365079,127,3.1110714285714285,53.64354330708661,50.0,0.8,0,0
EVS02089,5,250,7,6,DC Fast Charger,Fast Charging,No,0.17551408450704226,0.04225352112676056,71,1.1719718309859155,52.65450704225352,50.0,0.7142857142857143,0,0
EVS02090,8,176,10,12,AC Level 2,Destination/AC,Yes,0.1262625,0.0,24,0.29291666666666666,60.60833333333333,22.0,0.8,0,0
EVS02091,2,44,4,3,DC Fast Charger,Destination/AC,Yes,0.511466875,0.3625,160,6.3901875,61.414187500000004,22.0,0.5,0,1
EVS02092,1,150,2,11,AC Level 1,Fast Charging,No,0.8918049180327869,0.8032786885245902,61,5.690983606557377,60.95131147540984,150.0,0.5,1,1
EVS02093,5,250,7,10,AC Level 2,Fast Charging,No,0.20133774834437088,0.1390728476821192,153,2.964403973509934,59.6124183006536,50.0,0.7142857142857143,0,0
EVS02094,2,300,3,8,AC Level 2,Fast Charging,No,0.4898897435897436,0.07692307692307693,39,2.586923076923077,58.786153846153844,150.0,0.6666666666666666,0,0
EVS02095,2,700,4,4,DC Fast Charger,Ultra-Fast Charging,No,0.4252142857142857,0.11428571428571428,35,1.7614285714285713,51.02628571428571,350.0,0.5,0,0
EVS02096,4,200,5,7,DC Fast Charger,Fast Charging,No,0.21868166666666664,0.16666666666666666,180,3.411777777777778,52.483666666666664,50.0,0.8,0,0
EVS02097,5,750,8,13,AC Level 2,Fast Charging,Yes,0.20586555023923445,0.18660287081339713,209,3.6026794258373207,61.759521531100475,150.0,0.625,0,0
EVS02098,4,600,8,7,DC Fast Charger,Fast Charging,No,0.21987080291970804,0.10218978102189781,137,3.5127007299270074,52.76883211678832,150.0,0.5,0,0
EVS02099,2,300,4,3,DC Fast Charger,Fast Charging,Yes,0.443573417721519,0.2974683544303797,158,5.995696202531646,53.22879746835443,150.0,0.5,0,1
EVS02100,1,50,2,13,DC Fast Charger,Fast Charging,No,0.777555737704918,0.6885245901639344,61,5.851967213114754,52.1316393442623,50.0,0.5,1,1
EVS02101,1,50,2,11,AC Level 1,Fast Charging,Yes,0.8935826589595376,0.838150289017341,173,9.37121387283237,60.38294797687861,50.0,0.5,1,1
EVS02102,5,750,6,5,AC Level 2,Fast Charging,Yes,0.1990784,0.128,125,2.37648,59.72351999999999,150.0,0.8333333333333334,0,0
EVS02103,3,150,3,10,AC Level 1,Fast Charging,Yes,0.3481023255813953,0.11627906976744186,43,1.2872093023255815,62.6586046511628,50.0,1.0,0,0
EVS02104,3,450,4,16,AC Level 1,Fast Charging,Yes,0.35902093023255816,0.09302325581395349,43,1.5086046511627909,64.62348837209302,150.0,0.75,0,0
EVS02105,1,350,2,9,AC Level 2,Ultra-Fast Charging,Yes,0.876993567251462,0.7777777777777778,174,7.727836257309942,60.02712643678161,350.0,0.5,1,1
EVS02106,5,250,8,7,DC Fast Charger,Fast Charging,Yes,0.18210303030303032,0.09090909090909091,66,1.3372727272727274,54.62954545454546,50.0,0.625,0,0
EVS02107,8,1200,10,12,DC Fast Charger,Fast Charging,No,0.11227961783439491,0.06369426751592357,158,1.7337579617834393,53.55398734177216,150.0,0.8,0,0
EVS02108,1,50,1,15,DC Fast Charger,Fast Charging,Yes,0.7541414634146341,0.5853658536585366,41,2.7278048780487807,47.55341463414634,50.0,1.0,1,1
EVS02109,4,600,8,5,DC Fast Charger,Fast Charging,No,0.22442894736842103,0.10526315789473684,76,1.3869736842105262,53.86210526315789,150.0,0.5,0,0
EVS02110,5,1750,6,4,DC Fast Charger,Ultra-Fast Charging,No,0.17549375,0.0625,65,1.315390625,51.836461538461535,350.0,0.8333333333333334,0,0
EVS02111,1,350,1,13,AC Level 2,Ultra-Fast Charging,No,0.8889811594202899,0.7681159420289855,69,6.641449275362318,58.96405797101449,350.0,1.0,1,1
EVS02112,4,1400,7,14,AC Level 2,Ultra-Fast Charging,Yes,0.24906615384615383,0.12307692307692308,130,3.044769230769231,59.776384615384615,350.0,0.5714285714285714,0,0
EVS02113,6,300,8,16,AC Level 2,Fast Charging,Yes,0.16386375838926176,0.09395973154362416,149,2.539261744966443,58.99167785234899,50.0,0.75,0,0
EVS02114,2,700,3,10,AC Level 1,Ultra-Fast Charging,Yes,0.49843602150537636,0.4032258064516129,187,7.522795698924731,59.59438502673797,350.0,0.6666666666666666,0,1
EVS02115,2,300,3,14,AC Level 1,Fast Charging,Yes,0.5153513513513513,0.3918918918918919,149,6.238648648648649,61.5213422818792,150.0,0.6666666666666666,1,1
EVS02116,1,150,1,8,AC Level 2,Fast Charging,No,0.8960819999999999,0.72,51,4.2243,60.039411764705875,150.0,1.0,1,1
EVS02117,4,600,7,9,AC Level 1,Fast Charging,Yes,0.26306448087431694,0.20765027322404372,184,3.7151092896174864,62.79135869565218,150.0,0.5714285714285714,0,0
EVS02118,2,44,3,16,AC Level 2,Destination/AC,No,0.5038864285714286,0.25,140,4.844714285714286,60.466499999999996,22.0,0.6666666666666666,0,0
EVS02119,3,450,4,12,DC Fast Charger,Fast Charging,Yes,0.299272,0.184,125,3.48872,53.86904,150.0,0.75,0,0
EVS02120,3,150,5,9,AC Level 1,Fast Charging,Yes,0.3289147887323944,0.2323943661971831,142,4.497746478873239,59.203802816901415,50.0,0.6,0,0
EVS02121,2,700,3,12,AC Level 1,Ultra-Fast Charging,No,0.5076955974842767,0.4025157232704403,159,7.285723270440252,60.92358490566038,350.0,0.6666666666666666,0,1
EVS02122,6,2100,7,10,DC Fast Charger,Ultra-Fast Charging,Yes,0.1435357142857143,0.14285714285714285,154,2.2985714285714285,51.672077922077925,350.0,0.8571428571428571,0,0
EVS02123,4,88,5,5,DC Fast Charger,Destination/AC,Yes,0.24836470588235296,0.11764705882352941,102,2.5270588235294116,59.607549019607845,22.0,0.8,0,0
EVS02124,6,900,7,4,DC Fast Charger,Fast Charging,No,0.1460937984496124,0.09302325581395349,129,1.8537209302325581,52.592170542635664,150.0,0.8571428571428571,0,0
EVS02125,3,66,6,13,AC Level 2,Destination/AC,No,0.3477593103448276,0.23448275862068965,145,4.311586206896552,62.59668965517242,22.0,0.5,0,0
EVS02126,3,450,4,13,DC Fast Charger,Fast Charging,Yes,0.2884381578947368,0.13157894736842105,77,2.3010526315789472,51.24376623376623,150.0,0.75,0,0
EVS02127,3,1050,4,13,AC Level 1,Ultra-Fast Charging,Yes,0.3693385714285714,0.15714285714285714,71,2.3601428571428573,65.54478873239437,350.0,0.75,0,0
EVS02128,2,700,3,3,AC Level 2,Ultra-Fast Charging,No,0.49443728813559323,0.2457627118644068,118,5.066271186440678,59.332542372881356,350.0,0.6666666666666666,0,0
EVS02129,3,150,6,6,AC Level 1,Fast Charging,No,0.3084578947368421,0.10526315789473684,19,1.03,55.52315789473685,50.0,0.5,0,0
EVS02130,2,700,4,6,AC Level 1,Ultra-Fast Charging,Yes,0.5239377049180328,0.19672131147540983,61,2.5472131147540984,62.87327868852459,350.0,0.5,1,0
EVS02131,2,44,3,13,AC Level 1,Destination/AC,Yes,0.5148365853658536,0.3008130081300813,123,6.371463414634147,61.779999999999994,22.0,0.6666666666666666,1,1
EVS02132,6,900,9,13,DC Fast Charger,Fast Charging,Yes,0.14779849246231155,0.10050251256281408,199,2.8483919597989953,53.20728643216081,150.0,0.6666666666666666,0,0
EVS02133,6,900,10,12,AC Level 2,Fast Charging,No,0.1674559633027523,0.06422018348623854,109,1.6058715596330275,60.28366972477064,150.0,0.6,0,0
EVS02134,2,300,3,9,AC Level 2,Fast Charging,Yes,0.4985984375,0.15625,64,3.53546875,59.831875,150.0,0.6666666666666666,0,0
EVS02135,5,1750,7,12,AC Level 2,Ultra-Fast Charging,No,0.20110540540540542,0.05405405405405406,74,1.5556756756756758,60.3308108108108,350.0,0.7142857142857143,0,0
EVS02136,5,110,10,10,AC Level 1,Destination/AC,Yes,0.21118296296296296,0.13333333333333333,137,2.7873333333333337,62.42970802919709,22.0,0.5,0,0
EVS02137,4,600,6,15,AC Level 2,Fast Charging,Yes,0.24932181818181817,0.12727272727272726,111,2.682318181818182,59.29963963963964,150.0,0.6666666666666666,0,0
EVS02138,1,150,1,6,AC Level 2,Fast Charging,No,0.8631842105263159,0.6842105263157895,19,2.311578947368421,57.137894736842114,150.0,1.0,1,1
EVS02139,2,300,3,3,DC Fast Charger,Fast Charging,Yes,0.43007500000000004,0.23076923076923078,104,4.569134615384615,51.60913461538462,150.0,0.6666666666666666,0,0
EVS02140,3,1050,6,14,AC Level 2,Ultra-Fast Charging,No,0.33547594936708863,0.08860759493670886,79,2.6258227848101265,60.385822784810124,350.0,0.5,0,0
EVS02141,1,150,2,11,DC Fast Charger,Fast Charging,No,0.801221875,0.6484375,128,7.484765625,52.61109375,150.0,0.5,1,1
EVS02142,1,22,3,16,DC Fast Charger,Destination/AC,No,0.9039164556962026,0.879746835443038,158,9.467911392405064,62.39417721518988,22.0,0.3333333333333333,1,1
EVS02143,3,150,4,3,AC Level 2,Fast Charging,Yes,0.3525976047904192,0.2754491017964072,167,5.550179640718563,63.467664670658685,50.0,0.75,0,0
EVS02144,4,200,9,14,AC Level 2,Fast Charging,No,0.2608132743362832,0.1415929203539823,113,2.5867256637168143,62.59513274336283,50.0,0.4444444444444444,0,0
EVS02145,6,900,10,15,DC Fast Charger,Fast Charging,Yes,0.14179857142857144,0.04285714285714286,71,1.1126428571428573,50.33042253521127,150.0,0.6,0,0
EVS02146,8,2800,9,3,AC Level 1,Ultra-Fast Charging,No,0.12215862068965518,0.022988505747126436,87,1.1122988505747127,58.63551724137931,350.0,0.8888888888888888,0,0
EVS02147,7,2450,9,8,AC Level 2,Ultra-Fast Charging,Yes,0.1445047619047619,0.07142857142857142,42,0.5769047619047619,60.68904761904762,350.0,0.7777777777777778,0,0
EVS02148,2,700,4,5,DC Fast Charger,Ultra-Fast Charging,No,0.4386478947368421,0.4368421052631579,190,8.566684210526317,52.63789473684211,350.0,0.5,0,1
EVS02149,2,300,4,12,AC Level 1,Fast Charging,Yes,0.5140060975609756,0.4146341463414634,166,6.7960365853658535,61.23343373493976,150.0,0.5,1,1
EVS02150,6,300,9,8,AC Level 1,Fast Charging,No,0.169946,0.13333333333333333,150,2.7818666666666663,61.17933333333333,50.0,0.6666666666666666,0,0
EVS02151,7,350,9,3,DC Fast Charger,Fast Charging,Yes,0.1271723076923077,0.03076923076923077,65,0.8693846153846153,53.41323076923077,50.0,0.7777777777777778,0,0
EVS02152,5,250,7,4,DC Fast Charger,Fast Charging,Yes,0.18150875,0.0375,80,1.3903750000000001,54.4525,50.0,0.7142857142857143,0,0
EVS02153,5,110,9,4,AC Level 1,Destination/AC,Yes,0.1999173076923077,0.09615384615384616,156,2.602307692307692,59.9749358974359,22.0,0.5555555555555556,0,0
EVS02154,2,100,5,13,AC Level 2,Fast Charging,Yes,0.5084019417475728,0.27184466019417475,103,4.632815533980582,61.21446601941748,50.0,0.4,0,0
EVS02155,6,300,9,8,AC Level 1,Fast Charging,No,0.1670170068027211,0.061224489795918366,147,1.7849659863945577,60.126326530612246,50.0,0.6666666666666666,0,0
EVS02156,3,450,4,16,DC Fast Charger,Fast Charging,No,0.295493670886076,0.12658227848101267,79,2.5951898734177217,53.18962025316455,150.0,0.75,0,0
EVS02157,6,2100,7,11,AC Level 2,Ultra-Fast Charging,No,0.1662,0.08695652173913043,92,1.3475,59.83369565217391,350.0,0.8571428571428571,0,0
EVS02158,4,1400,9,3,DC Fast Charger,Ultra-Fast Charging,Yes,0.218921875,0.171875,129,3.06796875,52.13379844961241,350.0,0.4444444444444444,0,0
EVS02159,5,250,7,3,AC Level 2,Fast Charging,Yes,0.19845808383233532,0.1377245508982036,168,2.5243413173652693,59.18315476190477,50.0,0.7142857142857143,0,0
EVS02160,4,1400,7,3,DC Fast Charger,Ultra-Fast Charging,No,0.22280833333333336,0.1111111111111111,73,1.9450694444444443,52.74205479452055,350.0,0.5714285714285714,0,0
EVS02161,1,350,1,8,AC Level 2,Ultra-Fast Charging,No,0.8981831168831169,0.7922077922077922,155,9.024155844155844,61.01800000000001,350.0,1.0,1,1
EVS02162,1,22,1,10,AC Level 2,Destination/AC,Yes,0.8826560606060606,0.7424242424242424,66,5.574090909090909,60.91590909090909,22.0,1.0,1,1
EVS02163,3,1050,5,13,DC Fast Charger,Ultra-Fast Charging,Yes,0.2865950617283951,0.037037037037037035,82,2.3885185185185187,50.95878048780488,350.0,0.6,0,0
EVS02164,2,100,5,5,AC Level 2,Fast Charging,No,0.5157198830409357,0.39766081871345027,171,7.5007017543859655,61.886608187134506,50.0,0.4,1,1
EVS02165,1,50,1,14,AC Level 2,Fast Charging,Yes,0.9060041916167664,0.8622754491017964,168,8.208622754491017,62.13238095238095,50.0,1.0,1,1
EVS02166,4,88,7,4,AC Level 2,Destination/AC,Yes,0.249627374301676,0.18435754189944134,181,3.873854748603352,59.24872928176796,22.0,0.5714285714285714,0,0
EVS02167,5,1750,7,12,DC Fast Charger,Ultra-Fast Charging,Yes,0.18088387096774194,0.03225806451612903,62,1.4525806451612904,54.26548387096774,350.0,0.7142857142857143,0,0
EVS02168,4,200,6,5,AC Level 2,Fast Charging,Yes,0.25525744680851065,0.1773049645390071,141,3.7244680851063827,61.26127659574468,50.0,0.6666666666666666,0,0
EVS02169,8,2800,10,12,AC Level 1,Ultra-Fast Charging,No,0.13034350282485874,0.07344632768361582,178,1.9225141242937855,62.212078651685395,350.0,0.8,0,0
EVS02170,3,66,6,16,AC Level 1,Destination/AC,Yes,0.34952783505154644,0.2422680412371134,195,5.631469072164949,62.59174358974359,22.0,0.5,0,0
EVS02171,4,1400,7,12,AC Level 2,Ultra-Fast Charging,No,0.25403684210526317,0.05263157894736842,19,0.6842105263157895,60.97052631578948,350.0,0.5714285714285714,0,0
EVS02172,1,50,1,12,DC Fast Charger,Fast Charging,No,0.7830039999999999,0.6466666666666666,150,8.047266666666665,50.775666666666666,50.0,1.0,1,1
EVS02173,1,50,3,4,AC Level 2,Fast Charging,No,0.8880886486486487,0.8378378378378378,187,9.154594594594593,60.20155080213904,50.0,0.3333333333333333,1,1
EVS02174,3,150,6,5,AC Level 2,Fast Charging,Yes,0.3389684931506849,0.18493150684931506,146,4.183904109589041,61.01458904109589,50.0,0.5,0,0
EVS02175,6,2100,8,8,AC Level 1,Ultra-Fast Charging,No,0.17375789473684208,0.0,57,0.9945614035087719,62.5540350877193,350.0,0.75,0,0
EVS02176,1,22,2,4,AC Level 1,Destination/AC,Yes,0.8812571428571429,0.8345864661654135,133,9.161203007518797,61.06330827067669,22.0,0.5,1,1
EVS02177,1,22,3,12,DC Fast Charger,Destination/AC,No,0.8804157894736842,0.7631578947368421,38,3.081578947368421,62.892105263157895,22.0,0.3333333333333333,1,1
EVS02178,1,150,1,10,AC Level 2,Fast Charging,Yes,0.8904226890756303,0.8403361344537815,119,7.4405882352941175,60.751680672268904,150.0,1.0,1,1
EVS02179,5,750,10,10,DC Fast Charger,Fast Charging,Yes,0.1710963503649635,0.08029197080291971,137,2.0364963503649633,51.32788321167883,150.0,0.5,0,0
EVS02180,8,1200,10,11,AC Level 1,Fast Charging,Yes,0.12774909090909092,0.03636363636363636,110,1.0554545454545454,61.32145454545454,150.0,0.8,0,0
EVS02181,5,750,6,8,AC Level 1,Fast Charging,Yes,0.2142512195121951,0.13008130081300814,124,2.730284552845528,63.75709677419355,150.0,0.8333333333333334,0,0
EVS02182,2,700,5,11,DC Fast Charger,Ultra-Fast Charging,No,0.453005,0.11666666666666667,60,2.6118333333333337,54.3605,350.0,0.4,0,0
EVS02183,5,1750,6,10,AC Level 1,Ultra-Fast Charging,No,0.20438492063492064,0.06349206349206349,127,1.9624206349206348,60.83464566929134,350.0,0.8333333333333334,0,0
EVS02184,3,150,4,7,DC Fast Charger,Fast Charging,No,0.3043032520325203,0.17886178861788618,124,3.46760162601626,54.33290322580645,50.0,0.75,0,0
EVS02185,6,300,7,13,AC Level 2,Fast Charging,No,0.16898596491228068,0.07017543859649122,114,2.010438596491228,60.835087719298244,50.0,0.8571428571428571,0,0
EVS02186,4,88,7,10,AC Level 1,Destination/AC,No,0.2605673469387755,0.12244897959183673,49,1.233469387755102,62.536734693877555,22.0,0.5714285714285714,0,0
EVS02187,2,44,3,12,AC Level 1,Destination/AC,Yes,0.5062432432432433,0.24324324324324326,74,3.1840540540540543,60.74878378378378,22.0,0.6666666666666666,0,0
EVS02188,1,50,1,15,AC Level 1,Fast Charging,No,0.8680714285714286,0.7380952380952381,42,5.169047619047619,59.099761904761905,50.0,1.0,1,1
EVS02189,4,600,5,4,AC Level 1,Fast Charging,Yes,0.260722,0.08,100,2.088,62.573100000000004,150.0,0.8,0,0
EVS02190,4,88,6,16,AC Level 1,Destination/AC,No,0.24592362204724408,0.10236220472440945,128,2.585236220472441,58.560234375,22.0,0.6666666666666666,0,0
EVS02191,4,1400,6,16,AC Level 2,Ultra-Fast Charging,No,0.2527953846153846,0.09230769230769231,65,2.0816923076923075,60.671076923076924,350.0,0.6666666666666666,0,0
EVS02192,1,150,1,9,DC Fast Charger,Fast Charging,No,0.7845704081632653,0.6632653061224489,98,7.469183673469388,50.76081632653061,150.0,1.0,1,1
EVS02193,4,1400,6,7,DC Fast Charger,Ultra-Fast Charging,Yes,0.23399722222222222,0.013888888888888888,73,1.43625,55.39054794520548,350.0,0.6666666666666666,0,0
EVS02194,8,176,10,15,AC Level 1,Destination/AC,Yes,0.1196529411764706,0.058823529411764705,52,0.947843137254902,56.33269230769231,22.0,0.8,0,0
EVS02195,6,300,10,14,DC Fast Charger,Fast Charging,No,0.142516,0.048,125,1.7159200000000001,51.30488,50.0,0.6,0,0
EVS02196,3,450,4,16,AC Level 1,Fast Charging,No,0.34133195266272187,0.23668639053254437,170,4.733994082840236,61.079235294117645,150.0,0.75,0,0
EVS02197,5,750,9,3,AC Level 2,Fast Charging,Yes,0.21580169491525425,0.0847457627118644,59,1.4527118644067798,64.74169491525423,150.0,0.5555555555555556,0,0
EVS02198,4,200,6,12,AC Level 2,Fast Charging,No,0.25454,0.19428571428571428,175,3.8481714285714284,61.08977142857143,50.0,0.6666666666666666,0,0
EVS02199,1,22,2,5,DC Fast Charger,Destination/AC,No,0.9241371134020618,0.865979381443299,97,8.369484536082474,64.84123711340206,22.0,0.5,1,1
EVS02200,3,150,4,12,AC Level 1,Fast Charging,Yes,0.3323029411764706,0.0,34,0.9820588235294118,59.81617647058823,50.0,0.75,0,0
EVS02201,8,400,9,14,AC Level 2,Fast Charging,Yes,0.12177432432432433,0.08108108108108109,74,0.8439189189189189,58.45202702702702,50.0,0.8888888888888888,0,0
EVS02202,4,200,6,14,DC Fast Charger,Fast Charging,Yes,0.2106705882352941,0.17647058823529413,17,0.5494117647058824,50.561764705882354,50.0,0.6666666666666666,0,0
EVS02203,4,200,6,11,AC Level 2,Fast Charging,No,0.2536136363636364,0.045454545454545456,22,0.6577272727272727,60.86590909090909,50.0,0.6666666666666666,0,0
EVS02204,3,66,5,7,AC Level 1,Destination/AC,Yes,0.33838970588235295,0.10294117647058823,68,1.9654411764705884,60.908529411764704,22.0,0.6,0,0
EVS02205,5,110,9,14,DC Fast Charger,Destination/AC,No,0.20419611650485436,0.05825242718446602,103,1.666504854368932,61.259417475728156,22.0,0.5555555555555556,0,0
EVS02206,4,600,7,9,AC Level 1,Fast Charging,Yes,0.26407793103448274,0.2,146,3.2720344827586207,62.94465753424657,150.0,0.5714285714285714,0,0
EVS02207,2,300,5,15,AC Level 2,Fast Charging,Yes,0.54805,0.10526315789473684,38,1.5513157894736842,66.06342105263157,150.0,0.4,1,0
EVS02208,1,150,2,10,AC Level 2,Fast Charging,Yes,0.9103820987654321,0.8703703703703703,162,8.341604938271605,63.498148148148154,150.0,0.5,1,1
EVS02209,1,22,2,13,DC Fast Charger,Destination/AC,No,0.9017967741935484,0.7741935483870968,62,5.130483870967742,61.48564516129032,22.0,0.5,1,1
EVS02210,1,350,2,16,AC Level 1,Ultra-Fast Charging,Yes,0.8851708333333334,0.7916666666666666,24,3.216666666666667,65.2275,350.0,0.5,1,1
EVS02211,8,1200,10,10,AC Level 1,Fast Charging,No,0.12676016949152544,0.05084745762711865,118,1.3468644067796611,60.844237288135595,150.0,0.8,0,0
EVS02212,2,44,3,13,AC Level 1,Destination/AC,No,0.5084819875776397,0.36024844720496896,162,6.588540372670808,60.76253086419754,22.0,0.6666666666666666,0,1
EVS02213,2,700,3,13,AC Level 2,Ultra-Fast Charging,No,0.51738125,0.2767857142857143,112,5.182946428571428,62.08616071428571,350.0,0.6666666666666666,1,0
EVS02214,4,200,5,6,AC Level 2,Fast Charging,No,0.2657371428571429,0.08571428571428572,35,0.9011428571428571,63.77628571428571,50.0,0.8,0,0
EVS02215,6,900,9,5,AC Level 1,Fast Charging,No,0.1609969696969697,0.030303030303030304,33,0.6766666666666666,57.95727272727272,150.0,0.6666666666666666,0,0
EVS02216,3,450,5,16,AC Level 1,Fast Charging,No,0.31920625,0.075,80,2.590625,57.456500000000005,150.0,0.6,0,0
EVS02217,5,250,8,12,AC Level 2,Fast Charging,Yes,0.2020445652173913,0.07608695652173914,92,1.5723913043478261,60.612500000000004,50.0,0.625,0,0
EVS02218,5,110,8,4,DC Fast Charger,Destination/AC,Yes,0.20156300000000002,0.15,200,3.062,60.468900000000005,22.0,0.625,0,0
EVS02219,3,450,5,13,DC Fast Charger,Fast Charging,Yes,0.28655507246376816,0.08695652173913043,69,1.781159420289855,51.580579710144924,150.0,0.6,0,0
EVS02220,3,66,5,14,AC Level 2,Destination/AC,No,0.35015573770491804,0.08196721311475409,61,1.529672131147541,63.027540983606556,22.0,0.6,0,0
EVS02221,6,132,10,7,DC Fast Charger,Destination/AC,Yes,0.16675875,0.0875,160,2.513,60.0333125,22.0,0.6,0,0
EVS02222,3,450,4,8,AC Level 2,Fast Charging,No,0.3401936170212766,0.0851063829787234,47,1.3357446808510638,61.23489361702128,150.0,0.75,0,0
EVS02223,1,350,2,5,AC Level 2,Ultra-Fast Charging,No,0.8719444444444444,0.7777777777777778,18,1.5122222222222221,59.46555555555556,350.0,0.5,1,1
EVS02224,5,750,7,5,AC Level 2,Fast Charging,Yes,0.2136054794520548,0.0684931506849315,73,2.1824657534246574,64.08260273972603,150.0,0.7142857142857143,0,0
EVS02225,4,1400,8,10,DC Fast Charger,Ultra-Fast Charging,No,0.22203263157894737,0.06315789473684211,95,1.8003157894736843,53.28757894736842,350.0,0.5,0,0
EVS02226,5,250,8,10,DC Fast Charger,Fast Charging,No,0.1739686956521739,0.06086956521739131,116,2.1100434782608697,51.73982758620689,50.0,0.625,0,0
EVS02227,6,2100,8,12,DC Fast Charger,Ultra-Fast Charging,Yes,0.1386965909090909,0.13068181818181818,178,2.705056818181818,49.36865168539326,350.0,0.75,0,0
EVS02228,5,250,9,6,AC Level 1,Fast Charging,Yes,0.20023197278911564,0.14285714285714285,148,3.055646258503401,59.66493243243243,50.0,0.5555555555555556,0,0
EVS02229,1,350,1,14,AC Level 1,Ultra-Fast Charging,Yes,0.8879535211267605,0.8028169014084507,71,5.678591549295775,61.37802816901409,350.0,1.0,1,1
EVS02230,1,22,2,13,AC Level 2,Destination/AC,No,0.8799748538011696,0.847953216374269,171,9.223976608187135,61.20742690058479,22.0,0.5,1,1
EVS02231,1,150,2,14,AC Level 1,Fast Charging,No,0.8970074074074075,0.8222222222222222,136,7.523037037037037,63.305294117647065,150.0,0.5,1,1
EVS02232,5,1750,6,12,AC Level 1,Ultra-Fast Charging,No,0.20379545454545456,0.13636363636363635,22,0.5222727272727273,61.13954545454545,350.0,0.8333333333333334,0,0
EVS02233,3,450,5,6,AC Level 1,Fast Charging,No,0.34328068181818183,0.2727272727272727,179,5.596420454545455,60.75502793296089,150.0,0.6,0,0
EVS02234,5,1750,10,9,AC Level 2,Ultra-Fast Charging,Yes,0.22258000000000003,0.03333333333333333,30,0.791,66.77533333333334,350.0,0.5,0,0
EVS02235,2,300,2,4,AC Level 1,Fast Charging,Yes,0.511,0.3153153153153153,112,5.165405405405406,60.869910714285716,150.0,1.0,0,1
EVS02236,5,750,7,10,AC Level 2,Fast Charging,Yes,0.2064095588235294,0.17647058823529413,136,2.759264705882353,61.92382352941176,150.0,0.7142857142857143,0,0
EVS02237,7,350,10,9,AC Level 1,Fast Charging,Yes,0.14863076923076923,0.057692307692307696,52,1.021346153846154,62.425,50.0,0.7,0,0
EVS02238,3,150,6,15,AC Level 2,Fast Charging,No,0.34085866666666664,0.12,75,2.516,61.354933333333335,50.0,0.5,0,0
EVS02239,2,700,3,7,AC Level 1,Ultra-Fast Charging,No,0.4914711111111111,0.18888888888888888,90,3.9034444444444443,58.976111111111116,350.0,0.6666666666666666,0,0
EVS02240,1,22,1,8,AC Level 1,Destination/AC,Yes,0.9117407407407406,0.8941798941798942,189,8.947566137566136,63.05936507936507,22.0,1.0,1,1
EVS02241,5,110,10,6,AC Level 1,Destination/AC,Yes,0.2046537037037037,0.09259259259259259,54,0.9957407407407408,61.3962962962963,22.0,0.5,0,0
EVS02242,1,150,2,14,AC Level 2,Fast Charging,Yes,0.8697255813953488,0.8294573643410853,129,9.165891472868218,59.535658914728685,150.0,0.5,1,1
EVS02243,1,350,1,3,AC Level 2,Ultra-Fast Charging,No,0.8835759615384616,0.7884615384615384,104,6.479230769230769,62.50884615384616,350.0,1.0,1,1
EVS02244,5,110,8,12,AC Level 2,Destination/AC,No,0.19549696969696972,0.06060606060606061,33,0.6784848484848485,58.64878787878787,22.0,0.625,0,0
EVS02245,4,88,9,3,DC Fast Charger,Destination/AC,Yes,0.2506188405797101,0.18115942028985507,139,3.4465942028985506,59.71539568345324,22.0,0.4444444444444444,0,0
EVS02246,1,150,1,6,DC Fast Charger,Fast Charging,No,0.8056131428571429,0.7371428571428571,178,9.126542857142857,53.67932584269663,150.0,1.0,1,1
EVS02247,4,1400,7,10,DC Fast Charger,Ultra-Fast Charging,No,0.21573962264150945,0.18867924528301888,107,2.9865566037735847,51.29299065420561,350.0,0.5714285714285714,0,0
EVS02248,1,150,1,13,DC Fast Charger,Fast Charging,Yes,0.8341000000000001,0.6428571428571429,42,4.488809523809524,55.50952380952381,150.0,1.0,1,1
EVS02249,6,132,7,7,AC Level 1,Destination/AC,Yes,0.17854054054054053,0.13513513513513514,37,0.9021621621621623,64.2727027027027,22.0,0.8571428571428571,0,0
EVS02250,3,1050,7,3,AC Level 2,Ultra-Fast Charging,No,0.34555056179775284,0.11235955056179775,90,2.531629213483146,61.508,350.0,0.42857142857142855,0,0
EVS02251,1,22,1,5,AC Level 2,Destination/AC,No,0.8795946428571428,0.8571428571428571,112,8.165714285714285,60.64357142857143,22.0,1.0,1,1
EVS02252,4,1400,6,3,AC Level 2,Ultra-Fast Charging,Yes,0.255971,0.09,100,2.3377,61.4346,350.0,0.6666666666666666,0,0
EVS02253,1,350,2,8,DC Fast Charger,Ultra-Fast Charging,No,0.7866782608695652,0.6739130434782609,46,5.00695652173913,51.171521739130434,350.0,0.5,1,1
EVS02254,3,66,4,16,DC Fast Charger,Destination/AC,Yes,0.3355421052631579,0.09649122807017543,114,3.3768421052631576,60.39657894736842,22.0,0.75,0,0
EVS02255,6,2100,7,8,AC Level 1,Ultra-Fast Charging,No,0.18083174603174604,0.031746031746031744,63,0.8934920634920634,65.10079365079366,350.0,0.8571428571428571,0,0
EVS02256,4,200,6,5,DC Fast Charger,Fast Charging,No,0.2242111111111111,0.18253968253968253,126,2.9984126984126984,53.8115873015873,50.0,0.6666666666666666,0,0
EVS02257,1,50,1,11,AC Level 2,Fast Charging,Yes,0.8763512658227849,0.8037974683544303,159,8.482056962025316,59.900314465408805,50.0,1.0,1,1
EVS02258,8,176,9,15,AC Level 1,Destination/AC,Yes,0.12917534246575343,0.0410958904109589,146,1.5192465753424658,62.004657534246576,22.0,0.8888888888888888,0,0
EVS02259,2,44,4,6,AC Level 2,Destination/AC,Yes,0.5128055555555555,0.1111111111111111,18,0.71,61.538333333333334,22.0,0.5,1,0
EVS02260,4,200,5,6,AC Level 2,Fast Charging,No,0.25834010989010986,0.21978021978021978,184,3.9450549450549453,61.327336956521734,50.0,0.8,0,0
EVS02261,4,1400,6,13,DC Fast Charger,Ultra-Fast Charging,Yes,0.23095714285714286,0.09523809523809523,21,0.5071428571428571,55.43095238095238,350.0,0.6666666666666666,0,0
EVS02262,1,22,1,5,DC Fast Charger,Destination/AC,No,0.8803823899371068,0.8427672955974843,159,9.18943396226415,61.84836477987421,22.0,1.0,1,1
EVS02263,5,110,6,12,AC Level 2,Destination/AC,Yes,0.20173684210526316,0.0,19,0.4242105263157895,60.52052631578948,22.0,0.8333333333333334,0,0
EVS02264,6,900,9,5,DC Fast Charger,Fast Charging,Yes,0.146157,0.05,100,1.6805,52.617799999999995,150.0,0.6666666666666666,0,0
EVS02265,6,900,10,11,AC Level 2,Fast Charging,No,0.17423142857142856,0.05714285714285714,35,0.5217142857142858,62.720571428571425,150.0,0.6,0,0
EVS02266,1,150,2,6,AC Level 1,Fast Charging,Yes,0.8925294117647059,0.7058823529411765,34,2.936176470588235,60.339999999999996,150.0,0.5,1,1
EVS02267,3,450,4,10,AC Level 2,Fast Charging,Yes,0.3217747967479675,0.1951219512195122,123,4.558455284552845,57.91918699186992,150.0,0.75,0,0
EVS02268,3,1050,4,14,AC Level 1,Ultra-Fast Charging,Yes,0.3423632911392405,0.18354430379746836,160,4.157974683544304,60.8551875,350.0,0.75,0,0
EVS02269,2,300,3,16,DC Fast Charger,Fast Charging,Yes,0.4441136363636364,0.045454545454545456,22,1.5695454545454546,53.29318181818182,150.0,0.6666666666666666,0,0
EVS02270,3,66,4,13,AC Level 2,Destination/AC,Yes,0.3500690476190476,0.25,168,5.451428571428572,63.0125,22.0,0.75,0,0
EVS02271,1,22,1,11,DC Fast Charger,Destination/AC,Yes,0.9105702380952381,0.8452380952380952,84,6.134047619047619,62.9352380952381,22.0,1.0,1,1
EVS02272,5,250,8,12,DC Fast Charger,Fast Charging,No,0.17672786885245903,0.06557377049180328,61,1.5406557377049181,53.01606557377049,50.0,0.625,0,0
EVS02273,3,450,7,15,AC Level 1,Fast Charging,Yes,0.38293396226415094,0.03773584905660377,53,1.9320754716981132,68.92924528301887,150.0,0.42857142857142855,0,0
EVS02274,4,1400,7,5,AC Level 2,Ultra-Fast Charging,No,0.2697827586206897,0.10344827586206896,87,2.021034482758621,64.74827586206897,350.0,0.5714285714285714,0,0
EVS02275,4,1400,9,11,DC Fast Charger,Ultra-Fast Charging,No,0.2220625,0.03125,32,1.30125,53.2965625,350.0,0.4444444444444444,0,0
EVS02276,3,450,6,10,DC Fast Charger,Fast Charging,Yes,0.3008048780487805,0.14634146341463414,83,2.5931707317073167,53.49180722891566,150.0,0.5,0,0
EVS02277,3,66,5,10,DC Fast Charger,Destination/AC,Yes,0.32190196078431377,0.0196078431372549,51,1.6198039215686275,57.94274509803921,22.0,0.6,0,0
EVS02278,2,700,5,16,AC Level 1,Ultra-Fast Charging,Yes,0.5261083333333333,0.041666666666666664,24,0.9570833333333333,63.13375,350.0,0.4,1,0
EVS02279,5,110,9,5,AC Level 2,Destination/AC,No,0.201273,0.1,100,1.6334,60.381899999999995,22.0,0.5555555555555556,0,0
EVS02280,4,600,5,4,DC Fast Charger,Fast Charging,No,0.2174135593220339,0.17796610169491525,118,3.406694915254237,52.17923728813559,150.0,0.8,0,0
EVS02281,3,450,6,9,DC Fast Charger,Fast Charging,No,0.29204177215189875,0.20253164556962025,158,4.343227848101266,52.567784810126575,150.0,0.5,0,0
EVS02282,8,2800,10,7,AC Level 1,Ultra-Fast Charging,No,0.13074520547945204,0.0410958904109589,73,1.051917808219178,62.754794520547954,350.0,0.8,0,0
EVS02283,5,110,6,7,AC Level 2,Destination/AC,No,0.21611846153846154,0.12307692307692308,65,1.1292307692307693,64.83476923076924,22.0,0.8333333333333334,0,0
EVS02284,5,250,8,16,AC Level 2,Fast Charging,No,0.2130855172413793,0.13793103448275862,145,2.8338620689655176,63.92558620689655,50.0,0.625,0,0
EVS02285,8,400,10,5,DC Fast Charger,Fast Charging,Yes,0.11355322580645162,0.12096774193548387,124,1.9188709677419356,54.505887096774195,50.0,0.8,0,0
EVS02286,4,88,5,12,AC Level 1,Destination/AC,No,0.25035625,0.1736111111111111,144,3.794583333333333,60.08694444444445,22.0,0.8,0,0
EVS02287,3,1050,5,7,AC Level 2,Ultra-Fast Charging,Yes,0.34110448717948716,0.32051282051282054,157,5.7140064102564105,61.00815286624204,350.0,0.6,0,1
EVS02288,1,22,1,6,AC Level 1,Destination/AC,Yes,0.8835472392638037,0.8404907975460123,163,9.024662576687117,60.91754601226994,22.0,1.0,1,1
EVS02289,4,88,8,13,AC Level 2,Destination/AC,No,0.2669377049180328,0.2185792349726776,185,3.9174043715846993,63.372,22.0,0.5,0,0
EVS02290,6,132,8,5,AC Level 1,Destination/AC,No,0.17794102564102565,0.07692307692307693,78,1.393076923076923,64.05782051282051,22.0,0.75,0,0
EVS02291,1,22,1,4,DC Fast Charger,Destination/AC,Yes,0.8594356164383561,0.7808219178082192,73,6.811643835616438,58.245342465753424,22.0,1.0,1,1
EVS02292,2,100,5,11,DC Fast Charger,Fast Charging,No,0.41280338983050846,0.15254237288135594,59,3.3222033898305083,49.536440677966105,50.0,0.4,0,0
EVS02293,2,44,4,9,DC Fast Charger,Destination/AC,No,0.5238145833333333,0.1875,48,3.3487500000000003,62.85791666666666,22.0,0.5,1,0
EVS02294,2,100,2,10,AC Level 2,Fast Charging,No,0.5199814285714286,0.3,140,6.464857142857143,62.397642857142856,50.0,1.0,1,1
EVS02295,3,1050,5,4,AC Level 1,Ultra-Fast Charging,No,0.35025357142857144,0.22857142857142856,144,4.5248928571428575,61.294513888888886,350.0,0.6,0,0
EVS02296,4,88,7,11,DC Fast Charger,Destination/AC,No,0.254636690647482,0.1510791366906475,139,3.9398561151079137,61.11302158273381,22.0,0.5714285714285714,0,0
EVS02297,2,300,4,14,AC Level 2,Fast Charging,No,0.5096285714285714,0.08571428571428572,35,1.3142857142857143,61.15542857142857,150.0,0.5,0,0
EVS02298,2,100,3,5,AC Level 1,Fast Charging,No,0.5034457142857143,0.18095238095238095,106,4.072619047619048,60.15216981132075,50.0,0.6666666666666666,0,0
EVS02299,2,300,2,11,AC Level 2,Fast Charging,No,0.5615979999999999,0.12,50,2.9204000000000003,67.4624,150.0,1.0,1,0
EVS02300,4,600,5,4,AC Level 2,Fast Charging,Yes,0.25474590163934424,0.19672131147540983,184,4.129617486338798,60.80711956521739,150.0,0.8,0,0
EVS02301,1,350,2,5,AC Level 2,Ultra-Fast Charging,Yes,0.9132623188405796,0.8405797101449275,69,5.692608695652173,61.89,350.0,0.5,1,1
EVS02302,4,600,7,10,AC Level 2,Fast Charging,No,0.25631333333333334,0.03333333333333333,30,1.2156666666666667,61.51466666666667,150.0,0.5714285714285714,0,0
EVS02303,1,350,2,14,DC Fast Charger,Ultra-Fast Charging,Yes,0.792311224489796,0.6938775510204082,100,7.7782653061224485,51.7,350.0,0.5,1,1
EVS02304,1,22,1,9,AC Level 2,Destination/AC,No,0.8596173913043479,0.7753623188405797,139,8.028297101449276,58.866330935251796,22.0,1.0,1,1
EVS02305,6,2100,8,5,AC Level 2,Ultra-Fast Charging,No,0.16984971098265897,0.08670520231213873,176,2.6196820809248553,60.10363636363636,350.0,0.75,0,0
EVS02306,5,250,7,4,DC Fast Charger,Fast Charging,Yes,0.1838733333333333,0.06666666666666667,30,0.7013333333333333,55.162000000000006,50.0,0.7142857142857143,0,0
EVS02307,4,200,6,4,DC Fast Charger,Fast Charging,No,0.21981739130434783,0.07246376811594203,69,2.243913043478261,52.75623188405797,50.0,0.6666666666666666,0,0
EVS02308,4,1400,6,10,AC Level 1,Ultra-Fast Charging,No,0.25418372093023256,0.09302325581395349,43,0.7725581395348837,61.003488372093024,350.0,0.6666666666666666,0,0
EVS02309,6,300,10,9,AC Level 2,Fast Charging,Yes,0.1623557142857143,0.02857142857142857,70,1.2884285714285715,58.447428571428574,50.0,0.6,0,0
EVS02310,5,750,8,13,AC Level 2,Fast Charging,Yes,0.2081361111111111,0.05555555555555555,109,2.0102777777777776,61.866513761467886,150.0,0.625,0,0
EVS02311,4,1400,6,3,DC Fast Charger,Ultra-Fast Charging,Yes,0.21169375,0.03125,64,1.52046875,50.8053125,350.0,0.6666666666666666,0,0
EVS02312,3,1050,4,12,DC Fast Charger,Ultra-Fast Charging,No,0.2906470588235294,0.029411764705882353,34,0.918235294117647,52.317647058823525,350.0,0.75,0,0
EVS02313,5,750,8,6,AC Level 2,Fast Charging,Yes,0.209974,0.06,100,1.81,62.991899999999994,150.0,0.625,0,0
EVS02314,3,1050,4,4,DC Fast Charger,Ultra-Fast Charging,Yes,0.28380833333333333,0.041666666666666664,24,0.7895833333333333,51.08291666666667,350.0,0.75,0,0
EVS02315,4,1400,6,3,AC Level 1,Ultra-Fast Charging,Yes,0.2524094339622642,0.07547169811320754,53,1.3839622641509433,60.579811320754715,350.0,0.6666666666666666,0,0
EVS02316,1,50,3,11,AC Level 2,Fast Charging,Yes,0.9471105263157895,0.8421052631578947,19,1.3342105263157895,63.989999999999995,50.0,0.3333333333333333,1,1
EVS02317,5,1750,9,15,AC Level 2,Ultra-Fast Charging,Yes,0.2149695652173913,0.0,23,0.5126086956521739,64.49173913043478,350.0,0.5555555555555556,0,0
EVS02318,1,50,1,7,AC Level 1,Fast Charging,Yes,0.8430530864197531,0.8271604938271605,81,8.618518518518519,58.75580246913581,50.0,1.0,1,1
EVS02319,1,22,2,14,DC Fast Charger,Destination/AC,Yes,0.8733739644970414,0.8047337278106509,169,8.123550295857989,59.13751479289941,22.0,0.5,1,1
EVS02320,4,88,6,16,AC Level 2,Destination/AC,Yes,0.2530510344827586,0.0896551724137931,145,3.0177241379310344,60.732068965517236,22.0,0.6666666666666666,0,0
EVS02321,7,350,9,14,AC Level 2,Fast Charging,Yes,0.13933333333333334,0.07407407407407407,27,0.3996296296296296,58.52148148148148,50.0,0.7777777777777778,0,0
EVS02322,1,50,1,4,AC Level 2,Fast Charging,Yes,0.8897846153846154,0.6153846153846154,13,1.3692307692307693,59.26846153846154,50.0,1.0,1,1
EVS02323,6,2100,8,7,AC Level 1,Ultra-Fast Charging,Yes,0.16210967741935484,0.06451612903225806,62,1.2791935483870969,58.36258064516129,350.0,0.75,0,0
EVS02324,3,1050,4,9,DC Fast Charger,Ultra-Fast Charging,Yes,0.29907889908256885,0.14678899082568808,110,3.320137614678899,53.344272727272724,350.0,0.75,0,0
EVS02325,6,300,9,14,DC Fast Charger,Fast Charging,No,0.14484065040650407,0.15447154471544716,125,2.2921138211382113,51.30856,50.0,0.6666666666666666,0,0
EVS02326,5,250,8,12,DC Fast Charger,Fast Charging,Yes,0.17105438596491226,0.08187134502923976,172,2.491608187134503,51.01732558139535,50.0,0.625,0,0
EVS02327,5,110,9,3,DC Fast Charger,Destination/AC,No,0.21267966101694916,0.05084745762711865,59,1.3784745762711863,63.8028813559322,22.0,0.5555555555555556,0,0
EVS02328,4,1400,7,14,AC Level 2,Ultra-Fast Charging,No,0.24057105263157896,0.05263157894736842,38,1.2,57.73552631578947,350.0,0.5714285714285714,0,0
EVS02329,5,250,7,10,AC Level 2,Fast Charging,No,0.19858695652173913,0.0,23,0.6273913043478262,59.57695652173913,50.0,0.7142857142857143,0,0
EVS02330,5,1750,6,6,AC Level 2,Ultra-Fast Charging,No,0.21001063829787234,0.10638297872340426,47,0.8246808510638297,63.001489361702134,350.0,0.8333333333333334,0,0
EVS02331,2,700,3,8,DC Fast Charger,Ultra-Fast Charging,Yes,0.45757666666666663,0.0,30,1.546,54.909,350.0,0.6666666666666666,0,0
EVS02332,1,22,1,12,AC Level 1,Destination/AC,Yes,0.8864841379310344,0.8275862068965517,146,8.171551724137931,60.55260273972603,22.0,1.0,1,1
EVS02333,6,132,8,16,AC Level 1,Destination/AC,Yes,0.17082549019607843,0.0392156862745098,51,1.1609803921568627,61.49843137254902,22.0,0.75,0,0
EVS02334,7,1050,10,5,AC Level 2,Fast Charging,Yes,0.1480883435582822,0.06134969325153374,163,2.0445398773006134,62.19705521472393,150.0,0.7,0,0
EVS02335,1,150,1,3,AC Level 2,Fast Charging,No,0.8567586206896551,0.7931034482758621,116,8.465603448275862,58.363534482758624,150.0,1.0,1,1
EVS02336,7,154,9,9,AC Level 2,Destination/AC,Yes,0.14675283018867924,0.03773584905660377,106,1.4767924528301886,61.63745283018868,22.0,0.7777777777777778,0,0
EVS02337,1,150,2,6,AC Level 2,Fast Charging,Yes,0.8543641304347827,0.7717391304347826,92,8.244891304347826,60.09891304347826,150.0,0.5,1,1
EVS02338,4,88,8,10,AC Level 2,Destination/AC,Yes,0.251234375,0.20625,160,3.8628124999999995,60.2965,22.0,0.5,0,0
EVS02339,1,350,1,14,DC Fast Charger,Ultra-Fast Charging,Yes,0.7631055555555556,0.5555555555555556,18,2.927777777777778,51.34,350.0,1.0,1,1
EVS02340,1,22,1,14,AC Level 1,Destination/AC,Yes,0.8700291666666667,0.75,24,2.36,57.513749999999995,22.0,1.0,1,1
EVS02341,1,50,1,5,AC Level 1,Fast Charging,No,0.9140734042553191,0.8297872340425532,95,7.387606382978724,62.548,50.0,1.0,1,1
EVS02342,6,132,9,13,AC Level 2,Destination/AC,No,0.16884933333333335,0.02666666666666667,75,1.2401333333333333,60.787733333333335,22.0,0.6666666666666666,0,0
EVS02343,2,100,3,11,DC Fast Charger,Fast Charging,No,0.44643706896551727,0.2672413793103448,117,5.267801724137931,53.37555555555555,50.0,0.6666666666666666,0,0
EVS02344,6,132,9,16,DC Fast Charger,Destination/AC,Yes,0.17225185185185185,0.11728395061728394,162,2.438950617283951,62.010864197530864,22.0,0.6666666666666666,0,0
EVS02345,6,2100,10,7,AC Level 1,Ultra-Fast Charging,Yes,0.17040238095238097,0.07936507936507936,126,1.6574603174603175,61.34452380952381,350.0,0.6,0,0
EVS02346,4,88,7,13,AC Level 1,Destination/AC,No,0.2603015873015873,0.09523809523809523,63,1.6706349206349207,62.47174603174604,22.0,0.5714285714285714,0,0
EVS02347,2,44,3,9,AC Level 1,Destination/AC,No,0.5143591549295775,0.2112676056338028,71,3.3807042253521127,61.722394366197186,22.0,0.6666666666666666,1,0
EVS02348,6,132,9,13,DC Fast Charger,Destination/AC,No,0.16711503759398494,0.09774436090225563,133,2.496390977443609,60.16105263157895,22.0,0.6666666666666666,0,0
EVS02349,1,350,1,14,AC Level 1,Ultra-Fast Charging,No,0.904572,0.78,50,5.617999999999999,63.412200000000006,350.0,1.0,1,1
EVS02350,5,750,6,15,AC Level 1,Fast Charging,Yes,0.20679999999999998,0.052083333333333336,97,1.7033333333333334,61.40144329896907,150.0,0.8333333333333334,0,0
EVS02351,2,44,3,15,DC Fast Charger,Destination/AC,Yes,0.5264281553398058,0.3106796116504854,105,4.698834951456311,62.221809523809526,22.0,0.6666666666666666,1,1
EVS02352,4,88,6,11,DC Fast Charger,Destination/AC,No,0.2563449612403101,0.1937984496124031,129,3.13062015503876,61.52255813953488,22.0,0.6666666666666666,0,0
EVS02353,3,450,4,8,AC Level 1,Fast Charging,Yes,0.3320991071428572,0.21428571428571427,112,4.398839285714286,59.77830357142857,150.0,0.75,0,0
EVS02354,2,44,4,4,DC Fast Charger,Destination/AC,Yes,0.49914356435643564,0.21782178217821782,101,5.287623762376237,59.89752475247524,22.0,0.5,0,0
EVS02355,4,88,9,15,AC Level 2,Destination/AC,Yes,0.234321875,0.0625,64,1.82171875,56.236875,22.0,0.4444444444444444,0,0
EVS02356,7,350,8,8,AC Level 2,Fast Charging,No,0.1458084745762712,0.01694915254237288,59,1.1740677966101694,61.24067796610169,50.0,0.875,0,0
EVS02357,4,600,6,12,DC Fast Charger,Fast Charging,Yes,0.2185367816091954,0.11494252873563218,88,1.805919540229885,51.85318181818182,150.0,0.6666666666666666,0,0
EVS02358,6,300,8,13,DC Fast Charger,Fast Charging,Yes,0.1455639344262295,0.01639344262295082,61,1.0008196721311475,52.40262295081967,50.0,0.75,0,0
EVS02359,1,22,3,13,AC Level 1,Destination/AC,Yes,0.9009860465116278,0.8449612403100775,130,8.291744186046511,62.354615384615386,22.0,0.3333333333333333,1,1
EVS02360,4,1400,8,10,AC Level 2,Ultra-Fast Charging,No,0.26305555555555554,0.022222222222222223,45,1.1702222222222223,63.13155555555556,350.0,0.5,0,0
EVS02361,1,350,2,5,AC Level 1,Ultra-Fast Charging,No,0.894120325203252,0.8455284552845529,123,7.47390243902439,62.31170731707317,350.0,0.5,1,1
EVS02362,2,100,2,9,AC Level 2,Fast Charging,Yes,0.5078427631578947,0.24342105263157895,153,5.1811842105263155,60.56313725490196,50.0,1.0,0,0
EVS02363,1,22,2,11,AC Level 2,Destination/AC,No,0.8846954773869347,0.8542713567839196,200,8.629095477386935,61.2231,22.0,0.5,1,1
EVS02364,4,1400,5,15,DC Fast Charger,Ultra-Fast Charging,Yes,0.20953939393939391,0.06060606060606061,33,0.9845454545454546,50.28969696969697,350.0,0.8,0,0
EVS02365,4,600,5,6,AC Level 2,Fast Charging,Yes,0.2643609756097561,0.14634146341463414,123,3.4684552845528454,63.44739837398374,150.0,0.8,0,0
EVS02366,2,700,5,16,AC Level 1,Ultra-Fast Charging,No,0.5086714285714286,0.05714285714285714,35,1.7694285714285714,61.040857142857135,350.0,0.4,0,0
EVS02367,2,44,4,10,DC Fast Charger,Destination/AC,Yes,0.5211848484848485,0.15151515151515152,66,3.063787878787879,62.54242424242425,22.0,0.5,1,0
EVS02368,5,110,10,11,AC Level 1,Destination/AC,No,0.20291399999999998,0.04,50,0.9965999999999999,60.873400000000004,22.0,0.5,0,0
EVS02369,2,100,3,11,DC Fast Charger,Fast Charging,No,0.42325,0.09090909090909091,44,2.1981818181818182,50.79022727272727,50.0,0.6666666666666666,0,0
EVS02370,3,66,4,5,DC Fast Charger,Destination/AC,No,0.3454301886792453,0.018867924528301886,54,1.2737735849056604,61.02703703703704,22.0,0.75,0,0
EVS02371,1,150,1,5,AC Level 1,Fast Charging,Yes,0.915308,0.76,25,2.1532,64.6756,150.0,1.0,1,1
EVS02372,1,22,1,10,AC Level 1,Destination/AC,Yes,0.897003125,0.825,160,8.91725,61.605125,22.0,1.0,1,1
EVS02373,3,450,4,14,DC Fast Charger,Fast Charging,Yes,0.271325,0.0,20,0.7365,48.837,150.0,0.75,0,0
EVS02374,1,350,1,16,AC Level 1,Ultra-Fast Charging,No,0.906141891891892,0.8513513513513513,74,6.934459459459459,63.005675675675676,350.0,1.0,1,1
EVS02375,3,150,4,12,DC Fast Charger,Fast Charging,No,0.277178102189781,0.2116788321167883,138,4.353978102189781,49.53021739130435,50.0,0.75,0,0
EVS02376,3,450,4,8,DC Fast Charger,Fast Charging,Yes,0.2995060606060606,0.2828282828282828,198,5.538686868686869,53.911464646464644,150.0,0.75,0,0
EVS02377,3,1050,6,5,AC Level 1,Ultra-Fast Charging,No,0.3323701388888889,0.24305555555555555,144,5.348958333333333,59.82701388888889,350.0,0.5,0,0
EVS02378,4,200,5,16,AC Level 1,Fast Charging,No,0.26458461538461536,0.07692307692307693,39,0.8415384615384616,63.5,50.0,0.8,0,0
EVS02379,6,2100,10,12,DC Fast Charger,Ultra-Fast Charging,No,0.15146272189349114,0.15976331360946747,169,3.1808284023668634,54.525621301775146,350.0,0.6,0,0
EVS02380,4,600,6,12,DC Fast Charger,Fast Charging,Yes,0.20866346153846155,0.14423076923076922,104,3.269807692307692,50.07903846153847,150.0,0.6666666666666666,0,0
EVS02381,4,1400,7,16,DC Fast Charger,Ultra-Fast Charging,Yes,0.23979310344827584,0.06896551724137931,29,1.206551724137931,57.55172413793103,350.0,0.5714285714285714,0,0
EVS02382,2,300,3,11,AC Level 2,Fast Charging,Yes,0.5300034090909091,0.25,88,4.451704545454546,63.59977272727272,150.0,0.6666666666666666,1,0
EVS02383,2,44,3,8,DC Fast Charger,Destination/AC,Yes,0.48787118644067795,0.3333333333333333,177,7.5247457627118655,58.54446327683616,22.0,0.6666666666666666,0,1
EVS02384,2,300,4,16,DC Fast Charger,Fast Charging,No,0.42330129870129873,0.12987012987012986,77,3.7857142857142856,50.796493506493505,150.0,0.5,0,0
EVS02385,8,176,10,6,AC Level 2,Destination/AC,Yes,0.13136,0.05,61,0.7821666666666667,62.01983606557377,22.0,0.8,0,0
EVS02386,2,700,3,13,AC Level 2,Ultra-Fast Charging,No,0.5006067073170732,0.35365853658536583,164,7.086890243902439,60.07237804878049,350.0,0.6666666666666666,0,1
EVS02387,5,110,10,11,AC Level 1,Destination/AC,No,0.202063687150838,0.12849162011173185,179,3.537653631284916,60.61916201117318,22.0,0.5,0,0
EVS02388,3,150,4,14,AC Level 2,Fast Charging,Yes,0.34300963855421684,0.25301204819277107,167,5.4758433734939755,61.37137724550899,50.0,0.75,0,0
EVS02389,4,88,7,4,AC Level 1,Destination/AC,Yes,0.25846071428571427,0.25595238095238093,168,4.41077380952381,62.03017857142857,22.0,0.5714285714285714,0,0
EVS02390,5,110,6,8,AC Level 2,Destination/AC,No,0.20911597633136095,0.14201183431952663,170,2.6578402366863907,62.36541176470589,22.0,0.8333333333333334,0,0
EVS02391,2,100,3,10,DC Fast Charger,Fast Charging,Yes,0.4394521739130435,0.18840579710144928,69,3.3328985507246376,52.73420289855072,50.0,0.6666666666666666,0,0
EVS02392,1,350,1,14,AC Level 2,Ultra-Fast Charging,Yes,0.8905938775510204,0.8367346938775511,49,4.894489795918368,59.436530612244894,350.0,1.0,1,1
EVS02393,1,350,1,15,AC Level 1,Ultra-Fast Charging,Yes,0.8700914529914531,0.7948717948717948,117,8.33923076923077,58.29094017094017,350.0,1.0,1,1
EVS02394,4,88,7,11,AC Level 2,Destination/AC,No,0.2528673469387755,0.10204081632653061,49,1.3591836734693876,60.687551020408165,22.0,0.5714285714285714,0,0
EVS02395,1,22,1,8,AC Level 2,Destination/AC,Yes,0.8877839080459771,0.8390804597701149,87,7.019540229885057,62.26057471264368,22.0,1.0,1,1
EVS02396,6,300,9,16,DC Fast Charger,Fast Charging,Yes,0.14813897058823527,0.09558823529411764,137,2.0027205882352943,52.94043795620438,50.0,0.6666666666666666,0,0
EVS02397,3,150,6,15,DC Fast Charger,Fast Charging,Yes,0.29118802083333334,0.24479166666666666,193,5.245364583333333,52.1419689119171,50.0,0.5,0,0
EVS02398,5,1750,8,15,AC Level 1,Ultra-Fast Charging,No,0.20131333333333332,0.0,60,1.1263333333333334,60.392500000000005,350.0,0.625,0,0
EVS02399,6,300,7,7,DC Fast Charger,Fast Charging,No,0.15575238095238095,0.09523809523809523,63,1.0417460317460316,56.06952380952381,50.0,0.8571428571428571,0,0
EVS02400,3,450,4,4,AC Level 1,Fast Charging,Yes,0.32939722222222223,0.1527777777777778,145,4.238680555555556,58.88262068965517,150.0,0.75,0,0
EVS02401,1,150,1,4,AC Level 2,Fast Charging,Yes,0.93781,0.8,10,1.217,69.703,150.0,1.0,1,1
EVS02402,1,350,2,8,AC Level 2,Ultra-Fast Charging,Yes,0.8732949494949495,0.7373737373737373,99,7.643232323232323,60.874242424242425,350.0,0.5,1,1
EVS02403,2,300,3,14,AC Level 1,Fast Charging,Yes,0.5222822784810127,0.379746835443038,159,6.630854430379746,62.533459119496854,150.0,0.6666666666666666,1,1
EVS02404,7,1050,9,6,DC Fast Charger,Fast Charging,No,0.1252010752688172,0.0967741935483871,93,1.6048387096774193,52.585913978494624,150.0,0.7777777777777778,0,0
EVS02405,1,50,2,16,DC Fast Charger,Fast Charging,Yes,0.823251724137931,0.6551724137931034,87,6.897931034482759,54.21000000000001,50.0,0.5,1,1
EVS02406,5,750,8,11,AC Level 1,Fast Charging,No,0.20398742514970059,0.10778443113772455,168,2.630568862275449,60.8325,150.0,0.625,0,0
EVS02407,3,450,4,7,AC Level 1,Fast Charging,Yes,0.3372872093023256,0.1511627906976744,87,2.572674418604651,60.014482758620694,150.0,0.75,0,0
EVS02408,2,300,4,12,AC Level 1,Fast Charging,No,0.5184650793650794,0.3253968253968254,126,6.591428571428572,62.21571428571429,150.0,0.5,1,1
EVS02409,6,900,8,11,DC Fast Charger,Fast Charging,No,0.1325808219178082,0.0547945205479452,73,1.3921917808219177,47.72890410958904,150.0,0.75,0,0
EVS02410,5,110,10,16,DC Fast Charger,Destination/AC,Yes,0.2002423076923077,0.07692307692307693,26,0.4169230769230769,60.07153846153846,22.0,0.5,0,0
EVS02411,3,1050,6,13,AC Level 2,Ultra-Fast Charging,No,0.35763181818181816,0.10227272727272728,89,3.355852272727273,63.64988764044944,350.0,0.5,0,0
EVS02412,3,66,4,7,DC Fast Charger,Destination/AC,No,0.3573586206896552,0.0,29,0.7703448275862069,64.32586206896552,22.0,0.75,0,0
EVS02413,1,350,1,8,AC Level 1,Ultra-Fast Charging,No,0.8862052325581395,0.8372093023255814,172,9.986279069767441,61.44453488372093,350.0,1.0,1,1
EVS02414,7,1050,9,12,DC Fast Charger,Fast Charging,Yes,0.12526434782608695,0.06086956521739131,116,1.6148695652173914,52.160431034482755,150.0,0.7777777777777778,0,0
EVS02415,3,150,5,11,DC Fast Charger,Fast Charging,No,0.30721750000000003,0.1125,80,2.296875,55.299749999999996,50.0,0.6,0,0
EVS02416,1,150,1,7,DC Fast Charger,Fast Charging,Yes,0.8132706422018349,0.7064220183486238,109,7.947706422018348,53.62,150.0,1.0,1,1
EVS02417,7,1050,10,11,AC Level 2,Fast Charging,No,0.14908425196850394,0.07086614173228346,128,1.705,62.125390625,150.0,0.7,0,0
EVS02418,6,300,8,10,AC Level 2,Fast Charging,No,0.16071636363636363,0.05454545454545454,56,0.758,56.824107142857144,50.0,0.75,0,0
EVS02419,7,1050,8,12,AC Level 2,Fast Charging,Yes,0.137840625,0.03125,64,1.1521875,57.89140625,150.0,0.875,0,0
EVS02420,6,300,10,11,AC Level 2,Fast Charging,Yes,0.18148780487804878,0.012195121951219513,82,1.082560975609756,65.33414634146341,50.0,0.6,0,0
EVS02421,1,350,2,8,AC Level 2,Ultra-Fast Charging,Yes,0.8591902777777778,0.7222222222222222,72,5.707222222222223,56.69847222222222,350.0,0.5,1,1
EVS02422,3,1050,5,6,AC Level 1,Ultra-Fast Charging,Yes,0.34019756097560977,0.1524390243902439,164,3.7832317073170736,61.2355487804878,350.0,0.6,0,0
EVS02423,1,22,2,14,DC Fast Charger,Destination/AC,Yes,0.8786033333333333,0.7,30,2.3320000000000003,59.128,22.0,0.5,1,1
EVS02424,8,2800,10,6,AC Level 1,Ultra-Fast Charging,Yes,0.12947241379310342,0.08275862068965517,147,1.8191724137931033,61.3021768707483,350.0,0.8,0,0
EVS02425,4,1400,7,4,DC Fast Charger,Ultra-Fast Charging,Yes,0.212804,0.09333333333333334,75,1.6476,51.072,350.0,0.5714285714285714,0,0
EVS02426,6,300,10,4,AC Level 2,Fast Charging,Yes,0.16742016806722687,0.1092436974789916,119,1.8011764705882354,60.27193277310924,50.0,0.6,0,0
EVS02427,4,600,8,15,AC Level 2,Fast Charging,Yes,0.254765,0.0,40,0.9695,61.14325,150.0,0.5,0,0
EVS02428,6,900,10,16,DC Fast Charger,Fast Charging,Yes,0.1465108108108108,0.05405405405405406,74,1.2995945945945946,52.741621621621626,150.0,0.6,0,0
EVS02429,4,600,5,7,AC Level 1,Fast Charging,No,0.25329666666666667,0.11333333333333333,151,3.1462333333333334,60.38847682119205,150.0,0.8,0,0
EVS02430,3,1050,6,10,AC Level 1,Ultra-Fast Charging,Yes,0.34285689655172413,0.034482758620689655,58,1.6960344827586207,61.71465517241379,350.0,0.5,0,0
EVS02431,5,110,6,10,DC Fast Charger,Destination/AC,Yes,0.18943783783783782,0.05405405405405406,37,0.8624324324324324,56.82891891891892,22.0,0.8333333333333334,0,0
EVS02432,4,1400,5,8,DC Fast Charger,Ultra-Fast Charging,No,0.22236296296296296,0.14814814814814814,108,2.7216666666666667,53.36796296296296,350.0,0.8,0,0
EVS02433,2,100,2,12,AC Level 2,Fast Charging,No,0.5066767441860465,0.06976744186046512,43,1.9690697674418605,60.80139534883721,50.0,1.0,0,0
EVS02434,3,66,5,3,DC Fast Charger,Destination/AC,No,0.3406105263157895,0.09210526315789473,76,2.223157894736842,61.310394736842106,22.0,0.6,0,0
EVS02435,1,350,1,13,DC Fast Charger,Ultra-Fast Charging,Yes,0.7883138613861386,0.6633663366336634,101,7.785247524752474,51.35217821782178,350.0,1.0,1,1
EVS02436,3,1050,5,11,DC Fast Charger,Ultra-Fast Charging,No,0.287443,0.13,100,2.9596,51.739399999999996,350.0,0.6,0,0
EVS02437,4,600,7,8,AC Level 2,Fast Charging,Yes,0.26183178294573645,0.13178294573643412,130,2.8646511627906976,62.357769230769236,150.0,0.5714285714285714,0,0
EVS02438,6,900,8,11,DC Fast Charger,Fast Charging,No,0.14779785714285715,0.11428571428571428,141,2.2927142857142857,52.83063829787234,150.0,0.75,0,0
EVS02439,4,88,6,15,AC Level 1,Destination/AC,Yes,0.2598345323741007,0.17985611510791366,140,3.617661870503597,61.915,22.0,0.6666666666666666,0,0
EVS02440,5,750,9,8,AC Level 1,Fast Charging,No,0.21571071428571428,0.10714285714285714,28,0.6657142857142857,64.7125,150.0,0.5555555555555556,0,0
EVS02441,6,300,7,12,AC Level 1,Fast Charging,No,0.16565915492957745,0.014084507042253521,71,1.120281690140845,59.638591549295775,50.0,0.8571428571428571,0,0
EVS02442,5,250,10,9,AC Level 2,Fast Charging,No,0.19844705882352942,0.058823529411764705,17,0.41764705882352937,59.53235294117647,50.0,0.5,0,0
EVS02443,1,350,2,10,AC Level 1,Ultra-Fast Charging,No,0.906776923076923,0.7692307692307693,13,1.1615384615384614,58.48769230769231,350.0,0.5,1,1
EVS02444,3,150,3,14,AC Level 2,Fast Charging,No,0.352476,0.08,51,1.8458,62.202549019607844,50.0,1.0,0,0
EVS02445,3,450,4,7,DC Fast Charger,Fast Charging,No,0.2890175438596491,0.13157894736842105,115,3.3396929824561408,51.5704347826087,150.0,0.75,0,0
EVS02446,6,900,8,12,AC Level 2,Fast Charging,No,0.16981314285714286,0.11428571428571428,176,2.4894285714285713,60.78528409090909,150.0,0.75,0,0
EVS02447,3,1050,5,8,AC Level 2,Ultra-Fast Charging,No,0.3285068493150685,0.273972602739726,147,4.923527397260274,58.72904761904762,350.0,0.6,0,0
EVS02448,8,176,10,13,AC Level 2,Destination/AC,No,0.1300091743119266,0.05504587155963303,110,1.5064220183486237,61.83645454545455,22.0,0.8,0,0
EVS02449,7,2450,10,14,DC Fast Charger,Ultra-Fast Charging,Yes,0.12283311258278144,0.09271523178807947,151,1.862251655629139,51.59192052980133,350.0,0.7,0,0
EVS02450,7,2450,9,15,DC Fast Charger,Ultra-Fast Charging,Yes,0.117522,0.1,50,0.722,49.357200000000006,350.0,0.7777777777777778,0,0
EVS02451,5,1750,10,11,AC Level 1,Ultra-Fast Charging,Yes,0.19960342857142857,0.09142857142857143,179,2.9437714285714285,58.541620111731845,350.0,0.5,0,0
EVS02452,4,1400,6,11,DC Fast Charger,Ultra-Fast Charging,Yes,0.22370506329113923,0.17088607594936708,161,3.8440506329113924,52.688819875776396,350.0,0.6666666666666666,0,0
EVS02453,2,100,4,4,AC Level 1,Fast Charging,No,0.4929636363636364,0.06060606060606061,33,1.1242424242424243,59.46424242424242,50.0,0.5,0,0
EVS02454,6,300,7,16,DC Fast Charger,Fast Charging,Yes,0.14809797979797978,0.06060606060606061,99,1.6685858585858586,53.31585858585859,50.0,0.8571428571428571,0,0
EVS02455,1,50,1,7,DC Fast Charger,Fast Charging,No,0.7953707006369427,0.6942675159235668,157,8.618216560509554,52.31114649681529,50.0,1.0,1,1
EVS02456,5,250,10,6,AC Level 1,Fast Charging,Yes,0.21151122448979592,0.12244897959183673,98,1.6812244897959183,63.45387755102041,50.0,0.5,0,0
EVS02457,2,300,2,11,DC Fast Charger,Fast Charging,Yes,0.42802409638554223,0.35542168674698793,167,6.590090361445783,51.055449101796405,150.0,1.0,0,1
EVS02458,5,110,9,15,AC Level 1,Destination/AC,Yes,0.20117135135135136,0.14594594594594595,186,3.3197567567567567,60.02591397849462,22.0,0.5555555555555556,0,0
EVS02459,1,22,2,7,DC Fast Charger,Destination/AC,Yes,0.8897159574468085,0.7872340425531915,94,7.1359574468085105,61.42329787234043,22.0,0.5,1,1
EVS02460,4,600,5,14,AC Level 1,Fast Charging,Yes,0.2664033333333333,0.03333333333333333,30,0.549,63.936,150.0,0.8,0,0
EVS02461,4,1400,8,4,AC Level 2,Ultra-Fast Charging,No,0.2587847222222222,0.041666666666666664,72,1.9772222222222224,62.108472222222225,350.0,0.5,0,0
EVS02462,4,1400,7,12,AC Level 2,Ultra-Fast Charging,No,0.2559814814814815,0.037037037037037035,54,0.9909259259259259,61.43592592592592,350.0,0.5714285714285714,0,0
EVS02463,4,200,6,7,AC Level 1,Fast Charging,No,0.25113837209302325,0.09302325581395349,86,2.0084883720930233,60.275465116279065,50.0,0.6666666666666666,0,0
EVS02464,1,350,2,15,AC Level 2,Ultra-Fast Charging,No,0.8991875,0.7916666666666666,120,8.098,64.085,350.0,0.5,1,1
EVS02465,5,250,9,15,DC Fast Charger,Fast Charging,Yes,0.1781230769230769,0.07692307692307693,78,1.9276923076923078,53.43730769230769,50.0,0.5555555555555556,0,0
EVS02466,5,1750,10,12,AC Level 1,Ultra-Fast Charging,No,0.20507666666666668,0.06666666666666667,60,0.9198333333333333,61.521499999999996,350.0,0.5,0,0
EVS02467,4,200,7,6,AC Level 2,Fast Charging,No,0.2626657142857143,0.07142857142857142,70,1.5758571428571428,63.03942857142857,50.0,0.5714285714285714,0,0
EVS02468,5,250,8,15,DC Fast Charger,Fast Charging,Yes,0.18334166666666665,0.1597222222222222,145,2.4196180555555555,54.62241379310345,50.0,0.625,0,0
EVS02469,4,600,9,7,AC Level 2,Fast Charging,No,0.26140399999999997,0.0,25,0.5848,62.7376,150.0,0.4444444444444444,0,0
EVS02470,6,900,9,12,AC Level 2,Fast Charging,Yes,0.17626,0.06666666666666667,60,1.0311666666666666,63.455,150.0,0.6666666666666666,0,0
EVS02471,7,154,10,9,AC Level 1,Destination/AC,No,0.1411111801242236,0.08695652173913043,162,2.0455900621118013,58.901296296296294,22.0,0.7,0,0
EVS02472,4,200,9,14,DC Fast Charger,Fast Charging,Yes,0.21802222222222223,0.05555555555555555,36,0.9794444444444443,52.32611111111111,50.0,0.4444444444444444,0,0
EVS02473,5,250,9,5,DC Fast Charger,Fast Charging,Yes,0.16973086419753086,0.07407407407407407,82,1.727283950617284,50.2979268292683,50.0,0.5555555555555556,0,0
EVS02474,1,22,1,11,AC Level 2,Destination/AC,Yes,0.886724,0.7333333333333333,75,4.786666666666667,61.96613333333333,22.0,1.0,1,1
EVS02475,7,350,10,6,AC Level 1,Fast Charging,Yes,0.146175,0.03125,33,0.730625,59.53666666666667,50.0,0.7,0,0
EVS02476,4,200,6,12,AC Level 2,Fast Charging,Yes,0.259810101010101,0.06060606060606061,99,1.7097979797979799,62.35262626262626,50.0,0.6666666666666666,0,0
EVS02477,3,450,5,14,AC Level 2,Fast Charging,Yes,0.35413482142857144,0.15178571428571427,113,3.186830357142857,63.18008849557523,150.0,0.6,0,0
EVS02478,1,150,2,9,DC Fast Charger,Fast Charging,No,0.805328947368421,0.6578947368421053,38,4.4936842105263155,53.15684210526316,150.0,0.5,1,1
EVS02479,4,600,5,3,DC Fast Charger,Fast Charging,Yes,0.2204107142857143,0.03571428571428571,28,0.8553571428571428,52.901428571428575,150.0,0.8,0,0
EVS02480,8,1200,10,3,DC Fast Charger,Fast Charging,Yes,0.10235,0.0,38,0.6023684210526316,49.128684210526316,150.0,0.8,0,0
EVS02481,3,66,4,13,AC Level 1,Destination/AC,Yes,0.337955223880597,0.20149253731343283,135,3.8826492537313433,60.38096296296297,22.0,0.75,0,0
EVS02482,5,110,10,5,DC Fast Charger,Destination/AC,No,0.20233125000000002,0.17613636363636365,176,3.209034090909091,60.69767045454545,22.0,0.5,0,0
EVS02483,2,100,4,8,DC Fast Charger,Fast Charging,No,0.4411756097560976,0.07317073170731707,41,1.867560975609756,52.941219512195126,50.0,0.5,0,0
EVS02484,4,200,7,14,DC Fast Charger,Fast Charging,No,0.21809253731343284,0.08955223880597014,67,1.654179104477612,52.34238805970149,50.0,0.5714285714285714,0,0
EVS02485,4,600,7,14,DC Fast Charger,Fast Charging,No,0.21700675675675674,0.06756756756756757,74,1.642162162162162,52.08094594594594,150.0,0.5714285714285714,0,0
EVS02486,1,22,2,10,AC Level 2,Destination/AC,No,0.8751577777777778,0.7888888888888889,90,6.525222222222222,61.787666666666674,22.0,0.5,1,1
EVS02487,4,200,5,6,DC Fast Charger,Fast Charging,Yes,0.20868636363636364,0.045454545454545456,44,1.5002272727272727,50.08386363636364,50.0,0.8,0,0
EVS02488,2,300,4,16,DC Fast Charger,Fast Charging,No,0.44754583333333336,0.08333333333333333,24,1.2025,53.70541666666667,150.0,0.5,0,0
EVS02489,4,600,5,10,AC Level 1,Fast Charging,Yes,0.258126,0.09,101,2.1309,61.3370297029703,150.0,0.8,0,0
EVS02490,1,350,3,9,AC Level 1,Ultra-Fast Charging,Yes,0.8821311688311688,0.7922077922077922,77,6.708051948051947,60.895584415584416,350.0,0.3333333333333333,1,1
EVS02491,3,1050,6,7,AC Level 2,Ultra-Fast Charging,No,0.34686666666666666,0.08641975308641975,81,2.3614814814814813,62.43592592592593,350.0,0.5,0,0
EVS02492,7,350,9,4,AC Level 1,Fast Charging,Yes,0.1427135593220339,0.05084745762711865,59,0.8922033898305085,59.939491525423726,50.0,0.7777777777777778,0,0
EVS02493,7,2450,10,15,AC Level 2,Ultra-Fast Charging,Yes,0.14604907975460124,0.0736196319018405,163,2.2426993865030673,61.34110429447853,350.0,0.7,0,0
EVS02494,1,350,1,4,AC Level 1,Ultra-Fast Charging,Yes,0.8811513043478261,0.7913043478260869,116,8.282,60.77465517241379,350.0,1.0,1,1
EVS02495,1,350,2,15,AC Level 2,Ultra-Fast Charging,Yes,0.8682446808510638,0.7659574468085106,94,8.30936170212766,59.06797872340426,350.0,0.5,1,1
EVS02496,2,100,3,3,AC Level 1,Fast Charging,Yes,0.5082186046511628,0.09302325581395349,43,2.124651162790698,60.98627906976744,50.0,0.6666666666666666,0,0
EVS02497,5,250,10,5,AC Level 1,Fast Charging,No,0.20672763157894736,0.1118421052631579,152,2.898026315789474,62.01638157894737,50.0,0.5,0,0
EVS02498,6,132,10,14,AC Level 2,Destination/AC,Yes,0.1658625850340136,0.10884353741496598,147,2.712176870748299,59.71102040816327,22.0,0.6,0,0
EVS02499,5,110,9,4,DC Fast Charger,Destination/AC,Yes,0.18803529411764708,0.0,17,0.4682352941176471,56.410000000000004,22.0,0.5555555555555556,0,0
EVS02500,6,300,8,3,DC Fast Charger,Fast Charging,No,0.14658132530120482,0.12048192771084337,167,2.773433734939759,52.45119760479042,50.0,0.75,0,0
EVS02501,4,200,8,6,AC Level 2,Fast Charging,No,0.2578785185185185,0.1259259259259259,135,3.0204444444444443,61.89140740740741,50.0,0.5,0,0
EVS02502,7,154,10,6,AC Level 1,Destination/AC,Yes,0.14681785714285714,0.03571428571428571,28,0.4810714285714286,61.66428571428571,22.0,0.7,0,0
EVS02503,3,66,4,13,AC Level 1,Destination/AC,Yes,0.34196928104575164,0.26143790849673204,153,4.675294117647059,61.55464052287582,22.0,0.75,0,0
EVS02504,4,200,7,9,DC Fast Charger,Fast Charging,Yes,0.2082176470588235,0.11764705882352941,34,0.7952941176470588,49.970882352941175,50.0,0.5714285714285714,0,0
EVS02505,1,350,1,6,AC Level 1,Ultra-Fast Charging,No,0.8964190476190476,0.7142857142857143,21,2.7800000000000002,62.23285714285715,350.0,1.0,1,1
EVS02506,2,300,3,10,DC Fast Charger,Fast Charging,No,0.4373256410256411,0.07692307692307693,39,1.9925641025641028,52.47923076923077,150.0,0.6666666666666666,0,0
EVS02507,2,44,2,4,AC Level 2,Destination/AC,No,0.5104903225806452,0.21505376344086022,93,4.701612903225806,61.258817204301074,22.0,1.0,0,0
EVS02508,2,700,3,3,AC Level 1,Ultra-Fast Charging,No,0.5385392857142858,0.23214285714285715,113,4.532678571428572,64.15389380530974,350.0,0.6666666666666666,1,0
EVS02509,4,1400,5,13,AC Level 2,Ultra-Fast Charging,No,0.2629179487179487,0.05128205128205128,78,1.99,63.10115384615385,350.0,0.8,0,0
EVS02510,6,900,9,14,DC Fast Charger,Fast Charging,No,0.14557619047619047,0.09523809523809523,42,0.6254761904761905,52.40833333333334,150.0,0.6666666666666666,0,0
EVS02511,4,88,7,5,AC Level 1,Destination/AC,No,0.2680072727272727,0.05454545454545454,55,1.2418181818181817,64.32145454545454,22.0,0.5714285714285714,0,0
EVS02512,1,50,2,9,AC Level 1,Fast Charging,Yes,0.8834711764705883,0.8235294117647058,170,8.679470588235294,60.05229411764706,50.0,0.5,1,1
EVS02513,1,50,1,15,AC Level 1,Fast Charging,Yes,0.8810600961538462,0.7836538461538461,208,8.321153846153846,60.14985576923077,50.0,1.0,1,1
EVS02514,1,150,2,13,AC Level 1,Fast Charging,No,0.8844054794520547,0.8424657534246576,147,8.126472602739726,60.93006802721088,150.0,0.5,1,1
EVS02515,1,150,1,15,DC Fast Charger,Fast Charging,Yes,0.79884,0.6,25,2.862,50.644,150.0,1.0,1,1
EVS02516,6,900,10,6,DC Fast Charger,Fast Charging,Yes,0.1470505681818182,0.11931818181818182,176,2.2948863636363637,52.937386363636364,150.0,0.6,0,0
EVS02517,1,50,2,5,DC Fast Charger,Fast Charging,No,0.8319892307692308,0.7923076923076923,130,9.310692307692308,54.646692307692305,50.0,0.5,1,1
EVS02518,4,600,6,12,AC Level 2,Fast Charging,Yes,0.2544289256198347,0.14049586776859505,121,2.4980165289256195,61.06404958677686,150.0,0.6666666666666666,0,0
EVS02519,1,350,2,14,DC Fast Charger,Ultra-Fast Charging,Yes,0.8051071428571429,0.6666666666666666,42,4.272142857142858,53.268095238095235,350.0,0.5,1,1
EVS02520,5,750,8,10,AC Level 2,Fast Charging,Yes,0.1980324022346369,0.19553072625698323,179,3.610223463687151,59.41050279329609,150.0,0.625,0,0
EVS02521,8,1200,10,6,DC Fast Charger,Fast Charging,No,0.10650975609756098,0.06097560975609756,82,1.1153658536585367,51.12341463414634,150.0,0.8,0,0
EVS02522,3,66,4,9,AC Level 2,Destination/AC,Yes,0.3387052631578948,0.05263157894736842,19,0.7642105263157895,60.96684210526316,22.0,0.75,0,0
EVS02523,1,150,1,15,AC Level 2,Fast Charging,Yes,0.8919115384615384,0.7692307692307693,52,3.901730769230769,61.19134615384615,150.0,1.0,1,1
EVS02524,2,700,3,8,AC Level 1,Ultra-Fast Charging,Yes,0.5013866666666666,0.16,75,3.7790666666666666,60.166666666666664,350.0,0.6666666666666666,0,0
EVS02525,6,900,8,15,DC Fast Charger,Fast Charging,Yes,0.13277,0.0,30,0.531,47.79566666666666,150.0,0.75,0,0
EVS02526,6,300,9,4,DC Fast Charger,Fast Charging,Yes,0.1437542857142857,0.12857142857142856,70,1.19,51.75142857142857,50.0,0.6666666666666666,0,0
EVS02527,4,200,7,9,AC Level 1,Fast Charging,No,0.2476909090909091,0.11363636363636363,89,2.359147727272727,58.77842696629213,50.0,0.5714285714285714,0,0
EVS02528,5,250,9,13,AC Level 2,Fast Charging,No,0.20733567251461987,0.11695906432748537,172,2.9140643274853804,61.83970930232558,50.0,0.5555555555555556,0,0
EVS02529,2,100,3,12,AC Level 1,Fast Charging,Yes,0.5172357142857142,0.03571428571428571,28,1.1792857142857145,62.06928571428572,50.0,0.6666666666666666,1,0
EVS02530,3,1050,6,3,AC Level 1,Ultra-Fast Charging,No,0.33255098039215686,0.16666666666666666,102,3.7215686274509805,59.85872549019608,350.0,0.5,0,0
EVS02531,5,110,10,3,AC Level 2,Destination/AC,No,0.21323435582822084,0.1656441717791411,165,3.0671472392638037,63.19472727272727,22.0,0.5,0,0
EVS02532,6,900,8,16,AC Level 1,Fast Charging,No,0.174295,0.09444444444444444,180,2.195777777777778,62.74505555555556,150.0,0.75,0,0
EVS02533,3,150,7,8,AC Level 2,Fast Charging,Yes,0.34387396449704144,0.26627218934911245,170,5.551508875739645,61.53258823529412,50.0,0.42857142857142855,0,0
EVS02534,4,88,6,12,DC Fast Charger,Destination/AC,Yes,0.24772692307692307,0.038461538461538464,52,0.9573076923076923,59.45538461538461,22.0,0.6666666666666666,0,0
EVS02535,4,1400,6,6,DC Fast Charger,Ultra-Fast Charging,No,0.2222183823529412,0.19117647058823528,137,3.5463970588235294,52.94423357664233,350.0,0.6666666666666666,0,0
EVS02536,3,150,5,12,AC Level 2,Fast Charging,Yes,0.33523817204301076,0.25268817204301075,186,5.3909677419354844,60.34268817204301,50.0,0.6,0,0
EVS02537,2,44,2,6,DC Fast Charger,Destination/AC,Yes,0.5231435897435898,0.15384615384615385,78,3.221923076923077,62.77846153846154,22.0,1.0,1,0
EVS02538,4,88,8,16,AC Level 2,Destination/AC,No,0.2555428571428571,0.10204081632653061,98,2.5398979591836732,61.32938775510204,22.0,0.5,0,0
EVS02539,8,2800,10,11,AC Level 1,Ultra-Fast Charging,No,0.12222058823529412,0.058823529411764705,102,1.2807843137254904,58.66598039215687,350.0,0.8,0,0
EVS02540,4,200,5,7,AC Level 1,Fast Charging,No,0.24250549450549452,0.15384615384615385,92,2.49510989010989,57.56880434782609,50.0,0.8,0,0
EVS02541,5,110,10,14,DC Fast Charger,Destination/AC,No,0.2098527027027027,0.04054054054054054,75,1.154662162162162,62.11653333333333,22.0,0.5,0,0
EVS02542,4,200,8,15,AC Level 2,Fast Charging,Yes,0.2607134328358209,0.15422885572139303,203,4.000124378109453,61.95448275862069,50.0,0.5,0,0
EVS02543,2,700,4,16,DC Fast Charger,Ultra-Fast Charging,No,0.4286916666666667,0.39285714285714285,169,7.270833333333333,51.13869822485207,350.0,0.5,0,1
EVS02544,5,110,9,13,AC Level 1,Destination/AC,No,0.19997977528089889,0.056179775280898875,90,1.4635955056179775,59.327444444444446,22.0,0.5555555555555556,0,0
EVS02545,5,750,9,3,DC Fast Charger,Fast Charging,Yes,0.17595459770114943,0.13218390804597702,174,2.4028160919540227,52.78557471264368,150.0,0.5555555555555556,0,0
EVS02546,7,2450,8,8,DC Fast Charger,Ultra-Fast Charging,No,0.12585357142857143,0.07142857142857142,84,1.1047619047619048,52.85821428571429,350.0,0.875,0,0
EVS02547,4,88,7,8,AC Level 1,Destination/AC,Yes,0.25842866666666664,0.21333333333333335,151,3.9242,61.61245033112583,22.0,0.5714285714285714,0,0
EVS02548,1,22,1,3,AC Level 1,Destination/AC,No,0.8979867768595041,0.8347107438016529,121,8.95404958677686,62.6297520661157,22.0,1.0,1,1
EVS02549,4,1400,8,12,DC Fast Charger,Ultra-Fast Charging,Yes,0.2095990566037736,0.1509433962264151,106,2.7636792452830186,50.30160377358491,350.0,0.5,0,0
EVS02550,4,600,5,16,AC Level 1,Fast Charging,No,0.26130666666666663,0.08888888888888889,46,0.8931111111111111,61.34913043478261,150.0,0.8,0,0
EVS02551,4,1400,8,3,AC Level 1,Ultra-Fast Charging,No,0.24769847328244277,0.15267175572519084,131,2.900992366412214,59.44740458015267,350.0,0.5,0,0
EVS02552,6,900,10,15,DC Fast Charger,Fast Charging,Yes,0.15785454545454547,0.045454545454545456,66,1.1636363636363636,56.82772727272727,150.0,0.6,0,0
EVS02553,3,450,4,12,AC Level 2,Fast Charging,No,0.3439169491525424,0.05084745762711865,60,1.487542372881356,60.873000000000005,150.0,0.75,0,0
EVS02554,1,22,3,8,DC Fast Charger,Destination/AC,No,0.8775407407407407,0.7037037037037037,54,3.7418518518518518,62.63037037037037,22.0,0.3333333333333333,1,1
EVS02555,1,150,1,14,AC Level 1,Fast Charging,No,0.8824797872340426,0.8617021276595744,190,9.780851063829788,59.88447368421052,150.0,1.0,1,1
EVS02556,6,900,10,16,DC Fast Charger,Fast Charging,No,0.1547135135135135,0.02702702702702703,37,0.517027027027027,55.697837837837845,150.0,0.6,0,0
EVS02557,5,750,7,16,DC Fast Charger,Fast Charging,Yes,0.1765616766467066,0.10778443113772455,168,2.80688622754491,52.653571428571425,150.0,0.7142857142857143,0,0
EVS02558,4,200,6,14,DC Fast Charger,Fast Charging,Yes,0.21611052631578945,0.21052631578947367,154,3.7794078947368424,51.19298701298702,50.0,0.6666666666666666,0,0
EVS02559,3,1050,5,11,AC Level 2,Ultra-Fast Charging,Yes,0.3456263157894737,0.05263157894736842,19,0.8415789473684211,62.21263157894737,350.0,0.6,0,0
EVS02560,1,50,3,6,AC Level 2,Fast Charging,Yes,0.9212258620689655,0.8706896551724138,116,7.184310344827586,65.69775862068965,50.0,0.3333333333333333,1,1
EVS02561,3,1050,5,11,AC Level 1,Ultra-Fast Charging,No,0.34990084033613444,0.2184873949579832,122,3.6972268907563026,61.43344262295082,350.0,0.6,0,0
EVS02562,2,100,3,15,AC Level 1,Fast Charging,Yes,0.5281892307692309,0.3076923076923077,66,4.056384615384616,63.028181818181814,50.0,0.6666666666666666,1,1
EVS02563,6,132,10,4,AC Level 1,Destination/AC,Yes,0.16713969465648854,0.08396946564885496,131,2.0493129770992367,60.17267175572519,22.0,0.6,0,0
EVS02564,2,700,3,7,DC Fast Charger,Ultra-Fast Charging,Yes,0.43724210526315793,0.21052631578947367,76,4.226184210526315,52.469605263157895,350.0,0.6666666666666666,0,0
EVS02565,7,350,9,15,AC Level 1,Fast Charging,Yes,0.14288863636363636,0.07954545454545454,89,1.2125000000000001,59.33820224719101,50.0,0.7777777777777778,0,0
EVS02566,1,150,2,6,AC Level 1,Fast Charging,Yes,0.85885,0.7125,80,5.8191250000000005,57.117625,150.0,0.5,1,1
EVS02567,3,1050,4,13,AC Level 1,Ultra-Fast Charging,Yes,0.33175906040268455,0.16778523489932887,150,4.175570469798657,59.31906666666667,350.0,0.75,0,0
EVS02568,6,132,10,7,AC Level 1,Destination/AC,Yes,0.16532265625,0.0859375,129,2.0980078125,59.05527131782946,22.0,0.6,0,0
EVS02569,3,450,6,10,DC Fast Charger,Fast Charging,No,0.29607432432432434,0.12162162162162163,74,2.6091891891891894,53.29351351351352,150.0,0.5,0,0
EVS02570,5,1750,8,5,DC Fast Charger,Ultra-Fast Charging,Yes,0.178535,0.14375,160,2.692,53.5600625,350.0,0.625,0,0
EVS02571,5,750,9,5,DC Fast Charger,Fast Charging,No,0.1803179487179487,0.14102564102564102,158,2.8399358974358972,53.41088607594937,150.0,0.5555555555555556,0,0
EVS02572,2,100,3,11,DC Fast Charger,Fast Charging,No,0.417439880952381,0.35119047619047616,168,7.115952380952381,50.09285714285714,50.0,0.6666666666666666,0,1
EVS02573,3,66,5,16,DC Fast Charger,Destination/AC,No,0.32979271523178805,0.18543046357615894,151,3.8785430463576156,59.362185430463576,22.0,0.6,0,0
EVS02574,3,450,5,10,AC Level 2,Fast Charging,No,0.3378788888888889,0.12222222222222222,90,2.679666666666667,60.81755555555556,150.0,0.6,0,0
EVS02575,4,600,5,14,DC Fast Charger,Fast Charging,No,0.20358523489932887,0.18120805369127516,149,3.454697986577181,48.85946308724832,150.0,0.8,0,0
EVS02576,5,750,9,12,AC Level 2,Fast Charging,Yes,0.21358360655737707,0.06557377049180328,61,1.207704918032787,64.07508196721311,150.0,0.5555555555555556,0,0
EVS02577,6,300,9,10,AC Level 1,Fast Charging,No,0.16907076923076922,0.03076923076923077,65,1.0755384615384616,60.86615384615385,50.0,0.6666666666666666,0,0
EVS02578,1,350,2,12,AC Level 1,Ultra-Fast Charging,Yes,0.9153719512195122,0.8780487804878049,82,7.0496341463414645,63.20170731707317,350.0,0.5,1,1
EVS02579,4,600,7,16,AC Level 2,Fast Charging,No,0.2489981818181818,0.18787878787878787,166,3.900454545454546,59.400240963855424,150.0,0.5714285714285714,0,0
EVS02580,2,100,3,12,AC Level 2,Fast Charging,No,0.4933336734693877,0.22448979591836735,98,5.347857142857143,59.36551020408163,50.0,0.6666666666666666,0,0
EVS02581,3,150,6,5,AC Level 2,Fast Charging,No,0.3302576923076923,0.0641025641025641,78,2.288076923076923,59.44717948717949,50.0,0.5,0,0
EVS02582,1,50,1,9,AC Level 2,Fast Charging,No,0.9192865168539326,0.8426966292134831,89,6.603595505617978,66.27640449438202,50.0,1.0,1,1
EVS02583,1,22,1,6,AC Level 2,Destination/AC,No,0.8552144927536232,0.7536231884057971,71,6.573333333333333,56.66422535211267,22.0,1.0,1,1
EVS02584,1,22,2,15,AC Level 2,Destination/AC,No,0.8613245901639344,0.7540983606557377,122,8.272377049180328,58.485983606557376,22.0,0.5,1,1
EVS02585,1,50,1,9,AC Level 1,Fast Charging,Yes,0.8961337662337663,0.8311688311688312,77,7.485194805194805,60.33168831168831,50.0,1.0,1,1
EVS02586,4,600,7,9,DC Fast Charger,Fast Charging,No,0.23526599999999998,0.07,100,2.572,56.463,150.0,0.5714285714285714,0,0
EVS02587,3,1050,4,9,AC Level 1,Ultra-Fast Charging,No,0.3560205882352941,0.10294117647058823,68,2.2783823529411764,64.08485294117648,350.0,0.75,0,0
EVS02588,6,300,9,14,DC Fast Charger,Fast Charging,Yes,0.14192363636363636,0.03636363636363636,55,1.0714545454545454,51.09218181818182,50.0,0.6666666666666666,0,0
EVS02589,7,350,8,7,AC Level 1,Fast Charging,No,0.14054696132596686,0.10497237569060773,182,2.5006906077348066,58.705714285714286,50.0,0.875,0,0
EVS02590,4,88,7,11,AC Level 2,Destination/AC,No,0.24093902439024392,0.08536585365853659,82,1.9295121951219512,57.82475609756098,22.0,0.5714285714285714,0,0
EVS02591,6,900,9,14,AC Level 1,Fast Charging,No,0.1673952380952381,0.09523809523809523,21,0.4680952380952381,60.261428571428574,150.0,0.6666666666666666,0,0
EVS02592,3,66,4,9,DC Fast Charger,Destination/AC,Yes,0.3394289855072464,0.18840579710144928,70,2.8171014492753623,60.223142857142854,22.0,0.75,0,0
EVS02593,4,600,6,15,AC Level 2,Fast Charging,No,0.2577966666666667,0.08333333333333333,120,2.5006666666666666,61.87116666666667,150.0,0.6666666666666666,0,0
EVS02594,5,1750,9,3,DC Fast Charger,Ultra-Fast Charging,Yes,0.1588608695652174,0.043478260869565216,23,0.5117391304347826,47.656956521739126,350.0,0.5555555555555556,0,0
EVS02595,2,44,2,4,DC Fast Charger,Destination/AC,No,0.5396138461538461,0.2153846153846154,66,3.5576923076923075,64.08560606060605,22.0,1.0,1,0
EVS02596,4,200,6,6,AC Level 2,Fast Charging,No,0.2929833333333333,0.05555555555555555,36,1.0919444444444446,70.31694444444445,50.0,0.6666666666666666,0,0
EVS02597,6,900,8,11,DC Fast Charger,Fast Charging,Yes,0.14992765957446808,0.0425531914893617,94,1.5793617021276596,53.97425531914894,150.0,0.75,0,0
EVS02598,6,900,9,7,DC Fast Charger,Fast Charging,Yes,0.14553284671532846,0.0948905109489051,137,2.3713868613138684,52.39094890510949,150.0,0.6666666666666666,0,0
EVS02599,3,1050,4,13,AC Level 1,Ultra-Fast Charging,Yes,0.3640561224489796,0.25,201,5.152091836734694,63.90029850746268,350.0,0.75,0,0
EVS02600,6,132,7,4,AC Level 2,Destination/AC,Yes,0.1671975,0.1125,80,1.5205,60.190999999999995,22.0,0.8571428571428571,0,0
EVS02601,1,22,1,15,AC Level 1,Destination/AC,Yes,0.8695290697674418,0.8023255813953488,172,8.530872093023255,60.10023255813953,22.0,1.0,1,1
EVS02602,6,132,10,9,DC Fast Charger,Destination/AC,Yes,0.17904285714285714,0.02040816326530612,49,1.0357142857142858,64.45530612244897,22.0,0.6,0,0
EVS02603,4,88,9,11,AC Level 1,Destination/AC,Yes,0.26365,0.15753424657534246,148,3.718698630136986,62.42202702702702,22.0,0.4444444444444444,0,0
EVS02604,5,110,7,9,AC Level 1,Destination/AC,Yes,0.20797421875,0.0859375,129,1.7716015625,61.90891472868217,22.0,0.7142857142857143,0,0
EVS02605,4,1400,5,9,AC Level 1,Ultra-Fast Charging,No,0.24903458646616541,0.13533834586466165,135,3.210751879699248,58.88251851851852,350.0,0.8,0,0
EVS02606,1,50,1,6,AC Level 2,Fast Charging,Yes,0.8828799999999999,0.8137931034482758,145,8.861793103448276,60.70068965517242,50.0,1.0,1,1
EVS02607,4,1400,7,5,AC Level 2,Ultra-Fast Charging,Yes,0.25123333333333336,0.08108108108108109,111,2.4375675675675677,60.295585585585584,350.0,0.5714285714285714,0,0
EVS02608,3,150,5,5,AC Level 2,Fast Charging,Yes,0.3479859375,0.15625,64,1.86953125,62.6375,50.0,0.6,0,0
EVS02609,5,110,8,4,AC Level 1,Destination/AC,Yes,0.20881325301204817,0.12048192771084337,84,1.8711445783132532,61.89714285714285,22.0,0.625,0,0
EVS02610,2,700,3,9,AC Level 1,Ultra-Fast Charging,No,0.4864166666666666,0.3611111111111111,180,6.5168888888888885,58.3695,350.0,0.6666666666666666,0,1
EVS02611,3,150,6,5,DC Fast Charger,Fast Charging,No,0.2939032258064516,0.3161290322580645,156,6.192677419354839,52.56352564102564,50.0,0.5,0,1
EVS02612,6,900,8,7,AC Level 1,Fast Charging,Yes,0.1723722543352601,0.10404624277456648,176,2.6508381502890175,60.99676136363637,150.0,0.75,0,0
EVS02613,5,110,7,5,AC Level 1,Destination/AC,Yes,0.19881219512195125,0.07317073170731707,41,1.0148780487804878,59.64536585365854,22.0,0.7142857142857143,0,0
EVS02614,8,176,10,6,AC Level 2,Destination/AC,Yes,0.12334220183486239,0.10091743119266056,109,1.5378899082568807,59.20376146788991,22.0,0.8,0,0
EVS02615,1,22,2,7,DC Fast Charger,Destination/AC,Yes,0.8533185185185185,0.6666666666666666,27,2.142962962962963,62.451851851851856,22.0,0.5,1,1
EVS02616,4,200,5,4,DC Fast Charger,Fast Charging,Yes,0.21594656488549618,0.0916030534351145,131,2.756793893129771,51.82778625954198,50.0,0.8,0,0
EVS02617,1,50,2,15,AC Level 2,Fast Charging,No,0.8660352272727273,0.7784090909090909,176,8.655454545454544,57.87738636363636,50.0,0.5,1,1
EVS02618,3,66,4,14,AC Level 1,Destination/AC,Yes,0.3381352941176471,0.058823529411764705,17,1.011764705882353,60.86529411764706,22.0,0.75,0,0
EVS02619,3,450,7,3,AC Level 1,Fast Charging,No,0.3446584,0.152,125,3.40232,62.0384,150.0,0.42857142857142855,0,0
EVS02620,1,350,2,4,AC Level 1,Ultra-Fast Charging,Yes,0.8976773480662984,0.8453038674033149,182,8.88160220994475,61.72401098901099,350.0,0.5,1,1
EVS02621,6,300,9,14,DC Fast Charger,Fast Charging,Yes,0.14534451612903226,0.07741935483870968,155,2.1909032258064514,52.32316129032258,50.0,0.6666666666666666,0,0
EVS02622,3,150,6,14,AC Level 1,Fast Charging,Yes,0.33853258426966293,0.14606741573033707,89,2.5104494382022473,60.93595505617978,50.0,0.5,0,0
EVS02623,6,132,10,16,DC Fast Charger,Destination/AC,No,0.15941071428571427,0.07142857142857142,28,0.7007142857142857,57.39107142857143,22.0,0.6,0,0
EVS02624,4,88,6,16,DC Fast Charger,Destination/AC,No,0.2571188172043011,0.1881720430107527,186,3.678709677419355,61.70913978494623,22.0,0.6666666666666666,0,0
EVS02625,5,110,7,11,AC Level 1,Destination/AC,Yes,0.20355474860335196,0.18994413407821228,181,3.235558659217877,60.39055248618785,22.0,0.7142857142857143,0,0
EVS02626,3,66,6,3,AC Level 2,Destination/AC,Yes,0.3421084745762712,0.1694915254237288,118,3.6203389830508472,61.57991525423729,22.0,0.5,0,0
EVS02627,3,1050,5,13,AC Level 2,Ultra-Fast Charging,No,0.3442423076923077,0.3076923076923077,184,5.259230769230769,61.2904347826087,350.0,0.6,0,1
EVS02628,2,44,3,11,AC Level 1,Destination/AC,No,0.5466583333333334,0.0,12,0.875,65.6,22.0,0.6666666666666666,1,0
EVS02629,2,100,3,8,AC Level 2,Fast Charging,Yes,0.5001008474576271,0.3474576271186441,118,5.580593220338983,60.23152542372881,50.0,0.6666666666666666,0,1
EVS02630,8,400,9,14,AC Level 1,Fast Charging,No,0.11276875,0.0,16,0.4475,54.129375,50.0,0.8888888888888888,0,0
EVS02631,5,750,9,10,AC Level 2,Fast Charging,Yes,0.20372974358974358,0.1076923076923077,195,3.137487179487179,61.11902564102564,150.0,0.5555555555555556,0,0
EVS02632,4,88,8,13,AC Level 1,Destination/AC,No,0.24617454545454545,0.12727272727272726,111,3.108409090909091,58.55018018018018,22.0,0.5,0,0
EVS02633,3,66,5,11,AC Level 1,Destination/AC,Yes,0.32698678160919536,0.27586206896551724,174,5.521551724137931,58.85758620689655,22.0,0.6,0,0
EVS02634,4,200,6,12,DC Fast Charger,Fast Charging,Yes,0.22160919540229887,0.13793103448275862,87,2.537931034482759,53.18471264367816,50.0,0.6666666666666666,0,0
EVS02635,2,100,2,14,AC Level 1,Fast Charging,Yes,0.5932120000000001,0.12,25,1.3984,71.30720000000001,50.0,1.0,1,0
EVS02636,5,110,8,16,DC Fast Charger,Destination/AC,Yes,0.19009130434782606,0.0,23,0.43913043478260866,57.02782608695652,22.0,0.625,0,0
EVS02637,2,300,4,8,DC Fast Charger,Fast Charging,No,0.4371434782608696,0.18840579710144928,69,3.205942028985507,52.45666666666667,150.0,0.5,0,0
EVS02638,3,150,6,4,DC Fast Charger,Fast Charging,Yes,0.29590985915492957,0.2112676056338028,142,3.881830985915493,53.263591549295775,50.0,0.5,0,0
EVS02639,3,150,5,8,DC Fast Charger,Fast Charging,No,0.28371,0.0,40,1.03575,51.0685,50.0,0.6,0,0
EVS02640,6,300,8,6,AC Level 1,Fast Charging,Yes,0.17342,0.1032258064516129,155,2.555741935483871,62.43096774193548,50.0,0.75,0,0
EVS02641,4,1400,6,4,DC Fast Charger,Ultra-Fast Charging,No,0.20418474576271187,0.03389830508474576,59,1.1972881355932203,49.00491525423729,350.0,0.6666666666666666,0,0
EVS02642,2,300,3,12,AC Level 1,Fast Charging,Yes,0.5118956521739131,0.17391304347826086,115,4.673478260869565,61.42704347826086,150.0,0.6666666666666666,1,0
EVS02643,5,110,8,7,DC Fast Charger,Destination/AC,Yes,0.1980813953488372,0.023255813953488372,43,0.7055813953488372,59.42720930232558,22.0,0.625,0,0
EVS02644,4,88,5,9,AC Level 1,Destination/AC,Yes,0.2675934782608696,0.11956521739130435,92,2.578586956521739,64.2233695652174,22.0,0.8,0,0
EVS02645,2,300,4,9,AC Level 1,Fast Charging,Yes,0.528033962264151,0.24528301886792453,106,3.8804716981132072,63.41094339622642,150.0,0.5,1,0
EVS02646,4,1400,5,10,AC Level 1,Ultra-Fast Charging,No,0.27732666666666667,0.0,15,0.48200000000000004,66.55866666666667,350.0,0.8,0,0
EVS02647,8,400,10,8,AC Level 2,Fast Charging,No,0.12935478260869565,0.05217391304347826,115,1.3201739130434782,62.09078260869565,50.0,0.8,0,0
EVS02648,3,150,4,15,AC Level 2,Fast Charging,Yes,0.34471756756756755,0.22297297297297297,148,4.147567567567568,62.049459459459456,50.0,0.75,0,0
EVS02649,2,700,2,8,AC Level 2,Ultra-Fast Charging,Yes,0.5256775757575758,0.3151515151515151,165,6.336181818181818,63.22569696969697,350.0,1.0,1,1
EVS02650,1,350,1,10,AC Level 1,Ultra-Fast Charging,Yes,0.8648958333333333,0.75,72,6.660416666666666,57.86416666666667,350.0,1.0,1,1
EVS02651,6,300,9,14,DC Fast Charger,Fast Charging,Yes,0.14671349693251534,0.12883435582822086,164,2.5844785276073616,52.494878048780485,50.0,0.6666666666666666,0,0
EVS02652,3,1050,6,9,AC Level 2,Ultra-Fast Charging,Yes,0.34401646341463415,0.20121951219512196,165,5.029390243902439,61.54757575757576,350.0,0.5,0,0
EVS02653,3,450,4,11,AC Level 1,Fast Charging,Yes,0.3442325966850829,0.26519337016574585,181,4.919171270718232,61.96127071823204,150.0,0.75,0,0
EVS02654,1,350,2,10,AC Level 2,Ultra-Fast Charging,Yes,0.8886903614457832,0.7710843373493976,83,6.182048192771084,60.290240963855425,350.0,0.5,1,1
EVS02655,2,100,5,8,AC Level 1,Fast Charging,No,0.5196195945945946,0.35135135135135137,148,7.50554054054054,62.35412162162162,50.0,0.4,1,1
EVS02656,3,1050,7,14,AC Level 1,Ultra-Fast Charging,Yes,0.336134126984127,0.15079365079365079,126,3.405873015873016,60.503730158730164,350.0,0.42857142857142855,0,0
EVS02657,3,66,5,12,DC Fast Charger,Destination/AC,No,0.3145818181818182,0.0,22,0.5854545454545454,56.625,22.0,0.6,0,0
EVS02658,1,150,1,14,DC Fast Charger,Fast Charging,Yes,0.7423857142857143,0.5892857142857143,56,5.300892857142857,47.79714285714285,150.0,1.0,1,1
EVS02659,4,200,6,5,DC Fast Charger,Fast Charging,No,0.21698273381294964,0.10071942446043165,140,2.630575539568345,51.70335714285714,50.0,0.6666666666666666,0,0
EVS02660,1,350,2,7,AC Level 1,Ultra-Fast Charging,No,0.8886729729729729,0.7567567567567568,37,3.668918918918919,61.950540540540544,350.0,0.5,1,1
EVS02661,8,400,9,8,AC Level 1,Fast Charging,Yes,0.12448470588235293,0.07058823529411765,85,1.2550588235294118,59.75023529411765,50.0,0.8888888888888888,0,0
EVS02662,7,154,9,13,AC Level 2,Destination/AC,No,0.14244878048780488,0.12195121951219512,164,1.9139634146341462,59.825609756097556,22.0,0.7777777777777778,0,0
EVS02663,3,66,5,8,DC Fast Charger,Destination/AC,Yes,0.3387439024390244,0.04878048780487805,41,1.5275609756097561,60.97292682926829,22.0,0.6,0,0
EVS02664,2,700,4,7,AC Level 2,Ultra-Fast Charging,Yes,0.5233640776699029,0.2912621359223301,104,4.397669902912621,62.44019230769231,350.0,0.5,1,1
EVS02665,6,300,9,5,AC Level 1,Fast Charging,No,0.17360350877192984,0.03508771929824561,57,1.062982456140351,62.49824561403509,50.0,0.6666666666666666,0,0
EVS02666,1,350,2,3,AC Level 2,Ultra-Fast Charging,No,0.8950666666666667,0.7692307692307693,117,7.427008547008548,61.86136752136752,350.0,0.5,1,1
EVS02667,2,700,3,3,DC Fast Charger,Ultra-Fast Charging,Yes,0.46075000000000005,0.08,50,2.6724,55.28979999999999,350.0,0.6666666666666666,0,0
EVS02668,6,132,8,5,DC Fast Charger,Destination/AC,No,0.17458700564971752,0.14124293785310735,178,3.084774011299435,62.49893258426966,22.0,0.75,0,0
EVS02669,4,600,8,3,AC Level 1,Fast Charging,Yes,0.2709423076923077,0.038461538461538464,26,0.6,65.02692307692308,150.0,0.5,0,0
EVS02670,5,750,8,7,DC Fast Charger,Fast Charging,Yes,0.17845284974093265,0.16580310880829016,194,3.166243523316062,53.25912371134021,150.0,0.625,0,0
EVS02671,6,2100,8,7,DC Fast Charger,Ultra-Fast Charging,Yes,0.14919366197183098,0.07746478873239436,142,2.4530985915492955,53.70880281690141,350.0,0.75,0,0
EVS02672,1,350,2,16,AC Level 2,Ultra-Fast Charging,Yes,0.9118912162162163,0.8581081081081081,148,8.726418918918919,61.76412162162162,350.0,0.5,1,1
EVS02673,3,450,4,5,DC Fast Charger,Fast Charging,No,0.28013121387283235,0.24855491329479767,173,4.794566473988439,50.423526011560696,150.0,0.75,0,0
EVS02674,4,200,8,3,AC Level 1,Fast Charging,No,0.24391315789473686,0.02631578947368421,38,1.2939473684210527,58.53710526315789,50.0,0.5,0,0
EVS02675,3,66,6,11,DC Fast Charger,Destination/AC,No,0.33679395973154364,0.35570469798657717,149,6.015369127516778,60.6234899328859,22.0,0.5,0,1
EVS02676,3,1050,6,11,DC Fast Charger,Ultra-Fast Charging,No,0.2901775862068966,0.1724137931034483,117,2.913146551724138,51.78547008547008,350.0,0.5,0,0
EVS02677,4,200,8,7,AC Level 2,Fast Charging,No,0.2559353741496599,0.19047619047619047,148,3.882891156462585,61.00939189189189,50.0,0.5,0,0
EVS02678,4,88,8,13,AC Level 1,Destination/AC,No,0.2512357894736842,0.16842105263157894,190,3.5105263157894737,60.296052631578945,22.0,0.5,0,0
EVS02679,6,300,9,5,DC Fast Charger,Fast Charging,Yes,0.13836944444444443,0.09259259259259259,108,1.9173148148148147,49.815185185185186,50.0,0.6666666666666666,0,0
EVS02680,5,750,7,15,AC Level 1,Fast Charging,Yes,0.19819625000000002,0.025,81,1.6361875000000001,58.72518518518518,150.0,0.7142857142857143,0,0
EVS02681,4,200,6,11,AC Level 1,Fast Charging,No,0.24258947368421055,0.10526315789473684,38,1.033421052631579,58.220789473684206,50.0,0.6666666666666666,0,0
EVS02682,3,450,5,9,DC Fast Charger,Fast Charging,Yes,0.29147931034482755,0.034482758620689655,29,0.9551724137931035,52.466206896551725,150.0,0.6,0,0
EVS02683,1,50,2,8,AC Level 2,Fast Charging,Yes,0.8729224719101124,0.7865168539325843,89,6.316741573033709,60.14561797752809,50.0,0.5,1,1
EVS02684,4,600,5,4,DC Fast Charger,Fast Charging,Yes,0.22099940476190474,0.16071428571428573,170,3.5260714285714285,52.41611764705882,150.0,0.8,0,0
EVS02685,3,150,6,5,DC Fast Charger,Fast Charging,No,0.2900666666666667,0.1839080459770115,87,3.8502298850574714,52.21298850574713,50.0,0.5,0,0
EVS02686,5,250,6,6,AC Level 1,Fast Charging,Yes,0.20641358024691359,0.07407407407407407,81,1.7917283950617284,61.92555555555556,50.0,0.8333333333333334,0,0
EVS02687,1,150,1,7,AC Level 1,Fast Charging,Yes,0.9137050847457627,0.847457627118644,59,4.820847457627119,65.13542372881356,150.0,1.0,1,1
EVS02688,1,350,2,7,AC Level 1,Ultra-Fast Charging,Yes,0.89284,0.8434782608695652,115,8.131739130434783,60.793565217391304,350.0,0.5,1,1
EVS02689,1,150,1,3,DC Fast Charger,Fast Charging,Yes,0.7945734513274336,0.7168141592920354,114,8.061283185840708,52.44982456140351,150.0,1.0,1,1
EVS02690,1,50,1,11,AC Level 1,Fast Charging,No,0.9120734463276837,0.8531073446327684,180,8.82819209039548,64.11416666666666,50.0,1.0,1,1
EVS02691,1,350,1,9,AC Level 1,Ultra-Fast Charging,No,0.8915221518987342,0.8607594936708861,160,7.8488924050632916,60.96543749999999,350.0,1.0,1,1
EVS02692,5,110,7,5,AC Level 1,Destination/AC,Yes,0.19990084033613445,0.14285714285714285,119,2.1836134453781515,59.97067226890756,22.0,0.7142857142857143,0,0
EVS02693,2,100,4,10,AC Level 2,Fast Charging,Yes,0.5020173611111111,0.375,145,7.530104166666667,59.82827586206897,50.0,0.5,0,1
EVS02694,3,1050,4,15,AC Level 2,Ultra-Fast Charging,Yes,0.3395469387755102,0.15306122448979592,98,2.9924489795918365,61.11877551020409,350.0,0.75,0,0
EVS02695,7,2450,9,11,DC Fast Charger,Ultra-Fast Charging,Yes,0.1321592039800995,0.06965174129353234,203,2.3944029850746267,54.959802955665026,350.0,0.7777777777777778,0,0
EVS02696,5,1750,6,9,DC Fast Charger,Ultra-Fast Charging,No,0.1766736111111111,0.08333333333333333,72,1.2505555555555556,53.003194444444446,350.0,0.8333333333333334,0,0
EVS02697,6,2100,10,12,AC Level 1,Ultra-Fast Charging,Yes,0.16045405405405405,0.0,37,0.8048648648648649,57.76540540540541,350.0,0.6,0,0
EVS02698,4,88,6,15,AC Level 2,Destination/AC,Yes,0.24832266666666664,0.09333333333333334,75,2.0376,59.5984,22.0,0.6666666666666666,0,0
EVS02699,8,400,10,12,AC Level 2,Fast Charging,No,0.13142424242424242,0.09090909090909091,33,0.5578787878787879,63.08424242424243,50.0,0.8,0,0
EVS02700,5,110,8,6,AC Level 1,Destination/AC,No,0.2005951219512195,0.0975609756097561,41,0.86,60.17951219512195,22.0,0.625,0,0
EVS02701,2,700,4,5,AC Level 2,Ultra-Fast Charging,No,0.5051891156462585,0.36054421768707484,147,6.704489795918367,60.62258503401361,350.0,0.5,0,1
EVS02702,2,700,4,11,DC Fast Charger,Ultra-Fast Charging,No,0.42688709677419356,0.3096774193548387,155,6.465354838709677,51.22670967741936,350.0,0.5,0,1
EVS02703,4,1400,7,8,AC Level 2,Ultra-Fast Charging,Yes,0.2579931506849315,0.0410958904109589,74,1.3341780821917808,61.0822972972973,350.0,0.5714285714285714,0,0
EVS02704,3,150,4,4,AC Level 2,Fast Charging,Yes,0.34734685314685315,0.25874125874125875,144,5.115804195804197,62.087708333333325,50.0,0.75,0,0
EVS02705,4,200,8,3,AC Level 1,Fast Charging,No,0.24695652173913044,0.08695652173913043,23,0.7082608695652174,59.27086956521739,50.0,0.5,0,0
EVS02706,5,1750,10,4,AC Level 2,Ultra-Fast Charging,No,0.19482941176470586,0.058823529411764705,51,1.5237254901960786,58.450784313725485,350.0,0.5,0,0
EVS02707,1,50,2,4,AC Level 2,Fast Charging,Yes,0.9043925373134328,0.8432835820895522,135,8.132462686567164,63.156666666666666,50.0,0.5,1,1
EVS02708,6,900,7,7,AC Level 2,Fast Charging,Yes,0.16492647058823529,0.058823529411764705,69,1.181029411764706,58.51231884057971,150.0,0.8571428571428571,0,0
EVS02709,2,700,4,3,DC Fast Charger,Ultra-Fast Charging,No,0.4370939024390244,0.29878048780487804,165,5.5651829268292685,52.176242424242425,350.0,0.5,0,1
EVS02710,3,150,6,8,AC Level 1,Fast Charging,Yes,0.34389358974358974,0.1858974358974359,157,4.516442307692308,61.50656050955414,50.0,0.5,0,0
EVS02711,6,300,9,14,AC Level 2,Fast Charging,Yes,0.17423461538461538,0.07692307692307693,26,0.4273076923076923,62.723846153846154,50.0,0.6666666666666666,0,0
EVS02712,2,700,3,9,AC Level 1,Ultra-Fast Charging,Yes,0.4714473684210526,0.10526315789473684,19,0.6052631578947368,56.57263157894737,350.0,0.6666666666666666,0,0
EVS02713,1,150,1,11,DC Fast Charger,Fast Charging,No,0.7956117318435755,0.770949720670391,180,9.319329608938547,51.872166666666665,150.0,1.0,1,1
EVS02714,2,44,2,11,DC Fast Charger,Destination/AC,No,0.508960576923077,0.28846153846153844,104,5.392980769230769,61.075,22.0,1.0,0,1
EVS02715,4,1400,6,9,AC Level 1,Ultra-Fast Charging,No,0.25502336448598134,0.06542056074766354,107,2.57392523364486,61.20532710280374,350.0,0.6666666666666666,0,0
EVS02716,1,22,2,9,AC Level 1,Destination/AC,No,0.8986126213592234,0.8252427184466019,103,7.029514563106796,62.81970873786408,22.0,0.5,1,1
EVS02717,2,100,4,11,AC Level 2,Fast Charging,Yes,0.5012314285714286,0.19047619047619047,105,3.6609523809523807,60.14780952380953,50.0,0.5,0,0
EVS02718,3,150,6,8,AC Level 2,Fast Charging,No,0.3325169491525424,0.1271186440677966,118,3.589237288135593,59.85279661016949,50.0,0.5,0,0
EVS02719,2,700,3,9,AC Level 1,Ultra-Fast Charging,Yes,0.5358517857142857,0.2857142857142857,112,4.929910714285714,64.30241071428571,350.0,0.6666666666666666,1,0
EVS02720,3,150,6,6,AC Level 2,Fast Charging,Yes,0.33426086956521744,0.13043478260869565,46,1.556304347826087,60.16717391304348,50.0,0.5,0,0
EVS02721,1,50,2,12,AC Level 2,Fast Charging,No,0.8557931623931624,0.8034188034188035,117,8.746324786324786,58.48418803418803,50.0,0.5,1,1
EVS02722,5,110,7,9,AC Level 1,Destination/AC,Yes,0.21317835820895523,0.16417910447761194,135,2.6359328358208955,63.480666666666664,22.0,0.7142857142857143,0,0
EVS02723,4,88,9,13,DC Fast Charger,Destination/AC,No,0.2556151515151515,0.06060606060606061,33,1.036060606060606,61.34969696969697,22.0,0.4444444444444444,0,0
EVS02724,1,50,2,5,AC Level 2,Fast Charging,Yes,0.9100022471910113,0.8089887640449438,89,6.2265168539325835,63.998988764044945,50.0,0.5,1,1
EVS02725,6,132,9,10,AC Level 2,Destination/AC,Yes,0.1771027027027027,0.11486486486486487,151,2.5211486486486487,62.489139072847685,22.0,0.6666666666666666,0,0
EVS02726,3,1050,4,10,AC Level 1,Ultra-Fast Charging,No,0.32447433628318584,0.20353982300884957,114,3.322079646017699,57.89298245614035,350.0,0.75,0,0
EVS02727,1,50,1,15,AC Level 2,Fast Charging,Yes,0.92505,0.8333333333333334,30,3.756333333333333,62.01566666666667,50.0,1.0,1,1
EVS02728,4,600,8,11,AC Level 1,Fast Charging,Yes,0.2389076923076923,0.0,39,0.4758974358974359,57.33769230769231,150.0,0.5,0,0
EVS02729,2,100,3,6,DC Fast Charger,Fast Charging,No,0.4477109375,0.265625,129,6.0502734375000005,53.30837209302325,50.0,0.6666666666666666,0,0
EVS02730,2,300,3,5,AC Level 2,Fast Charging,Yes,0.5336953703703704,0.2037037037037037,108,3.5524074074074075,64.04333333333334,150.0,0.6666666666666666,1,0
EVS02731,3,150,4,16,AC Level 2,Fast Charging,Yes,0.3482149700598802,0.2275449101796407,167,4.989880239520958,62.67850299401197,50.0,0.75,0,0
EVS02732,7,154,8,14,AC Level 2,Destination/AC,Yes,0.14613388429752067,0.09090909090909091,121,1.3371900826446281,61.37702479338843,22.0,0.875,0,0
EVS02733,6,900,10,15,AC Level 1,Fast Charging,Yes,0.16503636363636365,0.1038961038961039,155,2.2299675324675325,59.03148387096774,150.0,0.6,0,0
EVS02734,2,44,3,9,AC Level 1,Destination/AC,Yes,0.5159964285714286,0.125,56,2.130535714285714,61.92,22.0,0.6666666666666666,1,0
EVS02735,7,2450,9,15,AC Level 1,Ultra-Fast Charging,No,0.14510606060606063,0.08080808080808081,99,1.2239393939393939,60.94535353535354,350.0,0.7777777777777778,0,0
EVS02736,4,88,6,12,AC Level 1,Destination/AC,No,0.24267428571428573,0.11428571428571428,35,1.2322857142857144,58.244,22.0,0.6666666666666666,0,0
EVS02737,3,1050,6,3,AC Level 1,Ultra-Fast Charging,Yes,0.33694915254237284,0.19491525423728814,118,4.110169491525424,60.650932203389836,350.0,0.5,0,0
EVS02738,5,110,10,16,AC Level 2,Destination/AC,Yes,0.19429999999999997,0.021739130434782608,46,1.0195652173913043,58.28826086956522,22.0,0.5,0,0
EVS02739,4,200,6,6,AC Level 2,Fast Charging,Yes,0.24363137254901962,0.16666666666666666,102,2.5228431372549016,58.4714705882353,50.0,0.6666666666666666,0,0
EVS02740,3,450,4,8,AC Level 2,Fast Charging,No,0.3358595238095238,0.10714285714285714,84,2.5098809523809527,60.45571428571428,150.0,0.75,0,0
EVS02741,1,50,2,8,AC Level 2,Fast Charging,Yes,0.85625,0.6818181818181818,44,5.097727272727273,58.573181818181816,50.0,0.5,1,1
EVS02742,5,1750,8,10,AC Level 1,Ultra-Fast Charging,No,0.1948655172413793,0.06896551724137931,29,0.6775862068965517,58.46103448275862,350.0,0.625,0,0
EVS02743,5,110,8,12,AC Level 1,Destination/AC,Yes,0.21025353535353536,0.0707070707070707,100,1.8246969696969697,62.445100000000004,22.0,0.625,0,0
EVS02744,2,100,4,12,AC Level 2,Fast Charging,Yes,0.5186727272727273,0.40641711229946526,187,7.781657754010696,62.24101604278075,50.0,0.5,1,1
EVS02745,6,2100,9,3,AC Level 1,Ultra-Fast Charging,Yes,0.16839583333333333,0.020833333333333332,48,0.7439583333333334,60.62416666666667,350.0,0.6666666666666666,0,0
EVS02746,1,150,1,8,DC Fast Charger,Fast Charging,Yes,0.763727027027027,0.6756756756756757,74,6.900405405405405,50.09513513513514,150.0,1.0,1,1
EVS02747,1,50,2,6,DC Fast Charger,Fast Charging,Yes,0.7736083333333333,0.6333333333333333,60,4.647666666666667,51.251999999999995,50.0,0.5,1,1
EVS02748,3,1050,5,15,AC Level 2,Ultra-Fast Charging,Yes,0.34456646706586824,0.16766467065868262,167,3.730299401197605,62.021796407185626,350.0,0.6,0,0
EVS02749,3,150,6,3,DC Fast Charger,Fast Charging,No,0.3034314606741573,0.1797752808988764,89,2.856629213483146,54.617640449438206,50.0,0.5,0,0
EVS02750,4,600,5,13,AC Level 1,Fast Charging,Yes,0.2537570552147239,0.1901840490797546,163,4.534601226993865,60.90147239263804,150.0,0.8,0,0
EVS02751,3,66,4,4,AC Level 1,Destination/AC,No,0.3359474576271187,0.06779661016949153,59,1.7276271186440677,60.47135593220339,22.0,0.75,0,0
EVS02752,3,150,6,12,DC Fast Charger,Fast Charging,No,0.27355999999999997,0.0,20,1.6655000000000002,49.243,50.0,0.5,0,0
EVS02753,1,150,2,3,DC Fast Charger,Fast Charging,No,0.7780662251655629,0.7417218543046358,152,8.732880794701986,50.87611842105263,150.0,0.5,1,1
EVS02754,5,250,6,14,DC Fast Charger,Fast Charging,Yes,0.1746295652173913,0.09565217391304348,115,2.148608695652174,52.38913043478261,50.0,0.8333333333333334,0,0
EVS02755,3,66,4,9,AC Level 1,Destination/AC,Yes,0.3376767295597484,0.27672955974842767,159,5.978616352201258,60.78163522012579,22.0,0.75,0,0
EVS02756,6,300,7,12,AC Level 2,Fast Charging,Yes,0.1614515923566879,0.10828025477707007,157,2.7678980891719744,58.12292993630573,50.0,0.8571428571428571,0,0
EVS02757,3,150,5,15,DC Fast Charger,Fast Charging,No,0.287879754601227,0.2147239263803681,163,4.922515337423313,51.81877300613496,50.0,0.6,0,0
EVS02758,4,88,7,13,DC Fast Charger,Destination/AC,No,0.25065419847328246,0.0916030534351145,131,2.4600763358778623,60.15786259541985,22.0,0.5714285714285714,0,0
EVS02759,2,700,4,8,AC Level 1,Ultra-Fast Charging,No,0.5011506849315069,0.1232876712328767,73,2.9367123287671233,60.13780821917809,350.0,0.5,0,0
EVS02760,5,750,10,16,AC Level 2,Fast Charging,Yes,0.20285454545454543,0.03409090909090909,88,1.5673863636363636,60.85874999999999,150.0,0.5,0,0
EVS02761,3,150,4,13,AC Level 2,Fast Charging,Yes,0.34489024390243905,0.0,41,1.2034146341463416,62.080487804878054,50.0,0.75,0,0
EVS02762,6,900,9,7,AC Level 2,Fast Charging,No,0.17149864864864864,0.08108108108108109,74,1.6141891891891893,61.74054054054054,150.0,0.6666666666666666,0,0
EVS02763,4,200,8,9,AC Level 2,Fast Charging,Yes,0.25999204545454546,0.09090909090909091,88,2.0257954545454546,62.39761363636364,50.0,0.5,0,0
EVS02764,2,300,2,3,AC Level 1,Fast Charging,No,0.48613809523809526,0.047619047619047616,21,1.177142857142857,58.336190476190474,150.0,1.0,0,0
EVS02765,1,150,2,15,DC Fast Charger,Fast Charging,Yes,0.769706,0.6,50,5.206799999999999,51.16400000000001,150.0,0.5,1,1
EVS02766,2,300,5,7,AC Level 1,Fast Charging,No,0.5205714285714286,0.2755102040816326,100,5.363163265306123,61.35229999999999,150.0,0.4,1,0
EVS02767,3,150,6,5,AC Level 1,Fast Charging,No,0.33526447368421053,0.18421052631578946,76,2.475263157894737,60.348684210526315,50.0,0.5,0,0
EVS02768,5,1750,6,8,AC Level 2,Ultra-Fast Charging,No,0.2073540697674419,0.1511627906976744,173,3.435029069767442,61.84768786127167,350.0,0.8333333333333334,0,0
EVS02769,7,350,9,12,AC Level 1,Fast Charging,Yes,0.14058850574712642,0.034482758620689655,88,1.180574712643678,58.37704545454546,50.0,0.7777777777777778,0,0
EVS02770,1,150,2,4,DC Fast Charger,Fast Charging,Yes,0.8223398989898989,0.803030303030303,198,8.769848484848485,53.75772727272727,150.0,0.5,1,1
EVS02771,2,300,2,7,AC Level 2,Fast Charging,Yes,0.5174669354838709,0.3548387096774194,126,5.767379032258065,61.68714285714286,150.0,1.0,1,1
EVS02772,7,350,9,5,AC Level 1,Fast Charging,Yes,0.1431962962962963,0.07407407407407407,27,0.4381481481481482,60.14,50.0,0.7777777777777778,0,0
EVS02773,4,200,5,16,DC Fast Charger,Fast Charging,No,0.22264634146341467,0.12195121951219512,41,1.2648780487804878,53.43585365853658,50.0,0.8,0,0
EVS02774,7,2450,9,13,AC Level 1,Ultra-Fast Charging,Yes,0.1496530612244898,0.061224489795918366,147,1.7814285714285714,62.85448979591837,350.0,0.7777777777777778,0,0
EVS02775,5,1750,9,14,AC Level 1,Ultra-Fast Charging,Yes,0.2130943925233645,0.11214953271028037,108,1.8429439252336448,63.33694444444445,350.0,0.5555555555555556,0,0
EVS02776,2,44,3,9,DC Fast Charger,Destination/AC,No,0.5010591549295775,0.14084507042253522,71,3.1301408450704225,60.12704225352112,22.0,0.6666666666666666,0,0
EVS02777,3,450,4,14,AC Level 1,Fast Charging,No,0.3451989898989899,0.15151515151515152,101,3.4787373737373737,61.284257425742574,150.0,0.75,0,0
EVS02778,7,1050,10,3,DC Fast Charger,Fast Charging,Yes,0.1267158536585366,0.08536585365853659,164,2.2887195121951223,53.22091463414634,150.0,0.7,0,0
EVS02779,2,700,4,6,AC Level 2,Ultra-Fast Charging,No,0.5313432432432432,0.05405405405405406,74,3.458108108108108,63.76148648648649,350.0,0.5,1,0
EVS02780,6,300,8,5,AC Level 2,Fast Charging,Yes,0.172795,0.0,20,0.5429999999999999,62.205999999999996,50.0,0.75,0,0
EVS02781,3,450,4,16,DC Fast Charger,Fast Charging,Yes,0.31130508474576274,0.11864406779661017,59,2.550677966101695,56.03423728813559,150.0,0.75,0,0
EVS02782,2,300,3,12,AC Level 2,Fast Charging,No,0.5060037234042553,0.34574468085106386,189,6.246835106382979,60.39925925925925,150.0,0.6666666666666666,0,1
EVS02783,4,600,5,11,AC Level 1,Fast Charging,No,0.2662605263157895,0.13815789473684212,153,3.2405921052631577,63.48496732026144,150.0,0.8,0,0
EVS02784,3,450,5,9,AC Level 2,Fast Charging,No,0.32803785714285716,0.2785714285714286,140,5.070857142857142,59.047,150.0,0.6,0,0
EVS02785,5,750,10,12,DC Fast Charger,Fast Charging,Yes,0.17181863354037266,0.11801242236024845,162,3.2383540372670807,51.22851851851852,150.0,0.5,0,0
EVS02786,2,100,5,11,AC Level 2,Fast Charging,Yes,0.5191483870967741,0.12903225806451613,31,2.062258064516129,62.29838709677419,50.0,0.4,1,0
EVS02787,7,350,9,3,AC Level 2,Fast Charging,No,0.13920235294117647,0.047058823529411764,85,0.9456470588235294,58.46470588235294,50.0,0.7777777777777778,0,0
EVS02788,5,1750,8,5,AC Level 2,Ultra-Fast Charging,Yes,0.21646153846153846,0.0,26,0.6611538461538462,64.9396153846154,350.0,0.625,0,0
EVS02789,6,300,10,16,AC Level 1,Fast Charging,Yes,0.16280714285714287,0.0,14,0.4707142857142857,58.60857142857143,50.0,0.6,0,0
EVS02790,7,154,10,7,DC Fast Charger,Destination/AC,Yes,0.15132865853658536,0.06707317073170732,166,2.0103353658536585,62.793012048192764,22.0,0.7,0,0
EVS02791,6,2100,10,8,DC Fast Charger,Ultra-Fast Charging,Yes,0.14548984771573603,0.1319796954314721,200,2.6556091370558375,51.5905,350.0,0.6,0,0
EVS02792,1,50,1,11,DC Fast Charger,Fast Charging,Yes,0.7473868421052632,0.47368421052631576,38,2.321315789473684,48.06342105263158,50.0,1.0,1,1
EVS02793,6,2100,8,7,AC Level 1,Ultra-Fast Charging,No,0.17105344827586205,0.06896551724137931,116,2.1569827586206896,61.5776724137931,350.0,0.75,0,0
EVS02794,1,150,1,4,AC Level 2,Fast Charging,Yes,0.909663157894737,0.8947368421052632,95,8.296526315789473,61.178,150.0,1.0,1,1
EVS02795,2,700,2,12,AC Level 1,Ultra-Fast Charging,No,0.5007428571428572,0.07142857142857142,28,1.417857142857143,60.088928571428575,350.0,1.0,0,0
EVS02796,6,2100,9,16,AC Level 1,Ultra-Fast Charging,No,0.17789085714285716,0.13142857142857142,177,2.685085714285714,63.31672316384181,350.0,0.6666666666666666,0,0
EVS02797,6,132,7,14,AC Level 2,Destination/AC,Yes,0.17140377358490566,0.1069182389937107,161,2.3382704402515726,60.939875776397514,22.0,0.8571428571428571,0,0
EVS02798,2,44,3,6,DC Fast Charger,Destination/AC,Yes,0.509028125,0.28125,96,5.215,61.14427083333334,22.0,0.6666666666666666,0,0
EVS02799,2,100,4,11,AC Level 2,Fast Charging,No,0.5040579365079365,0.3333333333333333,129,6.045753968253968,59.379999999999995,50.0,0.5,0,1
EVS02800,4,600,8,6,AC Level 2,Fast Charging,Yes,0.24611891891891893,0.13513513513513514,74,2.2364864864864864,59.068783783783786,150.0,0.5,0,0
EVS02801,5,110,7,7,DC Fast Charger,Destination/AC,Yes,0.21108661971830986,0.11971830985915492,145,2.4173591549295774,62.01634482758621,22.0,0.7142857142857143,0,0
EVS02802,3,150,5,4,AC Level 1,Fast Charging,No,0.3502927710843374,0.10843373493975904,83,2.6754216867469878,63.05301204819277,50.0,0.6,0,0
EVS02803,2,100,3,12,AC Level 2,Fast Charging,No,0.5055795238095239,0.32857142857142857,210,7.344047619047619,60.67147619047619,50.0,0.6666666666666666,0,1
EVS02804,5,1750,8,4,AC Level 2,Ultra-Fast Charging,No,0.21241081081081079,0.0,37,0.49945945945945946,63.723243243243246,350.0,0.625,0,0
EVS02805,1,50,1,5,DC Fast Charger,Fast Charging,No,0.7871636363636363,0.5454545454545454,33,4.108787878787879,52.02424242424242,50.0,1.0,1,1
EVS02806,6,900,9,8,AC Level 1,Fast Charging,No,0.17502295081967215,0.14754098360655737,184,2.917677595628415,62.66717391304348,150.0,0.6666666666666666,0,0
EVS02807,7,154,8,6,AC Level 1,Destination/AC,No,0.14961764705882352,0.058823529411764705,68,0.7985294117647058,62.841470588235296,22.0,0.875,0,0
EVS02808,2,300,3,11,AC Level 2,Fast Charging,No,0.5383595744680851,0.1276595744680851,96,3.103617021276596,63.37,150.0,0.6666666666666666,1,0
EVS02809,1,350,1,8,AC Level 1,Ultra-Fast Charging,No,0.8933026490066225,0.9006622516556292,151,8.365364238410596,62.14337748344371,350.0,1.0,1,1
EVS02810,5,1750,8,9,DC Fast Charger,Ultra-Fast Charging,No,0.14927560975609758,0.04878048780487805,41,1.4053658536585365,44.781463414634146,350.0,0.625,0,0
EVS02811,6,2100,10,11,AC Level 1,Ultra-Fast Charging,Yes,0.17614938271604938,0.04938271604938271,81,1.5122222222222224,63.41185185185185,350.0,0.6,0,0
EVS02812,3,66,6,3,AC Level 1,Destination/AC,Yes,0.34708358208955226,0.05970149253731343,68,1.8315671641791045,61.55602941176471,22.0,0.5,0,0
EVS02813,2,44,3,11,DC Fast Charger,Destination/AC,No,0.5075433962264151,0.09433962264150944,54,2.695566037735849,60.3462962962963,22.0,0.6666666666666666,0,0
EVS02814,5,750,7,4,AC Level 1,Fast Charging,No,0.20468756756756756,0.14594594594594595,185,3.3214054054054056,61.406918918918926,150.0,0.7142857142857143,0,0
EVS02815,2,700,4,11,AC Level 2,Ultra-Fast Charging,Yes,0.48453157894736837,0.13157894736842105,38,2.598157894736842,58.143421052631574,350.0,0.5,0,0
EVS02816,4,1400,7,13,DC Fast Charger,Ultra-Fast Charging,No,0.22647777777777778,0.0,36,0.7372222222222222,54.35472222222222,350.0,0.5714285714285714,0,0
EVS02817,3,1050,7,16,DC Fast Charger,Ultra-Fast Charging,Yes,0.2769793893129771,0.16793893129770993,131,4.1725190839694655,49.856564885496184,350.0,0.42857142857142855,0,0
EVS02818,2,300,3,3,AC Level 2,Fast Charging,No,0.50273,0.46,152,8.152033333333334,59.71467105263157,150.0,0.6666666666666666,0,1
EVS02819,2,44,3,4,AC Level 2,Destination/AC,Yes,0.5154527777777778,0.1111111111111111,36,1.8130555555555554,61.85388888888888,22.0,0.6666666666666666,1,0
EVS02820,5,750,9,9,AC Level 2,Fast Charging,Yes,0.2067057142857143,0.14285714285714285,143,2.6377857142857146,60.71083916083916,150.0,0.5555555555555556,0,0
EVS02821,3,450,7,7,DC Fast Charger,Fast Charging,No,0.28300341880341884,0.20512820512820512,117,3.5934188034188033,50.94042735042735,150.0,0.42857142857142855,0,0
EVS02822,3,66,4,16,AC Level 1,Destination/AC,Yes,0.34585828220858894,0.2331288343558282,164,4.562914110429448,61.874634146341464,22.0,0.75,0,0
EVS02823,2,100,2,9,AC Level 2,Fast Charging,Yes,0.4934268292682927,0.024390243902439025,41,1.4702439024390244,59.211463414634146,50.0,1.0,0,0
EVS02824,4,1400,9,12,AC Level 2,Ultra-Fast Charging,Yes,0.2588731182795699,0.24193548387096775,188,4.531774193548387,61.46872340425532,350.0,0.4444444444444444,0,0
EVS02825,2,100,3,6,AC Level 2,Fast Charging,No,0.5199861538461539,0.23076923076923078,131,4.976153846153846,62.12099236641222,50.0,0.6666666666666666,1,0
EVS02826,3,150,5,7,DC Fast Charger,Fast Charging,No,0.28526666666666667,0.2777777777777778,144,4.989375,51.34784722222222,50.0,0.6,0,0
EVS02827,6,2100,8,11,AC Level 2,Ultra-Fast Charging,Yes,0.17009444444444444,0.06944444444444445,73,1.3118055555555557,60.39575342465754,350.0,0.75,0,0
EVS02828,7,350,9,10,AC Level 2,Fast Charging,Yes,0.14826503067484664,0.09815950920245399,163,2.3324539877300614,62.27092024539877,50.0,0.7777777777777778,0,0
EVS02829,3,450,5,14,DC Fast Charger,Fast Charging,Yes,0.30944180327868853,0.1721311475409836,122,3.58827868852459,55.69959016393443,150.0,0.6,0,0
EVS02830,1,350,1,4,AC Level 2,Ultra-Fast Charging,No,0.9187631578947367,0.7894736842105263,38,3.0168421052631578,64.93342105263157,350.0,1.0,1,1
EVS02831,1,350,1,10,AC Level 1,Ultra-Fast Charging,Yes,0.9044843537414967,0.8707482993197279,149,8.904897959183673,63.88503355704699,350.0,1.0,1,1
EVS02832,7,1050,10,11,AC Level 2,Fast Charging,Yes,0.1446418439716312,0.09219858156028368,144,2.112269503546099,59.482708333333335,150.0,0.7,0,0
EVS02833,5,1750,9,15,AC Level 2,Ultra-Fast Charging,No,0.19634262295081967,0.08196721311475409,61,1.5065573770491805,58.90229508196721,350.0,0.5555555555555556,0,0
EVS02834,3,450,6,5,AC Level 1,Fast Charging,No,0.3381377192982456,0.17543859649122806,114,3.5640350877192986,60.865087719298245,150.0,0.5,0,0
EVS02835,4,88,6,7,AC Level 2,Destination/AC,No,0.254145,0.075,80,2.086875,60.99575,22.0,0.6666666666666666,0,0
EVS02836,1,22,1,7,AC Level 1,Destination/AC,No,0.8863714285714286,0.7678571428571429,112,8.0425,61.65375,22.0,1.0,1,1
EVS02837,3,66,4,4,AC Level 2,Destination/AC,Yes,0.3448547619047619,0.2916666666666667,171,5.4002083333333335,60.98543859649123,22.0,0.75,0,1
EVS02838,3,1050,4,5,DC Fast Charger,Ultra-Fast Charging,No,0.2953835294117647,0.24705882352941178,172,4.42414705882353,52.55127906976744,350.0,0.75,0,0
EVS02839,5,750,7,13,AC Level 1,Fast Charging,Yes,0.21035344827586205,0.05172413793103448,58,1.0136206896551725,63.10672413793104,150.0,0.7142857142857143,0,0
EVS02840,4,600,7,10,AC Level 2,Fast Charging,Yes,0.2629280701754386,0.2573099415204678,171,4.827309941520468,63.102748538011696,150.0,0.5714285714285714,0,0
EVS02841,1,350,2,4,DC Fast Charger,Ultra-Fast Charging,Yes,0.7768075268817204,0.6666666666666666,93,7.2276344086021505,51.03591397849463,350.0,0.5,1,1
EVS02842,4,600,8,8,AC Level 1,Fast Charging,No,0.2488060606060606,0.13636363636363635,133,3.127727272727273,59.26451127819549,150.0,0.5,0,0
EVS02843,5,110,6,9,DC Fast Charger,Destination/AC,Yes,0.21354305555555556,0.125,146,2.7120138888888885,63.18554794520548,22.0,0.8333333333333334,0,0
EVS02844,2,44,3,6,DC Fast Charger,Destination/AC,Yes,0.5024307692307692,0.25,104,4.027115384615384,60.291826923076925,22.0,0.6666666666666666,0,0
EVS02845,2,44,4,14,DC Fast Charger,Destination/AC,No,0.50115,0.23255813953488372,86,4.18639534883721,60.137674418604654,22.0,0.5,0,0
EVS02846,2,300,4,13,DC Fast Charger,Fast Charging,No,0.43010851063829786,0.19148936170212766,94,5.122340425531915,51.613617021276596,150.0,0.5,0,0
EVS02847,1,22,2,11,DC Fast Charger,Destination/AC,No,0.8857028735632184,0.7988505747126436,174,8.272873563218392,61.32494252873564,22.0,0.5,1,1
EVS02848,6,300,8,9,DC Fast Charger,Fast Charging,No,0.15679342105263158,0.06578947368421052,76,1.2744736842105262,56.44434210526316,50.0,0.75,0,0
EVS02849,3,450,4,15,AC Level 2,Fast Charging,No,0.3408406779661017,0.0847457627118644,59,1.99,61.351694915254235,150.0,0.75,0,0
EVS02850,3,450,6,12,AC Level 1,Fast Charging,Yes,0.3218037037037037,0.07407407407407407,81,2.4807407407407407,57.92469135802469,150.0,0.5,0,0
EVS02851,8,1200,10,10,AC Level 2,Fast Charging,No,0.12688181818181818,0.06818181818181818,44,0.5279545454545455,60.90590909090909,150.0,0.8,0,0
EVS02852,2,300,2,14,AC Level 2,Fast Charging,No,0.5064397590361446,0.24096385542168675,84,3.7920481927710843,60.04892857142857,150.0,1.0,0,0
EVS02853,1,150,1,15,DC Fast Charger,Fast Charging,No,0.801757142857143,0.5357142857142857,28,3.1285714285714286,51.85107142857142,150.0,1.0,1,1
EVS02854,5,250,7,6,AC Level 1,Fast Charging,No,0.19499090909090908,0.09090909090909091,22,0.8295454545454546,58.498636363636365,50.0,0.7142857142857143,0,0
EVS02855,1,150,1,9,AC Level 1,Fast Charging,No,0.8984305084745762,0.8220338983050848,119,8.863177966101695,62.70193277310924,150.0,1.0,1,1
EVS02856,7,350,8,6,AC Level 2,Fast Charging,No,0.14224827586206895,0.0,29,0.5948275862068966,59.7451724137931,50.0,0.875,0,0
EVS02857,5,110,7,10,AC Level 2,Destination/AC,Yes,0.19938529411764705,0.09803921568627451,103,1.9907843137254901,59.2347572815534,22.0,0.7142857142857143,0,0
EVS02858,4,600,6,3,DC Fast Charger,Fast Charging,Yes,0.21026274509803922,0.13071895424836602,153,2.958169934640523,50.46281045751634,150.0,0.6666666666666666,0,0
EVS02859,1,22,2,11,DC Fast Charger,Destination/AC,Yes,0.8914668965517241,0.8689655172413793,146,9.865655172413794,63.69602739726028,22.0,0.5,1,1
EVS02860,6,900,8,10,AC Level 2,Fast Charging,No,0.17923684210526317,0.08421052631578947,96,1.7688421052631578,63.851145833333334,150.0,0.75,0,0
EVS02861,4,1400,5,9,AC Level 2,Ultra-Fast Charging,No,0.25986279069767443,0.023255813953488372,43,1.0453488372093025,62.36767441860465,350.0,0.8,0,0
EVS02862,3,450,7,9,AC Level 1,Fast Charging,No,0.3468705882352941,0.27450980392156865,156,5.689542483660131,61.23589743589743,150.0,0.42857142857142855,0,0
EVS02863,2,300,4,7,AC Level 1,Fast Charging,Yes,0.5206951219512196,0.29878048780487804,166,6.61810975609756,61.890481927710844,150.0,0.5,1,1
EVS02864,2,44,3,12,AC Level 2,Destination/AC,Yes,0.5308925,0.23333333333333334,121,3.9988333333333332,63.180743801652895,22.0,0.6666666666666666,1,0
EVS02865,2,300,3,7,AC Level 2,Fast Charging,Yes,0.528290625,0.03125,32,1.5196875,63.3953125,150.0,0.6666666666666666,1,0
EVS02866,7,1050,8,10,AC Level 2,Fast Charging,No,0.13389565217391305,0.08695652173913043,23,0.6900000000000001,56.23869565217392,150.0,0.875,0,0
EVS02867,1,350,1,16,AC Level 1,Ultra-Fast Charging,No,0.888303947368421,0.8026315789473685,76,7.016710526315789,62.72236842105263,350.0,1.0,1,1
EVS02868,5,1750,7,7,AC Level 2,Ultra-Fast Charging,No,0.20284888888888888,0.0,45,0.7871111111111111,60.85488888888889,350.0,0.7142857142857143,0,0
EVS02869,1,350,1,5,AC Level 1,Ultra-Fast Charging,No,0.8854310810810812,0.777027027027027,149,8.120743243243243,59.548322147651014,350.0,1.0,1,1
EVS02870,2,700,3,12,AC Level 1,Ultra-Fast Charging,Yes,0.5196877551020408,0.12244897959183673,49,2.5777551020408165,62.36183673469388,350.0,0.6666666666666666,1,0
EVS02871,3,1050,5,11,AC Level 1,Ultra-Fast Charging,Yes,0.33807611940298504,0.04477611940298507,67,1.6622388059701494,60.85328358208955,350.0,0.6,0,0
EVS02872,8,1200,9,5,DC Fast Charger,Fast Charging,Yes,0.1128267857142857,0.05357142857142857,168,2.073095238095238,54.15541666666667,150.0,0.8888888888888888,0,0
EVS02873,1,50,2,13,AC Level 1,Fast Charging,Yes,0.9036636942675159,0.8598726114649682,157,8.804076433121018,63.05789808917198,50.0,0.5,1,1
EVS02874,1,350,1,5,AC Level 2,Ultra-Fast Charging,Yes,0.8962133333333333,0.85,60,6.557166666666666,64.61666666666666,350.0,1.0,1,1
EVS02875,4,600,5,9,DC Fast Charger,Fast Charging,Yes,0.2220127906976744,0.09302325581395349,86,1.84453488372093,53.28302325581396,150.0,0.8,0,0
EVS02876,4,200,6,16,DC Fast Charger,Fast Charging,No,0.22426875000000002,0.09821428571428571,112,2.3268750000000002,53.825535714285714,50.0,0.6666666666666666,0,0
EVS02877,5,750,9,4,AC Level 2,Fast Charging,No,0.20919398496240602,0.09774436090225563,133,2.12609022556391,62.75766917293233,150.0,0.5555555555555556,0,0
EVS02878,3,150,4,10,AC Level 2,Fast Charging,Yes,0.34508385093167704,0.2360248447204969,161,4.730062111801242,62.11496894409938,50.0,0.75,0,0
EVS02879,5,1750,9,9,DC Fast Charger,Ultra-Fast Charging,Yes,0.17769310344827585,0.21379310344827587,146,3.572344827586207,52.94239726027397,350.0,0.5555555555555556,0,0
EVS02880,2,700,3,4,AC Level 1,Ultra-Fast Charging,No,0.5103156950672646,0.3901345291479821,224,7.116659192825112,60.96785714285714,350.0,0.6666666666666666,0,1
EVS02881,3,1050,5,4,DC Fast Charger,Ultra-Fast Charging,Yes,0.32707878787878786,0.09090909090909091,33,0.7999999999999999,58.873030303030305,350.0,0.6,0,0
EVS02882,4,1400,5,16,AC Level 2,Ultra-Fast Charging,Yes,0.2538403846153846,0.057692307692307696,52,1.1709615384615384,60.9225,350.0,0.8,0,0
EVS02883,5,1750,7,10,DC Fast Charger,Ultra-Fast Charging,Yes,0.17095478260869565,0.06956521739130435,115,1.8125217391304347,51.28634782608696,350.0,0.7142857142857143,0,0
EVS02884,2,700,4,6,AC Level 1,Ultra-Fast Charging,Yes,0.5207833333333333,0.0,24,1.0241666666666667,62.49416666666667,350.0,0.5,1,0
EVS02885,3,66,6,11,AC Level 1,Destination/AC,No,0.3550236363636364,0.07272727272727272,55,2.380909090909091,63.904545454545456,22.0,0.5,0,0
EVS02886,4,1400,5,7,AC Level 1,Ultra-Fast Charging,No,0.22926382978723403,0.0425531914893617,47,0.9968085106382979,55.02510638297872,350.0,0.8,0,0
EVS02887,1,150,2,4,AC Level 2,Fast Charging,No,0.90699,0.8214285714285714,140,8.298,63.804071428571426,150.0,0.5,1,1
EVS02888,4,1400,7,16,DC Fast Charger,Ultra-Fast Charging,No,0.19263103448275862,0.1724137931034483,29,0.8596551724137931,46.22931034482759,350.0,0.5714285714285714,0,0
EVS02889,4,88,6,15,AC Level 1,Destination/AC,Yes,0.24787222222222224,0.0,36,1.1705555555555556,59.48805555555556,22.0,0.6666666666666666,0,0
EVS02890,5,1750,6,10,DC Fast Charger,Ultra-Fast Charging,Yes,0.16606,0.05454545454545454,55,0.7254545454545455,49.816909090909085,350.0,0.8333333333333334,0,0
EVS02891,6,132,9,4,AC Level 2,Destination/AC,No,0.16565333333333332,0.06666666666666667,30,0.6583333333333333,59.635666666666665,22.0,0.6666666666666666,0,0
EVS02892,4,600,7,12,DC Fast Charger,Fast Charging,Yes,0.21202105263157894,0.08771929824561403,115,2.5061842105263157,50.44234782608696,150.0,0.5714285714285714,0,0
EVS02893,1,22,1,10,AC Level 2,Destination/AC,Yes,0.8789506024096385,0.7228915662650602,83,7.246867469879518,59.284698795180724,22.0,1.0,1,1
EVS02894,1,350,2,5,AC Level 1,Ultra-Fast Charging,No,0.8823611398963731,0.8031088082901554,193,8.714300518134715,62.00305699481866,350.0,0.5,1,1
EVS02895,4,88,7,13,AC Level 2,Destination/AC,No,0.24770394736842108,0.06578947368421052,76,1.3544736842105263,59.448157894736845,22.0,0.5714285714285714,0,0
EVS02896,6,2100,10,4,DC Fast Charger,Ultra-Fast Charging,No,0.1428020618556701,0.05154639175257732,97,1.5118556701030927,51.40845360824742,350.0,0.6,0,0
EVS02897,4,200,7,12,DC Fast Charger,Fast Charging,Yes,0.2265933823529412,0.08823529411764706,136,2.4778676470588237,54.3825,50.0,0.5714285714285714,0,0
EVS02898,5,110,9,4,DC Fast Charger,Destination/AC,Yes,0.20789430894308944,0.04065040650406504,125,2.5116260162601627,61.37008,22.0,0.5555555555555556,0,0
EVS02899,4,600,5,14,AC Level 1,Fast Charging,Yes,0.2641788461538462,0.1794871794871795,156,3.6685897435897434,63.40307692307692,150.0,0.8,0,0
EVS02900,1,22,1,6,AC Level 1,Destination/AC,Yes,0.8719095238095237,0.6666666666666666,42,4.021428571428571,60.73761904761905,22.0,1.0,1,1
EVS02901,4,88,5,14,AC Level 2,Destination/AC,Yes,0.24847692307692307,0.13186813186813187,91,2.5754945054945058,59.63395604395604,22.0,0.8,0,0
EVS02902,4,600,7,15,AC Level 1,Fast Charging,No,0.2619893129770992,0.1984732824427481,131,4.3690076335877865,62.876641221374044,150.0,0.5714285714285714,0,0
EVS02903,4,200,6,5,AC Level 1,Fast Charging,Yes,0.24846602564102563,0.1987179487179487,157,3.903237179487179,59.25235668789809,50.0,0.6666666666666666,0,0
EVS02904,3,150,6,4,AC Level 2,Fast Charging,Yes,0.3481658536585366,0.14634146341463414,123,3.712032520325203,62.66967479674797,50.0,0.5,0,0
EVS02905,6,900,9,5,AC Level 1,Fast Charging,Yes,0.16843303571428572,0.13392857142857142,112,1.9212500000000001,60.635892857142856,150.0,0.6666666666666666,0,0
EVS02906,2,100,3,12,DC Fast Charger,Fast Charging,No,0.4289314102564103,0.3782051282051282,156,6.815192307692308,51.47147435897436,50.0,0.6666666666666666,0,1
EVS02907,5,110,9,8,AC Level 1,Destination/AC,Yes,0.20881693548387098,0.08870967741935484,125,2.322701612903226,62.142,22.0,0.5555555555555556,0,0
EVS02908,3,1050,5,5,AC Level 2,Ultra-Fast Charging,Yes,0.34479595375722544,0.30057803468208094,175,5.520953757225434,61.35382857142857,350.0,0.6,0,1
EVS02909,4,88,7,14,AC Level 1,Destination/AC,No,0.2702191489361702,0.0425531914893617,47,1.231063829787234,64.85340425531915,22.0,0.5714285714285714,0,0
EVS02910,5,250,7,7,AC Level 1,Fast Charging,No,0.20230281690140844,0.07042253521126761,71,1.5098591549295775,60.69084507042254,50.0,0.7142857142857143,0,0
EVS02911,2,700,3,15,DC Fast Charger,Ultra-Fast Charging,Yes,0.4565475,0.05,40,1.29375,54.785000000000004,350.0,0.6666666666666666,0,0
EVS02912,7,350,9,5,DC Fast Charger,Fast Charging,No,0.12880769230769232,0.0,39,0.5725641025641025,54.099230769230765,50.0,0.7777777777777778,0,0
EVS02913,4,200,7,9,AC Level 2,Fast Charging,Yes,0.2528033333333333,0.08888888888888889,90,2.196333333333333,60.672555555555554,50.0,0.5714285714285714,0,0
EVS02914,1,22,2,10,AC Level 1,Destination/AC,Yes,0.9246125,0.8541666666666666,48,4.883125,64.87145833333334,22.0,0.5,1,1
EVS02915,4,88,5,5,DC Fast Charger,Destination/AC,No,0.25193,0.1125,81,1.8496875,59.71703703703704,22.0,0.8,0,0
EVS02916,5,750,8,4,AC Level 1,Fast Charging,Yes,0.2033348314606742,0.07865168539325842,90,1.573314606741573,60.32266666666666,150.0,0.625,0,0
EVS02917,1,350,3,9,AC Level 2,Ultra-Fast Charging,No,0.8812942148760331,0.8016528925619835,122,7.467355371900827,60.29745901639344,350.0,0.3333333333333333,1,1
EVS02918,4,200,5,8,AC Level 1,Fast Charging,Yes,0.2537518987341772,0.18354430379746836,158,3.9568987341772157,60.90044303797469,50.0,0.8,0,0
EVS02919,5,1750,10,8,AC Level 2,Ultra-Fast Charging,Yes,0.21445379310344828,0.13793103448275862,146,2.508241379310345,63.89616438356165,350.0,0.5,0,0
EVS02920,4,1400,7,12,AC Level 1,Ultra-Fast Charging,Yes,0.2724853333333333,0.06666666666666667,76,2.0000666666666667,64.53486842105262,350.0,0.5714285714285714,0,0
EVS02921,6,300,10,13,DC Fast Charger,Fast Charging,No,0.1489474358974359,0.038461538461538464,78,1.2125641025641025,53.62089743589744,50.0,0.6,0,0
EVS02922,6,132,9,15,AC Level 1,Destination/AC,No,0.16844493670886077,0.0949367088607595,158,2.0583544303797465,60.640759493670885,22.0,0.6666666666666666,0,0
EVS02923,2,44,2,10,AC Level 1,Destination/AC,No,0.5163590909090909,0.20454545454545456,44,1.9961363636363636,61.96363636363637,22.0,1.0,1,0
EVS02924,5,110,10,10,AC Level 1,Destination/AC,No,0.20579908256880733,0.08256880733944955,109,1.948807339449541,61.739266055045874,22.0,0.5,0,0
EVS02925,2,300,3,10,AC Level 1,Fast Charging,Yes,0.5275228915662651,0.18072289156626506,83,4.16289156626506,63.30277108433735,150.0,0.6666666666666666,1,0
EVS02926,2,300,3,16,AC Level 2,Fast Charging,No,0.51534,0.06666666666666667,45,1.8233333333333333,61.83955555555556,150.0,0.6666666666666666,1,0
EVS02927,3,66,4,15,AC Level 1,Destination/AC,Yes,0.3365416,0.168,125,3.80816,60.577760000000005,22.0,0.75,0,0
EVS02928,4,88,5,4,AC Level 2,Destination/AC,Yes,0.2585142857142857,0.04285714285714286,70,1.6641428571428571,62.04385714285714,22.0,0.8,0,0
EVS02929,2,44,3,9,DC Fast Charger,Destination/AC,No,0.4970340909090909,0.06818181818181818,44,1.6027272727272726,59.64386363636363,22.0,0.6666666666666666,0,0
EVS02930,1,350,2,12,DC Fast Charger,Ultra-Fast Charging,No,0.8255607692307693,0.7384615384615385,131,8.378769230769231,54.36473282442748,350.0,0.5,1,1
EVS02931,4,1400,6,13,AC Level 1,Ultra-Fast Charging,Yes,0.23732727272727275,0.09090909090909091,44,1.2075,56.95931818181818,350.0,0.6666666666666666,0,0
EVS02932,6,132,10,6,AC Level 1,Destination/AC,Yes,0.1658404958677686,0.06611570247933884,121,1.9398347107438016,59.70264462809918,22.0,0.6,0,0
EVS02933,7,350,10,9,AC Level 2,Fast Charging,No,0.15281538461538463,0.05128205128205128,39,0.7630769230769231,64.18358974358974,50.0,0.7,0,0
EVS02934,5,110,8,11,DC Fast Charger,Destination/AC,Yes,0.2125621951219512,0.024390243902439025,82,1.4513414634146342,63.76743902439025,22.0,0.625,0,0
EVS02935,2,700,3,5,AC Level 1,Ultra-Fast Charging,No,0.4985780141843971,0.3617021276595745,141,6.999219858156028,59.83531914893617,350.0,0.6666666666666666,0,1
EVS02936,4,200,9,14,AC Level 2,Fast Charging,Yes,0.2419565217391304,0.021739130434782608,46,1.1167391304347825,58.0695652173913,50.0,0.4444444444444444,0,0
EVS02937,8,1200,10,7,AC Level 2,Fast Charging,No,0.12479191176470587,0.0661764705882353,137,1.7946323529411765,59.46080291970803,150.0,0.8,0,0
EVS02938,2,100,4,6,AC Level 1,Fast Charging,Yes,0.5059713235294118,0.25,136,5.554191176470589,60.71661764705882,50.0,0.5,0,0
EVS02939,2,100,2,11,AC Level 2,Fast Charging,No,0.5125131736526946,0.38323353293413176,167,7.477604790419162,61.50185628742515,50.0,1.0,1,1
EVS02940,2,300,4,5,DC Fast Charger,Fast Charging,No,0.4552694444444445,0.1111111111111111,36,2.260277777777778,54.63361111111111,150.0,0.5,0,0
EVS02941,2,700,4,16,AC Level 1,Ultra-Fast Charging,No,0.5108067567567568,0.2972972972972973,148,4.986013513513513,61.37486486486486,350.0,0.5,0,1
EVS02942,8,2800,10,4,AC Level 2,Ultra-Fast Charging,Yes,0.13088220858895705,0.1411042944785276,164,2.244754601226994,62.43981707317073,350.0,0.8,0,0
EVS02943,6,132,8,5,AC Level 1,Destination/AC,No,0.16871764705882353,0.10457516339869281,153,1.9052287581699345,60.73797385620915,22.0,0.75,0,0
EVS02944,2,700,3,7,AC Level 2,Ultra-Fast Charging,Yes,0.5218760869565218,0.043478260869565216,47,1.9431521739130435,61.292978723404254,350.0,0.6666666666666666,1,0
EVS02945,8,2800,9,13,AC Level 1,Ultra-Fast Charging,Yes,0.12296118421052632,0.1118421052631579,152,2.0211184210526314,59.02111842105263,350.0,0.8888888888888888,0,0
EVS02946,2,100,4,3,AC Level 1,Fast Charging,Yes,0.47673235294117644,0.08823529411764706,34,1.6658823529411766,57.20705882352941,50.0,0.5,0,0
EVS02947,4,200,5,3,AC Level 2,Fast Charging,Yes,0.24615504587155962,0.12844036697247707,110,2.7691284403669725,58.53936363636364,50.0,0.8,0,0
EVS02948,2,100,4,9,AC Level 1,Fast Charging,No,0.490416,0.3,100,5.0344,58.850100000000005,50.0,0.5,0,1
EVS02949,6,2100,9,12,AC Level 1,Ultra-Fast Charging,Yes,0.1735948717948718,0.05982905982905983,118,1.6037179487179487,61.96601694915254,350.0,0.6666666666666666,0,0
EVS02950,6,900,10,11,DC Fast Charger,Fast Charging,Yes,0.1515521739130435,0.06086956521739131,116,1.713,54.0876724137931,150.0,0.6,0,0
EVS02951,1,150,2,16,AC Level 1,Fast Charging,Yes,0.907985,0.75,20,1.7845,61.963499999999996,150.0,0.5,1,1
EVS02952,1,350,1,13,DC Fast Charger,Ultra-Fast Charging,Yes,0.7883228571428571,0.7333333333333333,105,7.7598095238095235,51.42685714285714,350.0,1.0,1,1
EVS02953,4,600,6,15,AC Level 1,Fast Charging,No,0.2549054054054054,0.16756756756756758,185,3.661891891891892,61.17810810810811,150.0,0.6666666666666666,0,0
EVS02954,2,300,4,16,AC Level 1,Fast Charging,No,0.5082411111111111,0.28888888888888886,90,3.9304444444444444,60.989333333333335,150.0,0.5,0,1
EVS02955,3,1050,4,11,DC Fast Charger,Ultra-Fast Charging,Yes,0.29217878787878787,0.09090909090909091,66,2.3436363636363637,52.591818181818184,350.0,0.75,0,0
EVS02956,2,700,3,15,AC Level 2,Ultra-Fast Charging,No,0.514563679245283,0.3632075471698113,215,7.366014150943396,60.9059534883721,350.0,0.6666666666666666,1,1
EVS02957,4,200,8,15,AC Level 1,Fast Charging,Yes,0.25062,0.0,30,0.5483333333333333,60.150666666666666,50.0,0.5,0,0
EVS02958,7,154,10,15,AC Level 1,Destination/AC,Yes,0.1465108695652174,0.08695652173913043,92,1.5633695652173913,61.53326086956522,22.0,0.7,0,0
EVS02959,1,350,2,3,AC Level 1,Ultra-Fast Charging,Yes,0.9250878260869565,0.8521739130434782,115,8.509478260869566,65.01217391304347,350.0,0.5,1,1
EVS02960,3,150,6,16,AC Level 2,Fast Charging,Yes,0.3447368932038835,0.13592233009708737,103,2.6741747572815533,62.05339805825243,50.0,0.5,0,0
EVS02961,1,50,2,12,AC Level 2,Fast Charging,Yes,0.8872696969696969,0.8383838383838383,198,9.186010101010101,61.45313131313131,50.0,0.5,1,1
EVS02962,3,150,7,4,AC Level 2,Fast Charging,No,0.3342716049382716,0.13580246913580246,81,2.6262962962962964,60.16901234567901,50.0,0.42857142857142855,0,0
EVS02963,3,150,7,7,AC Level 2,Fast Charging,Yes,0.33349550561797753,0.20224719101123595,178,4.691685393258427,60.028876404494376,50.0,0.42857142857142855,0,0
EVS02964,1,150,2,4,AC Level 1,Fast Charging,Yes,0.8897962962962963,0.7037037037037037,27,3.0074074074074075,61.85888888888889,150.0,0.5,1,1
EVS02965,3,1050,7,3,AC Level 2,Ultra-Fast Charging,Yes,0.3274751879699248,0.13533834586466165,133,4.06593984962406,58.94631578947368,350.0,0.42857142857142855,0,0
EVS02966,1,22,1,16,AC Level 2,Destination/AC,No,0.8980820754716982,0.7830188679245284,107,6.532028301886792,63.04691588785046,22.0,1.0,1,1
EVS02967,2,100,3,12,AC Level 2,Fast Charging,No,0.4835631578947368,0.14035087719298245,57,3.017543859649123,58.02789473684211,50.0,0.6666666666666666,0,0
EVS02968,2,700,3,12,AC Level 1,Ultra-Fast Charging,Yes,0.5033581818181818,0.09090909090909091,55,2.209090909090909,60.402727272727276,350.0,0.6666666666666666,0,0
EVS02969,6,300,9,16,DC Fast Charger,Fast Charging,No,0.14192377049180327,0.09016393442622951,122,2.1109836065573773,51.0917213114754,50.0,0.6666666666666666,0,0
EVS02970,2,44,4,13,AC Level 2,Destination/AC,Yes,0.5128787401574803,0.36220472440944884,127,6.5837007874015745,61.569448818897634,22.0,0.5,1,1
EVS02971,2,100,3,14,DC Fast Charger,Fast Charging,No,0.4263093457943925,0.17757009345794392,107,4.773457943925234,51.15719626168224,50.0,0.6666666666666666,0,0
EVS02972,4,88,9,14,AC Level 2,Destination/AC,No,0.22971923076923076,0.07692307692307693,26,0.7407692307692307,55.13115384615385,22.0,0.4444444444444444,0,0
EVS02973,5,750,6,3,AC Level 1,Fast Charging,Yes,0.21269908256880735,0.11009174311926606,109,2.437889908256881,63.80889908256881,150.0,0.8333333333333334,0,0
EVS02974,3,450,6,3,AC Level 1,Fast Charging,Yes,0.3495871951219512,0.23780487804878048,166,4.853963414634146,62.16771084337349,150.0,0.5,0,0
EVS02975,1,22,1,3,AC Level 1,Destination/AC,No,0.7820533333333334,0.5333333333333333,15,1.462,52.28666666666666,22.0,1.0,1,1
EVS02976,5,1750,9,6,AC Level 2,Ultra-Fast Charging,Yes,0.20999555555555555,0.12222222222222222,90,1.7295555555555555,62.998555555555555,350.0,0.5555555555555556,0,0
EVS02977,4,88,8,9,AC Level 2,Destination/AC,No,0.25085673076923076,0.10576923076923077,104,2.154903846153846,60.204807692307696,22.0,0.5,0,0
EVS02978,6,132,10,12,DC Fast Charger,Destination/AC,Yes,0.17418523489932886,0.1610738255033557,149,2.45489932885906,62.70677852348993,22.0,0.6,0,0
EVS02979,3,150,4,10,AC Level 2,Fast Charging,Yes,0.3402640625,0.09375,64,2.4134375,61.24671875,50.0,0.75,0,0
EVS02980,8,400,10,16,AC Level 2,Fast Charging,Yes,0.127046875,0.041666666666666664,96,1.110625,60.982499999999995,50.0,0.8,0,0
EVS02981,1,50,2,6,AC Level 1,Fast Charging,Yes,0.8910716981132075,0.7987421383647799,159,7.442955974842768,60.65459119496855,50.0,0.5,1,1
EVS02982,1,150,3,9,AC Level 2,Fast Charging,Yes,0.8572592592592593,0.6666666666666666,27,1.9959259259259259,59.22703703703704,150.0,0.3333333333333333,1,1
EVS02983,1,50,2,13,AC Level 1,Fast Charging,Yes,0.8916735099337748,0.8344370860927153,152,8.59615894039735,60.81322368421053,50.0,0.5,1,1
EVS02984,1,22,1,3,DC Fast Charger,Destination/AC,No,0.8805994285714285,0.8285714285714286,176,8.661114285714286,62.09835227272727,22.0,1.0,1,1
EVS02985,7,2450,9,10,AC Level 2,Ultra-Fast Charging,Yes,0.14605419847328244,0.10687022900763359,131,2.031526717557252,61.34267175572519,350.0,0.7777777777777778,0,0
EVS02986,4,1400,5,4,DC Fast Charger,Ultra-Fast Charging,No,0.2261930693069307,0.09900990099009901,101,2.551089108910891,54.28752475247525,350.0,0.8,0,0
EVS02987,1,22,1,12,AC Level 2,Destination/AC,Yes,0.9202920289855072,0.8695652173913043,140,9.114855072463767,64.34485714285715,22.0,1.0,1,1
EVS02988,2,44,4,9,AC Level 2,Destination/AC,Yes,0.513269387755102,0.30612244897959184,147,5.742040816326531,61.59258503401361,22.0,0.5,1,1
EVS02989,3,66,5,13,AC Level 2,Destination/AC,No,0.34396125,0.2875,161,5.537,61.528633540372674,22.0,0.6,0,1
EVS02990,6,900,8,7,AC Level 2,Fast Charging,No,0.17493516483516483,0.04395604395604396,91,1.2737362637362637,62.97725274725275,150.0,0.75,0,0
EVS02991,6,300,10,4,AC Level 2,Fast Charging,No,0.1698032967032967,0.07692307692307693,91,1.6056043956043957,61.129450549450546,50.0,0.6,0,0
EVS02992,2,700,3,9,DC Fast Charger,Ultra-Fast Charging,No,0.4077094202898551,0.2608695652173913,138,4.595217391304348,48.92514492753623,350.0,0.6666666666666666,0,0
EVS02993,1,22,1,14,AC Level 2,Destination/AC,No,0.8795425925925926,0.7037037037037037,54,4.786666666666667,60.8324074074074,22.0,1.0,1,1
EVS02994,1,22,2,16,AC Level 2,Destination/AC,Yes,0.8950650887573964,0.8165680473372781,170,9.593106508875739,61.04588235294117,22.0,0.5,1,1
EVS02995,8,2800,10,15,AC Level 1,Ultra-Fast Charging,No,0.1353290076335878,0.03816793893129771,132,1.6391603053435113,64.46545454545455,350.0,0.8,0,0
EVS02996,1,22,1,4,AC Level 2,Destination/AC,Yes,0.8799911290322581,0.8064516129032258,124,8.68008064516129,59.64983870967742,22.0,1.0,1,1
EVS02997,8,1200,10,5,DC Fast Charger,Fast Charging,No,0.11142586206896551,0.0,58,0.8548275862068965,53.485689655172415,150.0,0.8,0,0
EVS02998,4,600,7,9,AC Level 2,Fast Charging,No,0.2674842696629214,0.07865168539325842,89,2.1253932584269664,64.19651685393258,150.0,0.5714285714285714,0,0
EVS02999,3,1050,7,15,DC Fast Charger,Ultra-Fast Charging,Yes,0.28979797979797983,0.12121212121212122,99,2.923030303030303,52.163030303030304,350.0,0.42857142857142855,0,0
EVS03000,3,450,6,7,AC Level 2,Fast Charging,Yes,0.33122857142857143,0.18253968253968253,126,4.423333333333334,59.621428571428574,150.0,0.5,0,0
EVS03001,2,100,4,6,AC Level 1,Fast Charging,No,0.5100811188811188,0.43356643356643354,143,7.19083916083916,61.20937062937063,50.0,0.5,0,1
EVS03002,5,1750,7,15,DC Fast Charger,Ultra-Fast Charging,No,0.181625,0.09482758620689655,117,2.3545258620689653,54.02068376068376,350.0,0.7142857142857143,0,0
EVS03003,1,50,1,6,AC Level 2,Fast Charging,Yes,0.886886559139785,0.8279569892473119,186,8.705537634408602,60.76930107526882,50.0,1.0,1,1
EVS03004,2,100,3,9,AC Level 2,Fast Charging,Yes,0.49083333333333334,0.3522012578616352,159,7.226415094339623,58.90044025157233,50.0,0.6666666666666666,0,1
EVS03005,8,400,10,4,AC Level 1,Fast Charging,No,0.12521061946902654,0.07964601769911504,113,1.1935398230088496,60.10283185840708,50.0,0.8,0,0
EVS03006,1,50,2,14,DC Fast Charger,Fast Charging,No,0.8132951219512196,0.7195121951219512,82,7.068414634146341,54.00670731707317,50.0,0.5,1,1
EVS03007,2,300,3,8,AC Level 1,Fast Charging,Yes,0.5012616822429906,0.2616822429906542,107,5.5531775700934585,60.15177570093458,150.0,0.6666666666666666,0,0
EVS03008,1,150,2,15,AC Level 1,Fast Charging,Yes,0.8924739583333333,0.7916666666666666,97,5.500624999999999,60.04587628865979,150.0,0.5,1,1
EVS03009,8,400,10,16,AC Level 2,Fast Charging,No,0.12583478260869566,0.0782608695652174,115,1.2113913043478262,60.39965217391305,50.0,0.8,0,0
EVS03010,7,154,10,8,AC Level 1,Destination/AC,No,0.14662171052631578,0.06578947368421052,152,2.0380263157894736,61.58151315789473,22.0,0.7,0,0
EVS03011,1,350,1,16,DC Fast Charger,Ultra-Fast Charging,No,0.8376296875,0.71875,64,5.64359375,56.3284375,350.0,1.0,1,1
EVS03012,1,22,1,11,AC Level 2,Destination/AC,Yes,0.8838623931623932,0.7863247863247863,117,7.32982905982906,60.84094017094017,22.0,1.0,1,1
EVS03013,5,250,8,3,AC Level 2,Fast Charging,Yes,0.20949444444444446,0.05555555555555555,18,0.44611111111111107,62.85166666666666,50.0,0.625,0,0
EVS03014,3,66,6,6,AC Level 1,Destination/AC,No,0.326817037037037,0.1925925925925926,135,4.16,58.82666666666667,22.0,0.5,0,0
EVS03015,4,200,9,14,AC Level 2,Fast Charging,Yes,0.2674858585858586,0.13131313131313133,100,2.5632323232323233,63.5554,50.0,0.4444444444444444,0,0
EVS03016,8,2800,10,15,AC Level 2,Ultra-Fast Charging,Yes,0.12813366336633664,0.039603960396039604,102,0.9637623762376238,60.89911764705882,350.0,0.8,0,0
EVS03017,1,50,2,14,AC Level 1,Fast Charging,No,0.8662568807339449,0.7889908256880734,110,7.624770642201835,58.542,50.0,0.5,1,1
EVS03018,5,1750,10,13,AC Level 2,Ultra-Fast Charging,Yes,0.2031925925925926,0.07407407407407407,54,1.161851851851852,60.956296296296294,350.0,0.5,0,0
EVS03019,2,700,3,8,AC Level 2,Ultra-Fast Charging,No,0.49784310344827587,0.25,116,5.319827586206896,59.771034482758616,350.0,0.6666666666666666,0,0
EVS03020,7,350,10,9,DC Fast Charger,Fast Charging,No,0.13002761194029852,0.08208955223880597,134,1.8565671641791044,54.61074626865672,50.0,0.7,0,0
EVS03021,6,2100,10,12,AC Level 1,Ultra-Fast Charging,Yes,0.17598550724637682,0.028985507246376812,69,1.248840579710145,63.35260869565217,350.0,0.6,0,0
EVS03022,2,100,4,15,DC Fast Charger,Fast Charging,Yes,0.39057142857142857,0.05714285714285714,35,1.6937142857142857,46.86828571428572,50.0,0.5,0,0
EVS03023,5,110,8,3,DC Fast Charger,Destination/AC,No,0.20521111111111112,0.1,91,1.4621111111111111,60.88703296703297,22.0,0.625,0,0
EVS03024,6,132,9,14,AC Level 2,Destination/AC,Yes,0.17317608695652173,0.06521739130434782,46,0.8895652173913043,62.34369565217391,22.0,0.6666666666666666,0,0
EVS03025,3,66,6,11,AC Level 2,Destination/AC,Yes,0.3492968085106383,0.031914893617021274,94,2.1510638297872338,62.87446808510638,22.0,0.5,0,0
EVS03026,7,154,8,6,AC Level 1,Destination/AC,No,0.1489464912280702,0.07894736842105263,115,1.5610526315789475,62.01339130434783,22.0,0.875,0,0
EVS03027,1,22,2,13,DC Fast Charger,Destination/AC,Yes,0.8997193548387097,0.7419354838709677,31,2.4303225806451616,62.88258064516129,22.0,0.5,1,1
EVS03028,2,300,4,14,AC Level 2,Fast Charging,No,0.4982350746268656,0.373134328358209,135,7.184888059701493,59.41392592592592,150.0,0.5,0,1
EVS03029,2,700,3,6,AC Level 1,Ultra-Fast Charging,No,0.522869090909091,0.10909090909090909,55,2.504909090909091,62.74436363636364,350.0,0.6666666666666666,1,0
EVS03030,1,350,1,14,AC Level 1,Ultra-Fast Charging,No,0.8736539473684211,0.875,153,9.966743421052632,60.21333333333333,350.0,1.0,1,1
EVS03031,2,300,4,8,DC Fast Charger,Fast Charging,No,0.4352528301886793,0.3333333333333333,159,6.077861635220126,52.230125786163526,150.0,0.5,0,1
EVS03032,2,700,3,5,AC Level 2,Ultra-Fast Charging,Yes,0.5146171428571429,0.11428571428571428,70,2.7602857142857142,61.92642857142857,350.0,0.6666666666666666,1,0
EVS03033,1,22,2,11,DC Fast Charger,Destination/AC,No,0.8803303571428571,0.8214285714285714,112,8.661339285714286,59.254464285714285,22.0,0.5,1,1
EVS03034,3,150,5,9,DC Fast Charger,Fast Charging,Yes,0.2933,0.125,40,1.30825,52.794500000000006,50.0,0.6,0,0
EVS03035,8,176,10,12,DC Fast Charger,Destination/AC,No,0.13952413793103446,0.06896551724137931,29,0.42896551724137927,66.96896551724137,22.0,0.8,0,0
EVS03036,1,150,1,3,AC Level 1,Fast Charging,Yes,0.8723290322580646,0.8709677419354839,156,10.241516129032258,59.773205128205134,150.0,1.0,1,1
EVS03037,6,132,10,10,AC Level 2,Destination/AC,No,0.16886724137931033,0.09770114942528736,175,2.4435632183908047,60.445371428571434,22.0,0.6,0,0
EVS03038,6,2100,9,3,DC Fast Charger,Ultra-Fast Charging,Yes,0.14828947368421053,0.05263157894736842,38,0.7707894736842105,53.38578947368421,350.0,0.6666666666666666,0,0
EVS03039,3,150,5,8,AC Level 1,Fast Charging,No,0.3635485294117647,0.14705882352941177,69,2.4381617647058826,64.4904347826087,50.0,0.6,0,0
EVS03040,1,50,3,10,DC Fast Charger,Fast Charging,Yes,0.7989574468085107,0.7021276595744681,47,5.075744680851064,53.31340425531915,50.0,0.3333333333333333,1,1
EVS03041,1,50,1,3,AC Level 2,Fast Charging,No,0.8870223880597016,0.7910447761194029,67,7.5382089552238805,62.3134328358209,50.0,1.0,1,1
EVS03042,6,900,9,15,AC Level 2,Fast Charging,No,0.16453230769230767,0.07692307692307693,65,1.0576923076923077,59.23138461538461,150.0,0.6666666666666666,0,0
EVS03043,1,22,1,11,DC Fast Charger,Destination/AC,No,0.9135426470588235,0.8235294117647058,68,5.794558823529411,60.868235294117646,22.0,1.0,1,1
EVS03044,1,350,1,5,DC Fast Charger,Ultra-Fast Charging,No,0.7845657142857143,0.6190476190476191,105,6.843428571428572,50.46561904761905,350.0,1.0,1,1
EVS03045,3,1050,5,14,DC Fast Charger,Ultra-Fast Charging,Yes,0.2630704545454546,0.022727272727272728,44,1.5131818181818182,47.3515909090909,350.0,0.6,0,0
EVS03046,3,450,6,13,AC Level 1,Fast Charging,No,0.34025686274509803,0.24183006535947713,153,4.766143790849673,61.246274509803925,150.0,0.5,0,0
EVS03047,3,150,3,5,AC Level 2,Fast Charging,Yes,0.32637333333333335,0.2,136,4.425962962962963,58.31588235294117,50.0,1.0,0,0
EVS03048,3,1050,5,4,AC Level 2,Ultra-Fast Charging,No,0.3307958904109589,0.21232876712328766,146,4.5834246575342465,59.54363013698631,350.0,0.6,0,0
EVS03049,3,450,4,9,AC Level 2,Fast Charging,No,0.34133636363636366,0.045454545454545456,44,1.1529545454545453,61.439772727272725,150.0,0.75,0,0
EVS03050,4,600,6,5,AC Level 2,Fast Charging,Yes,0.25188203125,0.1484375,128,3.2804687500000003,60.45140625,150.0,0.6666666666666666,0,0
EVS03051,6,900,10,13,DC Fast Charger,Fast Charging,Yes,0.14406956521739128,0.15217391304347827,139,2.6095289855072465,51.49143884892086,150.0,0.6,0,0
EVS03052,1,50,1,10,AC Level 1,Fast Charging,No,0.8851444444444444,0.7777777777777778,45,3.4944444444444445,61.565777777777775,50.0,1.0,1,1
EVS03053,4,600,6,7,DC Fast Charger,Fast Charging,Yes,0.21959851851851853,0.13333333333333333,135,2.9635555555555553,52.703259259259255,150.0,0.6666666666666666,0,0
EVS03054,1,350,1,16,AC Level 2,Ultra-Fast Charging,Yes,0.8995894736842106,0.8157894736842105,76,5.065789473684211,64.00263157894737,350.0,1.0,1,1
EVS03055,2,700,3,3,AC Level 2,Ultra-Fast Charging,Yes,0.5202659574468085,0.3333333333333333,141,5.6543262411347515,62.4318439716312,350.0,0.6666666666666666,1,1
EVS03056,8,400,10,6,AC Level 2,Fast Charging,Yes,0.1293721649484536,0.041237113402061855,97,1.1318556701030928,62.09773195876289,50.0,0.8,0,0
EVS03057,5,250,8,11,DC Fast Charger,Fast Charging,No,0.17818766233766234,0.1038961038961039,154,2.656753246753247,53.45616883116883,50.0,0.625,0,0
EVS03058,3,150,5,15,AC Level 1,Fast Charging,Yes,0.34236,0.08571428571428572,35,1.3259999999999998,61.625428571428564,50.0,0.6,0,0
EVS03059,5,250,7,9,DC Fast Charger,Fast Charging,No,0.18329125,0.0125,80,1.4148749999999999,54.987625,50.0,0.7142857142857143,0,0
EVS03060,4,600,7,3,AC Level 1,Fast Charging,Yes,0.25136714285714284,0.07142857142857142,70,1.0671428571428572,60.328285714285705,150.0,0.5714285714285714,0,0
EVS03061,7,1050,9,10,AC Level 1,Fast Charging,No,0.1381019230769231,0.057692307692307696,52,0.8842307692307693,58.00230769230769,150.0,0.7777777777777778,0,0
EVS03062,4,600,7,6,DC Fast Charger,Fast Charging,No,0.2098918918918919,0.08108108108108109,74,1.845,50.373378378378376,150.0,0.5714285714285714,0,0
EVS03063,2,100,5,15,DC Fast Charger,Fast Charging,No,0.42429764705882356,0.17647058823529413,85,3.7569411764705887,50.91576470588235,50.0,0.4,0,0
EVS03064,2,100,3,12,AC Level 1,Fast Charging,Yes,0.5409428571428572,0.17857142857142858,28,1.9864285714285714,64.9125,50.0,0.6666666666666666,1,0
EVS03065,7,350,8,3,AC Level 1,Fast Charging,Yes,0.14382910447761194,0.07462686567164178,134,1.7767164179104478,60.40910447761194,50.0,0.875,0,0
EVS03066,3,150,5,5,AC Level 2,Fast Charging,No,0.3693861386138614,0.1485148514851485,101,3.2688118811881184,66.49029702970297,50.0,0.6,0,0
EVS03067,2,44,3,11,AC Level 1,Destination/AC,Yes,0.5164962962962962,0.37037037037037035,163,7.024475308641975,61.70822085889571,22.0,0.6666666666666666,1,1
EVS03068,3,150,6,13,AC Level 1,Fast Charging,No,0.3382479674796748,0.2032520325203252,124,4.017154471544716,60.39370967741935,50.0,0.5,0,0
EVS03069,5,110,9,3,DC Fast Charger,Destination/AC,No,0.19723333333333332,0.07142857142857142,42,0.7490476190476191,59.169761904761906,22.0,0.5555555555555556,0,0
EVS03070,6,132,7,7,AC Level 1,Destination/AC,Yes,0.1762692307692308,0.19230769230769232,26,0.5530769230769231,63.45961538461539,22.0,0.8571428571428571,0,0
EVS03071,1,350,1,8,AC Level 2,Ultra-Fast Charging,No,0.8849720930232559,0.8023255813953488,86,6.640581395348837,61.269651162790694,350.0,1.0,1,1
EVS03072,2,100,5,11,AC Level 1,Fast Charging,Yes,0.5159202247191012,0.20224719101123595,90,4.34376404494382,61.41811111111111,50.0,0.4,1,0
EVS03073,3,66,5,9,DC Fast Charger,Destination/AC,No,0.33332982456140353,0.03508771929824561,57,1.3257894736842104,59.99877192982456,22.0,0.6,0,0
EVS03074,8,400,10,5,DC Fast Charger,Fast Charging,Yes,0.11651197183098591,0.09859154929577464,147,1.762112676056338,54.02503401360544,50.0,0.8,0,0
EVS03075,3,150,6,7,AC Level 2,Fast Charging,Yes,0.350288,0.176,125,3.50984,63.052,50.0,0.5,0,0
EVS03076,1,22,2,15,AC Level 2,Destination/AC,Yes,0.8888650349650349,0.8391608391608392,145,9.833391608391608,61.263241379310344,22.0,0.5,1,1
EVS03077,8,176,10,12,DC Fast Charger,Destination/AC,Yes,0.1251878048780488,0.07317073170731707,41,0.5285365853658537,60.08780487804878,22.0,0.8,0,0
EVS03078,7,2450,10,11,AC Level 2,Ultra-Fast Charging,Yes,0.14911232876712327,0.10273972602739725,148,2.2117123287671236,61.78114864864865,350.0,0.7,0,0
EVS03079,6,2100,7,13,DC Fast Charger,Ultra-Fast Charging,Yes,0.1513322033898305,0.05084745762711865,59,0.786271186440678,54.48050847457627,350.0,0.8571428571428571,0,0
EVS03080,3,1050,4,13,AC Level 2,Ultra-Fast Charging,Yes,0.32862254901960786,0.0784313725490196,102,2.6108823529411764,59.15196078431372,350.0,0.75,0,0
EVS03081,7,154,10,8,AC Level 1,Destination/AC,No,0.1472824074074074,0.05555555555555555,108,1.2446296296296295,61.85861111111112,22.0,0.7,0,0
EVS03082,4,200,6,3,DC Fast Charger,Fast Charging,No,0.21449030303030303,0.12121212121212122,165,3.0089090909090905,51.47866666666666,50.0,0.6666666666666666,0,0
EVS03083,6,2100,10,12,DC Fast Charger,Ultra-Fast Charging,No,0.15032033898305086,0.05084745762711865,59,0.8735593220338983,54.11491525423729,350.0,0.6,0,0
EVS03084,3,1050,4,7,AC Level 1,Ultra-Fast Charging,Yes,0.3369372881355932,0.06779661016949153,59,1.770677966101695,60.64847457627119,350.0,0.75,0,0
EVS03085,4,1400,5,5,DC Fast Charger,Ultra-Fast Charging,Yes,0.23055466666666666,0.06666666666666667,75,1.5246666666666668,55.33373333333333,350.0,0.8,0,0
EVS03086,7,1050,8,16,DC Fast Charger,Fast Charging,Yes,0.12520138888888888,0.05555555555555555,72,1.1634722222222222,52.586388888888884,150.0,0.875,0,0
EVS03087,7,350,10,11,AC Level 1,Fast Charging,No,0.14867586206896552,0.034482758620689655,59,0.6881896551724138,61.381864406779655,50.0,0.7,0,0
EVS03088,3,1050,6,14,DC Fast Charger,Ultra-Fast Charging,No,0.28369,0.08,50,1.4222,51.0646,350.0,0.5,0,0
EVS03089,2,44,3,5,DC Fast Charger,Destination/AC,No,0.5194214285714286,0.017857142857142856,56,2.714642857142857,62.330357142857146,22.0,0.6666666666666666,1,0
EVS03090,1,150,1,10,AC Level 1,Fast Charging,No,0.870143298969072,0.8247422680412371,98,7.46159793814433,59.28908163265306,150.0,1.0,1,1
EVS03091,1,150,1,7,DC Fast Charger,Fast Charging,No,0.7983818181818182,0.7121212121212122,67,7.159318181818182,53.125074626865675,150.0,1.0,1,1
EVS03092,2,300,2,13,AC Level 1,Fast Charging,No,0.5271044444444445,0.23333333333333334,90,4.040666666666667,63.25155555555556,150.0,1.0,1,0
EVS03093,2,44,3,8,AC Level 1,Destination/AC,Yes,0.5127014925373135,0.291044776119403,134,6.2206716417910455,61.674179104477616,22.0,0.6666666666666666,1,1
EVS03094,2,44,4,9,AC Level 2,Destination/AC,No,0.5183,0.13559322033898305,59,3.059661016949153,62.19593220338983,22.0,0.5,1,0
EVS03095,5,1750,7,13,AC Level 1,Ultra-Fast Charging,No,0.20926830985915493,0.14084507042253522,142,2.9572535211267605,62.78091549295774,350.0,0.7142857142857143,0,0
EVS03096,5,1750,7,4,AC Level 1,Ultra-Fast Charging,Yes,0.21114383561643835,0.10273972602739725,146,2.853219178082192,63.3436301369863,350.0,0.7142857142857143,0,0
EVS03097,8,176,10,13,AC Level 2,Destination/AC,Yes,0.12702121212121212,0.12121212121212122,33,0.8206060606060606,60.97212121212121,22.0,0.8,0,0
EVS03098,6,2100,9,9,AC Level 2,Ultra-Fast Charging,No,0.16190571428571426,0.02857142857142857,70,1.1787142857142858,58.285,350.0,0.6666666666666666,0,0
EVS03099,7,154,10,13,DC Fast Charger,Destination/AC,No,0.14689423076923075,0.057692307692307696,53,0.6798076923076923,60.53132075471698,22.0,0.7,0,0
EVS03100,6,132,9,11,AC Level 1,Destination/AC,Yes,0.15947101449275364,0.11594202898550725,69,1.1782608695652173,57.40869565217391,22.0,0.6666666666666666,0,0
EVS03101,1,22,1,7,AC Level 2,Destination/AC,Yes,0.8990469696969697,0.8181818181818182,67,6.704696969696969,62.69776119402985,22.0,1.0,1,1
EVS03102,2,100,4,8,AC Level 1,Fast Charging,Yes,0.5351571428571429,0.07142857142857142,42,1.715952380952381,64.21880952380953,50.0,0.5,1,0
EVS03103,3,1050,4,8,AC Level 2,Ultra-Fast Charging,No,0.3639625,0.0,16,0.5231250000000001,65.510625,350.0,0.75,0,0
EVS03104,4,200,5,6,AC Level 1,Fast Charging,Yes,0.2596029411764706,0.058823529411764705,102,2.079607843137255,62.304313725490196,50.0,0.8,0,0
EVS03105,6,2100,9,10,AC Level 1,Ultra-Fast Charging,Yes,0.17417972027972026,0.06293706293706294,143,2.1304195804195802,62.70531468531469,350.0,0.6666666666666666,0,0
EVS03106,7,1050,10,7,DC Fast Charger,Fast Charging,Yes,0.12390125,0.0375,80,0.95325,52.0385,150.0,0.7,0,0
EVS03107,1,22,3,7,AC Level 1,Destination/AC,Yes,0.8807709302325581,0.7906976744186046,172,8.544651162790698,59.0378488372093,22.0,0.3333333333333333,1,1
EVS03108,4,1400,6,14,AC Level 1,Ultra-Fast Charging,Yes,0.2666768115942029,0.15942028985507245,69,2.2668115942028986,64.00130434782609,350.0,0.6666666666666666,0,0
EVS03109,5,750,8,6,DC Fast Charger,Fast Charging,Yes,0.18025978835978834,0.14285714285714285,189,3.131798941798942,54.07851851851852,150.0,0.625,0,0
EVS03110,3,66,4,5,AC Level 1,Destination/AC,No,0.3481672727272727,0.03636363636363636,55,1.6714545454545455,62.670181818181824,22.0,0.75,0,0
EVS03111,3,1050,7,12,AC Level 1,Ultra-Fast Charging,Yes,0.34435648148148146,0.14814814814814814,108,2.9143518518518516,61.98388888888889,350.0,0.42857142857142855,0,0
EVS03112,1,22,2,14,AC Level 1,Destination/AC,No,0.905603448275862,0.8344827586206897,145,8.907448275862068,61.93737931034483,22.0,0.5,1,1
EVS03113,2,100,4,4,AC Level 1,Fast Charging,No,0.49001904761904763,0.047619047619047616,21,1.19,58.80238095238095,50.0,0.5,0,0
EVS03114,7,154,10,16,DC Fast Charger,Destination/AC,No,0.14816010928961748,0.14207650273224043,184,1.9797814207650273,61.88978260869565,22.0,0.7,0,0
EVS03115,1,350,2,16,AC Level 2,Ultra-Fast Charging,Yes,0.8975760563380282,0.8169014084507042,71,6.105633802816901,62.015352112676055,350.0,0.5,1,1
EVS03116,4,200,7,8,AC Level 1,Fast Charging,No,0.25268715596330277,0.08256880733944955,109,2.3624770642201836,60.64550458715596,50.0,0.5714285714285714,0,0
EVS03117,3,66,5,9,AC Level 2,Destination/AC,Yes,0.3483376146788991,0.2018348623853211,109,3.6411926605504585,62.70009174311927,22.0,0.6,0,0
EVS03118,5,1750,6,11,AC Level 1,Ultra-Fast Charging,Yes,0.20200852713178294,0.13178294573643412,129,2.670077519379845,60.60248062015504,350.0,0.8333333333333334,0,0
EVS03119,7,2450,10,10,AC Level 2,Ultra-Fast Charging,Yes,0.1464769230769231,0.038461538461538464,26,0.35730769230769227,61.52230769230769,350.0,0.7,0,0
EVS03120,3,450,7,3,AC Level 1,Fast Charging,No,0.33110670391061453,0.25139664804469275,179,5.060167597765363,59.599553072625696,150.0,0.42857142857142855,0,0
EVS03121,3,1050,5,12,AC Level 2,Ultra-Fast Charging,Yes,0.34535820895522384,0.16417910447761194,134,3.408582089552239,62.164104477611936,350.0,0.6,0,0
EVS03122,6,2100,10,11,AC Level 2,Ultra-Fast Charging,Yes,0.16705857988165682,0.16568047337278108,169,3.220355029585799,60.140946745562125,350.0,0.6,0,0
EVS03123,3,450,4,8,AC Level 2,Fast Charging,No,0.33192352941176473,0.12941176470588237,85,2.949529411764706,59.74623529411765,150.0,0.75,0,0
EVS03124,6,2100,8,14,AC Level 2,Ultra-Fast Charging,No,0.17274310344827587,0.1206896551724138,116,2.0535344827586206,62.18663793103448,350.0,0.75,0,0
EVS03125,4,600,9,14,AC Level 2,Fast Charging,Yes,0.26197628865979383,0.12371134020618557,97,2.5861855670103093,62.87494845360825,150.0,0.4444444444444444,0,0
EVS03126,6,300,8,15,AC Level 1,Fast Charging,No,0.16497765363128492,0.11173184357541899,179,2.6932402234636874,59.39458100558659,50.0,0.75,0,0
EVS03127,1,22,1,12,AC Level 1,Destination/AC,No,0.8992455128205128,0.8717948717948718,156,8.68698717948718,61.779871794871795,22.0,1.0,1,1
EVS03128,5,1750,7,12,AC Level 2,Ultra-Fast Charging,Yes,0.2039689189189189,0.12837837837837837,149,3.125472972972973,60.779999999999994,350.0,0.7142857142857143,0,0
EVS03129,1,22,1,7,AC Level 2,Destination/AC,Yes,0.8624864583333333,0.8020833333333334,96,7.2503125,58.31458333333333,22.0,1.0,1,1
EVS03130,6,132,10,9,AC Level 2,Destination/AC,No,0.16706047904191618,0.09580838323353294,168,2.1670359281437124,59.78303571428571,22.0,0.6,0,0
EVS03131,5,750,8,16,AC Level 2,Fast Charging,Yes,0.1951886075949367,0.10126582278481013,79,1.6844303797468354,58.55569620253164,150.0,0.625,0,0
EVS03132,1,350,1,14,DC Fast Charger,Ultra-Fast Charging,No,0.820097,0.76,101,8.09735,54.14613861386139,350.0,1.0,1,1
EVS03133,6,300,10,14,DC Fast Charger,Fast Charging,Yes,0.14540604026845638,0.11409395973154363,149,2.008456375838926,52.3468456375839,50.0,0.6,0,0
EVS03134,5,1750,10,15,AC Level 1,Ultra-Fast Charging,No,0.1986225806451613,0.06451612903225806,31,0.5729032258064517,59.586129032258064,350.0,0.5,0,0
EVS03135,1,50,3,16,DC Fast Charger,Fast Charging,No,0.8361082278481012,0.740506329113924,158,8.91512658227848,54.69715189873418,50.0,0.3333333333333333,1,1
EVS03136,6,900,9,3,AC Level 1,Fast Charging,No,0.18041333333333334,0.06666666666666667,15,0.33999999999999997,64.94800000000001,150.0,0.6666666666666666,0,0
EVS03137,4,600,8,9,AC Level 1,Fast Charging,Yes,0.2560375,0.09166666666666666,122,2.4160416666666666,60.44204918032787,150.0,0.5,0,0
EVS03138,2,44,3,12,AC Level 1,Destination/AC,No,0.5226563025210084,0.25210084033613445,120,4.587647058823529,62.196,22.0,0.6666666666666666,1,0
EVS03139,1,50,3,16,DC Fast Charger,Fast Charging,Yes,0.783836170212766,0.6914893617021277,94,8.347659574468084,50.24159574468085,50.0,0.3333333333333333,1,1
EVS03140,1,22,1,7,AC Level 2,Destination/AC,No,0.9028878787878789,0.8686868686868687,100,7.864191919191919,61.7054,22.0,1.0,1,1
EVS03141,3,66,5,13,AC Level 1,Destination/AC,Yes,0.33873956043956044,0.14285714285714285,91,3.3452747252747255,60.972967032967034,22.0,0.6,0,0
EVS03142,6,2100,8,13,DC Fast Charger,Ultra-Fast Charging,No,0.1490922077922078,0.012987012987012988,77,1.333896103896104,53.67285714285715,350.0,0.75,0,0
EVS03143,5,250,6,6,DC Fast Charger,Fast Charging,No,0.19380396039603962,0.04950495049504951,101,1.6139603960396038,58.14178217821782,50.0,0.8333333333333334,0,0
EVS03144,5,1750,9,11,AC Level 2,Ultra-Fast Charging,No,0.20635384615384614,0.08653846153846154,104,1.8398076923076923,61.90634615384616,350.0,0.5555555555555556,0,0
EVS03145,5,750,7,5,AC Level 1,Fast Charging,No,0.20702215189873416,0.12658227848101267,158,2.852721518987342,62.105253164556956,150.0,0.7142857142857143,0,0
EVS03146,2,300,4,4,AC Level 1,Fast Charging,Yes,0.532124,0.24,100,4.7118,63.855,150.0,0.5,1,0
EVS03147,3,1050,5,8,AC Level 1,Ultra-Fast Charging,Yes,0.3471793650793651,0.1349206349206349,126,3.104920634920635,62.49277777777778,350.0,0.6,0,0
EVS03148,3,66,7,5,DC Fast Charger,Destination/AC,No,0.3533412121212121,0.24242424242424243,167,4.9724545454545455,62.840359281437124,22.0,0.42857142857142855,0,0
EVS03149,2,300,3,8,DC Fast Charger,Fast Charging,Yes,0.45901420454545455,0.3125,178,6.909573863636364,54.64106741573034,150.0,0.6666666666666666,0,1
EVS03150,2,44,3,3,AC Level 1,Destination/AC,Yes,0.5531058823529412,0.029411764705882353,35,1.5808823529411764,65.3877142857143,22.0,0.6666666666666666,1,0
EVS03151,2,300,3,5,AC Level 1,Fast Charging,Yes,0.5067721212121212,0.3090909090909091,165,6.17109090909091,60.81315151515152,150.0,0.6666666666666666,0,1
EVS03152,4,600,6,9,DC Fast Charger,Fast Charging,No,0.21989833333333333,0.05,60,1.2325000000000002,52.775666666666666,150.0,0.6666666666666666,0,0
EVS03153,7,154,10,3,DC Fast Charger,Destination/AC,No,0.145594,0.0,50,0.535,61.147200000000005,22.0,0.7,0,0
EVS03154,1,50,2,9,DC Fast Charger,Fast Charging,Yes,0.7958493506493507,0.7272727272727273,155,8.602175324675324,52.9321935483871,50.0,0.5,1,1
EVS03155,5,250,9,4,DC Fast Charger,Fast Charging,Yes,0.15532758620689655,0.06896551724137931,29,0.6144827586206897,46.59827586206896,50.0,0.5555555555555556,0,0
EVS03156,2,44,4,13,AC Level 2,Destination/AC,Yes,0.5249818181818182,0.3246753246753247,154,6.667207792207792,62.99785714285714,22.0,0.5,1,1
EVS03157,4,88,5,10,AC Level 2,Destination/AC,Yes,0.2525852564102564,0.14102564102564102,156,3.5400641025641026,60.62064102564102,22.0,0.8,0,0
EVS03158,6,2100,8,12,AC Level 2,Ultra-Fast Charging,No,0.17247875,0.11875,163,2.7506250000000003,60.94926380368098,350.0,0.75,0,0
EVS03159,1,150,1,16,AC Level 1,Fast Charging,Yes,0.8668217391304347,0.782608695652174,139,8.22550724637681,58.868633093525176,150.0,1.0,1,1
EVS03160,4,200,6,12,AC Level 2,Fast Charging,Yes,0.2691758823529412,0.22941176470588234,171,3.9618823529411764,64.22426900584796,50.0,0.6666666666666666,0,0
EVS03161,5,1750,8,10,AC Level 2,Ultra-Fast Charging,Yes,0.20365,0.11764705882352941,35,0.8099999999999999,59.35171428571429,350.0,0.625,0,0
EVS03162,1,150,2,11,AC Level 1,Fast Charging,No,0.8831911392405063,0.8670886075949367,159,8.955221518987342,60.277232704402515,150.0,0.5,1,1
EVS03163,1,50,1,6,AC Level 1,Fast Charging,No,0.8477894736842105,0.6052631578947368,38,3.2336842105263157,56.359736842105264,50.0,1.0,1,1
EVS03164,4,600,8,3,DC Fast Charger,Fast Charging,Yes,0.22202333333333332,0.05555555555555555,90,1.4962222222222221,53.285888888888884,150.0,0.5,0,0
EVS03165,3,450,6,14,AC Level 1,Fast Charging,No,0.32994999999999997,0.058823529411764705,34,1.3370588235294119,59.39176470588235,150.0,0.5,0,0
EVS03166,4,600,6,3,DC Fast Charger,Fast Charging,No,0.22963164556962024,0.11392405063291139,79,1.8793670886075948,55.1120253164557,150.0,0.6666666666666666,0,0
EVS03167,6,2100,10,5,AC Level 2,Ultra-Fast Charging,Yes,0.17426106870229008,0.10687022900763359,131,2.316946564885496,62.73412213740458,350.0,0.6,0,0
EVS03168,4,1400,5,5,DC Fast Charger,Ultra-Fast Charging,Yes,0.20793653846153845,0.038461538461538464,52,1.4619230769230769,49.90576923076923,350.0,0.8,0,0
EVS03169,3,450,4,7,AC Level 1,Fast Charging,Yes,0.33821342281879196,0.28859060402684567,149,5.2478523489932885,60.87859060402685,150.0,0.75,0,1
EVS03170,2,100,3,13,AC Level 1,Fast Charging,Yes,0.5017421052631579,0.34210526315789475,114,5.332543859649123,60.20912280701754,50.0,0.6666666666666666,0,1
EVS03171,6,300,9,3,AC Level 1,Fast Charging,Yes,0.1713016129032258,0.08870967741935484,124,1.7529032258064516,61.66983870967742,50.0,0.6666666666666666,0,0
EVS03172,1,350,1,5,DC Fast Charger,Ultra-Fast Charging,Yes,0.8066181818181819,0.7212121212121212,166,8.012939393939394,53.00373493975904,350.0,1.0,1,1
EVS03173,3,450,5,9,AC Level 1,Fast Charging,Yes,0.35468482142857144,0.13392857142857142,113,3.091205357142857,63.278318584070796,150.0,0.6,0,0
EVS03174,3,66,5,16,DC Fast Charger,Destination/AC,No,0.35047066666666665,0.08,75,2.279733333333333,63.084,22.0,0.6,0,0
EVS03175,7,2450,10,3,DC Fast Charger,Ultra-Fast Charging,No,0.12181256544502618,0.1099476439790576,191,2.3103664921465965,51.16146596858639,350.0,0.7,0,0
EVS03176,6,300,7,4,AC Level 2,Fast Charging,No,0.1715964285714286,0.08035714285714286,112,1.6684821428571428,61.77491071428572,50.0,0.8571428571428571,0,0
EVS03177,4,600,7,5,AC Level 2,Fast Charging,Yes,0.25127798165137616,0.10091743119266056,110,2.518348623853211,59.758818181818185,150.0,0.5714285714285714,0,0
EVS03178,5,750,8,3,DC Fast Charger,Fast Charging,No,0.1857514705882353,0.10294117647058823,70,1.3156617647058824,54.13371428571429,150.0,0.625,0,0
EVS03179,7,350,9,5,AC Level 2,Fast Charging,Yes,0.14785333333333334,0.044444444444444446,45,0.9224444444444444,62.09866666666667,50.0,0.7777777777777778,0,0
EVS03180,1,350,2,16,DC Fast Charger,Ultra-Fast Charging,No,0.775525641025641,0.5897435897435898,39,4.062564102564102,51.99179487179487,350.0,0.5,1,1
EVS03181,2,700,2,3,AC Level 2,Ultra-Fast Charging,Yes,0.5017333333333334,0.031746031746031744,63,2.5874603174603172,60.20746031746032,350.0,1.0,0,0
EVS03182,6,300,10,16,DC Fast Charger,Fast Charging,Yes,0.13792857142857143,0.07142857142857142,42,0.6847619047619048,49.65404761904762,50.0,0.6,0,0
EVS03183,3,450,5,6,AC Level 1,Fast Charging,No,0.3366151315789474,0.2236842105263158,152,4.9760526315789475,60.59019736842106,150.0,0.6,0,0
EVS03184,7,1050,10,4,DC Fast Charger,Fast Charging,Yes,0.12186206896551724,0.0,29,0.5827586206896551,51.182758620689654,150.0,0.7,0,0
EVS03185,1,150,1,8,DC Fast Charger,Fast Charging,Yes,0.7752922413793103,0.6982758620689655,116,9.602241379310344,50.172155172413795,150.0,1.0,1,1
EVS03186,1,350,1,11,AC Level 1,Ultra-Fast Charging,Yes,0.9013827777777778,0.8666666666666667,182,8.173666666666666,61.43324175824176,350.0,1.0,1,1
EVS03187,1,150,1,11,AC Level 1,Fast Charging,Yes,0.9020049382716049,0.8209876543209876,162,9.024197530864198,63.70506172839506,150.0,1.0,1,1
EVS03188,5,110,9,7,AC Level 2,Destination/AC,No,0.19953030303030303,0.08080808080808081,99,1.9614141414141415,59.85919191919192,22.0,0.5555555555555556,0,0
EVS03189,3,150,4,9,AC Level 2,Fast Charging,Yes,0.3259,0.043478260869565216,23,0.9230434782608696,58.660869565217396,50.0,0.75,0,0
EVS03190,6,300,8,4,AC Level 1,Fast Charging,Yes,0.16744493670886076,0.10759493670886076,161,2.3332911392405067,59.155155279503106,50.0,0.75,0,0
EVS03191,5,750,7,13,AC Level 1,Fast Charging,No,0.21908181818181818,0.09090909090909091,11,0.5499999999999999,65.72363636363637,150.0,0.7142857142857143,0,0
EVS03192,4,600,9,7,DC Fast Charger,Fast Charging,No,0.2135965811965812,0.18803418803418803,117,2.9993162393162396,51.26376068376068,150.0,0.4444444444444444,0,0
EVS03193,2,100,3,8,AC Level 2,Fast Charging,No,0.5299,0.2661290322580645,125,5.352903225806451,63.0792,50.0,0.6666666666666666,1,0
EVS03194,6,2100,8,14,AC Level 2,Ultra-Fast Charging,No,0.171575,0.03125,32,0.8731249999999999,61.768437500000005,350.0,0.75,0,0
EVS03195,5,1750,7,12,AC Level 2,Ultra-Fast Charging,No,0.19646917293233085,0.14285714285714285,133,2.9693984962406015,58.940075187969924,350.0,0.7142857142857143,0,0
EVS03196,1,150,2,14,AC Level 2,Fast Charging,Yes,0.8955282051282052,0.6923076923076923,39,2.830769230769231,59.45076923076923,150.0,0.5,1,1
EVS03197,2,300,4,9,AC Level 1,Fast Charging,Yes,0.5157924528301887,0.16981132075471697,53,3.013207547169811,61.89584905660377,150.0,0.5,1,0
EVS03198,2,44,3,6,DC Fast Charger,Destination/AC,No,0.5071606666666667,0.31333333333333335,151,6.671566666666667,60.676688741721854,22.0,0.6666666666666666,0,1
EVS03199,3,1050,4,15,DC Fast Charger,Ultra-Fast Charging,Yes,0.2972538860103627,0.29533678756476683,193,5.1036787564766835,53.50575129533679,350.0,0.75,0,1
EVS03200,1,150,2,15,AC Level 1,Fast Charging,No,0.877404918032787,0.7540983606557377,61,5.1706557377049185,60.110491803278684,150.0,0.5,1,1
EVS03201,4,1400,5,7,AC Level 1,Ultra-Fast Charging,No,0.25458435754189945,0.16759776536312848,179,3.973631284916201,61.10083798882681,350.0,0.8,0,0
EVS03202,1,150,2,15,DC Fast Charger,Fast Charging,Yes,0.8172956250000001,0.76875,160,9.556000000000001,54.184687499999995,150.0,0.5,1,1
EVS03203,1,350,1,8,AC Level 1,Ultra-Fast Charging,No,0.869322463768116,0.7608695652173914,139,8.030797101449275,58.850503597122305,350.0,1.0,1,1
EVS03204,3,150,4,4,AC Level 1,Fast Charging,No,0.3446090909090909,0.0,44,1.5304545454545455,62.02795454545455,50.0,0.75,0,0
EVS03205,6,2100,9,15,AC Level 2,Ultra-Fast Charging,Yes,0.16758142857142858,0.04285714285714286,70,1.1825714285714286,60.32814285714286,350.0,0.6666666666666666,0,0
EVS03206,5,250,8,13,AC Level 1,Fast Charging,Yes,0.20480851063829789,0.14184397163120568,144,2.828794326241135,60.16291666666666,50.0,0.625,0,0
EVS03207,3,66,4,14,DC Fast Charger,Destination/AC,No,0.34829747474747474,0.21717171717171718,199,5.134015151515151,62.37829145728644,22.0,0.75,0,0
EVS03208,3,450,4,15,DC Fast Charger,Fast Charging,No,0.29079935064935064,0.18831168831168832,154,4.837662337662338,52.34448051948052,150.0,0.75,0,0
EVS03209,3,1050,7,9,AC Level 2,Ultra-Fast Charging,No,0.3360320388349515,0.08737864077669903,103,2.6600970873786407,60.48582524271845,350.0,0.42857142857142855,0,0
EVS03210,4,88,6,16,AC Level 1,Destination/AC,Yes,0.254477358490566,0.07547169811320754,53,1.2166037735849058,61.07452830188679,22.0,0.6666666666666666,0,0
EVS03211,4,600,5,16,DC Fast Charger,Fast Charging,No,0.22092261306532662,0.21105527638190955,199,3.831356783919598,53.02180904522613,150.0,0.8,0,0
EVS03212,4,600,6,8,DC Fast Charger,Fast Charging,No,0.22346666666666667,0.09523809523809523,63,1.48,53.63285714285714,150.0,0.6666666666666666,0,0
EVS03213,8,2800,9,11,AC Level 2,Ultra-Fast Charging,No,0.1297628205128205,0.05128205128205128,78,0.9338461538461539,62.28807692307693,350.0,0.8888888888888888,0,0
EVS03214,5,110,7,15,AC Level 2,Destination/AC,Yes,0.2075994871794872,0.17435897435897435,196,3.499461538461538,61.96178571428572,22.0,0.7142857142857143,0,0
EVS03215,3,450,7,3,AC Level 2,Fast Charging,Yes,0.32937583333333337,0.16666666666666666,120,3.7305,59.288000000000004,150.0,0.42857142857142855,0,0
EVS03216,2,700,4,8,AC Level 2,Ultra-Fast Charging,No,0.5294592592592593,0.18518518518518517,81,3.078395061728395,63.534444444444446,350.0,0.5,1,0
EVS03217,2,44,2,10,AC Level 2,Destination/AC,Yes,0.5147666666666667,0.08333333333333333,12,0.755,61.77166666666667,22.0,1.0,1,0
EVS03218,5,750,6,3,AC Level 1,Fast Charging,No,0.2025782608695652,0.13043478260869565,92,1.765,60.77304347826087,150.0,0.8333333333333334,0,0
EVS03219,1,22,2,5,AC Level 2,Destination/AC,Yes,0.9097896739130434,0.875,186,8.702472826086957,62.67349462365592,22.0,0.5,1,1
EVS03220,1,150,1,3,AC Level 1,Fast Charging,Yes,0.9111263157894737,0.8289473684210527,76,6.470394736842105,63.52144736842106,150.0,1.0,1,1
EVS03221,3,450,4,14,AC Level 1,Fast Charging,Yes,0.337476,0.216,126,5.00904,60.26293650793651,150.0,0.75,0,0
EVS03222,5,1750,10,16,AC Level 2,Ultra-Fast Charging,Yes,0.19621698113207547,0.03773584905660377,53,1.1864150943396228,58.86735849056603,350.0,0.5,0,0
EVS03223,1,50,2,6,DC Fast Charger,Fast Charging,No,0.8022151315789474,0.7105263157894737,152,9.101447368421054,51.84381578947369,50.0,0.5,1,1
EVS03224,2,100,3,7,DC Fast Charger,Fast Charging,No,0.4502826923076923,0.358974358974359,158,6.450288461538461,53.510253164556964,50.0,0.6666666666666666,0,1
EVS03225,3,1050,4,7,AC Level 2,Ultra-Fast Charging,Yes,0.3527218487394958,0.11764705882352941,120,2.8964285714285714,62.96033333333333,350.0,0.75,0,0
EVS03226,7,350,9,8,AC Level 1,Fast Charging,Yes,0.14467906976744185,0.023255813953488372,130,1.7607751937984497,60.29692307692308,50.0,0.7777777777777778,0,0
EVS03227,5,750,7,10,AC Level 1,Fast Charging,Yes,0.20324083333333334,0.09166666666666666,120,2.4389166666666666,60.97208333333333,150.0,0.7142857142857143,0,0
EVS03228,1,350,2,10,AC Level 2,Ultra-Fast Charging,No,0.8884698630136987,0.7534246575342466,73,6.350684931506849,59.31780821917808,350.0,0.5,1,1
EVS03229,5,250,6,12,AC Level 2,Fast Charging,No,0.2003062068965517,0.12413793103448276,146,2.785551724137931,59.68054794520548,50.0,0.8333333333333334,0,0
EVS03230,4,88,7,12,AC Level 2,Destination/AC,No,0.2650629139072848,0.18543046357615894,151,3.167019867549669,63.61529801324503,22.0,0.5714285714285714,0,0
EVS03231,2,44,4,15,AC Level 1,Destination/AC,Yes,0.5020361111111111,0.3263888888888889,145,6.447916666666667,59.967724137931036,22.0,0.5,0,1
EVS03232,1,150,1,11,AC Level 1,Fast Charging,No,0.9011508474576272,0.7457627118644068,59,5.523389830508474,62.096101694915255,150.0,1.0,1,1
EVS03233,7,1050,9,8,DC Fast Charger,Fast Charging,No,0.11695820895522388,0.05970149253731343,134,1.6963432835820895,49.123805970149256,150.0,0.7777777777777778,0,0
EVS03234,3,1050,4,14,DC Fast Charger,Ultra-Fast Charging,No,0.2610230769230769,0.0,13,0.8623076923076922,46.98615384615385,350.0,0.75,0,0
EVS03235,5,1750,9,12,AC Level 2,Ultra-Fast Charging,Yes,0.21029038461538463,0.11538461538461539,104,2.3465384615384615,63.08875,350.0,0.5555555555555556,0,0
EVS03236,4,88,5,7,DC Fast Charger,Destination/AC,Yes,0.2647816666666667,0.13333333333333333,122,2.772291666666667,62.50631147540984,22.0,0.8,0,0
EVS03237,2,300,3,11,AC Level 1,Fast Charging,No,0.5167576923076923,0.21794871794871795,78,4.245897435897436,62.01102564102564,150.0,0.6666666666666666,1,0
EVS03238,3,150,4,13,DC Fast Charger,Fast Charging,No,0.29423136094674557,0.3136094674556213,171,5.733550295857988,52.34292397660818,50.0,0.75,0,1
EVS03239,5,1750,6,14,AC Level 2,Ultra-Fast Charging,Yes,0.2050945945945946,0.14189189189189189,149,3.211621621621622,61.1148322147651,350.0,0.8333333333333334,0,0
EVS03240,5,250,8,10,DC Fast Charger,Fast Charging,Yes,0.1821909090909091,0.09090909090909091,22,0.5922727272727273,54.65909090909091,50.0,0.625,0,0
EVS03241,4,88,5,4,AC Level 1,Destination/AC,No,0.2394,0.07142857142857142,42,1.2585714285714285,57.45690476190477,22.0,0.8,0,0
EVS03242,1,22,1,13,DC Fast Charger,Destination/AC,No,0.9014745454545454,0.8181818181818182,55,5.527454545454545,65.50018181818182,22.0,1.0,1,1
EVS03243,7,2450,9,14,AC Level 2,Ultra-Fast Charging,Yes,0.15463030303030303,0.14545454545454545,166,2.431090909090909,64.55156626506023,350.0,0.7777777777777778,0,0
EVS03244,5,750,6,9,DC Fast Charger,Fast Charging,No,0.17031836734693875,0.10204081632653061,98,1.9135714285714285,51.09561224489796,150.0,0.8333333333333334,0,0
EVS03245,6,300,9,16,DC Fast Charger,Fast Charging,No,0.15017259259259258,0.08888888888888889,135,2.2322222222222226,54.06155555555555,50.0,0.6666666666666666,0,0
EVS03246,3,150,7,16,DC Fast Charger,Fast Charging,No,0.30428333333333335,0.20833333333333334,144,4.223472222222222,54.77027777777778,50.0,0.42857142857142855,0,0
EVS03247,2,300,4,4,AC Level 1,Fast Charging,Yes,0.5068785714285714,0.35,142,5.927392857142857,60.28528169014085,150.0,0.5,0,1
EVS03248,7,154,8,7,AC Level 1,Destination/AC,No,0.1516625,0.03125,32,0.5906250000000001,63.698125,22.0,0.875,0,0
EVS03249,2,44,2,11,DC Fast Charger,Destination/AC,No,0.503184375,0.125,32,1.9803125000000001,60.3815625,22.0,1.0,0,0
EVS03250,5,750,6,8,AC Level 1,Fast Charging,No,0.2201246913580247,0.08641975308641975,83,1.732530864197531,64.44590361445783,150.0,0.8333333333333334,0,0
EVS03251,2,44,4,4,DC Fast Charger,Destination/AC,No,0.5136166666666667,0.16666666666666666,60,3.6011666666666664,61.63416666666667,22.0,0.5,1,0
EVS03252,1,50,1,16,AC Level 1,Fast Charging,Yes,0.8838702531645569,0.8607594936708861,158,9.371772151898734,61.18784810126582,50.0,1.0,1,1
EVS03253,5,750,7,5,AC Level 2,Fast Charging,No,0.19736176470588235,0.08823529411764706,34,1.051764705882353,59.20676470588235,150.0,0.7142857142857143,0,0
EVS03254,6,300,8,16,AC Level 2,Fast Charging,Yes,0.16401944444444444,0.027777777777777776,72,1.2495833333333333,59.04652777777778,50.0,0.75,0,0
EVS03255,2,44,4,14,DC Fast Charger,Destination/AC,No,0.5042591836734694,0.08163265306122448,49,2.333265306122449,60.51204081632653,22.0,0.5,0,0
EVS03256,4,200,6,6,DC Fast Charger,Fast Charging,No,0.22668518518518518,0.1111111111111111,54,1.292962962962963,54.403703703703705,50.0,0.6666666666666666,0,0
EVS03257,3,150,6,5,DC Fast Charger,Fast Charging,Yes,0.28361749999999997,0.025,40,1.4895,51.05175,50.0,0.5,0,0
EVS03258,3,150,5,12,AC Level 1,Fast Charging,No,0.3455341463414634,0.12195121951219512,41,1.6768292682926829,62.197073170731706,50.0,0.6,0,0
EVS03259,2,700,4,7,AC Level 2,Ultra-Fast Charging,No,0.5020130434782608,0.26956521739130435,115,5.106869565217391,60.32991304347826,350.0,0.5,0,0
EVS03260,1,150,1,5,DC Fast Charger,Fast Charging,Yes,0.7971101449275362,0.7391304347826086,70,8.016014492753623,51.58371428571429,150.0,1.0,1,1
EVS03261,2,100,4,3,AC Level 2,Fast Charging,Yes,0.5168487179487179,0.15384615384615385,78,3.778717948717949,62.021410256410256,50.0,0.5,1,0
EVS03262,3,1050,4,4,AC Level 1,Ultra-Fast Charging,No,0.35883030303030305,0.18181818181818182,100,3.7216666666666667,63.9441,350.0,0.75,0,0
EVS03263,1,150,1,15,DC Fast Charger,Fast Charging,No,0.8210851063829787,0.8297872340425532,141,8.695390070921986,54.01964539007092,150.0,1.0,1,1
EVS03264,2,100,3,12,AC Level 1,Fast Charging,No,0.5045032258064517,0.36129032258064514,156,6.2744193548387095,60.1525,50.0,0.6666666666666666,0,1
EVS03265,5,110,8,9,AC Level 2,Destination/AC,Yes,0.21028333333333332,0.1111111111111111,108,1.9825,63.085462962962964,22.0,0.625,0,0
EVS03266,6,900,9,9,AC Level 1,Fast Charging,No,0.17077226890756303,0.06722689075630252,119,1.7679831932773111,61.4772268907563,150.0,0.6666666666666666,0,0
EVS03267,1,22,2,5,DC Fast Charger,Destination/AC,No,0.876760162601626,0.8292682926829268,123,8.90178861788618,59.84804878048781,22.0,0.5,1,1
EVS03268,5,750,7,7,DC Fast Charger,Fast Charging,Yes,0.17748345323741008,0.10071942446043165,140,2.6282374100719426,52.864714285714285,150.0,0.7142857142857143,0,0
EVS03269,4,200,6,13,AC Level 2,Fast Charging,No,0.23962051282051283,0.10256410256410256,39,0.867948717948718,57.508974358974356,50.0,0.6666666666666666,0,0
EVS03270,3,1050,4,16,DC Fast Charger,Ultra-Fast Charging,Yes,0.30331218274111676,0.29949238578680204,201,5.548756345177665,53.50960199004975,350.0,0.75,0,1
EVS03271,5,110,7,16,AC Level 1,Destination/AC,Yes,0.19962692307692306,0.057692307692307696,52,0.8796153846153847,59.888653846153844,22.0,0.7142857142857143,0,0
EVS03272,5,250,6,15,DC Fast Charger,Fast Charging,No,0.17817708333333335,0.03125,96,1.3596875,53.45208333333333,50.0,0.8333333333333334,0,0
EVS03273,3,66,6,9,DC Fast Charger,Destination/AC,Yes,0.3356776859504132,0.1652892561983471,121,3.8204958677685954,60.42264462809918,22.0,0.5,0,0
EVS03274,6,900,9,16,DC Fast Charger,Fast Charging,No,0.13779620253164557,0.0759493670886076,79,1.190759493670886,49.60848101265823,150.0,0.6666666666666666,0,0
EVS03275,1,22,1,10,AC Level 2,Destination/AC,Yes,0.8746655172413793,0.7241379310344828,58,5.616379310344827,59.679655172413796,22.0,1.0,1,1
EVS03276,1,50,1,9,AC Level 1,Fast Charging,No,0.8921188888888889,0.8611111111111112,180,10.164611111111112,60.161611111111114,50.0,1.0,1,1
EVS03277,1,150,1,10,AC Level 1,Fast Charging,No,0.8189933333333334,0.6666666666666666,15,2.1959999999999997,55.025999999999996,150.0,1.0,1,1
EVS03278,1,50,2,11,AC Level 2,Fast Charging,Yes,0.9216936170212766,0.851063829787234,47,6.907234042553191,63.957021276595746,50.0,0.5,1,1
EVS03279,5,750,7,16,AC Level 2,Fast Charging,No,0.19914652406417113,0.12299465240641712,187,3.0558823529411767,59.74411764705882,150.0,0.7142857142857143,0,0
EVS03280,1,350,2,11,DC Fast Charger,Ultra-Fast Charging,Yes,0.8106805194805196,0.8051948051948052,154,8.461558441558442,52.52948051948052,350.0,0.5,1,1
EVS03281,4,1400,5,15,AC Level 2,Ultra-Fast Charging,No,0.23692352941176473,0.0,34,0.7988235294117647,56.86382352941176,350.0,0.8,0,0
EVS03282,1,50,1,8,AC Level 2,Fast Charging,No,0.8845401459854014,0.7737226277372263,137,8.120000000000001,59.99671532846715,50.0,1.0,1,1
EVS03283,4,88,7,10,AC Level 2,Destination/AC,Yes,0.262344623655914,0.1881720430107527,187,4.482043010752688,62.62614973262032,22.0,0.5714285714285714,0,0
EVS03284,3,66,4,4,AC Level 2,Destination/AC,Yes,0.3427818181818182,0.09090909090909091,33,1.552121212121212,61.70181818181818,22.0,0.75,0,0
EVS03285,1,350,1,16,AC Level 2,Ultra-Fast Charging,No,0.8862389610389609,0.7922077922077922,77,8.061818181818182,61.12012987012987,350.0,1.0,1,1
EVS03286,1,50,1,10,AC Level 2,Fast Charging,No,0.8638111111111111,0.75,109,6.195787037037037,61.4508256880734,50.0,1.0,1,1
EVS03287,2,700,2,7,AC Level 1,Ultra-Fast Charging,Yes,0.516925641025641,0.1282051282051282,39,1.8874358974358973,62.03128205128205,350.0,1.0,1,0
EVS03288,4,200,5,6,AC Level 2,Fast Charging,No,0.2402159090909091,0.06818181818181818,44,1.0222727272727272,57.65159090909091,50.0,0.8,0,0
EVS03289,5,110,6,5,AC Level 2,Destination/AC,Yes,0.20275588235294117,0.029411764705882353,34,1.0455882352941175,60.82735294117647,22.0,0.8333333333333334,0,0
EVS03290,1,22,2,16,AC Level 2,Destination/AC,No,0.864647619047619,0.6666666666666666,43,3.5860714285714286,56.329302325581395,22.0,0.5,1,1
EVS03291,3,1050,4,16,AC Level 1,Ultra-Fast Charging,Yes,0.3474285714285714,0.07692307692307693,91,2.9815384615384612,62.537472527472524,350.0,0.75,0,0
EVS03292,3,66,4,8,AC Level 1,Destination/AC,No,0.3148202247191011,0.1797752808988764,90,2.367134831460674,56.038333333333334,22.0,0.75,0,0
EVS03293,2,44,3,11,DC Fast Charger,Destination/AC,No,0.5173928571428571,0.10714285714285714,56,2.9723214285714286,62.08678571428572,22.0,0.6666666666666666,1,0
EVS03294,3,1050,7,6,AC Level 1,Ultra-Fast Charging,No,0.32168135593220337,0.05084745762711865,59,2.084406779661017,57.90305084745763,350.0,0.42857142857142855,0,0
EVS03295,3,450,4,6,AC Level 1,Fast Charging,Yes,0.33090204081632657,0.02040816326530612,49,1.3393877551020408,59.56285714285714,150.0,0.75,0,0
EVS03296,5,1750,7,15,AC Level 1,Ultra-Fast Charging,Yes,0.19787364864864865,0.0945945945945946,148,2.7517567567567567,59.361959459459456,350.0,0.7142857142857143,0,0
EVS03297,4,200,6,5,AC Level 1,Fast Charging,No,0.2712927272727273,0.03636363636363636,55,1.3258181818181818,65.11090909090909,50.0,0.6666666666666666,0,0
EVS03298,8,400,10,7,AC Level 2,Fast Charging,Yes,0.13174921465968586,0.041884816753926704,191,1.7645549738219894,63.23958115183246,50.0,0.8,0,0
EVS03299,6,132,9,12,DC Fast Charger,Destination/AC,Yes,0.18176021505376344,0.03225806451612903,93,1.6681720430107525,65.43139784946237,22.0,0.6666666666666666,0,0
EVS03300,1,22,1,14,DC Fast Charger,Destination/AC,No,0.8827466666666667,0.8333333333333334,152,8.485833333333334,61.35526315789474,22.0,1.0,1,1
EVS03301,6,2100,10,4,AC Level 1,Ultra-Fast Charging,No,0.16753739130434783,0.06956521739130435,115,1.9453913043478261,60.314173913043476,350.0,0.6,0,0
EVS03302,4,88,6,13,AC Level 1,Destination/AC,Yes,0.2687,0.06779661016949153,59,1.3377966101694916,64.48881355932204,22.0,0.6666666666666666,0,0
EVS03303,5,110,6,15,DC Fast Charger,Destination/AC,Yes,0.20086048387096775,0.07258064516129033,124,2.2666129032258064,60.2591935483871,22.0,0.8333333333333334,0,0
EVS03304,3,450,4,5,AC Level 2,Fast Charging,No,0.3438435483870968,0.0967741935483871,62,2.0012903225806453,61.89129032258065,150.0,0.75,0,0
EVS03305,6,132,9,14,AC Level 1,Destination/AC,Yes,0.162015,0.05,40,0.6275000000000001,58.32725000000001,22.0,0.6666666666666666,0,0
EVS03306,6,300,8,3,AC Level 2,Fast Charging,No,0.16140714285714286,0.07142857142857142,71,1.2166428571428571,57.28661971830986,50.0,0.75,0,0
EVS03307,6,300,8,6,DC Fast Charger,Fast Charging,No,0.14447021276595745,0.0,47,1.311063829787234,52.00893617021277,50.0,0.75,0,0
EVS03308,6,2100,8,14,DC Fast Charger,Ultra-Fast Charging,No,0.15025151515151516,0.06060606060606061,33,0.7018181818181818,54.087575757575756,350.0,0.75,0,0
EVS03309,1,150,2,13,AC Level 2,Fast Charging,Yes,0.9123133333333333,0.7333333333333333,15,2.132,60.42666666666666,150.0,0.5,1,1
EVS03310,2,700,3,14,AC Level 1,Ultra-Fast Charging,No,0.5159382352941176,0.40588235294117647,171,7.519882352941177,61.55040935672515,350.0,0.6666666666666666,1,1
EVS03311,2,700,3,3,AC Level 2,Ultra-Fast Charging,No,0.497346875,0.23958333333333334,96,4.7941666666666665,59.681666666666665,350.0,0.6666666666666666,0,0
EVS03312,3,66,6,15,AC Level 1,Destination/AC,Yes,0.3368673469387755,0.10204081632653061,98,2.666734693877551,60.63602040816326,22.0,0.5,0,0
EVS03313,4,1400,5,12,AC Level 1,Ultra-Fast Charging,No,0.25656573033707863,0.20786516853932585,179,3.9102247191011235,61.23206703910615,350.0,0.8,0,0
EVS03314,6,900,8,14,AC Level 1,Fast Charging,Yes,0.16899591836734693,0.04081632653061224,49,1.0718367346938775,60.83979591836735,150.0,0.75,0,0
EVS03315,6,300,9,10,AC Level 2,Fast Charging,Yes,0.17874767441860465,0.06976744186046512,86,1.4305813953488373,64.35162790697674,50.0,0.6666666666666666,0,0
EVS03316,5,250,6,12,AC Level 1,Fast Charging,No,0.20235,0.15942028985507245,139,3.191775362318841,60.26726618705036,50.0,0.8333333333333334,0,0
EVS03317,6,900,10,15,DC Fast Charger,Fast Charging,Yes,0.14903583333333334,0.09166666666666666,120,1.8993333333333333,53.65391666666667,150.0,0.6,0,0
EVS03318,3,66,5,7,AC Level 2,Destination/AC,Yes,0.34637590361445786,0.0963855421686747,83,2.3009638554216867,62.34759036144579,22.0,0.6,0,0
EVS03319,1,22,1,6,AC Level 1,Destination/AC,Yes,0.9024458333333334,0.7638888888888888,72,4.604305555555555,61.9048611111111,22.0,1.0,1,1
EVS03320,6,2100,9,7,AC Level 2,Ultra-Fast Charging,No,0.15460000000000002,0.1,20,0.40099999999999997,55.652499999999996,350.0,0.6666666666666666,0,0
EVS03321,3,1050,4,8,AC Level 1,Ultra-Fast Charging,Yes,0.3395148148148148,0.0,27,0.6766666666666666,61.11259259259259,350.0,0.75,0,0
EVS03322,4,1400,5,9,AC Level 1,Ultra-Fast Charging,Yes,0.2753457142857143,0.08571428571428572,35,1.0602857142857143,66.084,350.0,0.8,0,0
EVS03323,2,100,3,7,AC Level 1,Fast Charging,Yes,0.5012668965517242,0.3310344827586207,145,6.3885517241379315,60.152344827586205,50.0,0.6666666666666666,0,1
EVS03324,1,350,2,6,AC Level 2,Ultra-Fast Charging,Yes,0.901678947368421,0.8345864661654135,133,7.173007518796992,61.56007518796992,350.0,0.5,1,1
EVS03325,5,250,9,7,AC Level 1,Fast Charging,No,0.21131764705882353,0.07058823529411765,85,1.7821176470588234,63.39494117647058,50.0,0.5555555555555556,0,0
EVS03326,3,150,5,16,DC Fast Charger,Fast Charging,No,0.2944453237410072,0.20863309352517986,141,4.270863309352518,52.24900709219858,50.0,0.6,0,0
EVS03327,1,150,1,12,AC Level 1,Fast Charging,Yes,0.850235,0.675,40,4.465999999999999,58.27975,150.0,1.0,1,1
EVS03328,3,66,5,11,AC Level 2,Destination/AC,Yes,0.3582981132075472,0.11320754716981132,55,1.9446226415094339,62.14872727272727,22.0,0.6,0,0
EVS03329,1,350,1,3,AC Level 2,Ultra-Fast Charging,Yes,0.8822342857142857,0.8285714285714286,70,6.082428571428571,60.25828571428571,350.0,1.0,1,1
EVS03330,7,1050,9,16,DC Fast Charger,Fast Charging,Yes,0.12436903225806452,0.0967741935483871,156,2.1646774193548386,51.900320512820514,150.0,0.7777777777777778,0,0
EVS03331,6,300,9,14,AC Level 1,Fast Charging,Yes,0.17467578125,0.078125,128,1.97171875,62.88390625,50.0,0.6666666666666666,0,0
EVS03332,2,44,3,11,AC Level 1,Destination/AC,No,0.5097797202797203,0.40559440559440557,144,7.659055944055945,60.850347222222226,22.0,0.6666666666666666,0,1
EVS03333,4,1400,7,16,AC Level 1,Ultra-Fast Charging,Yes,0.247546875,0.0625,65,1.311875,58.49692307692308,350.0,0.5714285714285714,0,0
EVS03334,6,900,8,15,AC Level 2,Fast Charging,No,0.1756267515923567,0.09554140127388536,158,2.414331210191083,62.825063291139244,150.0,0.75,0,0
EVS03335,3,66,5,16,DC Fast Charger,Destination/AC,No,0.37471200000000005,0.08,25,0.9756,67.4468,22.0,0.6,0,0
EVS03336,5,250,10,8,AC Level 2,Fast Charging,Yes,0.19784814814814813,0.09259259259259259,54,1.1253703703703704,59.35592592592592,50.0,0.5,0,0
EVS03337,1,350,1,9,AC Level 2,Ultra-Fast Charging,No,0.866430172413793,0.7413793103448276,116,7.336551724137931,59.44206896551724,350.0,1.0,1,1
EVS03338,4,200,6,11,AC Level 1,Fast Charging,Yes,0.26170625,0.0625,16,0.59375,62.80875,50.0,0.6666666666666666,0,0
EVS03339,4,1400,7,3,DC Fast Charger,Ultra-Fast Charging,Yes,0.20900205479452053,0.18493150684931506,146,3.6569863013698627,50.16102739726028,350.0,0.5714285714285714,0,0
EVS03340,2,300,3,4,AC Level 2,Fast Charging,Yes,0.5038987654320988,0.38271604938271603,163,6.888148148148149,60.09662576687116,150.0,0.6666666666666666,0,1
EVS03341,5,110,9,14,DC Fast Charger,Destination/AC,No,0.20171067961165048,0.05825242718446602,103,2.187281553398058,60.514854368932035,22.0,0.5555555555555556,0,0
EVS03342,5,250,8,10,DC Fast Charger,Fast Charging,Yes,0.17326060606060606,0.045454545454545456,66,1.4236363636363636,51.97954545454546,50.0,0.625,0,0
EVS03343,2,700,4,6,AC Level 1,Ultra-Fast Charging,Yes,0.53298,0.16666666666666666,30,2.393333333333333,63.95766666666667,350.0,0.5,1,0
EVS03344,6,132,9,12,AC Level 2,Destination/AC,No,0.16959912280701753,0.10526315789473684,114,1.6223684210526315,61.05482456140351,22.0,0.6666666666666666,0,0
EVS03345,2,100,3,9,AC Level 2,Fast Charging,Yes,0.5137974137931035,0.2413793103448276,117,4.776120689655172,61.18358974358974,50.0,0.6666666666666666,1,0
EVS03346,8,2800,10,6,AC Level 2,Ultra-Fast Charging,No,0.12645058823529412,0.047058823529411764,173,1.8702941176470587,59.64294797687861,350.0,0.8,0,0
EVS03347,6,300,7,15,DC Fast Charger,Fast Charging,No,0.14342047244094489,0.11811023622047244,128,1.7146062992125983,51.228125,50.0,0.8571428571428571,0,0
EVS03348,4,1400,8,8,AC Level 1,Ultra-Fast Charging,No,0.24157954545454546,0.045454545454545456,44,0.7184090909090909,57.98022727272728,350.0,0.5,0,0
EVS03349,4,1400,9,14,AC Level 2,Ultra-Fast Charging,No,0.2635477272727273,0.045454545454545456,44,0.8988636363636363,63.25090909090909,350.0,0.4444444444444444,0,0
EVS03350,5,750,7,10,AC Level 1,Fast Charging,No,0.2112888888888889,0.0763888888888889,146,2.8135416666666666,62.51869863013698,150.0,0.7142857142857143,0,0
EVS03351,5,250,6,14,AC Level 2,Fast Charging,Yes,0.20813055555555557,0.027777777777777776,36,0.7080555555555557,62.43944444444445,50.0,0.8333333333333334,0,0
EVS03352,1,350,1,10,AC Level 2,Ultra-Fast Charging,No,0.9024428571428572,0.8857142857142857,177,8.580285714285713,61.945593220338985,350.0,1.0,1,1
EVS03353,1,350,1,14,AC Level 2,Ultra-Fast Charging,Yes,0.8850470588235294,0.7647058823529411,17,2.9023529411764706,58.78411764705882,350.0,1.0,1,1
EVS03354,3,450,6,11,DC Fast Charger,Fast Charging,Yes,0.29003028169014083,0.18309859154929578,144,3.962535211267605,51.48083333333333,150.0,0.5,0,0
EVS03355,1,350,2,7,AC Level 2,Ultra-Fast Charging,Yes,0.8772658823529411,0.7823529411764706,171,8.456823529411766,58.196549707602344,350.0,0.5,1,1
EVS03356,5,250,7,13,AC Level 1,Fast Charging,Yes,0.20306000000000002,0.07058823529411765,85,1.4028235294117646,60.917764705882355,50.0,0.7142857142857143,0,0
EVS03357,1,150,1,8,DC Fast Charger,Fast Charging,Yes,0.8133714285714285,0.5238095238095238,21,2.1857142857142855,55.23428571428572,150.0,1.0,1,1
EVS03358,7,1050,10,14,DC Fast Charger,Fast Charging,No,0.1350701219512195,0.0975609756097561,164,2.0810365853658537,56.728170731707316,150.0,0.7,0,0
EVS03359,5,250,7,14,AC Level 1,Fast Charging,Yes,0.19923396226415094,0.018867924528301886,54,1.005754716981132,58.662592592592596,50.0,0.7142857142857143,0,0
EVS03360,4,200,8,15,AC Level 2,Fast Charging,No,0.25946705882352944,0.07058823529411765,85,2.1738823529411766,62.27223529411765,50.0,0.5,0,0
EVS03361,7,2450,10,11,AC Level 1,Ultra-Fast Charging,Yes,0.14978031914893616,0.07446808510638298,189,2.413085106382979,62.57423280423281,350.0,0.7,0,0
EVS03362,3,1050,7,4,DC Fast Charger,Ultra-Fast Charging,No,0.30366557377049175,0.1721311475409836,123,3.5152868852459016,54.21536585365853,350.0,0.42857142857142855,0,0
EVS03363,1,350,2,7,AC Level 1,Ultra-Fast Charging,No,0.9297045454545454,0.7727272727272727,22,2.186818181818182,67.72045454545454,350.0,0.5,1,1
EVS03364,7,350,9,11,AC Level 2,Fast Charging,Yes,0.1475988700564972,0.12994350282485875,178,2.2523728813559325,61.64455056179775,50.0,0.7777777777777778,0,0
EVS03365,3,66,4,3,AC Level 1,Destination/AC,Yes,0.33525714285714286,0.0,35,1.6448571428571428,60.34657142857143,22.0,0.75,0,0
EVS03366,2,100,3,12,AC Level 1,Fast Charging,No,0.5071796407185628,0.31736526946107785,168,5.876137724550898,60.51779761904762,50.0,0.6666666666666666,0,1
EVS03367,1,350,1,9,DC Fast Charger,Ultra-Fast Charging,Yes,0.8044836206896552,0.7931034482758621,116,7.819913793103448,52.83612068965517,350.0,1.0,1,1
EVS03368,2,300,3,9,DC Fast Charger,Fast Charging,No,0.4281666666666667,0.12121212121212122,66,2.48030303030303,51.38015151515152,150.0,0.6666666666666666,0,0
EVS03369,5,110,10,13,DC Fast Charger,Destination/AC,Yes,0.19425975609756096,0.036585365853658534,82,1.3697560975609755,58.27731707317073,22.0,0.5,0,0
EVS03370,1,150,1,7,AC Level 1,Fast Charging,No,0.886,0.696969696969697,33,3.3709090909090906,59.63333333333333,150.0,1.0,1,1
EVS03371,4,200,6,8,AC Level 1,Fast Charging,No,0.25027228260869566,0.1956521739130435,185,4.313586956521739,59.741297297297294,50.0,0.6666666666666666,0,0
EVS03372,5,110,8,10,DC Fast Charger,Destination/AC,Yes,0.1791159090909091,0.022727272727272728,44,1.1297727272727274,53.73227272727272,22.0,0.625,0,0
EVS03373,1,50,3,10,AC Level 1,Fast Charging,Yes,0.868890625,0.78125,65,5.805,59.66384615384616,50.0,0.3333333333333333,1,1
EVS03374,4,200,8,6,AC Level 1,Fast Charging,Yes,0.24610183486238532,0.10091743119266056,110,2.275045871559633,58.52827272727272,50.0,0.5,0,0
EVS03375,1,22,1,3,AC Level 2,Destination/AC,Yes,0.8800443609022557,0.8045112781954887,134,7.9162030075187975,60.31858208955224,22.0,1.0,1,1
EVS03376,3,150,5,7,DC Fast Charger,Fast Charging,Yes,0.2702712643678161,0.14942528735632185,87,3.29632183908046,48.64919540229886,50.0,0.6,0,0
EVS03377,6,132,8,4,AC Level 2,Destination/AC,No,0.1697721153846154,0.07692307692307693,104,1.6472115384615384,61.11913461538462,22.0,0.75,0,0
EVS03378,2,300,4,3,AC Level 2,Fast Charging,No,0.5167660869565217,0.28695652173913044,116,5.160956521739131,61.645431034482755,150.0,0.5,1,0
EVS03379,3,150,4,3,AC Level 1,Fast Charging,Yes,0.34302925170068027,0.272108843537415,147,5.016734693877551,61.745986394557825,50.0,0.75,0,0
EVS03380,4,600,7,6,DC Fast Charger,Fast Charging,Yes,0.2213746987951807,0.10843373493975904,83,1.9512048192771083,53.13036144578313,150.0,0.5714285714285714,0,0
EVS03381,2,300,3,15,AC Level 2,Fast Charging,Yes,0.509818,0.36,151,6.403433333333333,60.77284768211921,150.0,0.6666666666666666,0,1
EVS03382,3,66,6,5,AC Level 2,Destination/AC,Yes,0.3339639344262295,0.21311475409836064,122,3.9653278688524587,60.11303278688525,22.0,0.5,0,0
EVS03383,2,44,3,13,DC Fast Charger,Destination/AC,Yes,0.520058064516129,0.36774193548387096,156,6.920354838709677,62.02032051282051,22.0,0.6666666666666666,1,1
EVS03384,8,1200,10,4,DC Fast Charger,Fast Charging,No,0.11105149700598803,0.11377245508982035,167,2.2217964071856287,53.30401197604791,150.0,0.8,0,0
EVS03385,3,1050,5,5,AC Level 1,Ultra-Fast Charging,No,0.3567734375,0.296875,128,4.902109375,64.21906249999999,350.0,0.6,0,1
EVS03386,2,100,5,15,DC Fast Charger,Fast Charging,Yes,0.4223152542372881,0.0847457627118644,59,2.40135593220339,50.67847457627119,50.0,0.4,0,0
EVS03387,4,600,7,11,AC Level 2,Fast Charging,No,0.2599232258064516,0.16774193548387098,155,3.667483870967742,62.381096774193544,150.0,0.5714285714285714,0,0
EVS03388,5,1750,10,14,AC Level 2,Ultra-Fast Charging,No,0.2011606451612903,0.16774193548387098,155,2.565483870967742,60.34825806451612,350.0,0.5,0,0
EVS03389,2,700,2,8,AC Level 1,Ultra-Fast Charging,Yes,0.509844827586207,0.1896551724137931,58,3.505,61.18120689655173,350.0,1.0,0,0
EVS03390,1,50,2,4,AC Level 1,Fast Charging,Yes,0.8788530303030303,0.7954545454545454,132,8.387727272727274,61.38136363636364,50.0,0.5,1,1
EVS03391,2,100,2,12,DC Fast Charger,Fast Charging,Yes,0.45226507936507937,0.12698412698412698,63,3.0642857142857145,54.272222222222226,50.0,1.0,0,0
EVS03392,3,1050,5,9,AC Level 1,Ultra-Fast Charging,No,0.3295027777777778,0.2037037037037037,108,3.5512962962962966,59.31064814814815,350.0,0.6,0,0
EVS03393,4,1400,6,14,AC Level 1,Ultra-Fast Charging,Yes,0.2602263888888889,0.2222222222222222,144,4.259375,62.45527777777777,350.0,0.6666666666666666,0,0
EVS03394,2,44,3,11,AC Level 2,Destination/AC,Yes,0.5097571428571429,0.061224489795918366,49,2.320612244897959,61.17224489795918,22.0,0.6666666666666666,0,0
EVS03395,5,110,10,12,AC Level 1,Destination/AC,Yes,0.20534999999999998,0.038461538461538464,78,1.202948717948718,61.60576923076923,22.0,0.5,0,0
EVS03396,5,1750,6,11,AC Level 1,Ultra-Fast Charging,No,0.19992745098039216,0.17647058823529413,153,2.9550980392156863,59.97921568627451,350.0,0.8333333333333334,0,0
EVS03397,1,22,2,12,AC Level 2,Destination/AC,No,0.8805164835164835,0.8021978021978022,91,7.292197802197802,60.21373626373626,22.0,0.5,1,1
EVS03398,6,2100,8,6,AC Level 2,Ultra-Fast Charging,Yes,0.17582958579881655,0.11242603550295859,171,2.7885207100591716,62.5578947368421,350.0,0.75,0,0
EVS03399,3,1050,4,11,AC Level 1,Ultra-Fast Charging,Yes,0.29868823529411764,0.11764705882352941,17,0.7517647058823529,53.76647058823529,350.0,0.75,0,0
EVS03400,3,150,7,11,AC Level 2,Fast Charging,No,0.3430553846153846,0.19230769230769232,134,3.9915384615384615,59.90611940298508,50.0,0.42857142857142855,0,0
EVS03401,4,1400,5,3,DC Fast Charger,Ultra-Fast Charging,No,0.22451486486486488,0.13513513513513514,150,3.6353040540540538,53.165400000000005,350.0,0.8,0,0
EVS03402,3,66,6,4,AC Level 2,Destination/AC,Yes,0.3495479768786127,0.3063583815028902,173,5.692369942196532,62.91913294797688,22.0,0.5,0,1
EVS03403,5,750,10,10,AC Level 2,Fast Charging,Yes,0.2055142857142857,0.02857142857142857,35,0.778,61.65200000000001,150.0,0.5,0,0
EVS03404,4,600,5,9,AC Level 1,Fast Charging,No,0.26366703910614525,0.16759776536312848,182,3.463324022346369,62.23708791208791,150.0,0.8,0,0
EVS03405,1,150,2,10,DC Fast Charger,Fast Charging,No,0.8055453125,0.703125,64,7.69328125,53.20828125,150.0,0.5,1,1
EVS03406,8,400,10,16,AC Level 2,Fast Charging,No,0.12503855421686746,0.04819277108433735,83,1.0268674698795182,60.019999999999996,50.0,0.8,0,0
EVS03407,4,600,5,8,AC Level 2,Fast Charging,Yes,0.27292096774193547,0.11290322580645161,63,1.9451612903225806,64.46031746031746,150.0,0.8,0,0
EVS03408,4,88,6,8,AC Level 1,Destination/AC,Yes,0.2567976,0.192,125,3.3728000000000002,61.632160000000006,22.0,0.6666666666666666,0,0
EVS03409,6,132,10,15,DC Fast Charger,Destination/AC,Yes,0.17286846153846153,0.11538461538461539,130,2.191692307692308,62.23238461538462,22.0,0.6,0,0
EVS03410,5,1750,9,14,AC Level 1,Ultra-Fast Charging,Yes,0.2022938144329897,0.061855670103092786,97,1.453814432989691,60.688350515463924,350.0,0.5555555555555556,0,0
EVS03411,7,2450,8,6,AC Level 1,Ultra-Fast Charging,Yes,0.1402448275862069,0.06896551724137931,29,0.48344827586206895,58.90379310344828,350.0,0.875,0,0
EVS03412,2,100,4,5,DC Fast Charger,Fast Charging,No,0.4452107142857143,0.38095238095238093,169,8.02407738095238,53.10899408284024,50.0,0.5,0,1
EVS03413,3,450,5,13,DC Fast Charger,Fast Charging,Yes,0.29269615384615383,0.038461538461538464,53,1.6454807692307691,51.69056603773585,150.0,0.6,0,0
EVS03414,3,150,6,5,AC Level 2,Fast Charging,Yes,0.3095878787878788,0.0,33,1.2775757575757576,55.725151515151516,50.0,0.5,0,0
EVS03415,5,250,9,13,AC Level 1,Fast Charging,No,0.20300291262135925,0.08737864077669903,103,1.959126213592233,60.90135922330097,50.0,0.5555555555555556,0,0
EVS03416,1,50,1,16,DC Fast Charger,Fast Charging,Yes,0.8481875000000001,0.725,81,6.5760000000000005,56.74135802469136,50.0,1.0,1,1
EVS03417,2,100,2,8,AC Level 2,Fast Charging,Yes,0.49641929824561404,0.3333333333333333,114,5.0720175438596495,59.61614035087719,50.0,1.0,0,1
EVS03418,8,400,10,13,DC Fast Charger,Fast Charging,No,0.10982670807453415,0.13043478260869565,161,1.9867080745341616,52.71608695652174,50.0,0.8,0,0
EVS03419,2,300,2,9,AC Level 1,Fast Charging,Yes,0.5372486486486486,0.05405405405405406,37,2.033513513513513,64.46945945945946,150.0,1.0,1,0
EVS03420,6,2100,10,9,DC Fast Charger,Ultra-Fast Charging,No,0.14655897435897436,0.02564102564102564,78,1.0575641025641025,52.76102564102564,350.0,0.6,0,0
EVS03421,2,300,3,12,AC Level 2,Fast Charging,Yes,0.504605376344086,0.21505376344086022,93,4.607096774193548,60.553010752688174,150.0,0.6666666666666666,0,0
EVS03422,1,350,2,9,AC Level 2,Ultra-Fast Charging,No,0.881096129032258,0.8516129032258064,155,8.901677419354838,59.05374193548387,350.0,0.5,1,1
EVS03423,2,700,3,7,DC Fast Charger,Ultra-Fast Charging,Yes,0.42842477876106194,0.25663716814159293,113,4.839380530973451,51.410884955752216,350.0,0.6666666666666666,0,0
EVS03424,3,150,6,6,AC Level 2,Fast Charging,Yes,0.34025952380952385,0.08333333333333333,84,2.112619047619048,61.24785714285714,50.0,0.5,0,0
EVS03425,2,700,3,6,AC Level 2,Ultra-Fast Charging,No,0.5075516393442623,0.23770491803278687,122,4.743360655737704,61.01713114754099,350.0,0.6666666666666666,0,0
EVS03426,4,200,7,14,AC Level 2,Fast Charging,Yes,0.24989441340782123,0.24022346368715083,180,4.436145251396648,59.64127777777778,50.0,0.5714285714285714,0,0
EVS03427,3,66,4,12,AC Level 1,Destination/AC,No,0.34006333333333333,0.15555555555555556,91,3.283444444444444,60.53857142857143,22.0,0.75,0,0
EVS03428,3,450,4,4,AC Level 2,Fast Charging,No,0.33174938271604937,0.2716049382716049,162,5.3996913580246915,59.714876543209876,150.0,0.75,0,0
EVS03429,2,700,2,8,DC Fast Charger,Ultra-Fast Charging,Yes,0.4346940298507463,0.3358208955223881,134,6.468283582089552,52.16365671641791,350.0,1.0,0,1
EVS03430,1,50,2,12,AC Level 1,Fast Charging,Yes,0.8927333333333333,0.8194444444444444,72,6.871944444444444,61.53944444444445,50.0,0.5,1,1
EVS03431,2,100,2,7,AC Level 1,Fast Charging,No,0.5185948275862069,0.13793103448275862,58,2.595862068965517,62.23137931034483,50.0,1.0,1,0
EVS03432,4,88,7,4,AC Level 1,Destination/AC,No,0.2528554054054054,0.13513513513513514,150,3.3767567567567567,59.87586666666666,22.0,0.5714285714285714,0,0
EVS03433,2,100,3,4,AC Level 1,Fast Charging,Yes,0.4940339622641509,0.11320754716981132,53,2.241132075471698,59.28358490566038,50.0,0.6666666666666666,0,0
EVS03434,2,700,3,13,AC Level 2,Ultra-Fast Charging,No,0.521372463768116,0.18840579710144928,69,3.8018840579710145,62.564347826086966,350.0,0.6666666666666666,1,0
EVS03435,4,88,7,7,AC Level 1,Destination/AC,Yes,0.23224230769230772,0.057692307692307696,52,1.4138461538461538,55.73826923076923,22.0,0.5714285714285714,0,0
EVS03436,3,450,5,13,AC Level 2,Fast Charging,No,0.34224153846153843,0.13846153846153847,130,3.748076923076923,61.60430769230769,150.0,0.6,0,0
EVS03437,4,600,7,10,DC Fast Charger,Fast Charging,No,0.22823478260869567,0.043478260869565216,69,1.2591304347826087,54.7768115942029,150.0,0.5714285714285714,0,0
EVS03438,4,200,6,15,DC Fast Charger,Fast Charging,Yes,0.21464196428571428,0.21428571428571427,112,3.1669642857142857,51.51375,50.0,0.6666666666666666,0,0
EVS03439,4,1400,5,15,AC Level 1,Ultra-Fast Charging,Yes,0.26292420382165604,0.19745222929936307,158,3.8414012738853502,62.70316455696203,350.0,0.8,0,0
EVS03440,5,250,7,14,AC Level 2,Fast Charging,No,0.19048046875,0.1640625,128,3.2009375,57.14390625,50.0,0.7142857142857143,0,0
EVS03441,4,600,6,6,AC Level 2,Fast Charging,No,0.2544339393939394,0.2,166,4.231939393939394,60.69644578313253,150.0,0.6666666666666666,0,0
EVS03442,6,300,9,10,AC Level 2,Fast Charging,Yes,0.18282352941176472,0.17647058823529413,17,0.4917647058823529,65.81470588235294,50.0,0.6666666666666666,0,0
EVS03443,5,110,9,10,DC Fast Charger,Destination/AC,No,0.1955835164835165,0.06593406593406594,91,1.767692307692308,58.67472527472527,22.0,0.5555555555555556,0,0
EVS03444,7,350,9,9,AC Level 2,Fast Charging,Yes,0.13533859649122806,0.0,57,0.8782456140350877,56.84035087719298,50.0,0.7777777777777778,0,0
EVS03445,4,200,9,8,AC Level 1,Fast Charging,Yes,0.2625174698795181,0.1746987951807229,167,4.0932530120481925,62.626886227544915,50.0,0.4444444444444444,0,0
EVS03446,3,150,5,6,AC Level 1,Fast Charging,Yes,0.3422703947368421,0.18421052631578946,154,4.145230263157895,60.809740259740266,50.0,0.6,0,0
EVS03447,1,150,2,6,AC Level 1,Fast Charging,No,0.8901117647058824,0.7941176470588235,68,7.417794117647058,59.559411764705885,150.0,0.5,1,1
EVS03448,5,110,7,4,AC Level 2,Destination/AC,No,0.20187155963302753,0.10091743119266056,109,1.9520183486238534,60.56027522935779,22.0,0.7142857142857143,0,0
EVS03449,5,250,9,12,AC Level 2,Fast Charging,No,0.2004641666666667,0.075,120,2.5755833333333333,60.139583333333334,50.0,0.5555555555555556,0,0
EVS03450,1,22,1,5,DC Fast Charger,Destination/AC,No,0.8886111111111111,0.8282828282828283,99,6.611717171717171,61.24020202020202,22.0,1.0,1,1
EVS03451,3,1050,5,6,AC Level 1,Ultra-Fast Charging,No,0.3361835294117647,0.15294117647058825,85,3.3169411764705883,60.513058823529406,350.0,0.6,0,0
EVS03452,3,1050,5,4,DC Fast Charger,Ultra-Fast Charging,No,0.3476827586206897,0.034482758620689655,29,0.7444827586206897,62.584482758620695,350.0,0.6,0,0
EVS03453,2,44,3,16,DC Fast Charger,Destination/AC,Yes,0.49793522727272727,0.2840909090909091,88,4.681022727272727,59.75215909090909,22.0,0.6666666666666666,0,0
EVS03454,3,450,7,14,AC Level 1,Fast Charging,Yes,0.33626746987951806,0.08433734939759036,83,2.2765060240963857,60.52710843373494,150.0,0.42857142857142855,0,0
EVS03455,5,750,8,8,DC Fast Charger,Fast Charging,No,0.17394866666666667,0.14,151,2.8531,51.83940397350993,150.0,0.625,0,0
EVS03456,6,300,9,5,DC Fast Charger,Fast Charging,Yes,0.1514529411764706,0.10457516339869281,155,2.465849673202614,53.81909677419354,50.0,0.6666666666666666,0,0
EVS03457,5,1750,7,12,DC Fast Charger,Ultra-Fast Charging,Yes,0.17601151515151517,0.11515151515151516,166,2.6226969696969697,52.48620481927711,350.0,0.7142857142857143,0,0
EVS03458,3,150,6,7,AC Level 2,Fast Charging,No,0.32597894736842103,0.0,19,0.9263157894736843,58.675789473684205,50.0,0.5,0,0
EVS03459,2,300,3,5,AC Level 2,Fast Charging,Yes,0.5048685897435897,0.3717948717948718,156,6.680448717948718,60.607371794871796,150.0,0.6666666666666666,0,1
EVS03460,1,22,2,5,AC Level 1,Destination/AC,Yes,0.8711054347826087,0.782608695652174,92,7.4083695652173915,59.23315217391304,22.0,0.5,1,1
EVS03461,1,350,2,14,AC Level 2,Ultra-Fast Charging,No,0.9148372093023256,0.8255813953488372,86,6.232325581395349,63.04674418604652,350.0,0.5,1,1
EVS03462,4,1400,7,12,DC Fast Charger,Ultra-Fast Charging,Yes,0.21912631578947367,0.1871345029239766,174,4.277777777777778,51.68477011494252,350.0,0.5714285714285714,0,0
EVS03463,2,700,3,11,DC Fast Charger,Ultra-Fast Charging,Yes,0.4337567901234568,0.35802469135802467,163,6.578055555555555,51.731656441717796,350.0,0.6666666666666666,0,1
EVS03464,5,110,8,3,DC Fast Charger,Destination/AC,Yes,0.19091999999999998,0.04,25,0.61,57.276,22.0,0.625,0,0
EVS03465,1,150,1,13,DC Fast Charger,Fast Charging,Yes,0.8128132352941178,0.6764705882352942,68,6.383676470588235,53.19941176470588,150.0,1.0,1,1
EVS03466,2,100,4,4,DC Fast Charger,Fast Charging,No,0.46013305785123965,0.24793388429752067,121,5.8844628099173555,55.21628099173554,50.0,0.5,0,0
EVS03467,3,450,4,13,DC Fast Charger,Fast Charging,Yes,0.29626326530612246,0.12244897959183673,99,2.7761224489795917,52.78868686868687,150.0,0.75,0,0
EVS03468,1,350,2,15,DC Fast Charger,Ultra-Fast Charging,Yes,0.7585870967741936,0.5806451612903226,62,4.966129032258064,47.83096774193548,350.0,0.5,1,1
EVS03469,7,2450,10,10,AC Level 2,Ultra-Fast Charging,No,0.14465490196078432,0.08823529411764706,102,1.4000980392156863,60.75519607843137,350.0,0.7,0,0
EVS03470,7,350,9,9,DC Fast Charger,Fast Charging,Yes,0.12538181818181818,0.0962566844919786,187,2.2027272727272726,52.661283422459896,50.0,0.7777777777777778,0,0
EVS03471,2,700,4,14,DC Fast Charger,Ultra-Fast Charging,Yes,0.4445734375,0.125,65,2.42046875,52.58523076923077,350.0,0.5,0,0
EVS03472,1,22,1,15,DC Fast Charger,Destination/AC,Yes,0.8813756578947368,0.8223684210526315,152,7.209802631578948,60.45440789473684,22.0,1.0,1,1
EVS03473,2,300,3,6,AC Level 1,Fast Charging,No,0.5199647058823529,0.34558823529411764,136,6.886176470588235,62.43058823529412,150.0,0.6666666666666666,1,1
EVS03474,5,750,6,12,DC Fast Charger,Fast Charging,No,0.1778661111111111,0.15555555555555556,180,3.187888888888889,53.35994444444445,150.0,0.8333333333333334,0,0
EVS03475,2,700,2,11,AC Level 1,Ultra-Fast Charging,No,0.5117243902439024,0.0975609756097561,82,2.3443902439024393,61.40658536585366,350.0,1.0,1,0
EVS03476,5,110,9,4,AC Level 1,Destination/AC,No,0.20333400000000001,0.04,50,0.9506,61.0,22.0,0.5555555555555556,0,0
EVS03477,8,2800,10,5,AC Level 1,Ultra-Fast Charging,Yes,0.13195164835164835,0.054945054945054944,92,1.5322527472527472,62.64902173913043,350.0,0.8,0,0
EVS03478,5,110,9,14,DC Fast Charger,Destination/AC,Yes,0.1969697247706422,0.12844036697247707,110,1.9488532110091745,58.55372727272727,22.0,0.5555555555555556,0,0
EVS03479,4,200,8,13,AC Level 1,Fast Charging,No,0.26430217391304345,0.10869565217391304,92,2.1302173913043476,63.4329347826087,50.0,0.5,0,0
EVS03480,5,110,7,16,DC Fast Charger,Destination/AC,No,0.20318424657534245,0.1506849315068493,146,3.12486301369863,60.95561643835617,22.0,0.7142857142857143,0,0
EVS03481,4,600,6,8,DC Fast Charger,Fast Charging,Yes,0.21986993006993008,0.15384615384615385,143,3.2479720279720277,52.76818181818182,150.0,0.6666666666666666,0,0
EVS03482,3,66,4,10,DC Fast Charger,Destination/AC,No,0.33918333333333334,0.10416666666666667,48,2.040625,61.051874999999995,22.0,0.75,0,0
EVS03483,4,1400,5,14,AC Level 1,Ultra-Fast Charging,Yes,0.25450469798657716,0.18791946308724833,149,3.2049664429530202,61.081275167785236,350.0,0.8,0,0
EVS03484,1,350,1,12,DC Fast Charger,Ultra-Fast Charging,Yes,0.7615519230769231,0.46153846153846156,52,5.090192307692307,49.55769230769231,350.0,1.0,1,1
EVS03485,6,300,8,5,DC Fast Charger,Fast Charging,No,0.14074328358208957,0.04477611940298507,68,1.106492537313433,49.92044117647059,50.0,0.75,0,0
EVS03486,6,900,10,9,DC Fast Charger,Fast Charging,Yes,0.15790800000000002,0.04,25,0.322,56.8472,150.0,0.6,0,0
EVS03487,2,44,4,16,DC Fast Charger,Destination/AC,No,0.49469718309859156,0.08450704225352113,71,2.69056338028169,59.363098591549296,22.0,0.5,0,0
EVS03488,1,150,1,6,AC Level 1,Fast Charging,No,0.9018120218579235,0.8415300546448088,186,8.893497267759562,61.46693548387097,150.0,1.0,1,1
EVS03489,4,88,5,6,AC Level 2,Destination/AC,Yes,0.25575416666666667,0.05555555555555555,72,1.7752777777777777,61.38166666666666,22.0,0.8,0,0
EVS03490,3,450,4,6,DC Fast Charger,Fast Charging,Yes,0.30191451612903225,0.20161290322580644,124,3.9091129032258065,54.34443548387097,150.0,0.75,0,0
EVS03491,5,1750,10,5,AC Level 1,Ultra-Fast Charging,Yes,0.19987222222222223,0.05555555555555555,36,0.8138888888888889,59.95944444444444,350.0,0.5,0,0
EVS03492,3,450,4,6,AC Level 2,Fast Charging,No,0.3293958677685951,0.14049586776859505,122,3.2490082644628098,58.80516393442623,150.0,0.75,0,0
EVS03493,3,1050,4,7,AC Level 1,Ultra-Fast Charging,No,0.34415733333333337,0.10666666666666667,75,2.674533333333333,61.94853333333334,350.0,0.75,0,0
EVS03494,1,22,1,5,AC Level 2,Destination/AC,Yes,0.8997327160493827,0.8641975308641975,162,9.266543209876543,62.7745061728395,22.0,1.0,1,1
EVS03495,7,2450,10,15,AC Level 1,Ultra-Fast Charging,Yes,0.1441460606060606,0.1393939393939394,165,2.5626060606060603,60.541333333333334,350.0,0.7,0,0
EVS03496,4,88,6,10,AC Level 1,Destination/AC,Yes,0.2563311111111111,0.06666666666666667,90,2.1292222222222223,61.52055555555556,22.0,0.6666666666666666,0,0
EVS03497,1,350,2,13,AC Level 1,Ultra-Fast Charging,No,0.8642757575757576,0.6666666666666666,33,2.5284848484848483,57.72636363636364,350.0,0.5,1,1
EVS03498,2,100,2,9,AC Level 2,Fast Charging,Yes,0.5059828282828283,0.2727272727272727,99,4.791616161616162,60.718080808080806,50.0,1.0,0,0
EVS03499,2,44,2,14,AC Level 2,Destination/AC,No,0.5035297297297298,0.02702702702702703,37,1.521081081081081,60.42351351351351,22.0,1.0,0,0
EVS03500,3,66,4,9,AC Level 2,Destination/AC,Yes,0.33998399999999995,0.1,100,2.667,61.1968,22.0,0.75,0,0
EVS03501,4,200,7,11,AC Level 2,Fast Charging,Yes,0.2426105263157895,0.0,19,0.8178947368421052,58.231052631578955,50.0,0.5714285714285714,0,0
EVS03502,3,150,7,4,DC Fast Charger,Fast Charging,Yes,0.2975336065573771,0.20491803278688525,122,4.082622950819672,53.55647540983607,50.0,0.42857142857142855,0,0
EVS03503,6,300,9,12,DC Fast Charger,Fast Charging,No,0.15007260273972603,0.0273972602739726,73,1.1189041095890413,54.025068493150684,50.0,0.6666666666666666,0,0
EVS03504,3,1050,6,8,AC Level 1,Ultra-Fast Charging,No,0.32905500000000004,0.05,60,1.6523333333333334,59.22983333333333,350.0,0.5,0,0
EVS03505,3,1050,7,6,AC Level 1,Ultra-Fast Charging,No,0.3436739130434782,0.13043478260869565,23,0.7547826086956522,61.86217391304348,350.0,0.42857142857142855,0,0
EVS03506,5,750,8,16,AC Level 1,Fast Charging,Yes,0.21572204301075268,0.10215053763440861,188,3.2791397849462363,64.02787234042553,150.0,0.625,0,0
EVS03507,4,1400,6,7,DC Fast Charger,Ultra-Fast Charging,Yes,0.22254693877551018,0.1292517006802721,148,3.387517006802721,53.05060810810811,350.0,0.6666666666666666,0,0
EVS03508,2,700,2,11,AC Level 2,Ultra-Fast Charging,Yes,0.5156968,0.336,125,5.753520000000001,62.02456,350.0,1.0,1,1
EVS03509,7,154,9,7,AC Level 2,Destination/AC,Yes,0.13804444444444444,0.07407407407407407,27,0.3033333333333333,57.97703703703704,22.0,0.7777777777777778,0,0
EVS03510,2,100,2,6,AC Level 1,Fast Charging,No,0.5084197368421052,0.19736842105263158,76,3.5869736842105264,61.02,50.0,1.0,0,0
EVS03511,2,100,3,8,AC Level 1,Fast Charging,Yes,0.521257894736842,0.4444444444444444,171,8.328479532163744,62.55087719298246,50.0,0.6666666666666666,1,1
EVS03512,1,350,2,10,AC Level 2,Ultra-Fast Charging,Yes,0.8861991304347826,0.7478260869565218,115,8.050695652173914,60.26113043478261,350.0,0.5,1,1
EVS03513,4,600,9,6,DC Fast Charger,Fast Charging,Yes,0.20383125000000002,0.041666666666666664,48,1.0354166666666667,48.91958333333333,150.0,0.4444444444444444,0,0
EVS03514,4,88,6,7,AC Level 2,Destination/AC,No,0.2305032258064516,0.0,31,1.1496774193548387,55.32096774193548,22.0,0.6666666666666666,0,0
EVS03515,2,300,5,16,DC Fast Charger,Fast Charging,No,0.4066423076923077,0.21153846153846154,52,3.58,48.79711538461538,150.0,0.4,0,0
EVS03516,4,600,8,10,AC Level 2,Fast Charging,Yes,0.25822211055276384,0.20100502512562815,200,4.012663316582914,61.66375,150.0,0.5,0,0
EVS03517,2,300,3,7,DC Fast Charger,Fast Charging,No,0.45925952380952384,0.047619047619047616,42,2.1430952380952384,55.11190476190476,150.0,0.6666666666666666,0,0
EVS03518,5,1750,6,6,AC Level 1,Ultra-Fast Charging,Yes,0.1955852564102564,0.1282051282051282,156,3.26025641025641,58.6748717948718,350.0,0.8333333333333334,0,0
EVS03519,7,154,9,11,AC Level 1,Destination/AC,No,0.14206962962962963,0.1111111111111111,136,1.899888888888889,59.23007352941176,22.0,0.7777777777777778,0,0
EVS03520,7,2450,8,9,AC Level 1,Ultra-Fast Charging,Yes,0.14645095541401273,0.12101910828025478,159,2.4543312101910826,60.735660377358485,350.0,0.875,0,0
EVS03521,2,44,2,8,AC Level 2,Destination/AC,No,0.49466688311688317,0.3116883116883117,154,6.890194805194804,59.36006493506494,22.0,1.0,0,1
EVS03522,2,700,3,6,AC Level 2,Ultra-Fast Charging,No,0.5198861111111112,0.1388888888888889,72,2.9302777777777775,62.38652777777778,350.0,0.6666666666666666,1,0
EVS03523,2,700,3,8,DC Fast Charger,Ultra-Fast Charging,No,0.44312058823529415,0.2647058823529412,138,6.730992647058823,52.47507246376812,350.0,0.6666666666666666,0,0
EVS03524,7,154,9,4,DC Fast Charger,Destination/AC,No,0.14746739130434783,0.021739130434782608,46,0.5897826086956521,61.93826086956521,22.0,0.7777777777777778,0,0
EVS03525,4,600,5,12,AC Level 1,Fast Charging,Yes,0.2582698113207547,0.11320754716981132,53,1.410754716981132,61.98641509433963,150.0,0.8,0,0
EVS03526,5,750,6,14,DC Fast Charger,Fast Charging,No,0.16305624999999999,0.020833333333333332,48,0.9527083333333333,48.91833333333333,150.0,0.8333333333333334,0,0
EVS03527,1,22,2,12,DC Fast Charger,Destination/AC,No,0.8530166666666666,0.6666666666666666,30,3.027,55.605333333333334,22.0,0.5,1,1
EVS03528,3,66,7,11,AC Level 1,Destination/AC,No,0.32056216216216216,0.08108108108108109,37,1.0102702702702704,57.7,22.0,0.42857142857142855,0,0
EVS03529,6,300,7,7,AC Level 1,Fast Charging,Yes,0.1604549019607843,0.0,51,0.7533333333333334,57.76313725490196,50.0,0.8571428571428571,0,0
EVS03530,2,300,4,16,AC Level 1,Fast Charging,Yes,0.52964375,0.09375,32,1.403125,63.556875,150.0,0.5,1,0
EVS03531,4,600,7,3,DC Fast Charger,Fast Charging,Yes,0.22165616438356167,0.0684931506849315,73,2.0147945205479454,53.196164383561644,150.0,0.5714285714285714,0,0
EVS03532,3,1050,5,7,AC Level 1,Ultra-Fast Charging,No,0.330540625,0.03125,32,1.1540625,59.496875,350.0,0.6,0,0
EVS03533,1,22,3,14,AC Level 1,Destination/AC,Yes,0.8670347826086957,0.7391304347826086,23,1.982608695652174,62.839130434782604,22.0,0.3333333333333333,1,1
EVS03534,2,100,5,3,AC Level 1,Fast Charging,No,0.5031711956521739,0.391304347826087,184,7.303641304347826,60.37994565217391,50.0,0.4,0,1
EVS03535,2,300,2,6,AC Level 2,Fast Charging,No,0.5363464285714286,0.25,28,1.7735714285714284,64.36071428571428,150.0,1.0,1,0
EVS03536,4,200,5,15,AC Level 1,Fast Charging,Yes,0.25022916666666667,0.0,24,0.5320833333333334,60.05625,50.0,0.8,0,0
EVS03537,1,50,1,8,AC Level 1,Fast Charging,Yes,0.874223076923077,0.6153846153846154,13,2.5484615384615386,55.02923076923077,50.0,1.0,1,1
EVS03538,1,50,1,4,AC Level 1,Fast Charging,No,0.8918549019607843,0.803921568627451,51,3.296470588235294,61.43607843137254,50.0,1.0,1,1
EVS03539,2,700,4,10,AC Level 2,Ultra-Fast Charging,No,0.507455,0.27,100,4.5188999999999995,60.8948,350.0,0.5,0,0
EVS03540,4,1400,6,15,AC Level 1,Ultra-Fast Charging,Yes,0.2545057142857143,0.15428571428571428,176,3.305371428571429,60.73352272727273,350.0,0.6666666666666666,0,0
EVS03541,3,150,5,4,AC Level 1,Fast Charging,Yes,0.3334091503267974,0.24836601307189543,153,3.986470588235294,60.01346405228758,50.0,0.6,0,0
EVS03542,2,700,5,13,AC Level 1,Ultra-Fast Charging,No,0.5099534482758621,0.19827586206896552,116,4.275086206896552,61.19413793103449,350.0,0.4,0,0
EVS03543,7,2450,9,13,AC Level 2,Ultra-Fast Charging,Yes,0.15851111111111113,0.027777777777777776,36,0.6186111111111111,66.5761111111111,350.0,0.7777777777777778,0,0
EVS03544,8,400,10,12,AC Level 1,Fast Charging,No,0.13398231292517007,0.04081632653061224,148,1.6564285714285714,63.87831081081081,50.0,0.8,0,0
EVS03545,7,2450,10,5,AC Level 2,Ultra-Fast Charging,Yes,0.14404666666666666,0.06666666666666667,15,0.5233333333333333,60.501333333333335,350.0,0.7,0,0
EVS03546,1,350,1,8,AC Level 1,Ultra-Fast Charging,Yes,0.8802628099173553,0.7520661157024794,121,8.392892561983471,61.334380165289254,350.0,1.0,1,1
EVS03547,1,50,2,4,AC Level 1,Fast Charging,No,0.8653037037037038,0.7777777777777778,81,7.540617283950617,57.874320987654315,50.0,0.5,1,1
EVS03548,1,22,3,12,AC Level 1,Destination/AC,No,0.888855900621118,0.8198757763975155,163,9.292670807453417,59.85754601226994,22.0,0.3333333333333333,1,1
EVS03549,3,1050,5,8,AC Level 1,Ultra-Fast Charging,Yes,0.3372463768115942,0.08695652173913043,70,1.8989855072463768,59.838,350.0,0.6,0,0
EVS03550,4,200,6,10,AC Level 1,Fast Charging,No,0.2639063492063492,0.15079365079365079,126,3.3715079365079363,63.33857142857143,50.0,0.6666666666666666,0,0
EVS03551,6,132,9,8,DC Fast Charger,Destination/AC,Yes,0.17398260869565216,0.06521739130434782,92,1.4736956521739129,62.6320652173913,22.0,0.6666666666666666,0,0
EVS03552,2,700,3,8,AC Level 1,Ultra-Fast Charging,Yes,0.49372592592592596,0.25925925925925924,108,4.989999999999999,59.34074074074074,350.0,0.6666666666666666,0,0
EVS03553,8,2800,10,11,AC Level 2,Ultra-Fast Charging,No,0.12913756613756613,0.07936507936507936,190,2.062777777777778,61.65910526315789,350.0,0.8,0,0
EVS03554,3,66,6,16,AC Level 2,Destination/AC,Yes,0.3360423611111111,0.18055555555555555,144,4.131875,60.48763888888888,22.0,0.5,0,0
EVS03555,4,88,9,12,DC Fast Charger,Destination/AC,No,0.26487676767676765,0.0707070707070707,100,2.1745454545454543,62.934200000000004,22.0,0.4444444444444444,0,0
EVS03556,3,150,7,11,AC Level 1,Fast Charging,Yes,0.3386759036144578,0.14457831325301204,83,3.254698795180723,60.96156626506025,50.0,0.42857142857142855,0,0
EVS03557,5,110,10,16,DC Fast Charger,Destination/AC,Yes,0.2047821138211382,0.0975609756097561,123,2.53609756097561,61.4349593495935,22.0,0.5,0,0
EVS03558,1,50,2,5,DC Fast Charger,Fast Charging,Yes,0.8218225,0.7,80,6.123375,54.36325000000001,50.0,0.5,1,1
EVS03559,6,2100,8,5,DC Fast Charger,Ultra-Fast Charging,No,0.16301176470588236,0.029411764705882353,34,0.7147058823529412,58.68411764705883,350.0,0.75,0,0
EVS03560,2,700,2,6,AC Level 1,Ultra-Fast Charging,No,0.5152779816513762,0.23853211009174313,109,4.95954128440367,61.832935779816516,350.0,1.0,1,0
EVS03561,1,150,1,13,AC Level 2,Fast Charging,Yes,0.922032258064516,0.8387096774193549,31,2.6261290322580644,65.60032258064517,150.0,1.0,1,1
EVS03562,1,50,2,6,AC Level 2,Fast Charging,Yes,0.9175607843137255,0.803921568627451,51,4.7001960784313725,65.3543137254902,50.0,0.5,1,1
EVS03563,1,350,1,7,DC Fast Charger,Ultra-Fast Charging,Yes,0.7942085714285715,0.6761904761904762,105,5.8638095238095245,51.404666666666664,350.0,1.0,1,1
EVS03564,5,250,9,5,AC Level 1,Fast Charging,Yes,0.20796525423728812,0.09322033898305085,118,2.2043220338983054,62.388474576271186,50.0,0.5555555555555556,0,0
EVS03565,4,200,7,8,AC Level 2,Fast Charging,No,0.25830965517241383,0.15862068965517243,146,3.1512758620689656,61.5695205479452,50.0,0.5714285714285714,0,0
EVS03566,5,250,6,11,DC Fast Charger,Fast Charging,No,0.17972857142857143,0.014285714285714285,70,1.0458571428571428,53.92128571428571,50.0,0.8333333333333334,0,0
EVS03567,3,66,5,6,AC Level 1,Destination/AC,No,0.3305835051546392,0.1134020618556701,97,2.8804123711340206,59.50505154639175,22.0,0.6,0,0
EVS03568,5,110,10,3,AC Level 2,Destination/AC,No,0.22196000000000002,0.08,25,0.7924,66.5912,22.0,0.5,0,0
EVS03569,1,350,1,9,AC Level 1,Ultra-Fast Charging,No,0.8974015873015873,0.8492063492063492,126,8.735396825396826,61.098174603174606,350.0,1.0,1,1
EVS03570,4,88,7,10,AC Level 1,Destination/AC,Yes,0.25451,0.14,50,1.3452000000000002,61.083800000000004,22.0,0.5714285714285714,0,0
EVS03571,2,300,2,15,AC Level 2,Fast Charging,Yes,0.49221911764705883,0.36764705882352944,136,6.2280147058823525,59.0989705882353,150.0,1.0,0,1
EVS03572,4,88,8,3,AC Level 1,Destination/AC,No,0.24956855345911946,0.18867924528301888,159,3.6950314465408804,59.89679245283019,22.0,0.5,0,0
EVS03573,1,50,1,9,DC Fast Charger,Fast Charging,Yes,0.7961223776223776,0.7062937062937062,144,8.332587412587412,51.67868055555555,50.0,1.0,1,1
EVS03574,5,250,9,12,AC Level 2,Fast Charging,No,0.20235853658536584,0.07317073170731707,82,1.4714634146341463,60.707317073170735,50.0,0.5555555555555556,0,0
EVS03575,4,1400,5,11,AC Level 1,Ultra-Fast Charging,No,0.2536801075268817,0.15053763440860216,186,3.7736559139784944,60.882849462365584,350.0,0.8,0,0
EVS03576,3,150,5,3,AC Level 2,Fast Charging,Yes,0.3290435114503817,0.22900763358778625,131,3.7495419847328244,59.22763358778626,50.0,0.6,0,0
EVS03577,6,900,9,8,DC Fast Charger,Fast Charging,Yes,0.1488175,0.08333333333333333,120,1.8335833333333333,53.57416666666666,150.0,0.6666666666666666,0,0
EVS03578,6,132,10,14,AC Level 2,Destination/AC,Yes,0.1781318181818182,0.12337662337662338,154,2.51512987012987,64.12889610389611,22.0,0.6,0,0
EVS03579,4,600,8,14,AC Level 2,Fast Charging,No,0.2536602409638554,0.21686746987951808,167,3.6490963855421685,60.51413173652695,150.0,0.5,0,0
EVS03580,1,150,1,3,DC Fast Charger,Fast Charging,Yes,0.8280031250000001,0.5625,32,3.1359375,55.73,150.0,1.0,1,1
EVS03581,5,750,9,7,DC Fast Charger,Fast Charging,No,0.17287683615819208,0.15254237288135594,178,3.081271186440678,51.57202247191011,150.0,0.5555555555555556,0,0
EVS03582,1,50,1,5,AC Level 1,Fast Charging,Yes,0.8772743243243244,0.8108108108108109,148,8.391621621621622,60.395202702702704,50.0,1.0,1,1
EVS03583,5,750,8,12,AC Level 1,Fast Charging,No,0.19348749999999998,0.025,40,0.9332499999999999,58.045500000000004,150.0,0.625,0,0
EVS03584,3,150,7,16,DC Fast Charger,Fast Charging,No,0.30682089552238806,0.07462686567164178,67,1.9841791044776118,55.228507462686565,50.0,0.42857142857142855,0,0
EVS03585,2,300,4,11,AC Level 1,Fast Charging,Yes,0.5100631578947369,0.35526315789473684,153,7.020559210526316,60.84248366013072,150.0,0.5,0,1
EVS03586,5,1750,6,11,DC Fast Charger,Ultra-Fast Charging,No,0.17907499999999998,0.07692307692307693,52,1.1736538461538462,53.722115384615385,350.0,0.8333333333333334,0,0
EVS03587,4,200,6,14,DC Fast Charger,Fast Charging,Yes,0.22117111111111112,0.1,90,2.0204444444444443,53.080555555555556,50.0,0.6666666666666666,0,0
EVS03588,3,66,6,8,AC Level 1,Destination/AC,Yes,0.3500404761904762,0.14285714285714285,126,3.835079365079365,63.007777777777775,22.0,0.5,0,0
EVS03589,3,150,5,9,AC Level 1,Fast Charging,No,0.3415635658914729,0.20930232558139536,129,3.803023255813953,61.481782945736434,50.0,0.6,0,0
EVS03590,2,100,3,16,AC Level 1,Fast Charging,Yes,0.524022346368715,0.4134078212290503,179,7.50268156424581,62.88217877094972,50.0,0.6666666666666666,1,1
EVS03591,4,88,9,7,AC Level 1,Destination/AC,No,0.26458181818181814,0.12121212121212122,33,1.1603030303030302,63.49757575757576,22.0,0.4444444444444444,0,0
EVS03592,1,350,1,11,AC Level 1,Ultra-Fast Charging,Yes,0.8845212121212122,0.7424242424242424,66,5.9804545454545455,59.3419696969697,350.0,1.0,1,1
EVS03593,1,50,1,9,AC Level 1,Fast Charging,No,0.8719361581920904,0.864406779661017,179,10.009406779661017,59.50245810055866,50.0,1.0,1,1
EVS03594,1,350,2,3,AC Level 2,Ultra-Fast Charging,No,0.8832582677165355,0.8582677165354331,127,7.928425196850394,60.24637795275591,350.0,0.5,1,1
EVS03595,6,132,7,6,AC Level 2,Destination/AC,Yes,0.1630981818181818,0.07272727272727272,55,1.1454545454545455,58.716545454545454,22.0,0.8571428571428571,0,0
EVS03596,2,300,3,6,AC Level 1,Fast Charging,Yes,0.5167476923076924,0.15384615384615385,65,3.152769230769231,62.00938461538462,150.0,0.6666666666666666,1,0
EVS03597,5,750,10,5,AC Level 1,Fast Charging,Yes,0.20945217391304347,0.014492753623188406,69,1.2156521739130435,62.834782608695654,150.0,0.5,0,0
EVS03598,7,1050,10,8,AC Level 1,Fast Charging,No,0.14734205607476636,0.056074766355140186,107,1.4204672897196262,61.88476635514019,150.0,0.7,0,0
EVS03599,6,300,8,11,DC Fast Charger,Fast Charging,No,0.161255,0.016666666666666666,60,1.0595,58.051833333333335,50.0,0.75,0,0
EVS03600,4,200,7,11,AC Level 1,Fast Charging,No,0.2582517543859649,0.11403508771929824,114,2.4693859649122807,61.98017543859649,50.0,0.5714285714285714,0,0
EVS03601,7,154,10,13,AC Level 1,Destination/AC,Yes,0.14619545454545455,0.045454545454545456,88,1.315,61.40204545454546,22.0,0.7,0,0
EVS03602,5,250,10,8,AC Level 2,Fast Charging,Yes,0.1987546875,0.0546875,128,2.13203125,59.62609375,50.0,0.5,0,0
EVS03603,2,100,3,3,AC Level 1,Fast Charging,Yes,0.493274358974359,0.07692307692307693,39,1.9525641025641027,59.19282051282051,50.0,0.6666666666666666,0,0
EVS03604,2,300,3,15,DC Fast Charger,Fast Charging,Yes,0.4392801724137931,0.22413793103448276,116,5.330172413793103,52.713534482758625,150.0,0.6666666666666666,0,0
EVS03605,6,900,10,14,DC Fast Charger,Fast Charging,Yes,0.14732131147540983,0.12021857923497267,183,2.454808743169399,53.03562841530055,150.0,0.6,0,0
EVS03606,2,700,2,5,AC Level 1,Ultra-Fast Charging,Yes,0.5074540540540541,0.08108108108108109,37,1.5918918918918918,61.43081081081081,350.0,1.0,0,0
EVS03607,3,1050,4,14,AC Level 2,Ultra-Fast Charging,Yes,0.3420513513513514,0.13513513513513514,75,2.2408108108108107,60.74786666666667,350.0,0.75,0,0
EVS03608,5,1750,10,7,AC Level 1,Ultra-Fast Charging,No,0.21202990654205608,0.102803738317757,107,2.1805607476635513,63.61000000000001,350.0,0.5,0,0
EVS03609,4,200,6,15,AC Level 1,Fast Charging,No,0.26034912280701755,0.10526315789473684,114,2.8588596491228073,62.48324561403509,50.0,0.6666666666666666,0,0
EVS03610,4,600,6,10,AC Level 1,Fast Charging,Yes,0.25192615384615386,0.18461538461538463,130,2.8393846153846156,60.46284615384616,150.0,0.6666666666666666,0,0
EVS03611,1,50,2,16,AC Level 1,Fast Charging,Yes,0.9007133333333334,0.8666666666666667,105,9.114,62.95942857142857,50.0,0.5,1,1
EVS03612,6,900,10,13,AC Level 2,Fast Charging,Yes,0.17358863636363636,0.03787878787878788,132,2.037121212121212,62.49098484848484,150.0,0.6,0,0
EVS03613,5,1750,9,14,AC Level 2,Ultra-Fast Charging,No,0.2013237288135593,0.11016949152542373,118,2.3548305084745764,60.39771186440678,350.0,0.5555555555555556,0,0
EVS03614,2,44,3,15,DC Fast Charger,Destination/AC,Yes,0.5377296296296297,0.037037037037037035,27,1.6088888888888888,64.52925925925926,22.0,0.6666666666666666,1,0
EVS03615,2,100,3,3,AC Level 2,Fast Charging,Yes,0.5040014084507043,0.36619718309859156,142,6.9641549295774645,60.48035211267605,50.0,0.6666666666666666,0,1
EVS03616,5,250,7,3,AC Level 1,Fast Charging,Yes,0.19610760869565216,0.10869565217391304,92,1.5230434782608697,58.832608695652176,50.0,0.7142857142857143,0,0
EVS03617,6,2100,10,9,AC Level 1,Ultra-Fast Charging,No,0.19891666666666666,0.08333333333333333,24,0.5491666666666667,71.61083333333333,350.0,0.6,0,0
EVS03618,2,44,3,14,AC Level 2,Destination/AC,No,0.4934823529411764,0.2235294117647059,85,3.942705882352941,59.39529411764706,22.0,0.6666666666666666,0,0
EVS03619,6,300,7,11,AC Level 2,Fast Charging,No,0.1662844660194175,0.05825242718446602,104,1.4073300970873788,59.28576923076923,50.0,0.8571428571428571,0,0
EVS03620,5,1750,10,3,AC Level 1,Ultra-Fast Charging,Yes,0.21734761904761907,0.0,21,0.49666666666666665,65.20523809523809,350.0,0.5,0,0
EVS03621,3,66,6,3,DC Fast Charger,Destination/AC,Yes,0.3569690909090909,0.3090909090909091,165,6.165333333333333,64.25375757575758,22.0,0.5,0,1
EVS03622,4,600,7,5,AC Level 1,Fast Charging,No,0.2556377049180328,0.04918032786885246,61,1.2498360655737704,61.35295081967213,150.0,0.5714285714285714,0,0
EVS03623,7,350,9,15,AC Level 1,Fast Charging,No,0.1476940476190476,0.05952380952380952,85,1.0353571428571429,61.30105882352942,50.0,0.7777777777777778,0,0
EVS03624,6,2100,10,13,AC Level 1,Ultra-Fast Charging,No,0.16516403508771932,0.05263157894736842,114,1.536315789473684,59.459736842105265,350.0,0.6,0,0
EVS03625,4,600,8,15,DC Fast Charger,Fast Charging,Yes,0.22131604278074865,0.1711229946524064,190,4.047459893048129,52.276315789473685,150.0,0.5,0,0
EVS03626,2,100,3,14,AC Level 2,Fast Charging,Yes,0.5211884892086331,0.302158273381295,139,5.92589928057554,62.54302158273381,50.0,0.6666666666666666,1,1
EVS03627,2,700,3,4,DC Fast Charger,Ultra-Fast Charging,Yes,0.4389456,0.32,127,5.80188,51.84409448818897,350.0,0.6666666666666666,0,1
EVS03628,3,66,7,8,AC Level 1,Destination/AC,Yes,0.34688125000000003,0.0625,64,2.0065625,62.43875,22.0,0.42857142857142855,0,0
EVS03629,5,750,7,5,AC Level 1,Fast Charging,No,0.2010007299270073,0.0948905109489051,137,2.535109489051095,60.300948905109486,150.0,0.7142857142857143,0,0
EVS03630,1,150,2,11,AC Level 1,Fast Charging,No,0.8851817610062893,0.8301886792452831,159,8.016603773584906,59.582327044025156,150.0,0.5,1,1
EVS03631,3,150,5,4,AC Level 2,Fast Charging,Yes,0.34721506849315065,0.1232876712328767,73,3.1156164383561644,62.49876712328767,50.0,0.6,0,0
EVS03632,3,150,4,16,AC Level 1,Fast Charging,Yes,0.3516947368421053,0.10526315789473684,114,3.5831578947368423,63.305263157894736,50.0,0.75,0,0
EVS03633,2,44,3,3,AC Level 1,Destination/AC,Yes,0.5008925925925927,0.037037037037037035,27,1.1433333333333333,60.10851851851852,22.0,0.6666666666666666,0,0
EVS03634,6,2100,10,6,AC Level 1,Ultra-Fast Charging,No,0.16922307692307692,0.1242603550295858,171,2.5065680473372782,60.20847953216374,350.0,0.6,0,0
EVS03635,3,450,5,8,DC Fast Charger,Fast Charging,Yes,0.3110344155844156,0.24025974025974026,154,4.75012987012987,55.98597402597402,150.0,0.6,0,0
EVS03636,5,1750,9,6,AC Level 1,Ultra-Fast Charging,Yes,0.18981855670103095,0.12371134020618557,97,2.0303092783505154,56.946701030927834,350.0,0.5555555555555556,0,0
EVS03637,6,132,7,16,DC Fast Charger,Destination/AC,Yes,0.16268682170542634,0.06976744186046512,129,1.6233333333333333,58.56697674418605,22.0,0.8571428571428571,0,0
EVS03638,1,150,2,8,AC Level 2,Fast Charging,No,0.8787307692307692,0.7802197802197802,91,8.034065934065934,61.53208791208791,150.0,0.5,1,1
EVS03639,5,1750,9,7,AC Level 2,Ultra-Fast Charging,Yes,0.208203125,0.03125,32,0.6799999999999999,62.460625,350.0,0.5555555555555556,0,0
EVS03640,2,44,3,13,AC Level 2,Destination/AC,Yes,0.4970546153846153,0.24615384615384617,130,4.819,59.72723076923077,22.0,0.6666666666666666,0,0
EVS03641,3,450,6,15,AC Level 2,Fast Charging,No,0.3327174496644295,0.2080536912751678,150,4.340973154362416,59.48973333333333,150.0,0.5,0,0
EVS03642,3,66,5,8,AC Level 2,Destination/AC,Yes,0.34456470588235294,0.24183006535947713,153,4.763267973856209,62.02183006535948,22.0,0.6,0,0
EVS03643,4,1400,8,5,AC Level 1,Ultra-Fast Charging,No,0.2582662857142857,0.18857142857142858,175,3.835657142857143,61.98377142857143,350.0,0.5,0,0
EVS03644,4,88,5,12,AC Level 1,Destination/AC,Yes,0.2596791666666667,0.125,96,2.4010416666666665,62.32385416666667,22.0,0.8,0,0
EVS03645,6,132,9,14,DC Fast Charger,Destination/AC,No,0.17489000000000002,0.13157894736842105,192,2.9749473684210526,62.30494791666666,22.0,0.6666666666666666,0,0
EVS03646,1,150,2,13,DC Fast Charger,Fast Charging,No,0.8297844660194175,0.7572815533980582,104,7.093398058252427,55.14153846153847,150.0,0.5,1,1
EVS03647,3,66,4,5,DC Fast Charger,Destination/AC,No,0.33593257575757574,0.18181818181818182,132,3.744393939393939,60.467651515151516,22.0,0.75,0,0
EVS03648,3,66,5,5,AC Level 2,Destination/AC,Yes,0.3312466666666667,0.225,120,4.531916666666667,59.62441666666667,22.0,0.6,0,0
EVS03649,6,132,7,3,AC Level 2,Destination/AC,Yes,0.17599302325581395,0.11627906976744186,174,3.036918604651163,62.63057471264367,22.0,0.8571428571428571,0,0
EVS03650,5,1750,7,5,AC Level 1,Ultra-Fast Charging,No,0.20757832167832166,0.13286713286713286,144,2.572937062937063,61.84013888888889,350.0,0.7142857142857143,0,0
EVS03651,5,750,6,3,AC Level 2,Fast Charging,No,0.2068142857142857,0.07142857142857142,28,0.9035714285714286,62.04571428571428,150.0,0.8333333333333334,0,0
EVS03652,7,1050,9,5,DC Fast Charger,Fast Charging,No,0.11332500000000001,0.0,20,0.4605,47.595,150.0,0.7777777777777778,0,0
EVS03653,5,110,9,11,AC Level 2,Destination/AC,Yes,0.2010020618556701,0.07216494845360824,97,1.6892783505154638,60.29979381443299,22.0,0.5555555555555556,0,0
EVS03654,2,700,3,16,AC Level 2,Ultra-Fast Charging,Yes,0.5042932584269663,0.34831460674157305,89,5.2616853932584275,60.541011235955054,350.0,0.6666666666666666,0,1
EVS03655,3,450,5,13,DC Fast Charger,Fast Charging,No,0.2900185483870968,0.12903225806451613,124,3.892822580645161,52.2033064516129,150.0,0.6,0,0
EVS03656,4,600,8,7,AC Level 1,Fast Charging,No,0.25205151515151514,0.04040404040404041,100,2.006010101010101,59.887299999999996,150.0,0.5,0,0
EVS03657,4,1400,6,8,AC Level 2,Ultra-Fast Charging,Yes,0.2673212962962963,0.09259259259259259,110,2.2075925925925923,62.98963636363636,350.0,0.6666666666666666,0,0
EVS03658,4,200,9,13,AC Level 2,Fast Charging,No,0.25279875776397515,0.2360248447204969,161,4.468198757763975,60.671614906832296,50.0,0.4444444444444444,0,0
EVS03659,2,300,4,5,AC Level 2,Fast Charging,Yes,0.5262673469387755,0.2653061224489796,49,3.2691836734693878,63.151428571428575,150.0,0.5,1,0
EVS03660,7,350,9,10,AC Level 1,Fast Charging,Yes,0.14701354166666666,0.041666666666666664,96,1.4971875,61.74760416666667,50.0,0.7777777777777778,0,0
EVS03661,7,2450,10,13,AC Level 1,Ultra-Fast Charging,No,0.14350403225806452,0.0967741935483871,124,1.6333064516129032,60.27258064516129,350.0,0.7,0,0
EVS03662,3,450,4,7,DC Fast Charger,Fast Charging,No,0.2908734939759036,0.14457831325301204,84,2.8729518072289153,51.733333333333334,150.0,0.75,0,0
EVS03663,4,1400,7,5,AC Level 1,Ultra-Fast Charging,No,0.2598927631578947,0.21052631578947367,154,3.886184210526316,61.565519480519484,350.0,0.5714285714285714,0,0
EVS03664,3,66,5,5,AC Level 2,Destination/AC,Yes,0.336114953271028,0.2757009345794392,214,5.159579439252337,60.50130841121496,22.0,0.6,0,0
EVS03665,6,132,7,9,AC Level 1,Destination/AC,No,0.17385357142857144,0.047619047619047616,85,1.8186309523809523,61.85070588235295,22.0,0.8571428571428571,0,0
EVS03666,5,1750,7,3,AC Level 2,Ultra-Fast Charging,Yes,0.20036853932584267,0.07865168539325842,89,1.471797752808989,60.110449438202245,350.0,0.7142857142857143,0,0
EVS03667,3,150,4,14,AC Level 1,Fast Charging,No,0.3549904761904762,0.14285714285714285,105,3.0582857142857143,63.89742857142857,50.0,0.75,0,0
EVS03668,4,200,6,12,AC Level 1,Fast Charging,No,0.2574947368421053,0.13157894736842105,38,1.2515789473684211,61.797105263157896,50.0,0.6666666666666666,0,0
EVS03669,4,600,6,16,AC Level 2,Fast Charging,Yes,0.26315750000000004,0.0625,80,1.971625,63.157500000000006,150.0,0.6666666666666666,0,0
EVS03670,4,600,6,13,AC Level 2,Fast Charging,No,0.26520714285714286,0.07142857142857142,56,1.5242857142857142,63.65017857142857,150.0,0.6666666666666666,0,0
EVS03671,8,1200,9,8,AC Level 1,Fast Charging,Yes,0.13036857142857142,0.05714285714285714,35,0.636,62.57657142857143,150.0,0.8888888888888888,0,0
EVS03672,1,50,2,6,AC Level 2,Fast Charging,No,0.8793934782608696,0.6956521739130435,46,2.671521739130435,62.9154347826087,50.0,0.5,1,1
EVS03673,4,200,7,4,AC Level 2,Fast Charging,No,0.27673928571428574,0.13392857142857142,113,3.2384375,65.82991150442477,50.0,0.5714285714285714,0,0
EVS03674,6,900,10,7,AC Level 2,Fast Charging,No,0.17586875,0.125,16,0.36812500000000004,63.3125,150.0,0.6,0,0
EVS03675,5,750,8,7,AC Level 1,Fast Charging,Yes,0.20601271186440678,0.11016949152542373,118,2.389322033898305,61.8028813559322,150.0,0.625,0,0
EVS03676,1,50,1,10,AC Level 1,Fast Charging,No,0.8759651685393258,0.7752808988764045,89,7.515730337078652,58.03786516853933,50.0,1.0,1,1
EVS03677,4,88,5,8,AC Level 2,Destination/AC,Yes,0.25045666666666666,0.08333333333333333,60,2.145,60.111,22.0,0.8,0,0
EVS03678,3,150,5,8,AC Level 1,Fast Charging,No,0.36728333333333335,0.1794871794871795,158,4.219166666666666,65.27417721518987,50.0,0.6,0,0
EVS03679,2,44,3,8,AC Level 2,Destination/AC,No,0.5137933884297521,0.2066115702479339,121,4.544628099173553,61.65495867768595,22.0,0.6666666666666666,1,0
EVS03680,4,600,6,7,DC Fast Charger,Fast Charging,Yes,0.2243935251798561,0.17266187050359713,139,3.355611510791367,53.85424460431655,150.0,0.6666666666666666,0,0
EVS03681,4,200,9,10,AC Level 1,Fast Charging,Yes,0.2651387931034483,0.1724137931034483,116,3.262327586206897,63.633017241379314,50.0,0.4444444444444444,0,0
EVS03682,1,50,1,3,AC Level 1,Fast Charging,Yes,0.8879434782608695,0.6521739130434783,23,1.8021739130434784,60.568260869565215,50.0,1.0,1,1
EVS03683,2,700,3,10,DC Fast Charger,Ultra-Fast Charging,Yes,0.476,0.13333333333333333,60,2.6214999999999997,57.11983333333333,350.0,0.6666666666666666,0,0
EVS03684,4,200,5,3,DC Fast Charger,Fast Charging,Yes,0.2098751879699248,0.15037593984962405,135,3.1061654135338346,49.623777777777775,50.0,0.8,0,0
EVS03685,2,44,3,7,AC Level 2,Destination/AC,Yes,0.5040866279069768,0.38953488372093026,173,7.596046511627907,60.14421965317919,22.0,0.6666666666666666,0,1
EVS03686,2,700,3,10,AC Level 2,Ultra-Fast Charging,Yes,0.5722909090909091,0.12121212121212122,34,1.6204545454545456,67.6470588235294,350.0,0.6666666666666666,1,0
EVS03687,7,1050,9,11,DC Fast Charger,Fast Charging,No,0.1414969696969697,0.09090909090909091,33,0.6078787878787878,59.43151515151515,150.0,0.7777777777777778,0,0
EVS03688,1,150,1,16,AC Level 2,Fast Charging,No,0.9009352941176471,0.8529411764705882,171,9.036676470588235,62.86748538011696,150.0,1.0,1,1
EVS03689,1,22,1,5,DC Fast Charger,Destination/AC,No,0.881882911392405,0.8291139240506329,158,8.894493670886076,60.43873417721519,22.0,1.0,1,1
EVS03690,1,150,1,16,DC Fast Charger,Fast Charging,Yes,0.810080487804878,0.7073170731707317,41,4.13,54.37658536585366,150.0,1.0,1,1
EVS03691,8,176,10,15,DC Fast Charger,Destination/AC,Yes,0.12386966292134831,0.0898876404494382,89,1.003370786516854,59.455955056179775,22.0,0.8,0,0
EVS03692,4,600,7,9,AC Level 1,Fast Charging,No,0.2541239669421487,0.14049586776859505,124,2.9859504132231405,59.513145161290325,150.0,0.5714285714285714,0,0
EVS03693,5,750,9,4,AC Level 2,Fast Charging,Yes,0.21746595744680852,0.1276595744680851,47,0.8268085106382979,65.23978723404255,150.0,0.5555555555555556,0,0
EVS03694,3,1050,4,15,AC Level 1,Ultra-Fast Charging,Yes,0.35540394736842107,0.06578947368421052,77,2.219736842105263,63.14142857142858,350.0,0.75,0,0
EVS03695,5,750,10,13,DC Fast Charger,Fast Charging,No,0.18221333333333334,0.15555555555555556,90,1.7621111111111112,54.663777777777774,150.0,0.5,0,0
EVS03696,3,1050,5,11,AC Level 1,Ultra-Fast Charging,Yes,0.330217094017094,0.1794871794871795,117,3.7544444444444443,59.439743589743586,350.0,0.6,0,0
EVS03697,8,1200,10,14,AC Level 2,Fast Charging,No,0.13931904761904762,0.06349206349206349,64,0.8034126984126985,65.828125,150.0,0.8,0,0
EVS03698,1,22,1,15,AC Level 2,Destination/AC,No,0.8926171428571429,0.8,105,6.726857142857144,62.17342857142857,22.0,1.0,1,1
EVS03699,3,450,5,11,AC Level 2,Fast Charging,Yes,0.35598939393939394,0.06060606060606061,67,1.983409090909091,63.12268656716418,150.0,0.6,0,0
EVS03700,4,1400,5,12,AC Level 1,Ultra-Fast Charging,Yes,0.2628472602739726,0.1780821917808219,147,3.7354794520547947,62.65408163265306,350.0,0.8,0,0
EVS03701,7,154,10,4,AC Level 2,Destination/AC,Yes,0.14280232558139536,0.046511627906976744,43,0.64,59.975116279069766,22.0,0.7,0,0
EVS03702,6,900,9,9,AC Level 1,Fast Charging,Yes,0.15957454545454547,0.0,55,1.0183636363636364,57.44527272727272,150.0,0.6666666666666666,0,0
EVS03703,1,350,1,13,AC Level 2,Ultra-Fast Charging,Yes,0.8933725806451612,0.8225806451612904,62,6.582580645161291,60.62790322580645,350.0,1.0,1,1
EVS03704,3,66,5,6,AC Level 2,Destination/AC,Yes,0.34821299435028247,0.2711864406779661,177,5.374011299435028,62.67870056497175,22.0,0.6,0,0
EVS03705,4,1400,8,12,AC Level 2,Ultra-Fast Charging,No,0.25631656441717793,0.22085889570552147,164,4.1157055214723925,61.14158536585366,350.0,0.5,0,0
EVS03706,1,150,1,16,DC Fast Charger,Fast Charging,Yes,0.8010968085106384,0.723404255319149,94,8.458085106382978,54.109042553191486,150.0,1.0,1,1
EVS03707,2,700,3,4,AC Level 1,Ultra-Fast Charging,No,0.4552405405405406,0.08108108108108109,37,1.9627027027027029,54.62837837837838,350.0,0.6666666666666666,0,0
EVS03708,1,22,1,10,AC Level 1,Destination/AC,No,0.8938506578947368,0.8618421052631579,153,8.682302631578947,62.23908496732026,22.0,1.0,1,1
EVS03709,3,66,6,5,DC Fast Charger,Destination/AC,No,0.3274422680412371,0.15463917525773196,97,3.009278350515464,58.940000000000005,22.0,0.5,0,0
EVS03710,6,900,7,7,AC Level 1,Fast Charging,Yes,0.17095491329479767,0.11560693641618497,173,2.1749710982658956,61.5428323699422,150.0,0.8571428571428571,0,0
EVS03711,1,50,3,10,DC Fast Charger,Fast Charging,No,0.7901134615384616,0.7019230769230769,104,5.979903846153846,50.70182692307692,50.0,0.3333333333333333,1,1
EVS03712,3,150,4,5,AC Level 1,Fast Charging,No,0.349422905027933,0.2905027932960894,180,5.363324022346369,62.547,50.0,0.75,0,1
EVS03713,6,300,10,11,AC Level 2,Fast Charging,No,0.1694685534591195,0.10062893081761007,159,2.695534591194969,61.008490566037736,50.0,0.6,0,0
EVS03714,5,110,7,11,AC Level 1,Destination/AC,No,0.2174625,0.078125,64,1.21625,65.23859374999999,22.0,0.7142857142857143,0,0
EVS03715,2,300,4,7,AC Level 2,Fast Charging,Yes,0.5170834710743802,0.371900826446281,122,7.305909090909091,61.66844262295082,150.0,0.5,1,1
EVS03716,3,150,5,15,AC Level 1,Fast Charging,No,0.3468311475409836,0.11475409836065574,61,1.8947540983606557,62.42967213114754,50.0,0.6,0,0
EVS03717,1,22,1,12,DC Fast Charger,Destination/AC,No,0.9113915492957746,0.8450704225352113,72,8.02007042253521,64.21041666666666,22.0,1.0,1,1
EVS03718,4,200,5,8,DC Fast Charger,Fast Charging,Yes,0.22383962264150944,0.03773584905660377,54,1.099622641509434,52.72518518518518,50.0,0.8,0,0
EVS03719,4,88,7,15,DC Fast Charger,Destination/AC,Yes,0.24680076335877862,0.16793893129770993,131,2.7359541984732827,59.231297709923666,22.0,0.5714285714285714,0,0
EVS03720,1,50,2,14,DC Fast Charger,Fast Charging,No,0.8252065217391304,0.717391304347826,46,4.516304347826087,54.33630434782608,50.0,0.5,1,1
EVS03721,1,22,1,6,AC Level 2,Destination/AC,No,0.8931844262295082,0.8360655737704918,123,9.104795081967215,61.35284552845528,22.0,1.0,1,1
EVS03722,3,1050,5,16,DC Fast Charger,Ultra-Fast Charging,No,0.3007178861788618,0.15447154471544716,123,3.06,54.12878048780488,350.0,0.6,0,0
EVS03723,3,1050,5,13,AC Level 2,Ultra-Fast Charging,No,0.35146,0.2,151,4.281033333333333,62.84417218543046,350.0,0.6,0,0
EVS03724,4,200,7,16,AC Level 1,Fast Charging,No,0.2580825870646766,0.21890547263681592,201,4.0734328358208955,61.94039800995025,50.0,0.5714285714285714,0,0
EVS03725,5,110,8,3,AC Level 1,Destination/AC,Yes,0.1887294117647059,0.11764705882352941,17,0.43941176470588234,56.620588235294115,22.0,0.625,0,0
EVS03726,1,150,1,15,AC Level 1,Fast Charging,Yes,0.872756043956044,0.8021978021978022,182,8.564835164835165,59.894615384615385,150.0,1.0,1,1
EVS03727,6,132,10,13,AC Level 1,Destination/AC,Yes,0.17560357142857144,0.07142857142857142,28,0.7578571428571428,63.214642857142856,22.0,0.6,0,0
EVS03728,3,66,5,11,DC Fast Charger,Destination/AC,Yes,0.3460793103448276,0.1724137931034483,116,3.5818103448275864,62.294137931034484,22.0,0.6,0,0
EVS03729,3,1050,5,12,AC Level 1,Ultra-Fast Charging,Yes,0.33435731707317073,0.10975609756097561,82,2.0370731707317074,60.184634146341466,350.0,0.6,0,0
EVS03730,4,200,6,5,DC Fast Charger,Fast Charging,Yes,0.20989074074074074,0.12962962962962962,109,2.893194444444444,49.911743119266056,50.0,0.6666666666666666,0,0
EVS03731,2,300,3,4,DC Fast Charger,Fast Charging,Yes,0.4507230263157895,0.3815789473684211,153,7.230756578947369,53.73339869281046,150.0,0.6666666666666666,0,1
EVS03732,5,250,7,3,DC Fast Charger,Fast Charging,No,0.1684048484848485,0.12727272727272726,165,3.0215151515151515,50.52242424242424,50.0,0.7142857142857143,0,0
EVS03733,1,22,1,13,AC Level 2,Destination/AC,Yes,0.9122279569892473,0.8924731182795699,94,6.639569892473118,64.05712765957446,22.0,1.0,1,1
EVS03734,3,450,6,14,AC Level 1,Fast Charging,No,0.33435320512820516,0.2564102564102564,156,5.112307692307692,60.18339743589744,150.0,0.5,0,0
EVS03735,2,300,4,12,DC Fast Charger,Fast Charging,Yes,0.4067423076923077,0.17307692307692307,52,3.8419230769230768,48.80942307692308,150.0,0.5,0,0
EVS03736,3,450,6,13,DC Fast Charger,Fast Charging,Yes,0.3019533333333333,0.044444444444444446,45,1.7915555555555556,54.35222222222222,150.0,0.5,0,0
EVS03737,4,1400,7,5,AC Level 2,Ultra-Fast Charging,No,0.24425,0.0875,80,1.76475,58.618624999999994,350.0,0.5714285714285714,0,0
EVS03738,6,132,8,5,AC Level 1,Destination/AC,No,0.17335238095238098,0.08571428571428572,106,1.8233809523809525,61.818207547169806,22.0,0.75,0,0
EVS03739,4,88,5,7,AC Level 2,Destination/AC,Yes,0.2610157024793388,0.1487603305785124,122,2.646363636363636,62.13073770491803,22.0,0.8,0,0
EVS03740,5,110,8,4,AC Level 1,Destination/AC,Yes,0.2057270588235294,0.20588235294117646,171,3.1038529411764704,61.357368421052634,22.0,0.625,0,0
EVS03741,4,88,6,5,DC Fast Charger,Destination/AC,Yes,0.2508508771929825,0.07017543859649122,57,1.5224561403508772,60.203508771929826,22.0,0.6666666666666666,0,0
EVS03742,3,66,6,15,AC Level 1,Destination/AC,No,0.33268103448275865,0.1896551724137931,59,2.318103448275862,58.867627118644066,22.0,0.5,0,0
EVS03743,2,700,4,8,AC Level 2,Ultra-Fast Charging,Yes,0.5216845238095238,0.35119047619047616,170,7.194821428571428,62.055470588235295,350.0,0.5,1,1
EVS03744,5,750,6,12,AC Level 1,Fast Charging,No,0.2146256756756757,0.10810810810810811,74,1.6477027027027027,64.3877027027027,150.0,0.8333333333333334,0,0
EVS03745,4,88,8,13,DC Fast Charger,Destination/AC,Yes,0.26406785714285713,0.03571428571428571,56,1.4014285714285715,63.3775,22.0,0.5,0,0
EVS03746,2,100,5,6,AC Level 2,Fast Charging,Yes,0.5134699453551913,0.4098360655737705,185,7.595245901639345,61.079459459459464,50.0,0.4,1,1
EVS03747,1,22,1,14,AC Level 1,Destination/AC,No,0.8585914634146341,0.7560975609756098,82,5.393414634146342,59.56,22.0,1.0,1,1
EVS03748,3,150,4,6,AC Level 2,Fast Charging,Yes,0.3402680473372781,0.26627218934911245,169,6.0380473372781065,61.24828402366863,50.0,0.75,0,0
EVS03749,7,2450,10,12,DC Fast Charger,Ultra-Fast Charging,No,0.12860795454545457,0.09659090909090909,177,2.2480397727272727,53.7106779661017,350.0,0.7,0,0
EVS03750,3,66,5,13,AC Level 1,Destination/AC,Yes,0.34431870967741934,0.2967741935483871,156,5.9544516129032266,61.57987179487179,22.0,0.6,0,1
EVS03751,2,300,3,14,AC Level 2,Fast Charging,No,0.5179709401709401,0.2564102564102564,117,4.932051282051281,62.156239316239315,150.0,0.6666666666666666,1,0
EVS03752,4,200,7,9,AC Level 1,Fast Charging,No,0.2600769736842105,0.16447368421052633,153,3.315032894736842,62.010849673202614,50.0,0.5714285714285714,0,0
EVS03753,3,150,5,6,AC Level 1,Fast Charging,No,0.3519540540540541,0.3027027027027027,185,5.363189189189189,63.35145945945946,50.0,0.6,0,1
EVS03754,6,900,10,9,DC Fast Charger,Fast Charging,No,0.156644,0.04,51,1.0927,55.28490196078432,150.0,0.6,0,0
EVS03755,3,150,4,11,AC Level 2,Fast Charging,No,0.34368333333333334,0.0,18,0.7116666666666667,61.86388888888889,50.0,0.75,0,0
EVS03756,1,50,1,3,DC Fast Charger,Fast Charging,Yes,0.8374754098360655,0.6721311475409836,61,5.767868852459016,56.01426229508196,50.0,1.0,1,1
EVS03757,1,150,1,13,DC Fast Charger,Fast Charging,No,0.81460390625,0.71875,129,7.7114062500000005,52.62558139534884,150.0,1.0,1,1
EVS03758,2,100,4,6,DC Fast Charger,Fast Charging,No,0.437676,0.24,100,4.5722000000000005,52.5208,50.0,0.5,0,0
EVS03759,5,250,7,11,AC Level 1,Fast Charging,No,0.1980275,0.05,40,0.62025,59.410000000000004,50.0,0.7142857142857143,0,0
EVS03760,4,1400,8,11,AC Level 2,Ultra-Fast Charging,Yes,0.2517247311827957,0.15053763440860216,93,2.746021505376344,60.414086021505376,350.0,0.5,0,0
EVS03761,4,600,5,16,DC Fast Charger,Fast Charging,No,0.2275547619047619,0.09523809523809523,42,0.9192857142857143,54.61071428571429,150.0,0.8,0,0
EVS03762,4,200,7,16,AC Level 1,Fast Charging,Yes,0.2769755102040816,0.10204081632653061,100,2.3191326530612244,65.1438,50.0,0.5714285714285714,0,0
EVS03763,1,150,1,11,AC Level 1,Fast Charging,Yes,0.8817201834862386,0.7981651376146789,109,7.814862385321101,61.380091743119266,150.0,1.0,1,1
EVS03764,6,900,8,5,AC Level 1,Fast Charging,No,0.16987457627118646,0.06779661016949153,118,1.9142372881355931,61.15423728813559,150.0,0.75,0,0
EVS03765,4,200,7,6,DC Fast Charger,Fast Charging,No,0.2172857142857143,0.04285714285714286,70,1.631,52.148714285714284,50.0,0.5714285714285714,0,0
EVS03766,2,300,2,3,AC Level 2,Fast Charging,No,0.5218063157894737,0.25263157894736843,95,3.9606315789473685,62.61589473684211,150.0,1.0,1,0
EVS03767,3,150,7,4,AC Level 1,Fast Charging,No,0.3322210144927536,0.13768115942028986,140,3.7347463768115943,58.94442857142857,50.0,0.42857142857142855,0,0
EVS03768,7,1050,9,16,AC Level 2,Fast Charging,Yes,0.1434251748251748,0.04895104895104895,143,1.9841958041958043,60.2379020979021,150.0,0.7777777777777778,0,0
EVS03769,4,600,8,14,AC Level 2,Fast Charging,Yes,0.2628711656441718,0.147239263803681,166,3.3021779141104295,61.949879518072294,150.0,0.5,0,0
EVS03770,4,1400,9,15,AC Level 2,Ultra-Fast Charging,No,0.2663428571428571,0.07142857142857142,70,1.6948571428571428,63.92257142857143,350.0,0.4444444444444444,0,0
EVS03771,5,110,8,9,DC Fast Charger,Destination/AC,No,0.19579285714285716,0.05952380952380952,84,1.7701190476190476,58.7375,22.0,0.625,0,0
EVS03772,3,1050,5,13,AC Level 2,Ultra-Fast Charging,Yes,0.3313890625,0.125,64,2.3428125,59.65046875,350.0,0.6,0,0
EVS03773,7,1050,10,7,AC Level 1,Fast Charging,Yes,0.15037102803738317,0.04672897196261682,107,1.413644859813084,63.15523364485981,150.0,0.7,0,0
EVS03774,1,150,3,9,AC Level 1,Fast Charging,Yes,0.9034911111111111,0.8444444444444444,45,2.770888888888889,65.28244444444445,150.0,0.3333333333333333,1,1
EVS03775,1,150,2,12,DC Fast Charger,Fast Charging,Yes,0.7794080459770114,0.6551724137931034,87,6.065747126436782,50.47494252873563,150.0,0.5,1,1
EVS03776,1,150,2,14,AC Level 1,Fast Charging,No,0.9060862068965517,0.8448275862068966,58,5.085344827586207,63.43586206896552,150.0,0.5,1,1
EVS03777,2,44,3,5,AC Level 1,Destination/AC,No,0.5262505154639175,0.2268041237113402,97,4.569587628865979,63.15010309278351,22.0,0.6666666666666666,1,0
EVS03778,6,300,8,7,AC Level 2,Fast Charging,Yes,0.1704150684931507,0.10273972602739725,146,2.5776027397260273,61.349452054794526,50.0,0.75,0,0
EVS03779,7,154,9,10,AC Level 2,Destination/AC,Yes,0.15524137931034482,0.08045977011494253,176,2.1869540229885054,64.46045454545455,22.0,0.7777777777777778,0,0
EVS03780,5,1750,10,14,AC Level 1,Ultra-Fast Charging,Yes,0.2032298969072165,0.05154639175257732,97,2.0395876288659793,60.96917525773196,350.0,0.5,0,0
EVS03781,8,176,10,13,DC Fast Charger,Destination/AC,Yes,0.14278235294117647,0.11764705882352941,17,0.31941176470588234,68.5335294117647,22.0,0.8,0,0
EVS03782,1,150,2,16,AC Level 1,Fast Charging,Yes,0.863035,0.7166666666666667,60,4.6285,57.1725,150.0,0.5,1,1
EVS03783,5,750,8,11,AC Level 2,Fast Charging,No,0.20289705882352943,0.08823529411764706,34,0.7226470588235294,60.869705882352946,150.0,0.625,0,0
EVS03784,1,350,3,16,AC Level 1,Ultra-Fast Charging,Yes,0.8951963503649635,0.8321167883211679,139,9.174051094890512,62.52007194244604,350.0,0.3333333333333333,1,1
EVS03785,6,2100,8,10,AC Level 1,Ultra-Fast Charging,No,0.1698940828402367,0.14792899408284024,169,2.686449704142012,61.162189349112424,350.0,0.75,0,0
EVS03786,1,150,1,3,AC Level 2,Fast Charging,No,0.8837631578947368,0.8157894736842105,115,7.996184210526315,59.633130434782615,150.0,1.0,1,1
EVS03787,2,44,3,9,AC Level 1,Destination/AC,Yes,0.5311688524590163,0.14754098360655737,61,2.708196721311475,63.73950819672131,22.0,0.6666666666666666,1,0
EVS03788,2,100,2,14,AC Level 2,Fast Charging,Yes,0.5493964285714286,0.07142857142857142,28,0.8914285714285715,66.80678571428571,50.0,1.0,1,0
EVS03789,2,100,4,5,AC Level 1,Fast Charging,Yes,0.5139160714285714,0.4166666666666667,168,7.235416666666667,61.76940476190477,50.0,0.5,1,1
EVS03790,2,300,2,10,DC Fast Charger,Fast Charging,No,0.4669561797752809,0.16853932584269662,90,3.2625280898876405,55.66388888888889,150.0,1.0,0,0
EVS03791,7,1050,10,4,DC Fast Charger,Fast Charging,Yes,0.12451333333333332,0.06666666666666667,30,0.7313333333333334,52.294,150.0,0.7,0,0
EVS03792,4,88,5,5,AC Level 1,Destination/AC,Yes,0.2567666666666667,0.047619047619047616,42,1.0023809523809524,61.6247619047619,22.0,0.8,0,0
EVS03793,2,44,3,14,AC Level 2,Destination/AC,No,0.5081440677966101,0.0847457627118644,59,2.6093220338983047,60.97779661016949,22.0,0.6666666666666666,0,0
EVS03794,5,110,6,15,AC Level 2,Destination/AC,No,0.2096198347107438,0.04132231404958678,121,2.3000000000000003,62.88495867768595,22.0,0.8333333333333334,0,0
EVS03795,3,66,6,10,DC Fast Charger,Destination/AC,Yes,0.3384759493670886,0.27848101265822783,159,5.2976582278481015,60.54226415094339,22.0,0.5,0,0
EVS03796,2,44,3,6,AC Level 1,Destination/AC,No,0.5269396551724138,0.1206896551724138,58,2.646206896551724,63.23310344827586,22.0,0.6666666666666666,1,0
EVS03797,7,154,9,16,AC Level 2,Destination/AC,Yes,0.14863982300884954,0.12389380530973451,114,1.7838495575221238,61.881052631578946,22.0,0.7777777777777778,0,0
EVS03798,5,110,7,15,DC Fast Charger,Destination/AC,No,0.20779166666666668,0.041666666666666664,24,0.4975,62.33833333333334,22.0,0.7142857142857143,0,0
EVS03799,4,200,8,10,DC Fast Charger,Fast Charging,No,0.2156857142857143,0.07142857142857142,14,0.37,51.76714285714286,50.0,0.5,0,0
EVS03800,3,150,4,3,AC Level 1,Fast Charging,Yes,0.32877931034482755,0.06896551724137931,29,1.043103448275862,59.178275862068965,50.0,0.75,0,0
EVS03801,2,44,3,4,AC Level 2,Destination/AC,Yes,0.5069664705882353,0.4470588235294118,170,7.300529411764705,60.835647058823525,22.0,0.6666666666666666,0,1
EVS03802,6,132,9,7,AC Level 2,Destination/AC,No,0.17390227272727274,0.030303030303030304,134,1.8887121212121212,61.66962686567164,22.0,0.6666666666666666,0,0
EVS03803,7,2450,10,6,AC Level 2,Ultra-Fast Charging,No,0.1420587570621469,0.096045197740113,177,1.9945762711864408,59.664802259887004,350.0,0.7,0,0
EVS03804,2,100,4,7,AC Level 2,Fast Charging,Yes,0.50536875,0.125,16,1.36875,60.644999999999996,50.0,0.5,0,0
EVS03805,5,250,7,13,AC Level 2,Fast Charging,No,0.2154473684210526,0.0,19,0.5184210526315789,64.63421052631578,50.0,0.7142857142857143,0,0
EVS03806,4,200,9,9,AC Level 2,Fast Charging,Yes,0.2523244318181818,0.19318181818181818,177,3.244375,60.215028248587565,50.0,0.4444444444444444,0,0
EVS03807,2,100,3,5,AC Level 2,Fast Charging,No,0.5113210526315789,0.15789473684210525,19,1.8199999999999998,61.357894736842105,50.0,0.6666666666666666,0,0
EVS03808,2,100,3,10,AC Level 1,Fast Charging,No,0.5164225806451613,0.03225806451612903,31,1.5816129032258064,61.97096774193549,50.0,0.6666666666666666,1,0
EVS03809,2,300,4,11,DC Fast Charger,Fast Charging,No,0.413259375,0.20833333333333334,96,4.3171875,49.59072916666667,150.0,0.5,0,0
EVS03810,4,1400,5,12,DC Fast Charger,Ultra-Fast Charging,No,0.22165384615384617,0.08791208791208792,95,2.3365934065934066,50.956421052631576,350.0,0.8,0,0
EVS03811,2,100,3,4,AC Level 2,Fast Charging,No,0.5230383333333334,0.11666666666666667,60,2.491,62.76433333333333,50.0,0.6666666666666666,1,0
EVS03812,1,150,1,4,AC Level 2,Fast Charging,No,0.8886010752688172,0.7956989247311828,93,7.11494623655914,61.25451612903226,150.0,1.0,1,1
EVS03813,2,700,3,8,AC Level 1,Ultra-Fast Charging,Yes,0.5103955555555556,0.3111111111111111,136,6.011444444444444,60.796470588235294,350.0,0.6666666666666666,0,1
EVS03814,1,150,2,11,AC Level 1,Fast Charging,No,0.9223345238095239,0.8333333333333334,84,7.716309523809524,63.99083333333334,150.0,0.5,1,1
EVS03815,6,2100,8,4,AC Level 2,Ultra-Fast Charging,Yes,0.16914477611940298,0.029850746268656716,67,1.3885074626865672,60.88955223880597,350.0,0.75,0,0
EVS03816,3,66,4,13,DC Fast Charger,Destination/AC,No,0.3506740740740741,0.07407407407407407,27,0.9566666666666666,63.120370370370374,22.0,0.75,0,0
EVS03817,7,350,10,7,AC Level 2,Fast Charging,Yes,0.15176122448979593,0.04081632653061224,98,1.1060204081632654,63.74071428571429,50.0,0.7,0,0
EVS03818,1,150,1,15,DC Fast Charger,Fast Charging,Yes,0.8263863905325444,0.7869822485207101,169,9.281005917159764,54.669881656804726,150.0,1.0,1,1
EVS03819,6,2100,9,10,DC Fast Charger,Ultra-Fast Charging,Yes,0.15009923664122138,0.06870229007633588,132,1.7320610687022902,53.62537878787879,350.0,0.6666666666666666,0,0
EVS03820,4,1400,6,14,DC Fast Charger,Ultra-Fast Charging,Yes,0.2210679012345679,0.18518518518518517,163,3.3738580246913585,52.73104294478527,350.0,0.6666666666666666,0,0
EVS03821,5,110,9,9,AC Level 1,Destination/AC,Yes,0.21167894736842102,0.10526315789473684,38,0.6994736842105262,63.50368421052631,22.0,0.5555555555555556,0,0
EVS03822,1,150,2,12,AC Level 1,Fast Charging,No,0.8684235294117647,0.7647058823529411,17,1.9023529411764708,62.72764705882352,150.0,0.5,1,1
EVS03823,4,88,5,13,AC Level 2,Destination/AC,No,0.26455982905982905,0.1794871794871795,117,2.302735042735043,63.49470085470085,22.0,0.8,0,0
EVS03824,4,88,9,8,AC Level 1,Destination/AC,Yes,0.2442230769230769,0.10256410256410256,39,0.9397435897435897,58.614871794871796,22.0,0.4444444444444444,0,0
EVS03825,2,44,3,8,AC Level 1,Destination/AC,No,0.5108932692307693,0.2692307692307692,104,5.413269230769231,61.307307692307695,22.0,0.6666666666666666,0,0
EVS03826,3,1050,6,14,AC Level 1,Ultra-Fast Charging,Yes,0.3407928571428571,0.31547619047619047,169,5.215297619047619,60.99414201183432,350.0,0.5,0,1
EVS03827,8,176,10,15,DC Fast Charger,Destination/AC,Yes,0.12699166666666667,0.041666666666666664,72,0.865,60.95722222222222,22.0,0.8,0,0
EVS03828,1,22,1,15,AC Level 1,Destination/AC,Yes,0.8962676767676768,0.797979797979798,99,8.23838383838384,62.650101010101004,22.0,1.0,1,1
EVS03829,2,44,3,4,DC Fast Charger,Destination/AC,No,0.5111685185185185,0.25925925925925924,162,5.244567901234568,61.34018518518519,22.0,0.6666666666666666,0,0
EVS03830,2,44,3,7,DC Fast Charger,Destination/AC,Yes,0.4933105263157895,0.05263157894736842,38,1.3521052631578947,59.19552631578947,22.0,0.6666666666666666,0,0
EVS03831,6,300,9,14,DC Fast Charger,Fast Charging,No,0.14488780487804878,0.0975609756097561,164,2.4654878048780486,52.15884146341463,50.0,0.6666666666666666,0,0
EVS03832,7,154,8,9,DC Fast Charger,Destination/AC,Yes,0.15582857142857143,0.02857142857142857,35,0.8954285714285715,65.44485714285715,22.0,0.875,0,0
EVS03833,3,1050,5,6,AC Level 2,Ultra-Fast Charging,Yes,0.3561935064935065,0.2662337662337662,154,5.162207792207792,64.1144155844156,350.0,0.6,0,0
EVS03834,1,350,2,11,DC Fast Charger,Ultra-Fast Charging,Yes,0.7669487804878049,0.7154471544715447,123,8.989512195121952,50.42821138211382,350.0,0.5,1,1
EVS03835,4,1400,5,7,AC Level 2,Ultra-Fast Charging,No,0.24414594594594596,0.08108108108108109,37,1.063243243243243,58.59540540540541,350.0,0.8,0,0
EVS03836,6,900,10,4,AC Level 2,Fast Charging,No,0.17436148148148148,0.07407407407407407,135,2.0876296296296295,62.77066666666667,150.0,0.6,0,0
EVS03837,5,110,8,10,DC Fast Charger,Destination/AC,Yes,0.21557555555555558,0.044444444444444446,45,1.0991111111111111,64.67466666666667,22.0,0.625,0,0
EVS03838,5,750,8,7,AC Level 1,Fast Charging,Yes,0.19990461538461538,0.08461538461538462,130,2.2565384615384616,59.97161538461539,150.0,0.625,0,0
EVS03839,3,450,6,15,AC Level 2,Fast Charging,No,0.339632,0.2571428571428571,176,5.360142857142857,60.78642045454546,150.0,0.5,0,0
EVS03840,4,200,6,8,AC Level 2,Fast Charging,Yes,0.25504044943820225,0.21910112359550563,179,4.15,60.86782122905028,50.0,0.6666666666666666,0,0
EVS03841,4,200,5,15,AC Level 2,Fast Charging,No,0.2555043165467626,0.17266187050359713,139,3.720359712230216,61.32122302158273,50.0,0.8,0,0
EVS03842,2,100,3,14,AC Level 1,Fast Charging,Yes,0.5484131313131313,0.2727272727272727,101,4.515050505050505,64.82920792079207,50.0,0.6666666666666666,1,0
EVS03843,6,900,7,6,DC Fast Charger,Fast Charging,No,0.14475934959349593,0.04878048780487805,123,1.7182926829268292,52.11373983739837,150.0,0.8571428571428571,0,0
EVS03844,2,700,3,15,DC Fast Charger,Ultra-Fast Charging,No,0.4379455882352941,0.14705882352941177,68,2.8998529411764706,52.55338235294118,350.0,0.6666666666666666,0,0
EVS03845,2,44,4,6,DC Fast Charger,Destination/AC,No,0.5181121794871795,0.3525641025641026,156,7.167692307692308,62.17378205128205,22.0,0.5,1,1
EVS03846,3,1050,4,12,DC Fast Charger,Ultra-Fast Charging,No,0.3008274725274725,0.14285714285714285,91,3.4875824175824177,54.14879120879121,350.0,0.75,0,0
EVS03847,2,300,3,15,AC Level 2,Fast Charging,No,0.5340664179104477,0.35074626865671643,135,7.101791044776119,64.1102962962963,150.0,0.6666666666666666,1,1
EVS03848,5,1750,7,14,DC Fast Charger,Ultra-Fast Charging,No,0.16366470588235293,0.09411764705882353,85,1.66,49.09729411764707,350.0,0.7142857142857143,0,0
EVS03849,1,350,2,4,AC Level 1,Ultra-Fast Charging,Yes,0.9088895424836602,0.869281045751634,154,8.558790849673201,62.94064935064935,350.0,0.5,1,1
EVS03850,7,154,9,4,DC Fast Charger,Destination/AC,No,0.14467462686567165,0.014925373134328358,67,0.8083582089552239,60.76402985074627,22.0,0.7777777777777778,0,0
EVS03851,8,1200,10,12,AC Level 2,Fast Charging,No,0.1310919254658385,0.06832298136645963,162,1.6166770186335406,62.535493827160494,150.0,0.8,0,0
EVS03852,2,100,3,5,DC Fast Charger,Fast Charging,Yes,0.4476833333333333,0.06666666666666667,30,1.6203333333333334,53.72233333333334,50.0,0.6666666666666666,0,0
EVS03853,3,66,4,15,AC Level 1,Destination/AC,No,0.31530689655172417,0.034482758620689655,29,0.8706896551724138,56.755172413793105,22.0,0.75,0,0
EVS03854,2,100,3,12,AC Level 2,Fast Charging,No,0.5485849315068493,0.0821917808219178,73,3.327945205479452,65.87890410958904,50.0,0.6666666666666666,1,0
EVS03855,6,300,10,16,AC Level 1,Fast Charging,No,0.156173417721519,0.0379746835443038,79,1.5286075949367088,56.22202531645569,50.0,0.6,0,0
EVS03856,6,2100,9,7,AC Level 1,Ultra-Fast Charging,No,0.1756125,0.06666666666666667,120,2.1598333333333333,63.22183333333333,350.0,0.6666666666666666,0,0
EVS03857,3,450,5,6,DC Fast Charger,Fast Charging,No,0.28380689655172414,0.15517241379310345,58,2.5932758620689653,51.0848275862069,150.0,0.6,0,0
EVS03858,2,100,2,12,AC Level 2,Fast Charging,Yes,0.49511666666666665,0.16666666666666666,24,1.2437500000000001,59.41416666666667,50.0,1.0,0,0
EVS03859,4,200,6,6,DC Fast Charger,Fast Charging,No,0.21146119402985075,0.13432835820895522,67,1.692089552238806,50.751343283582095,50.0,0.6666666666666666,0,0
EVS03860,3,66,4,9,AC Level 2,Destination/AC,No,0.3301860465116279,0.1744186046511628,86,2.653139534883721,59.433488372093024,22.0,0.75,0,0
EVS03861,4,1400,6,5,AC Level 2,Ultra-Fast Charging,No,0.25437899999999997,0.07,101,2.48345,60.44712871287128,350.0,0.6666666666666666,0,0
EVS03862,6,132,8,10,AC Level 2,Destination/AC,Yes,0.17085809523809525,0.08571428571428572,105,1.769809523809524,61.50866666666666,22.0,0.75,0,0
EVS03863,2,700,3,10,DC Fast Charger,Ultra-Fast Charging,Yes,0.3932906976744186,0.06976744186046512,43,2.7609302325581395,47.1946511627907,350.0,0.6666666666666666,0,0
EVS03864,5,750,9,9,AC Level 2,Fast Charging,No,0.20913457943925234,0.102803738317757,108,2.2080841121495327,62.158425925925926,150.0,0.5555555555555556,0,0
EVS03865,2,44,2,7,DC Fast Charger,Destination/AC,Yes,0.5011446280991736,0.19008264462809918,122,4.757396694214876,59.643852459016394,22.0,1.0,0,0
EVS03866,2,700,4,9,AC Level 1,Ultra-Fast Charging,No,0.5152628205128205,0.2564102564102564,157,5.693621794871795,61.43738853503185,350.0,0.5,1,0
EVS03867,3,450,5,10,DC Fast Charger,Fast Charging,No,0.2941810344827586,0.15517241379310345,117,3.044396551724138,52.500256410256405,150.0,0.6,0,0
EVS03868,5,1750,9,14,AC Level 1,Ultra-Fast Charging,No,0.20013687943262412,0.0851063829787234,141,2.7346808510638296,60.04085106382979,350.0,0.5555555555555556,0,0
EVS03869,1,150,2,9,AC Level 2,Fast Charging,Yes,0.878162,0.72,50,4.4478,61.2464,150.0,0.5,1,1
EVS03870,7,1050,9,16,DC Fast Charger,Fast Charging,Yes,0.12736825396825396,0.09523809523809523,127,1.5966269841269842,53.074094488188976,150.0,0.7777777777777778,0,0
EVS03871,2,300,3,12,DC Fast Charger,Fast Charging,Yes,0.4435076923076923,0.07692307692307693,26,0.9607692307692308,53.22038461538462,150.0,0.6666666666666666,0,0
EVS03872,5,250,10,4,DC Fast Charger,Fast Charging,No,0.17301333333333335,0.03333333333333333,30,0.5153333333333333,51.90533333333334,50.0,0.5,0,0
EVS03873,3,1050,3,7,DC Fast Charger,Ultra-Fast Charging,No,0.30569695121951224,0.22560975609756098,166,4.414207317073171,54.36259036144579,350.0,1.0,0,0
EVS03874,7,154,9,5,AC Level 1,Destination/AC,Yes,0.14962,0.05454545454545454,110,1.2399090909090908,62.84009090909091,22.0,0.7777777777777778,0,0
EVS03875,5,750,9,13,AC Level 1,Fast Charging,Yes,0.20299674796747966,0.10569105691056911,124,2.342032520325203,60.40814516129032,150.0,0.5555555555555556,0,0
EVS03876,1,22,2,11,AC Level 1,Destination/AC,Yes,0.8633398230088496,0.8230088495575221,113,9.984778761061946,58.997964601769915,22.0,0.5,1,1
EVS03877,1,22,2,11,DC Fast Charger,Destination/AC,Yes,0.9146635658914729,0.8294573643410853,131,8.859250645994832,65.0354961832061,22.0,0.5,1,1
EVS03878,2,100,2,9,AC Level 2,Fast Charging,No,0.514059090909091,0.16666666666666666,66,2.1293939393939394,61.68666666666667,50.0,1.0,1,0
EVS03879,4,600,7,9,AC Level 1,Fast Charging,No,0.25421076923076924,0.1076923076923077,65,1.080923076923077,61.011692307692314,150.0,0.5714285714285714,0,0
EVS03880,2,300,3,9,DC Fast Charger,Fast Charging,No,0.4400892857142857,0.03571428571428571,28,1.2289285714285714,52.81107142857143,150.0,0.6666666666666666,0,0
EVS03881,5,250,7,3,AC Level 2,Fast Charging,No,0.20596415094339623,0.14465408805031446,159,2.9593081761006292,61.78987421383648,50.0,0.7142857142857143,0,0
EVS03882,5,1750,6,11,DC Fast Charger,Ultra-Fast Charging,No,0.18375846153846154,0.046153846153846156,66,0.9741538461538461,54.29363636363637,350.0,0.8333333333333334,0,0
EVS03883,6,2100,8,8,DC Fast Charger,Ultra-Fast Charging,No,0.14357542372881357,0.059322033898305086,118,1.8168644067796609,51.68754237288136,350.0,0.75,0,0
EVS03884,8,400,10,8,AC Level 2,Fast Charging,Yes,0.13466506024096384,0.10843373493975904,84,1.1543373493975904,63.8702380952381,50.0,0.8,0,0
EVS03885,5,110,10,3,AC Level 1,Destination/AC,No,0.19956222222222222,0.044444444444444446,45,0.839111111111111,59.867333333333335,22.0,0.5,0,0
EVS03886,6,300,8,11,AC Level 1,Fast Charging,Yes,0.16870526315789475,0.10526315789473684,96,1.306578947368421,60.1028125,50.0,0.75,0,0
EVS03887,6,900,10,16,AC Level 2,Fast Charging,Yes,0.16740526315789472,0.05263157894736842,19,0.5431578947368422,60.265263157894736,150.0,0.6,0,0
EVS03888,5,110,9,7,AC Level 2,Destination/AC,No,0.20891489361702126,0.1276595744680851,47,0.893191489361702,62.67595744680851,22.0,0.5555555555555556,0,0
EVS03889,4,200,5,11,DC Fast Charger,Fast Charging,Yes,0.21286764705882352,0.058823529411764705,34,1.3829411764705883,51.08882352941176,50.0,0.8,0,0
EVS03890,3,150,5,16,DC Fast Charger,Fast Charging,No,0.2952938356164384,0.18493150684931506,147,4.017842465753425,52.791564625850334,50.0,0.6,0,0
EVS03891,1,22,2,5,DC Fast Charger,Destination/AC,Yes,0.8768263157894737,0.7894736842105263,96,7.764157894736843,60.256458333333335,22.0,0.5,1,1
EVS03892,1,150,2,9,DC Fast Charger,Fast Charging,No,0.7851335260115607,0.7283236994219653,173,8.640751445086705,51.05878612716763,150.0,0.5,1,1
EVS03893,1,50,2,5,AC Level 1,Fast Charging,No,0.8773670454545454,0.7613636363636364,88,7.467727272727273,58.85397727272727,50.0,0.5,1,1
EVS03894,1,150,1,9,AC Level 1,Fast Charging,Yes,0.8797824561403508,0.8245614035087719,57,5.479824561403509,62.331754385964906,150.0,1.0,1,1
EVS03895,1,50,1,5,AC Level 2,Fast Charging,No,0.8772967479674797,0.7723577235772358,124,8.119552845528455,59.46814516129032,50.0,1.0,1,1
EVS03896,3,150,4,14,AC Level 2,Fast Charging,No,0.3382684848484849,0.2787878787878788,165,5.949878787878788,60.887212121212116,50.0,0.75,0,0
EVS03897,2,300,3,12,AC Level 1,Fast Charging,No,0.49921932773109245,0.23529411764705882,120,4.907773109243697,59.46058333333334,150.0,0.6666666666666666,0,0
EVS03898,4,1400,8,13,AC Level 2,Ultra-Fast Charging,No,0.2685666666666667,0.1111111111111111,18,0.3844444444444444,64.45666666666666,350.0,0.5,0,0
EVS03899,1,150,1,12,AC Level 2,Fast Charging,Yes,0.9097304347826087,0.8115942028985508,69,7.154347826086957,63.24927536231884,150.0,1.0,1,1
EVS03900,4,88,5,11,DC Fast Charger,Destination/AC,Yes,0.25496256983240223,0.12849162011173185,180,3.1051955307262573,60.851444444444446,22.0,0.8,0,0
EVS03901,3,1050,6,12,DC Fast Charger,Ultra-Fast Charging,No,0.31179906542056074,0.11214953271028037,107,3.0942990654205604,56.12327102803738,350.0,0.5,0,0
EVS03902,1,150,2,3,DC Fast Charger,Fast Charging,No,0.7814543352601155,0.7167630057803468,173,9.411676300578035,51.47901734104047,150.0,0.5,1,1
EVS03903,4,200,9,13,AC Level 1,Fast Charging,Yes,0.260103125,0.1953125,129,3.0791796875,61.94124031007752,50.0,0.4444444444444444,0,0
EVS03904,6,300,9,11,AC Level 1,Fast Charging,No,0.16287857142857143,0.0,14,0.3921428571428572,58.635714285714286,50.0,0.6666666666666666,0,0
EVS03905,1,50,1,9,DC Fast Charger,Fast Charging,Yes,0.7880873684210526,0.6894736842105263,192,8.945815789473684,51.54833333333334,50.0,1.0,1,1
EVS03906,5,1750,7,13,DC Fast Charger,Ultra-Fast Charging,Yes,0.16868851351351352,0.12162162162162163,148,2.556891891891892,50.60574324324324,350.0,0.7142857142857143,0,0
EVS03907,5,750,6,8,AC Level 2,Fast Charging,Yes,0.20850981595092025,0.12269938650306748,163,2.5023312883435582,62.5517791411043,150.0,0.8333333333333334,0,0
EVS03908,5,750,10,15,DC Fast Charger,Fast Charging,Yes,0.17243977900552487,0.11602209944751381,181,3.0022651933701656,51.73154696132597,150.0,0.5,0,0
EVS03909,7,154,10,14,AC Level 1,Destination/AC,No,0.13975500000000002,0.075,40,0.83475,58.6965,22.0,0.7,0,0
EVS03910,3,1050,5,6,AC Level 1,Ultra-Fast Charging,Yes,0.3471165714285714,0.18285714285714286,177,4.635914285714286,61.77435028248587,350.0,0.6,0,0
EVS03911,4,200,8,6,AC Level 1,Fast Charging,No,0.26112,0.08,50,1.3964,62.669399999999996,50.0,0.5,0,0
EVS03912,4,88,5,9,AC Level 2,Destination/AC,No,0.2600887573964497,0.15976331360946747,170,4.09508875739645,62.05394117647059,22.0,0.8,0,0
EVS03913,4,88,6,14,AC Level 1,Destination/AC,Yes,0.24755094339622644,0.03773584905660377,53,1.3533962264150945,59.41207547169812,22.0,0.6666666666666666,0,0
EVS03914,4,88,5,8,AC Level 1,Destination/AC,Yes,0.2561424242424242,0.08080808080808081,101,2.015151515151515,60.256039603960396,22.0,0.8,0,0
EVS03915,3,450,4,10,DC Fast Charger,Fast Charging,Yes,0.2971613793103448,0.19310344827586207,145,4.785241379310345,53.48862068965518,150.0,0.75,0,0
EVS03916,2,44,3,15,AC Level 2,Destination/AC,Yes,0.4726227272727273,0.13636363636363635,22,1.424090909090909,56.715,22.0,0.6666666666666666,0,0
EVS03917,6,132,9,14,AC Level 1,Destination/AC,No,0.17344444444444443,0.07407407407407407,27,0.6588888888888889,62.44,22.0,0.6666666666666666,0,0
EVS03918,1,22,2,13,AC Level 1,Destination/AC,Yes,0.8879142857142858,0.8869047619047619,169,8.925565476190476,60.67686390532544,22.0,0.5,1,1
EVS03919,7,1050,9,6,AC Level 1,Fast Charging,No,0.13551818181818182,0.045454545454545456,22,0.46090909090909093,56.915909090909096,150.0,0.7777777777777778,0,0
EVS03920,1,150,2,9,AC Level 1,Fast Charging,No,0.8632073529411765,0.7867647058823529,136,7.682720588235293,58.84522058823529,150.0,0.5,1,1
EVS03921,1,150,1,7,DC Fast Charger,Fast Charging,No,0.7746290816326531,0.7448979591836735,196,9.835867346938775,50.27387755102041,150.0,1.0,1,1
EVS03922,2,300,3,10,AC Level 1,Fast Charging,Yes,0.5010411764705882,0.29411764705882354,102,5.9777450980392155,60.125,150.0,0.6666666666666666,0,1
EVS03923,4,600,6,6,AC Level 2,Fast Charging,Yes,0.26086631578947367,0.10526315789473684,95,2.178736842105263,62.60905263157894,150.0,0.6666666666666666,0,0
EVS03924,5,250,7,16,AC Level 1,Fast Charging,Yes,0.18619886363636365,0.056818181818181816,88,1.5746590909090907,55.86011363636364,50.0,0.7142857142857143,0,0
EVS03925,4,1400,8,16,DC Fast Charger,Ultra-Fast Charging,Yes,0.2224146551724138,0.16379310344827586,116,2.6978448275862066,53.37956896551724,350.0,0.5,0,0
EVS03926,4,600,9,3,AC Level 2,Fast Charging,No,0.2589462962962963,0.12037037037037036,109,2.657916666666667,61.57651376146789,150.0,0.4444444444444444,0,0
EVS03927,2,300,4,15,AC Level 1,Fast Charging,Yes,0.49074020618556696,0.32989690721649484,97,5.338969072164948,58.90216494845361,150.0,0.5,0,1
EVS03928,1,50,2,4,DC Fast Charger,Fast Charging,Yes,0.8291999999999999,0.6857142857142857,35,4.2054285714285715,53.779714285714284,50.0,0.5,1,1
EVS03929,4,1400,6,6,AC Level 1,Ultra-Fast Charging,Yes,0.26035963302752296,0.10091743119266056,109,2.750825688073394,62.486788990825694,350.0,0.6666666666666666,0,0
EVS03930,3,150,5,8,AC Level 2,Fast Charging,Yes,0.34076716417910446,0.17164179104477612,135,3.5394776119402986,60.88407407407408,50.0,0.6,0,0
EVS03931,2,300,4,7,DC Fast Charger,Fast Charging,Yes,0.445391452991453,0.3418803418803419,118,5.971410256410256,52.994915254237284,150.0,0.5,0,1
EVS03932,5,110,8,6,AC Level 2,Destination/AC,No,0.20397037037037039,0.07407407407407407,27,0.6251851851851852,61.18925925925925,22.0,0.625,0,0
EVS03933,3,450,7,8,AC Level 2,Fast Charging,Yes,0.34109925373134325,0.17164179104477612,137,4.470522388059702,60.05306569343066,150.0,0.42857142857142855,0,0
EVS03934,6,132,7,6,AC Level 1,Destination/AC,Yes,0.17124466666666666,0.09333333333333334,150,2.3328,61.647,22.0,0.8571428571428571,0,0
EVS03935,7,2450,10,10,AC Level 2,Ultra-Fast Charging,No,0.14462000000000003,0.1,30,0.7196666666666667,60.741,350.0,0.7,0,0
EVS03936,4,600,7,8,AC Level 2,Fast Charging,Yes,0.26603125,0.1590909090909091,178,3.5182386363636367,63.13005617977528,150.0,0.5714285714285714,0,0
EVS03937,6,2100,9,12,AC Level 2,Ultra-Fast Charging,No,0.17461339285714286,0.13392857142857142,112,1.8302678571428572,62.861964285714286,350.0,0.6666666666666666,0,0
EVS03938,3,66,5,5,DC Fast Charger,Destination/AC,Yes,0.325575641025641,0.20512820512820512,78,3.2843589743589745,58.603589743589744,22.0,0.6,0,0
EVS03939,2,300,3,3,AC Level 1,Fast Charging,Yes,0.5068331325301204,0.30120481927710846,166,6.208313253012048,60.82000000000001,150.0,0.6666666666666666,0,1
EVS03940,6,300,9,14,DC Fast Charger,Fast Charging,No,0.15384583333333332,0.07291666666666667,97,1.8028125,54.811443298969074,50.0,0.6666666666666666,0,0
EVS03941,3,1050,4,4,AC Level 2,Ultra-Fast Charging,Yes,0.34556637931034484,0.15517241379310345,118,3.151293103448276,61.14745762711864,350.0,0.75,0,0
EVS03942,2,44,3,13,AC Level 2,Destination/AC,Yes,0.5029818181818182,0.14545454545454545,55,3.0816363636363637,60.51436363636363,22.0,0.6666666666666666,0,0
EVS03943,7,350,9,6,DC Fast Charger,Fast Charging,Yes,0.12475652173913045,0.07608695652173914,185,2.2205978260869563,52.114378378378376,50.0,0.7777777777777778,0,0
EVS03944,2,44,3,3,DC Fast Charger,Destination/AC,Yes,0.52071875,0.38636363636363635,176,6.980909090909091,62.48636363636364,22.0,0.6666666666666666,1,1
EVS03945,5,110,9,8,AC Level 1,Destination/AC,No,0.20403714285714286,0.0,35,0.7962857142857143,61.21228571428571,22.0,0.5555555555555556,0,0
EVS03946,4,1400,8,11,AC Level 2,Ultra-Fast Charging,No,0.25178439716312057,0.09219858156028368,142,2.9306028368794323,60.0024647887324,350.0,0.5,0,0
EVS03947,4,600,6,14,DC Fast Charger,Fast Charging,No,0.18852307692307693,0.0,13,0.7238461538461538,45.24615384615384,150.0,0.6666666666666666,0,0
EVS03948,4,600,7,5,AC Level 2,Fast Charging,Yes,0.2651314285714286,0.12857142857142856,70,1.815,63.632285714285715,150.0,0.5714285714285714,0,0
EVS03949,2,700,3,7,AC Level 2,Ultra-Fast Charging,Yes,0.5094929347826087,0.3532608695652174,184,7.227663043478262,61.13923913043479,350.0,0.6666666666666666,0,1
EVS03950,1,350,1,11,DC Fast Charger,Ultra-Fast Charging,No,0.8357050847457628,0.6779661016949152,60,3.727457627118644,56.348166666666664,350.0,1.0,1,1
EVS03951,6,132,10,4,AC Level 2,Destination/AC,Yes,0.1740179775280899,0.12359550561797752,89,1.2326966292134833,62.64808988764045,22.0,0.6,0,0
EVS03952,2,100,4,12,DC Fast Charger,Fast Charging,No,0.4350706896551724,0.15517241379310345,58,3.336551724137931,52.20913793103448,50.0,0.5,0,0
EVS03953,5,1750,8,4,DC Fast Charger,Ultra-Fast Charging,Yes,0.17089935064935066,0.1038961038961039,156,2.587857142857143,50.61141025641026,350.0,0.625,0,0
EVS03954,4,88,8,3,AC Level 2,Destination/AC,No,0.26958850574712645,0.08045977011494253,87,2.195747126436782,64.70091954022988,22.0,0.5,0,0
EVS03955,1,350,1,12,AC Level 1,Ultra-Fast Charging,Yes,0.868290099009901,0.801980198019802,101,9.242673267326733,57.27792079207921,350.0,1.0,1,1
EVS03956,2,700,3,6,AC Level 2,Ultra-Fast Charging,Yes,0.5233673913043478,0.4076086956521739,184,6.487989130434783,62.886413043478264,350.0,0.6666666666666666,1,1
EVS03957,4,88,6,12,AC Level 2,Destination/AC,Yes,0.24069805825242716,0.1650485436893204,103,2.5685436893203883,57.76689320388349,22.0,0.6666666666666666,0,0
EVS03958,4,600,5,4,DC Fast Charger,Fast Charging,Yes,0.21576178861788617,0.17886178861788618,123,3.6391056910569106,51.78284552845528,150.0,0.8,0,0
EVS03959,2,700,3,16,AC Level 1,Ultra-Fast Charging,No,0.5199133333333333,0.1,30,1.512,62.38866666666667,350.0,0.6666666666666666,1,0
EVS03960,4,88,6,4,AC Level 2,Destination/AC,Yes,0.25976333333333335,0.05,61,1.3849166666666666,61.32114754098361,22.0,0.6666666666666666,0,0
EVS03961,2,100,3,10,AC Level 2,Fast Charging,Yes,0.5098451086956521,0.44565217391304346,185,7.253532608695653,61.065081081081075,50.0,0.6666666666666666,0,1
EVS03962,2,44,3,9,AC Level 1,Destination/AC,No,0.5268538961038961,0.43506493506493504,154,7.609480519480519,63.22266233766234,22.0,0.6666666666666666,1,1
EVS03963,3,1050,4,12,AC Level 1,Ultra-Fast Charging,No,0.349018045112782,0.18045112781954886,133,3.614887218045113,62.82353383458647,350.0,0.75,0,0
EVS03964,5,250,9,4,DC Fast Charger,Fast Charging,Yes,0.1780821052631579,0.11578947368421053,95,1.5618947368421052,53.42378947368421,50.0,0.5555555555555556,0,0
EVS03965,6,132,9,6,DC Fast Charger,Destination/AC,Yes,0.1726975,0.1,40,0.8825,62.17125,22.0,0.6666666666666666,0,0
EVS03966,6,300,8,6,DC Fast Charger,Fast Charging,No,0.1475310810810811,0.0945945945945946,149,2.7083108108108105,52.75624161073826,50.0,0.75,0,0
EVS03967,2,700,4,5,AC Level 1,Ultra-Fast Charging,Yes,0.5003105590062111,0.3105590062111801,162,6.665807453416149,59.92993827160494,350.0,0.5,0,1
EVS03968,1,150,1,8,DC Fast Charger,Fast Charging,No,0.8669433333333333,0.7166666666666667,60,4.901833333333333,58.0185,150.0,1.0,1,1
EVS03969,6,900,7,3,DC Fast Charger,Fast Charging,Yes,0.1461936,0.088,125,1.69608,52.62864,150.0,0.8571428571428571,0,0
EVS03970,7,2450,9,14,AC Level 1,Ultra-Fast Charging,No,0.15053577981651375,0.08256880733944955,109,1.694954128440367,63.22440366972477,350.0,0.7777777777777778,0,0
EVS03971,6,300,10,12,AC Level 2,Fast Charging,Yes,0.17102333333333333,0.05,120,1.8718333333333335,61.568083333333334,50.0,0.6,0,0
EVS03972,5,1750,7,6,AC Level 2,Ultra-Fast Charging,Yes,0.20115882352941178,0.1411764705882353,170,2.8885882352941175,60.34711764705882,350.0,0.7142857142857143,0,0
EVS03973,6,900,7,8,AC Level 2,Fast Charging,Yes,0.15883488372093024,0.046511627906976744,43,0.7165116279069768,57.17976744186046,150.0,0.8571428571428571,0,0
EVS03974,6,2100,9,3,DC Fast Charger,Ultra-Fast Charging,No,0.14592424242424243,0.06060606060606061,67,1.079090909090909,51.74820895522388,350.0,0.6666666666666666,0,0
EVS03975,5,1750,10,4,DC Fast Charger,Ultra-Fast Charging,Yes,0.16555,0.02631578947368421,38,0.8047368421052631,49.663947368421056,350.0,0.5,0,0
EVS03976,4,200,8,6,AC Level 1,Fast Charging,No,0.25516370370370367,0.14074074074074075,135,3.1074814814814813,61.238814814814816,50.0,0.5,0,0
EVS03977,8,400,10,14,AC Level 2,Fast Charging,Yes,0.12902058823529414,0.051470588235294115,136,1.8040441176470587,61.930073529411764,50.0,0.8,0,0
EVS03978,4,88,7,9,AC Level 2,Destination/AC,No,0.24766373626373628,0.19230769230769232,184,3.6748351648351645,58.7933152173913,22.0,0.5714285714285714,0,0
EVS03979,3,150,5,16,AC Level 1,Fast Charging,No,0.34519450549450553,0.17582417582417584,91,2.993076923076923,62.13505494505495,50.0,0.6,0,0
EVS03980,4,88,7,7,DC Fast Charger,Destination/AC,No,0.24840749999999998,0.025,40,0.835,59.61875,22.0,0.5714285714285714,0,0
EVS03981,8,176,10,3,AC Level 2,Destination/AC,No,0.1258010752688172,0.03225806451612903,93,1.1232258064516127,60.38268817204301,22.0,0.8,0,0
EVS03982,5,110,8,13,AC Level 2,Destination/AC,Yes,0.22741428571428574,0.07142857142857142,28,0.6260714285714286,68.22642857142857,22.0,0.625,0,0
EVS03983,4,88,5,8,AC Level 1,Destination/AC,No,0.2500835820895523,0.12686567164179105,134,2.9498507462686567,60.01962686567164,22.0,0.8,0,0
EVS03984,2,300,3,10,DC Fast Charger,Fast Charging,Yes,0.4454148148148148,0.2740740740740741,135,5.464740740740741,53.45059259259259,150.0,0.6666666666666666,0,0
EVS03985,6,2100,7,8,AC Level 1,Ultra-Fast Charging,Yes,0.169025,0.13815789473684212,153,2.6224013157894737,60.4513725490196,350.0,0.8571428571428571,0,0
EVS03986,1,50,1,15,DC Fast Charger,Fast Charging,No,0.810010989010989,0.6813186813186813,91,5.27923076923077,52.691098901098904,50.0,1.0,1,1
EVS03987,2,300,4,16,AC Level 2,Fast Charging,No,0.5368605263157895,0.21052631578947367,76,3.4811842105263158,64.4232894736842,150.0,0.5,1,0
EVS03988,6,2100,9,12,AC Level 2,Ultra-Fast Charging,No,0.17144583333333333,0.041666666666666664,24,0.6020833333333333,61.71875,350.0,0.6666666666666666,0,0
EVS03989,2,300,4,4,DC Fast Charger,Fast Charging,No,0.4204809523809524,0.15873015873015872,63,4.006507936507936,50.45714285714286,150.0,0.5,0,0
EVS03990,1,50,1,7,AC Level 2,Fast Charging,Yes,0.9010465346534654,0.8118811881188119,101,6.57,62.9849504950495,50.0,1.0,1,1
EVS03991,4,1400,8,16,DC Fast Charger,Ultra-Fast Charging,No,0.22138606060606061,0.11515151515151516,168,3.231515151515152,52.18440476190476,350.0,0.5,0,0
EVS03992,4,1400,6,13,AC Level 1,Ultra-Fast Charging,Yes,0.25344751773049645,0.12056737588652482,141,3.2579432624113474,60.82780141843971,350.0,0.6666666666666666,0,0
EVS03993,3,450,4,5,DC Fast Charger,Fast Charging,No,0.28909999999999997,0.14634146341463414,41,1.368048780487805,52.038536585365854,150.0,0.75,0,0
EVS03994,4,600,7,14,DC Fast Charger,Fast Charging,Yes,0.22227384615384613,0.07692307692307693,65,1.4016923076923078,53.34492307692308,150.0,0.5714285714285714,0,0
EVS03995,8,176,10,3,AC Level 1,Destination/AC,Yes,0.12960291262135923,0.07766990291262135,103,1.213009708737864,62.20883495145631,22.0,0.8,0,0
EVS03996,3,1050,6,4,AC Level 2,Ultra-Fast Charging,Yes,0.32332647058823527,0.08823529411764706,68,2.463529411764706,58.197941176470586,350.0,0.5,0,0
EVS03997,1,150,2,10,DC Fast Charger,Fast Charging,No,0.7923388888888889,0.6111111111111112,18,1.166111111111111,51.935,150.0,0.5,1,1
EVS03998,3,66,5,14,DC Fast Charger,Destination/AC,No,0.3349987261146497,0.28662420382165604,160,4.852643312101911,59.169875000000005,22.0,0.6,0,0
EVS03999,5,1750,9,15,DC Fast Charger,Ultra-Fast Charging,Yes,0.16696884057971015,0.14492753623188406,138,2.5444927536231883,50.09007246376812,350.0,0.5555555555555556,0,0
EVS04000,3,66,4,6,AC Level 2,Destination/AC,Yes,0.34849611650485435,0.1262135922330097,103,2.9666019417475726,62.729417475728155,22.0,0.75,0,0
EVS04001,3,450,4,6,AC Level 2,Fast Charging,No,0.35503493975903616,0.0963855421686747,84,2.191084337349398,63.14595238095238,150.0,0.75,0,0
EVS04002,1,22,1,14,AC Level 2,Destination/AC,Yes,0.8846921212121212,0.8363636363636363,168,8.52960606060606,61.52357142857142,22.0,1.0,1,1
EVS04003,6,900,9,16,AC Level 1,Fast Charging,Yes,0.187915,0.15,20,0.5685,67.64750000000001,150.0,0.6666666666666666,0,0
EVS04004,2,44,2,15,AC Level 2,Destination/AC,Yes,0.5113730000000001,0.26,101,4.0976,60.84514851485148,22.0,1.0,0,0
EVS04005,1,22,1,11,AC Level 1,Destination/AC,No,0.8856681818181819,0.8257575757575758,132,10.085227272727273,61.24484848484848,22.0,1.0,1,1
EVS04006,2,700,4,8,AC Level 2,Ultra-Fast Charging,No,0.5203672985781991,0.3412322274881517,211,6.716255924170617,62.46194312796208,350.0,0.5,1,1
EVS04007,3,66,4,3,DC Fast Charger,Destination/AC,Yes,0.3393583333333333,0.1,60,2.260166666666667,61.083666666666666,22.0,0.75,0,0
EVS04008,3,450,6,5,AC Level 2,Fast Charging,Yes,0.352837984496124,0.1937984496124031,129,4.6141860465116284,63.511162790697675,150.0,0.5,0,0
EVS04009,3,1050,4,15,AC Level 1,Ultra-Fast Charging,No,0.32405254237288134,0.03389830508474576,59,1.4689830508474577,58.32983050847458,350.0,0.75,0,0
EVS04010,6,300,9,14,AC Level 2,Fast Charging,No,0.17090408163265305,0.04081632653061224,49,0.7932653061224489,61.52510204081633,50.0,0.6666666666666666,0,0
EVS04011,5,750,6,13,DC Fast Charger,Fast Charging,Yes,0.1775867469879518,0.07228915662650602,84,1.4376506024096385,52.64190476190476,150.0,0.8333333333333334,0,0
EVS04012,4,200,8,14,AC Level 1,Fast Charging,Yes,0.2458265734265734,0.22377622377622378,143,4.175454545454546,58.99888111888112,50.0,0.5,0,0
EVS04013,5,250,9,16,AC Level 2,Fast Charging,No,0.20447692307692306,0.11538461538461539,156,2.297948717948718,61.3425,50.0,0.5555555555555556,0,0
EVS04014,8,2800,10,14,AC Level 2,Ultra-Fast Charging,No,0.12220116279069768,0.05813953488372093,86,1.134186046511628,58.65581395348837,350.0,0.8,0,0
EVS04015,5,1750,10,4,AC Level 2,Ultra-Fast Charging,Yes,0.19954864864864866,0.02702702702702703,74,1.4524324324324325,59.862837837837844,350.0,0.5,0,0
EVS04016,6,900,10,14,DC Fast Charger,Fast Charging,Yes,0.12447000000000001,0.1,30,0.74,44.809666666666665,150.0,0.6,0,0
EVS04017,4,200,6,12,DC Fast Charger,Fast Charging,Yes,0.21854528301886794,0.018867924528301886,53,1.4083018867924528,52.45018867924529,50.0,0.6666666666666666,0,0
EVS04018,4,600,5,15,AC Level 2,Fast Charging,No,0.2689695652173913,0.043478260869565216,46,1.0632608695652173,64.55326086956521,150.0,0.8,0,0
EVS04019,2,300,3,6,AC Level 2,Fast Charging,Yes,0.5348229166666667,0.16666666666666666,48,2.7385416666666664,64.17895833333334,150.0,0.6666666666666666,1,0
EVS04020,4,600,7,4,AC Level 1,Fast Charging,No,0.2552702290076336,0.13740458015267176,131,2.99618320610687,61.26557251908397,150.0,0.5714285714285714,0,0
EVS04021,3,450,4,16,AC Level 1,Fast Charging,Yes,0.34425581395348837,0.09302325581395349,43,1.4967441860465116,61.96674418604652,150.0,0.75,0,0
EVS04022,3,66,5,16,AC Level 2,Destination/AC,No,0.3809809523809524,0.047619047619047616,21,0.6376190476190476,68.57904761904763,22.0,0.6,0,0
EVS04023,1,150,3,11,DC Fast Charger,Fast Charging,Yes,0.7982146341463415,0.7073170731707317,124,8.212113821138212,52.01008064516129,150.0,0.3333333333333333,1,1
EVS04024,5,750,10,11,AC Level 2,Fast Charging,Yes,0.2009804347826087,0.08695652173913043,92,1.4357608695652175,60.29489130434783,150.0,0.5,0,0
EVS04025,1,22,1,10,DC Fast Charger,Destination/AC,Yes,0.8812000000000001,0.7333333333333333,76,6.526533333333333,56.645,22.0,1.0,1,1
EVS04026,8,2800,9,4,AC Level 1,Ultra-Fast Charging,Yes,0.1289341463414634,0.04878048780487805,42,0.445,60.415238095238095,350.0,0.8888888888888888,0,0
EVS04027,1,50,2,3,AC Level 2,Fast Charging,Yes,0.9246769230769231,0.7884615384615384,52,5.153076923076923,63.174807692307695,50.0,0.5,1,1
EVS04028,2,100,4,12,AC Level 2,Fast Charging,No,0.5001033333333333,0.2,90,4.430777777777777,60.01155555555555,50.0,0.5,0,0
EVS04029,2,100,3,13,AC Level 2,Fast Charging,No,0.52784,0.31724137931034485,146,5.682413793103448,63.07246575342466,50.0,0.6666666666666666,1,1
EVS04030,4,1400,9,15,DC Fast Charger,Ultra-Fast Charging,No,0.22517023809523812,0.10714285714285714,84,1.9292857142857143,54.03952380952381,350.0,0.4444444444444444,0,0
EVS04031,6,2100,10,14,AC Level 1,Ultra-Fast Charging,No,0.17261212121212122,0.050505050505050504,100,1.7855050505050503,61.517300000000006,350.0,0.6,0,0
EVS04032,3,450,3,14,AC Level 1,Fast Charging,No,0.3430096153846154,0.1346153846153846,104,2.9660576923076927,61.74134615384616,150.0,1.0,0,0
EVS04033,1,50,2,6,AC Level 2,Fast Charging,Yes,0.8854966101694915,0.7627118644067796,59,6.936440677966102,60.60559322033898,50.0,0.5,1,1
EVS04034,2,300,4,14,DC Fast Charger,Fast Charging,No,0.400702,0.16,50,2.6392,48.0846,150.0,0.5,0,0
EVS04035,6,2100,10,16,DC Fast Charger,Ultra-Fast Charging,Yes,0.14406067415730336,0.07865168539325842,89,1.7547191011235956,51.862022471910116,350.0,0.6,0,0
EVS04036,2,44,4,8,DC Fast Charger,Destination/AC,Yes,0.4721875,0.041666666666666664,24,0.8791666666666668,56.66166666666667,22.0,0.5,0,0
EVS04037,2,300,5,4,AC Level 2,Fast Charging,No,0.5171947368421053,0.3092105263157895,152,6.281973684210526,62.11631578947369,150.0,0.4,1,1
EVS04038,3,450,5,13,AC Level 2,Fast Charging,Yes,0.3482387096774194,0.1693548387096774,125,3.575,62.182559999999995,150.0,0.6,0,0
EVS04039,3,450,4,10,AC Level 2,Fast Charging,Yes,0.33897,0.15,60,2.3021666666666665,61.015,150.0,0.75,0,0
EVS04040,1,50,1,9,DC Fast Charger,Fast Charging,No,0.8259951807228915,0.7349397590361446,83,7.825060240963856,54.3289156626506,50.0,1.0,1,1
EVS04041,6,2100,7,14,DC Fast Charger,Ultra-Fast Charging,No,0.1483,0.05970149253731343,67,1.0292537313432835,53.38716417910448,350.0,0.8571428571428571,0,0
EVS04042,4,600,7,6,AC Level 1,Fast Charging,No,0.25818424657534245,0.13013698630136986,146,3.0208904109589043,61.96342465753425,150.0,0.5714285714285714,0,0
EVS04043,2,300,3,13,AC Level 2,Fast Charging,Yes,0.50969296875,0.296875,129,6.126171875,60.91100775193799,150.0,0.6666666666666666,0,1
EVS04044,6,132,9,4,AC Level 1,Destination/AC,No,0.1626871794871795,0.0,39,0.5512820512820513,58.56538461538462,22.0,0.6666666666666666,0,0
EVS04045,5,1750,9,16,AC Level 1,Ultra-Fast Charging,No,0.2137546511627907,0.06976744186046512,86,1.7122093023255813,64.12732558139534,350.0,0.5555555555555556,0,0
EVS04046,2,44,2,9,DC Fast Charger,Destination/AC,No,0.5206058823529413,0.058823529411764705,17,1.1294117647058823,62.47235294117647,22.0,1.0,1,0
EVS04047,3,450,6,12,AC Level 2,Fast Charging,No,0.33601923076923074,0.11538461538461539,78,2.71,60.48320512820512,150.0,0.5,0,0
EVS04048,1,150,1,13,AC Level 2,Fast Charging,Yes,0.8632224489795918,0.6938775510204082,49,4.1322448979591835,58.464081632653055,150.0,1.0,1,1
EVS04049,7,1050,9,4,AC Level 2,Fast Charging,Yes,0.13755735294117646,0.08823529411764706,68,1.2291176470588234,57.773676470588235,150.0,0.7777777777777778,0,0
EVS04050,3,66,5,14,AC Level 2,Destination/AC,Yes,0.3354034090909091,0.06818181818181818,88,2.521931818181818,60.371931818181814,22.0,0.6,0,0
EVS04051,6,132,8,10,AC Level 1,Destination/AC,Yes,0.1749611111111111,0.1111111111111111,72,1.2016666666666667,62.98569444444445,22.0,0.75,0,0
EVS04052,1,150,1,12,AC Level 2,Fast Charging,Yes,0.9092473684210527,0.8,95,6.221684210526315,63.65,150.0,1.0,1,1
EVS04053,7,350,9,4,DC Fast Charger,Fast Charging,No,0.1254076388888889,0.11805555555555555,145,2.1293402777777777,52.307931034482756,50.0,0.7777777777777778,0,0
EVS04054,4,200,8,7,AC Level 1,Fast Charging,No,0.26452137931034486,0.09655172413793103,146,3.1412068965517244,63.04904109589041,50.0,0.5,0,0
EVS04055,1,350,1,3,DC Fast Charger,Ultra-Fast Charging,Yes,0.8528800000000001,0.6666666666666666,15,1.6653333333333333,58.21933333333333,350.0,1.0,1,1
EVS04056,1,350,2,16,DC Fast Charger,Ultra-Fast Charging,Yes,0.8591773333333333,0.7866666666666666,75,6.6517333333333335,57.254000000000005,350.0,0.5,1,1
EVS04057,4,1400,5,9,AC Level 1,Ultra-Fast Charging,No,0.25339014084507044,0.20422535211267606,143,3.8078521126760565,60.38769230769231,350.0,0.8,0,0
EVS04058,5,1750,10,8,AC Level 2,Ultra-Fast Charging,No,0.21703142857142857,0.0761904761904762,105,2.0006666666666666,65.10828571428571,350.0,0.5,0,0
EVS04059,8,1200,10,12,AC Level 2,Fast Charging,No,0.12856415094339624,0.07547169811320754,54,0.6231132075471698,60.565925925925924,150.0,0.8,0,0
EVS04060,4,88,8,10,AC Level 1,Destination/AC,No,0.2544313559322034,0.1440677966101695,119,2.741949152542373,60.55042016806723,22.0,0.5,0,0
EVS04061,6,132,10,3,AC Level 1,Destination/AC,Yes,0.16214705882352942,0.08823529411764706,34,0.8435294117647059,58.37147058823529,22.0,0.6,0,0
EVS04062,5,250,8,4,AC Level 2,Fast Charging,No,0.19917692307692308,0.07692307692307693,13,0.5315384615384615,59.74923076923077,50.0,0.625,0,0
EVS04063,4,88,8,5,AC Level 1,Destination/AC,Yes,0.2738889763779528,0.047244094488188976,128,2.558425196850394,65.21953125,22.0,0.5,0,0
EVS04064,2,700,2,3,DC Fast Charger,Ultra-Fast Charging,Yes,0.4290303278688525,0.1885245901639344,122,4.788360655737704,51.48393442622951,350.0,1.0,0,0
EVS04065,6,2100,10,9,AC Level 1,Ultra-Fast Charging,No,0.16984557823129254,0.04081632653061224,148,2.217755102040816,60.73148648648649,350.0,0.6,0,0
EVS04066,3,66,4,5,DC Fast Charger,Destination/AC,No,0.32670625000000003,0.0375,81,1.8035,58.08148148148149,22.0,0.75,0,0
EVS04067,4,600,6,4,AC Level 2,Fast Charging,No,0.253330625,0.18125,160,3.7569375000000003,60.799437499999996,150.0,0.6666666666666666,0,0
EVS04068,6,900,9,10,AC Level 1,Fast Charging,No,0.1813925925925926,0.08641975308641975,81,1.2823456790123458,65.29950617283951,150.0,0.6666666666666666,0,0
EVS04069,7,1050,10,6,AC Level 2,Fast Charging,No,0.14824253731343284,0.08208955223880597,134,1.6957462686567166,62.26082089552239,150.0,0.7,0,0
EVS04070,3,450,4,16,DC Fast Charger,Fast Charging,Yes,0.29184827586206896,0.06896551724137931,29,0.9013793103448277,52.53344827586207,150.0,0.75,0,0
EVS04071,5,750,7,7,AC Level 1,Fast Charging,No,0.21127666666666667,0.13333333333333333,30,0.6856666666666666,63.382,150.0,0.7142857142857143,0,0
EVS04072,1,150,2,10,AC Level 1,Fast Charging,Yes,0.8764992957746479,0.8098591549295775,142,9.065915492957746,60.28746478873239,150.0,0.5,1,1
EVS04073,5,1750,7,16,AC Level 2,Ultra-Fast Charging,Yes,0.20890472972972973,0.12837837837837837,150,2.9008783783783785,61.835800000000006,350.0,0.7142857142857143,0,0
EVS04074,6,2100,9,8,DC Fast Charger,Ultra-Fast Charging,Yes,0.14547540106951873,0.12834224598930483,189,2.8890374331550803,51.81539682539683,350.0,0.6666666666666666,0,0
EVS04075,6,132,9,8,AC Level 1,Destination/AC,No,0.16183733333333333,0.05333333333333334,75,1.0425333333333333,58.26186666666667,22.0,0.6666666666666666,0,0
EVS04076,6,132,8,6,DC Fast Charger,Destination/AC,No,0.17140769230769232,0.0,13,0.40076923076923077,61.70384615384615,22.0,0.75,0,0
EVS04077,1,22,2,6,AC Level 1,Destination/AC,No,0.8801544502617801,0.8429319371727748,191,8.678848167539268,59.34816753926702,22.0,0.5,1,1
EVS04078,7,154,9,6,DC Fast Charger,Destination/AC,No,0.14065280000000002,0.064,125,1.64904,59.07352,22.0,0.7777777777777778,0,0
EVS04079,5,750,6,4,DC Fast Charger,Fast Charging,Yes,0.173058064516129,0.03225806451612903,62,1.1274193548387097,51.917419354838714,150.0,0.8333333333333334,0,0
EVS04080,2,100,2,16,AC Level 2,Fast Charging,Yes,0.5178633802816901,0.29577464788732394,142,5.895352112676056,62.14330985915493,50.0,1.0,1,1
EVS04081,1,350,1,4,AC Level 1,Ultra-Fast Charging,No,0.8891025157232705,0.8238993710691824,159,9.291383647798742,60.53471698113208,350.0,1.0,1,1
EVS04082,7,1050,10,6,AC Level 2,Fast Charging,Yes,0.14494761904761905,0.06349206349206349,63,0.9282539682539682,60.87730158730159,150.0,0.7,0,0
EVS04083,6,132,8,8,AC Level 1,Destination/AC,No,0.16713863636363638,0.11363636363636363,132,2.548030303030303,60.169999999999995,22.0,0.75,0,0
EVS04084,2,700,3,4,AC Level 1,Ultra-Fast Charging,No,0.5124185897435898,0.32051282051282054,157,7.041858974358974,61.28681528662421,350.0,0.6666666666666666,1,1
EVS04085,6,2100,9,13,AC Level 2,Ultra-Fast Charging,Yes,0.17714536082474228,0.041237113402061855,97,1.6942268041237114,63.77103092783505,350.0,0.6666666666666666,0,0
EVS04086,3,150,5,8,AC Level 2,Fast Charging,No,0.3363472222222222,0.2037037037037037,108,4.115,60.54222222222223,50.0,0.6,0,0
EVS04087,5,750,10,12,DC Fast Charger,Fast Charging,Yes,0.16216184210526316,0.05263157894736842,77,1.2396052631578947,48.016363636363636,150.0,0.5,0,0
EVS04088,8,1200,9,3,DC Fast Charger,Fast Charging,No,0.11176818181818181,0.06818181818181818,176,2.1394886363636365,53.64835227272727,150.0,0.8888888888888888,0,0
EVS04089,7,1050,9,15,AC Level 2,Fast Charging,No,0.1464675,0.1125,161,2.4408125000000003,61.13267080745342,150.0,0.7777777777777778,0,0
EVS04090,4,88,6,15,AC Level 2,Destination/AC,No,0.2595021978021978,0.21428571428571427,182,4.002582417582418,62.28087912087913,22.0,0.6666666666666666,0,0
EVS04091,4,200,8,15,AC Level 2,Fast Charging,No,0.2535318471337579,0.11464968152866242,157,3.361528662420382,60.84796178343949,50.0,0.5,0,0
EVS04092,1,50,1,6,DC Fast Charger,Fast Charging,No,0.808478125,0.5625,32,2.269375,51.5728125,50.0,1.0,1,1
EVS04093,2,300,4,13,AC Level 1,Fast Charging,Yes,0.529844,0.14666666666666667,75,3.1432,63.58133333333334,150.0,0.5,1,0
EVS04094,4,88,5,9,DC Fast Charger,Destination/AC,No,0.25889012345679013,0.06172839506172839,81,1.7714814814814817,62.133086419753084,22.0,0.8,0,0
EVS04095,8,400,10,10,AC Level 2,Fast Charging,No,0.12455722222222222,0.10555555555555556,181,1.9576666666666667,59.457624309392266,50.0,0.8,0,0
EVS04096,1,22,1,5,AC Level 1,Destination/AC,No,0.8972480916030534,0.8091603053435115,132,6.979274809160305,63.108409090909085,22.0,1.0,1,1
EVS04097,2,44,3,8,AC Level 1,Destination/AC,No,0.5283887931034483,0.25862068965517243,116,5.110862068965518,63.40629310344828,22.0,0.6666666666666666,1,0
EVS04098,3,1050,6,14,DC Fast Charger,Ultra-Fast Charging,No,0.27965641025641025,0.05128205128205128,39,1.198205128205128,50.33769230769231,350.0,0.5,0,0
EVS04099,5,250,10,14,AC Level 1,Fast Charging,No,0.20534384615384615,0.1,132,2.8937692307692306,60.670227272727274,50.0,0.5,0,0
EVS04100,4,1400,7,7,DC Fast Charger,Ultra-Fast Charging,Yes,0.21993098591549295,0.07042253521126761,71,1.8428169014084508,52.78267605633803,350.0,0.5714285714285714,0,0
EVS04101,4,1400,8,10,AC Level 1,Ultra-Fast Charging,No,0.2545290322580645,0.0,31,0.7716129032258066,61.08774193548387,350.0,0.5,0,0
EVS04102,5,1750,10,7,DC Fast Charger,Ultra-Fast Charging,Yes,0.1796313725490196,0.12254901960784313,204,2.9137254901960783,53.888774509803916,350.0,0.5,0,0
EVS04103,2,700,4,13,DC Fast Charger,Ultra-Fast Charging,No,0.4068,0.02857142857142857,35,2.0691428571428574,48.81685714285714,350.0,0.5,0,0
EVS04104,1,350,1,8,AC Level 2,Ultra-Fast Charging,No,0.87424375,0.625,16,1.49375,55.67125,350.0,1.0,1,1
EVS04105,4,600,6,8,AC Level 1,Fast Charging,Yes,0.2558809523809524,0.09523809523809523,21,0.7857142857142857,61.410000000000004,150.0,0.6666666666666666,0,0
EVS04106,2,300,4,15,AC Level 1,Fast Charging,No,0.48981600000000003,0.15,100,3.392,58.7783,150.0,0.5,0,0
EVS04107,4,1400,5,16,AC Level 2,Ultra-Fast Charging,Yes,0.2433638888888889,0.0,36,0.8475,58.4075,350.0,0.8,0,0
EVS04108,3,1050,6,4,AC Level 1,Ultra-Fast Charging,Yes,0.348668,0.24571428571428572,177,4.797228571428572,62.051638418079094,350.0,0.5,0,0
EVS04109,4,600,8,13,DC Fast Charger,Fast Charging,No,0.2077561403508772,0.07017543859649122,114,2.4507894736842104,49.86052631578948,150.0,0.5,0,0
EVS04110,1,350,3,16,AC Level 1,Ultra-Fast Charging,Yes,0.8939402985074627,0.746268656716418,67,6.092835820895522,61.431641791044775,350.0,0.3333333333333333,1,1
EVS04111,7,350,9,3,AC Level 1,Fast Charging,Yes,0.13599090909090908,0.0,11,0.2636363636363636,57.11636363636364,50.0,0.7777777777777778,0,0
EVS04112,1,50,1,10,AC Level 1,Fast Charging,No,0.9007134020618557,0.845360824742268,97,7.64701030927835,64.59886597938144,50.0,1.0,1,1
EVS04113,5,1750,7,9,AC Level 2,Ultra-Fast Charging,No,0.2172027027027027,0.05405405405405406,37,1.0078378378378379,65.16162162162162,350.0,0.7142857142857143,0,0
EVS04114,4,1400,8,13,AC Level 1,Ultra-Fast Charging,Yes,0.25503806451612904,0.1870967741935484,156,4.390548387096774,60.816730769230766,350.0,0.5,0,0
EVS04115,2,700,2,16,AC Level 2,Ultra-Fast Charging,Yes,0.534503896103896,0.16883116883116883,77,3.2170129870129873,64.14025974025974,350.0,1.0,1,0
EVS04116,3,150,6,16,AC Level 1,Fast Charging,Yes,0.3294238636363636,0.1590909090909091,88,2.5007954545454543,59.29624999999999,50.0,0.5,0,0
EVS04117,1,350,1,6,DC Fast Charger,Ultra-Fast Charging,No,0.8739066666666666,0.6666666666666666,15,2.2060000000000004,58.211333333333336,350.0,1.0,1,1
EVS04118,5,110,6,5,DC Fast Charger,Destination/AC,No,0.18938275862068965,0.0,29,0.8441379310344828,56.81310344827586,22.0,0.8333333333333334,0,0
EVS04119,2,300,3,8,AC Level 2,Fast Charging,Yes,0.5513975,0.125,41,2.16875,64.55317073170731,150.0,0.6666666666666666,1,0
EVS04120,4,88,8,12,AC Level 2,Destination/AC,No,0.2652833333333333,0.05555555555555555,18,0.7183333333333333,63.669444444444444,22.0,0.5,0,0
EVS04121,5,750,6,7,AC Level 2,Fast Charging,Yes,0.20662519685039368,0.12598425196850394,127,2.498031496062992,61.98779527559055,150.0,0.8333333333333334,0,0
EVS04122,1,22,1,6,AC Level 2,Destination/AC,No,0.8821240506329113,0.7848101265822784,158,8.72620253164557,60.6106329113924,22.0,1.0,1,1
EVS04123,1,50,1,12,DC Fast Charger,Fast Charging,Yes,0.8140422360248447,0.7701863354037267,161,9.320186335403726,53.7483850931677,50.0,1.0,1,1
EVS04124,6,900,10,7,DC Fast Charger,Fast Charging,Yes,0.13478225806451613,0.06451612903225806,63,1.1450806451612905,47.75285714285714,150.0,0.6,0,0
EVS04125,2,700,4,6,AC Level 1,Ultra-Fast Charging,No,0.5029572327044025,0.3081761006289308,159,7.07622641509434,60.35509433962264,350.0,0.5,0,1
EVS04126,3,1050,4,15,DC Fast Charger,Ultra-Fast Charging,No,0.2959890243902439,0.18292682926829268,82,3.5498780487804873,53.27768292682927,350.0,0.75,0,0
EVS04127,4,1400,5,13,AC Level 2,Ultra-Fast Charging,Yes,0.2547129032258064,0.06451612903225806,31,0.7154838709677419,61.130967741935486,350.0,0.8,0,0
EVS04128,1,22,1,3,AC Level 1,Destination/AC,No,0.8558757575757576,0.6666666666666666,33,2.9690909090909092,60.47969696969697,22.0,1.0,1,1
EVS04129,4,1400,7,6,DC Fast Charger,Ultra-Fast Charging,No,0.2211344,0.128,125,2.7258400000000003,53.0716,350.0,0.5714285714285714,0,0
EVS04130,4,1400,6,4,AC Level 1,Ultra-Fast Charging,No,0.2464142857142857,0.08571428571428572,70,2.124142857142857,59.139714285714284,350.0,0.6666666666666666,0,0
EVS04131,4,1400,6,12,DC Fast Charger,Ultra-Fast Charging,No,0.2228,0.06666666666666667,15,0.36000000000000004,53.472,350.0,0.6666666666666666,0,0
EVS04132,2,44,5,16,DC Fast Charger,Destination/AC,No,0.509528125,0.40625,162,7.6734687500000005,60.54351851851851,22.0,0.4,0,1
EVS04133,7,154,9,13,AC Level 2,Destination/AC,Yes,0.14709178082191782,0.0958904109589041,146,1.7276027397260274,61.77897260273972,22.0,0.7777777777777778,0,0
EVS04134,3,450,4,12,AC Level 1,Fast Charging,Yes,0.3364568965517241,0.15517241379310345,116,3.0433620689655174,60.56224137931035,150.0,0.75,0,0
EVS04135,5,250,7,4,AC Level 1,Fast Charging,No,0.19941117647058826,0.07058823529411765,171,3.186147058823529,59.473333333333336,50.0,0.7142857142857143,0,0
EVS04136,4,1400,7,9,AC Level 1,Ultra-Fast Charging,Yes,0.2560929347826087,0.21195652173913043,186,3.927554347826087,60.802204301075264,350.0,0.5714285714285714,0,0
EVS04137,3,66,7,16,DC Fast Charger,Destination/AC,No,0.33386739130434784,0.2391304347826087,185,5.501929347826087,59.77086486486487,22.0,0.42857142857142855,0,0
EVS04138,4,88,6,10,AC Level 2,Destination/AC,Yes,0.2660090909090909,0.01818181818181818,55,1.2307272727272727,63.842,22.0,0.6666666666666666,0,0
EVS04139,3,150,4,13,AC Level 2,Fast Charging,No,0.34630742857142854,0.2342857142857143,176,4.856685714285714,61.980965909090905,50.0,0.75,0,0
EVS04140,4,600,6,13,DC Fast Charger,Fast Charging,Yes,0.21528,0.14736842105263157,95,2.5197894736842104,51.666000000000004,150.0,0.6666666666666666,0,0
EVS04141,5,110,10,14,AC Level 2,Destination/AC,Yes,0.21734959349593494,0.17073170731707318,125,2.428617886178862,64.16064,22.0,0.5,0,0
EVS04142,5,1750,6,3,DC Fast Charger,Ultra-Fast Charging,Yes,0.17484295774647887,0.11971830985915492,144,2.480598591549296,51.723819444444445,350.0,0.8333333333333334,0,0
EVS04143,3,450,6,10,DC Fast Charger,Fast Charging,No,0.2986315789473684,0.0,38,1.666842105263158,53.75236842105263,150.0,0.5,0,0
EVS04144,1,150,1,5,AC Level 2,Fast Charging,No,0.870923595505618,0.7528089887640449,89,8.372022471910112,59.368764044943816,150.0,1.0,1,1
EVS04145,1,150,2,10,AC Level 2,Fast Charging,No,0.8588,0.6551724137931034,29,3.2424137931034482,57.94068965517241,150.0,0.5,1,1
EVS04146,3,150,7,15,AC Level 2,Fast Charging,Yes,0.34997727272727275,0.10606060606060606,67,1.6609848484848484,62.05477611940299,50.0,0.42857142857142855,0,0
EVS04147,4,1400,9,11,AC Level 1,Ultra-Fast Charging,Yes,0.25198571428571426,0.09523809523809523,84,2.1132142857142857,60.47595238095238,350.0,0.4444444444444444,0,0
EVS04148,3,450,6,9,DC Fast Charger,Fast Charging,Yes,0.28456196319018406,0.22699386503067484,163,4.869754601226994,51.22141104294479,150.0,0.5,0,0
EVS04149,3,450,4,4,AC Level 1,Fast Charging,Yes,0.34038447204968947,0.22981366459627328,162,4.787826086956522,60.89123456790123,150.0,0.75,0,0
EVS04150,2,100,4,11,AC Level 2,Fast Charging,Yes,0.4961134146341463,0.2073170731707317,83,3.8626219512195124,59.33710843373493,50.0,0.5,0,0
EVS04151,6,132,9,3,AC Level 2,Destination/AC,Yes,0.16660298507462687,0.029850746268656716,67,1.2744776119402985,59.97686567164179,22.0,0.6666666666666666,0,0
EVS04152,5,750,6,14,AC Level 2,Fast Charging,Yes,0.20511166666666666,0.14166666666666666,120,2.2151666666666667,61.53341666666667,150.0,0.8333333333333334,0,0
EVS04153,4,600,6,9,AC Level 1,Fast Charging,Yes,0.2528916167664671,0.2275449101796407,167,4.308922155688623,60.69449101796407,150.0,0.6666666666666666,0,0
EVS04154,6,132,9,10,DC Fast Charger,Destination/AC,No,0.166987134502924,0.0935672514619883,172,3.0830994152046785,59.76569767441861,22.0,0.6666666666666666,0,0
EVS04155,5,250,8,14,AC Level 1,Fast Charging,No,0.20350892857142858,0.08928571428571429,56,1.0716071428571428,61.052678571428565,50.0,0.625,0,0
EVS04156,4,200,7,8,AC Level 1,Fast Charging,No,0.24216,0.09090909090909091,55,1.2303636363636363,58.11781818181818,50.0,0.5714285714285714,0,0
EVS04157,3,450,5,9,AC Level 2,Fast Charging,Yes,0.3308731884057971,0.17391304347826086,140,3.686521739130435,58.70642857142857,150.0,0.6,0,0
EVS04158,4,600,5,8,DC Fast Charger,Fast Charging,No,0.21420461538461538,0.046153846153846156,65,1.5275384615384617,51.408307692307694,150.0,0.8,0,0
EVS04159,6,132,8,10,AC Level 2,Destination/AC,No,0.17852307692307692,0.0,39,0.8910256410256411,64.26615384615386,22.0,0.75,0,0
EVS04160,2,300,3,11,AC Level 1,Fast Charging,No,0.5173045454545454,0.0,22,1.134090909090909,62.07636363636364,150.0,0.6666666666666666,1,0
EVS04161,2,700,4,13,AC Level 2,Ultra-Fast Charging,No,0.5128714285714286,0.17346938775510204,99,3.579030612244898,60.99909090909091,350.0,0.5,1,0
EVS04162,1,22,1,13,AC Level 1,Destination/AC,Yes,0.9095936507936508,0.8412698412698413,63,6.607142857142857,62.796190476190475,22.0,1.0,1,1
EVS04163,1,350,2,4,AC Level 1,Ultra-Fast Charging,Yes,0.9006478723404255,0.776595744680851,94,7.0459574468085115,62.91521276595744,350.0,0.5,1,1
EVS04164,2,44,2,4,DC Fast Charger,Destination/AC,No,0.48032295081967213,0.08196721311475409,61,2.3062295081967212,57.63852459016393,22.0,1.0,0,0
EVS04165,3,1050,6,7,AC Level 2,Ultra-Fast Charging,Yes,0.3515169230769231,0.16153846153846155,130,4.117461538461538,63.273153846153846,350.0,0.5,0,0
EVS04166,1,50,2,13,DC Fast Charger,Fast Charging,Yes,0.8418204724409448,0.7716535433070866,129,8.404763779527558,56.06387596899225,50.0,0.5,1,1
EVS04167,2,300,2,9,AC Level 2,Fast Charging,No,0.5160189189189189,0.26126126126126126,112,4.681396396396396,61.410089285714285,150.0,1.0,1,0
EVS04168,5,250,8,13,AC Level 1,Fast Charging,Yes,0.2030674418604651,0.09302325581395349,43,0.9283720930232559,60.91976744186047,50.0,0.625,0,0
EVS04169,4,600,7,8,AC Level 2,Fast Charging,Yes,0.25714190476190474,0.12380952380952381,105,2.2165714285714286,61.712857142857146,150.0,0.5714285714285714,0,0
EVS04170,3,66,4,10,DC Fast Charger,Destination/AC,Yes,0.33540327868852454,0.16393442622950818,122,3.645409836065574,60.37204918032787,22.0,0.75,0,0
EVS04171,3,66,5,7,AC Level 2,Destination/AC,No,0.35294390243902435,0.0975609756097561,83,2.1156097560975606,62.764216867469884,22.0,0.6,0,0
EVS04172,6,900,10,12,AC Level 2,Fast Charging,Yes,0.17378166666666667,0.0,60,0.8995,62.56166666666666,150.0,0.6,0,0
EVS04173,5,750,7,6,AC Level 2,Fast Charging,No,0.21519122807017543,0.08771929824561403,116,1.7175438596491228,63.44362068965517,150.0,0.7142857142857143,0,0
EVS04174,2,44,3,12,DC Fast Charger,Destination/AC,Yes,0.4939267605633803,0.15492957746478872,71,3.351830985915493,59.27169014084507,22.0,0.6666666666666666,0,0
EVS04175,6,132,8,14,DC Fast Charger,Destination/AC,No,0.17590731707317073,0.07317073170731707,82,1.3853658536585365,63.32756097560975,22.0,0.75,0,0
EVS04176,4,200,8,14,AC Level 1,Fast Charging,No,0.26319764705882354,0.09411764705882353,85,1.6407058823529412,63.166588235294114,50.0,0.5,0,0
EVS04177,5,250,8,6,AC Level 2,Fast Charging,Yes,0.21663968253968255,0.07936507936507936,64,1.4848412698412699,63.9778125,50.0,0.625,0,0
EVS04178,7,2450,9,5,AC Level 1,Ultra-Fast Charging,Yes,0.14376641221374045,0.06870229007633588,131,1.967709923664122,60.38312977099236,350.0,0.7777777777777778,0,0
EVS04179,2,700,5,4,AC Level 1,Ultra-Fast Charging,No,0.5116719512195121,0.2073170731707317,82,3.9396341463414637,61.401097560975614,350.0,0.4,1,0
EVS04180,1,350,1,16,AC Level 1,Ultra-Fast Charging,No,0.8907311320754717,0.7830188679245284,106,7.255660377358491,60.37943396226415,350.0,1.0,1,1
EVS04181,1,350,2,6,AC Level 2,Ultra-Fast Charging,Yes,0.899630081300813,0.8048780487804879,125,8.07569105691057,62.912800000000004,350.0,0.5,1,1
EVS04182,1,150,1,7,DC Fast Charger,Fast Charging,No,0.7687861111111112,0.7083333333333334,72,7.283472222222222,49.66861111111111,150.0,1.0,1,1
EVS04183,3,450,4,11,AC Level 1,Fast Charging,Yes,0.3175707317073171,0.024390243902439025,41,1.3543902439024391,57.16195121951219,150.0,0.75,0,0
EVS04184,8,1200,10,3,AC Level 1,Fast Charging,Yes,0.1266326923076923,0.057692307692307696,157,1.852275641025641,60.396242038216556,150.0,0.8,0,0
EVS04185,5,1750,10,10,AC Level 1,Ultra-Fast Charging,Yes,0.206176,0.08,25,0.5472,61.852,350.0,0.5,0,0
EVS04186,2,300,4,11,AC Level 2,Fast Charging,Yes,0.5073538461538462,0.26153846153846155,130,4.898230769230769,60.99253846153846,150.0,0.5,0,0
EVS04187,8,1200,10,9,AC Level 2,Fast Charging,Yes,0.11990845070422536,0.056338028169014086,71,0.6976056338028169,57.55718309859155,150.0,0.8,0,0
EVS04188,8,1200,10,8,AC Level 2,Fast Charging,Yes,0.12502830188679245,0.11320754716981132,53,0.7209433962264151,60.010943396226416,150.0,0.8,0,0
EVS04189,1,22,1,4,AC Level 2,Destination/AC,Yes,0.8823304347826088,0.6086956521739131,23,2.1895652173913045,59.4408695652174,22.0,1.0,1,1
EVS04190,6,300,10,9,AC Level 1,Fast Charging,Yes,0.1733034090909091,0.10227272727272728,177,2.674715909090909,62.037118644067796,50.0,0.6,0,0
EVS04191,3,66,5,6,AC Level 1,Destination/AC,Yes,0.3382417721518987,0.08860759493670886,79,2.6888607594936706,60.88379746835442,22.0,0.6,0,0
EVS04192,2,44,5,12,AC Level 1,Destination/AC,Yes,0.4989234375,0.234375,65,3.3220312499999998,59.68953846153846,22.0,0.4,0,0
EVS04193,2,300,2,4,DC Fast Charger,Fast Charging,No,0.4177804195804196,0.32867132867132864,143,6.812027972027972,50.13370629370629,150.0,1.0,0,1
EVS04194,7,350,9,10,DC Fast Charger,Fast Charging,No,0.12315384615384616,0.07692307692307693,26,0.4942307692307692,51.72038461538462,50.0,0.7777777777777778,0,0
EVS04195,4,200,7,5,DC Fast Charger,Fast Charging,No,0.22338019801980197,0.15841584158415842,101,2.9159405940594056,53.61198019801981,50.0,0.5714285714285714,0,0
EVS04196,4,1400,7,11,DC Fast Charger,Ultra-Fast Charging,Yes,0.20714065934065937,0.14285714285714285,91,2.4223076923076925,49.714725274725275,350.0,0.5714285714285714,0,0
EVS04197,2,700,3,10,AC Level 1,Ultra-Fast Charging,No,0.5001559322033898,0.2457627118644068,118,4.37322033898305,60.018559322033894,350.0,0.6666666666666666,0,0
EVS04198,2,100,5,16,AC Level 1,Fast Charging,No,0.5180758620689655,0.20689655172413793,29,1.9520689655172414,62.169310344827586,50.0,0.4,1,0
EVS04199,1,22,1,11,DC Fast Charger,Destination/AC,No,0.9028968586387435,0.8900523560209425,192,9.300287958115183,63.04229166666667,22.0,1.0,1,1
EVS04200,7,1050,10,9,AC Level 1,Fast Charging,Yes,0.15309558823529412,0.029411764705882353,68,0.8110294117647059,64.30132352941176,150.0,0.7,0,0
EVS04201,5,250,10,9,AC Level 1,Fast Charging,No,0.20522923076923077,0.12307692307692308,132,2.5682692307692307,60.636590909090906,50.0,0.5,0,0
EVS04202,3,150,5,9,DC Fast Charger,Fast Charging,Yes,0.30064772727272726,0.20454545454545456,135,4.219166666666666,52.91437037037037,50.0,0.6,0,0
EVS04203,2,44,2,9,AC Level 1,Destination/AC,No,0.5440622950819672,0.16393442622950818,61,3.608032786885246,65.29786885245902,22.0,1.0,1,0
EVS04204,2,700,4,3,AC Level 1,Ultra-Fast Charging,No,0.5184727272727273,0.06060606060606061,33,1.4733333333333332,62.21666666666667,350.0,0.5,1,0
EVS04205,6,2100,10,10,AC Level 1,Ultra-Fast Charging,Yes,0.16145208333333333,0.041666666666666664,48,1.1420833333333333,58.12083333333334,350.0,0.6,0,0
EVS04206,1,150,1,9,AC Level 2,Fast Charging,Yes,0.8868424836601307,0.8235294117647058,153,8.405882352941175,59.90150326797386,150.0,1.0,1,1
EVS04207,5,1750,10,11,AC Level 2,Ultra-Fast Charging,No,0.2021824858757062,0.13559322033898305,177,3.2050282485875705,60.65418079096046,350.0,0.5,0,0
EVS04208,2,100,3,8,AC Level 1,Fast Charging,No,0.5283208860759494,0.3037974683544304,158,7.266582278481012,63.45,50.0,0.6666666666666666,1,1
EVS04209,1,350,2,12,DC Fast Charger,Ultra-Fast Charging,Yes,0.7646786885245902,0.5573770491803278,61,5.15672131147541,48.42950819672131,350.0,0.5,1,1
EVS04210,5,1750,9,9,AC Level 2,Ultra-Fast Charging,Yes,0.20233389830508475,0.0847457627118644,118,2.0659322033898304,60.69864406779661,350.0,0.5555555555555556,0,0
EVS04211,3,1050,6,10,AC Level 1,Ultra-Fast Charging,Yes,0.34339787234042557,0.06382978723404255,47,1.3980851063829787,61.81276595744681,350.0,0.5,0,0
EVS04212,8,400,10,8,AC Level 2,Fast Charging,No,0.13259299363057325,0.07006369426751592,159,1.8400955414012738,62.84402515723271,50.0,0.8,0,0
EVS04213,1,22,2,10,DC Fast Charger,Destination/AC,Yes,0.8887528571428571,0.8,70,8.287714285714285,60.08914285714285,22.0,0.5,1,1
EVS04214,4,88,6,16,AC Level 2,Destination/AC,Yes,0.24905526315789475,0.1118421052631579,152,3.141644736842105,59.774013157894736,22.0,0.6666666666666666,0,0
EVS04215,1,22,2,14,AC Level 1,Destination/AC,Yes,0.9087155555555555,0.8740740740740741,135,8.971555555555556,63.8722962962963,22.0,0.5,1,1
EVS04216,3,450,4,16,AC Level 2,Fast Charging,No,0.34785934065934065,0.2857142857142857,184,5.661043956043955,61.93510869565217,150.0,0.75,0,0
EVS04217,1,22,1,6,AC Level 2,Destination/AC,Yes,0.8967918918918918,0.8198198198198198,111,8.245405405405405,62.053423423423425,22.0,1.0,1,1
EVS04218,7,350,9,6,DC Fast Charger,Fast Charging,Yes,0.13107142857142856,0.05357142857142857,56,1.159107142857143,55.04714285714285,50.0,0.7777777777777778,0,0
EVS04219,1,350,1,14,AC Level 2,Ultra-Fast Charging,No,0.8982563636363636,0.8454545454545455,110,7.857727272727273,62.853181818181824,350.0,1.0,1,1
EVS04220,3,1050,4,3,DC Fast Charger,Ultra-Fast Charging,Yes,0.2970720930232558,0.09302325581395349,43,1.3862790697674419,53.473255813953486,350.0,0.75,0,0
EVS04221,4,200,7,15,AC Level 1,Fast Charging,Yes,0.2481425,0.1,40,0.8675,59.55275,50.0,0.5714285714285714,0,0
EVS04222,2,100,4,5,DC Fast Charger,Fast Charging,No,0.4354742574257426,0.2376237623762376,101,4.29930693069307,52.25693069306931,50.0,0.5,0,0
EVS04223,4,200,6,4,AC Level 1,Fast Charging,Yes,0.25781272727272725,0.15151515151515152,165,3.4656969696969697,61.874606060606055,50.0,0.6666666666666666,0,0
EVS04224,1,22,2,4,AC Level 1,Destination/AC,No,0.8948759615384615,0.8269230769230769,105,6.750961538461539,61.01552380952381,22.0,0.5,1,1
EVS04225,1,22,1,13,DC Fast Charger,Destination/AC,Yes,0.8895627906976743,0.8313953488372093,174,9.919651162790698,60.73511494252873,22.0,1.0,1,1
EVS04226,4,200,6,15,AC Level 2,Fast Charging,Yes,0.2619392857142857,0.03571428571428571,28,1.4332142857142858,62.864285714285714,50.0,0.6666666666666666,0,0
EVS04227,1,50,1,14,DC Fast Charger,Fast Charging,No,0.7863336956521738,0.7065217391304348,94,7.470923913043479,51.79861702127659,50.0,1.0,1,1
EVS04228,2,700,3,8,AC Level 2,Ultra-Fast Charging,No,0.5380130081300813,0.3089430894308943,125,5.049918699186992,63.71432,350.0,0.6666666666666666,1,1
EVS04229,4,1400,5,4,AC Level 1,Ultra-Fast Charging,No,0.25352615384615385,0.03076923076923077,65,1.8544615384615386,60.84615384615385,350.0,0.8,0,0
EVS04230,3,150,4,8,DC Fast Charger,Fast Charging,No,0.30127000000000004,0.05,20,0.61,54.229499999999994,50.0,0.75,0,0
EVS04231,5,250,7,5,AC Level 2,Fast Charging,No,0.21000357142857143,0.0,28,0.6785714285714286,63.0,50.0,0.7142857142857143,0,0
EVS04232,6,2100,9,9,AC Level 2,Ultra-Fast Charging,No,0.17475085714285712,0.09714285714285714,176,2.818685714285714,62.553636363636365,350.0,0.6666666666666666,0,0
EVS04233,3,66,4,14,AC Level 1,Destination/AC,No,0.350122131147541,0.16393442622950818,122,3.621393442622951,63.021557377049184,22.0,0.75,0,0
EVS04234,4,88,5,10,DC Fast Charger,Destination/AC,No,0.2549,0.10909090909090909,55,1.6981818181818182,61.17490909090909,22.0,0.8,0,0
EVS04235,1,350,1,15,DC Fast Charger,Ultra-Fast Charging,Yes,0.7926092307692307,0.6461538461538462,65,5.415384615384616,53.003692307692305,350.0,1.0,1,1
EVS04236,5,750,6,6,AC Level 1,Fast Charging,Yes,0.200736,0.12,25,0.43439999999999995,60.2204,150.0,0.8333333333333334,0,0
EVS04237,2,100,5,14,AC Level 1,Fast Charging,No,0.5258401162790698,0.4476744186046512,173,8.466686046511628,63.024277456647404,50.0,0.4,1,1
EVS04238,6,2100,8,4,AC Level 2,Ultra-Fast Charging,Yes,0.17020625,0.0625,32,0.5684375,61.270625,350.0,0.75,0,0
EVS04239,1,50,1,8,AC Level 2,Fast Charging,No,0.8914628742514971,0.8562874251497006,169,8.227994011976048,61.94497041420119,50.0,1.0,1,1
EVS04240,1,150,1,10,DC Fast Charger,Fast Charging,Yes,0.8158181818181818,0.7090909090909091,55,5.409818181818182,55.370363636363635,150.0,1.0,1,1
EVS04241,5,750,7,3,DC Fast Charger,Fast Charging,No,0.16191029411764707,0.10294117647058823,68,1.507205882352941,48.56985294117647,150.0,0.7142857142857143,0,0
EVS04242,1,150,1,8,AC Level 1,Fast Charging,No,0.8776579710144927,0.7681159420289855,69,5.731014492753623,60.47536231884058,150.0,1.0,1,1
EVS04243,1,150,1,15,AC Level 2,Fast Charging,No,0.8962258064516129,0.8580645161290322,155,8.95941935483871,61.61090322580645,150.0,1.0,1,1
EVS04244,3,150,7,10,AC Level 2,Fast Charging,Yes,0.3377,0.0,17,1.011764705882353,60.78470588235294,50.0,0.42857142857142855,0,0
EVS04245,2,300,5,16,AC Level 2,Fast Charging,Yes,0.4874901408450705,0.18309859154929578,71,3.094225352112676,58.499014084507046,150.0,0.4,0,0
EVS04246,2,100,5,14,DC Fast Charger,Fast Charging,No,0.4311222222222222,0.1111111111111111,63,3.1639682539682537,51.735079365079365,50.0,0.4,0,0
EVS04247,6,2100,9,13,AC Level 1,Ultra-Fast Charging,No,0.17391935483870966,0.04838709677419355,62,1.026774193548387,62.61241935483871,350.0,0.6666666666666666,0,0
EVS04248,1,350,2,13,AC Level 1,Ultra-Fast Charging,Yes,0.8887617021276596,0.7446808510638298,47,4.445744680851064,62.818510638297866,350.0,0.5,1,1
EVS04249,5,1750,8,5,DC Fast Charger,Ultra-Fast Charging,No,0.17748418079096046,0.0903954802259887,178,2.813389830508475,52.945505617977524,350.0,0.625,0,0
EVS04250,6,132,8,9,AC Level 1,Destination/AC,No,0.16222898550724638,0.07246376811594203,69,1.1942028985507247,58.4027536231884,22.0,0.75,0,0
EVS04251,3,1050,6,10,AC Level 1,Ultra-Fast Charging,Yes,0.34108333333333335,0.10256410256410256,78,2.930641025641026,61.39551282051283,350.0,0.5,0,0
EVS04252,4,88,7,16,AC Level 1,Destination/AC,No,0.24591643835616436,0.0684931506849315,73,1.7995890410958906,59.01958904109589,22.0,0.5714285714285714,0,0
EVS04253,5,750,6,16,AC Level 2,Fast Charging,No,0.20443829787234044,0.11702127659574468,188,2.908510638297872,61.33191489361702,150.0,0.8333333333333334,0,0
EVS04254,6,900,7,6,DC Fast Charger,Fast Charging,No,0.14003714285714286,0.07142857142857142,70,1.3005714285714285,50.41242857142857,150.0,0.8571428571428571,0,0
EVS04255,6,132,9,13,DC Fast Charger,Destination/AC,No,0.17315714285714287,0.0,70,1.3475714285714286,62.337142857142865,22.0,0.6666666666666666,0,0
EVS04256,2,100,5,11,AC Level 2,Fast Charging,No,0.522744776119403,0.23880597014925373,67,3.716417910447761,62.729701492537316,50.0,0.4,1,0
EVS04257,4,88,5,16,AC Level 1,Destination/AC,Yes,0.24702666666666667,0.03333333333333333,60,1.6091666666666666,59.2875,22.0,0.8,0,0
EVS04258,6,900,8,5,AC Level 1,Fast Charging,No,0.17579642857142858,0.03571428571428571,28,0.5096428571428572,63.29,150.0,0.75,0,0
EVS04259,5,750,8,12,DC Fast Charger,Fast Charging,No,0.1790669724770642,0.13761467889908258,109,2.3699082568807337,53.72009174311926,150.0,0.625,0,0
EVS04260,1,150,1,4,AC Level 2,Fast Charging,Yes,0.8512285714285713,0.7142857142857143,15,1.4342857142857144,60.81066666666666,150.0,1.0,1,1
EVS04261,3,1050,7,5,DC Fast Charger,Ultra-Fast Charging,Yes,0.28138245614035085,0.07017543859649122,57,1.9250877192982456,50.64824561403508,350.0,0.42857142857142855,0,0
EVS04262,2,44,3,7,DC Fast Charger,Destination/AC,No,0.5474538461538462,0.17307692307692307,52,2.0905769230769233,65.69596153846155,22.0,0.6666666666666666,1,0
EVS04263,3,450,4,7,AC Level 1,Fast Charging,No,0.3286396551724138,0.05172413793103448,58,1.9789655172413794,59.15465517241379,150.0,0.75,0,0
EVS04264,6,2100,8,10,DC Fast Charger,Ultra-Fast Charging,Yes,0.14602448979591837,0.1360544217687075,148,2.4952040816326533,52.2125,350.0,0.75,0,0
EVS04265,5,110,9,9,AC Level 2,Destination/AC,No,0.20758691588785047,0.07476635514018691,107,1.9786915887850467,62.27570093457944,22.0,0.5555555555555556,0,0
EVS04266,6,2100,8,11,AC Level 1,Ultra-Fast Charging,Yes,0.1753396551724138,0.16666666666666666,174,2.9132758620689656,63.1232183908046,350.0,0.75,0,0
EVS04267,5,750,7,4,AC Level 1,Fast Charging,No,0.21326309523809525,0.09523809523809523,84,1.3147619047619048,63.979285714285716,150.0,0.7142857142857143,0,0
EVS04268,1,150,1,6,AC Level 1,Fast Charging,Yes,0.9108102272727273,0.8863636363636364,176,8.595113636363637,62.91005681818182,150.0,1.0,1,1
EVS04269,6,132,8,12,AC Level 1,Destination/AC,No,0.1647611111111111,0.0,18,0.5488888888888889,59.31277777777777,22.0,0.75,0,0
EVS04270,1,150,2,8,AC Level 1,Fast Charging,Yes,0.91164,0.8352941176470589,85,8.267529411764706,63.53741176470589,150.0,0.5,1,1
EVS04271,5,750,9,7,DC Fast Charger,Fast Charging,Yes,0.17656917808219177,0.1095890410958904,146,3.0252054794520546,52.97061643835617,150.0,0.5555555555555556,0,0
EVS04272,6,2100,9,5,AC Level 1,Ultra-Fast Charging,Yes,0.1718514018691589,0.07476635514018691,107,1.8514018691588785,61.867476635514016,350.0,0.6666666666666666,0,0
EVS04273,1,22,1,13,AC Level 2,Destination/AC,No,0.8960813664596274,0.8695652173913043,161,8.99888198757764,60.72472049689441,22.0,1.0,1,1
EVS04274,8,176,10,6,AC Level 2,Destination/AC,Yes,0.12704444444444443,0.07936507936507936,63,0.8331746031746032,60.983809523809526,22.0,0.8,0,0
EVS04275,2,100,3,12,AC Level 2,Fast Charging,Yes,0.5020608695652173,0.08695652173913043,23,0.7991304347826087,60.24739130434783,50.0,0.6666666666666666,0,0
EVS04276,2,100,3,4,DC Fast Charger,Fast Charging,No,0.4385218045112782,0.3458646616541353,133,7.2966917293233085,52.62270676691729,50.0,0.6666666666666666,0,1
EVS04277,1,150,2,11,AC Level 2,Fast Charging,No,0.9079884615384616,0.8461538461538461,26,3.1769230769230767,64.46961538461538,150.0,0.5,1,1
EVS04278,2,100,3,8,AC Level 2,Fast Charging,No,0.537890243902439,0.36585365853658536,164,5.970426829268293,64.60189024390243,50.0,0.6666666666666666,1,1
EVS04279,6,300,10,15,DC Fast Charger,Fast Charging,No,0.14763970588235295,0.1323529411764706,136,2.1300735294117645,53.15051470588236,50.0,0.6,0,0
EVS04280,4,88,5,12,AC Level 1,Destination/AC,No,0.2514556338028169,0.13380281690140844,143,3.075492957746479,59.925874125874124,22.0,0.8,0,0
EVS04281,2,100,4,3,AC Level 1,Fast Charging,Yes,0.5159646464646465,0.21212121212121213,99,4.357373737373737,61.915454545454544,50.0,0.5,1,0
EVS04282,1,150,2,11,AC Level 2,Fast Charging,No,0.8988505555555556,0.8277777777777777,180,9.102277777777779,62.40233333333333,150.0,0.5,1,1
EVS04283,3,450,4,3,DC Fast Charger,Fast Charging,No,0.29118936170212767,0.0851063829787234,47,1.4246808510638296,52.41425531914893,150.0,0.75,0,0
EVS04284,2,700,4,13,AC Level 1,Ultra-Fast Charging,No,0.5417164705882354,0.2,86,4.244882352941176,64.26558139534883,350.0,0.5,1,0
EVS04285,1,50,2,12,AC Level 1,Fast Charging,Yes,0.9378647058823529,0.8823529411764706,17,4.116470588235295,68.40588235294118,50.0,0.5,1,1
EVS04286,2,700,3,7,AC Level 2,Ultra-Fast Charging,Yes,0.4833150326797385,0.29411764705882354,154,5.336764705882353,57.6512987012987,350.0,0.6666666666666666,0,1
EVS04287,3,66,4,13,DC Fast Charger,Destination/AC,No,0.3505065693430657,0.2116788321167883,137,3.706861313868613,63.09080291970803,22.0,0.75,0,0
EVS04288,1,50,2,12,AC Level 1,Fast Charging,No,0.910988125,0.8625,162,8.4874375,63.18395061728395,50.0,0.5,1,1
EVS04289,5,250,6,6,AC Level 2,Fast Charging,Yes,0.21348872180451126,0.11278195488721804,134,2.644172932330827,63.569104477611944,50.0,0.8333333333333334,0,0
EVS04290,2,44,3,11,AC Level 1,Destination/AC,No,0.5478964912280702,0.10526315789473684,57,2.830350877192983,65.74736842105263,22.0,0.6666666666666666,1,0
EVS04291,2,700,3,14,DC Fast Charger,Ultra-Fast Charging,No,0.41070357142857145,0.07142857142857142,28,1.0839285714285716,49.28321428571429,350.0,0.6666666666666666,0,0
EVS04292,3,66,5,6,DC Fast Charger,Destination/AC,Yes,0.3345977142857143,0.26285714285714284,177,4.385514285714286,59.54661016949152,22.0,0.6,0,0
EVS04293,2,700,3,8,DC Fast Charger,Ultra-Fast Charging,Yes,0.42385490196078435,0.2647058823529412,102,5.170392156862745,50.86254901960784,350.0,0.6666666666666666,0,0
EVS04294,2,300,3,8,AC Level 2,Fast Charging,No,0.54306,0.08571428571428572,35,1.433142857142857,65.16771428571428,150.0,0.6666666666666666,1,0
EVS04295,2,300,3,9,AC Level 2,Fast Charging,Yes,0.5115313253012048,0.3433734939759036,166,7.030060240963856,61.38427710843374,150.0,0.6666666666666666,0,1
EVS04296,3,450,5,13,DC Fast Charger,Fast Charging,Yes,0.2913238578680203,0.25888324873096447,199,5.36738578680203,51.91130653266332,150.0,0.6,0,0
EVS04297,6,300,8,14,AC Level 1,Fast Charging,Yes,0.17143942307692306,0.08653846153846154,104,1.3825961538461538,61.71903846153846,50.0,0.75,0,0
EVS04298,5,250,10,3,DC Fast Charger,Fast Charging,Yes,0.17840958904109588,0.10273972602739725,146,2.5605479452054793,53.52191780821918,50.0,0.5,0,0
EVS04299,6,900,9,11,DC Fast Charger,Fast Charging,Yes,0.14913636363636365,0.0,22,0.49272727272727274,53.68954545454546,150.0,0.6666666666666666,0,0
EVS04300,5,250,9,16,DC Fast Charger,Fast Charging,No,0.17278709677419354,0.03225806451612903,31,0.7170967741935484,51.83483870967742,50.0,0.5555555555555556,0,0
EVS04301,5,1750,8,8,AC Level 1,Ultra-Fast Charging,Yes,0.2063047619047619,0.047619047619047616,63,1.2544444444444445,61.890952380952385,350.0,0.625,0,0
EVS04302,4,88,5,10,DC Fast Charger,Destination/AC,No,0.2448531914893617,0.15602836879432624,141,2.687872340425532,58.76531914893617,22.0,0.8,0,0
EVS04303,3,1050,4,3,AC Level 1,Ultra-Fast Charging,No,0.3307027777777778,0.0,36,1.1813888888888888,59.52666666666667,350.0,0.75,0,0
EVS04304,1,50,2,12,AC Level 2,Fast Charging,No,0.8449777777777778,0.6666666666666666,18,2.0427777777777774,55.535555555555554,50.0,0.5,1,1
EVS04305,3,1050,4,10,AC Level 1,Ultra-Fast Charging,No,0.33963235294117644,0.25,136,3.555735294117647,61.133308823529404,350.0,0.75,0,0
EVS04306,1,350,1,11,DC Fast Charger,Ultra-Fast Charging,No,0.7904139240506329,0.7341772151898734,158,9.371898734177215,52.610063291139234,350.0,1.0,1,1
EVS04307,5,110,7,8,AC Level 1,Destination/AC,No,0.2074771653543307,0.11811023622047244,128,2.271968503937008,61.755234375,22.0,0.7142857142857143,0,0
EVS04308,2,44,3,12,DC Fast Charger,Destination/AC,Yes,0.5096465753424657,0.2876712328767123,146,5.732054794520548,61.22294520547945,22.0,0.6666666666666666,0,1
EVS04309,6,300,10,15,AC Level 2,Fast Charging,Yes,0.16593333333333332,0.10062893081761007,159,2.1928301886792454,59.735345911949686,50.0,0.6,0,0
EVS04310,3,150,4,3,AC Level 2,Fast Charging,Yes,0.34235645161290323,0.22580645161290322,125,3.8373790322580645,61.13112,50.0,0.75,0,0
EVS04311,5,110,9,13,AC Level 2,Destination/AC,No,0.2066880733944954,0.09174311926605505,109,2.007247706422018,62.00688073394495,22.0,0.5555555555555556,0,0
EVS04312,2,300,4,3,DC Fast Charger,Fast Charging,No,0.4431726708074535,0.4161490683229814,161,6.859813664596274,53.180186335403725,150.0,0.5,0,1
EVS04313,1,22,1,7,AC Level 1,Destination/AC,Yes,0.9013918604651163,0.8023255813953488,86,6.125581395348837,60.355348837209306,22.0,1.0,1,1
EVS04314,3,1050,7,8,AC Level 1,Ultra-Fast Charging,Yes,0.34214285714285714,0.0,21,1.1171428571428572,61.58428571428571,350.0,0.42857142857142855,0,0
EVS04315,1,150,1,5,AC Level 1,Fast Charging,No,0.8969028776978417,0.7913669064748201,140,8.871438848920864,62.51592857142857,150.0,1.0,1,1
EVS04316,3,450,5,7,AC Level 1,Fast Charging,No,0.3482735294117647,0.07352941176470588,68,1.8455882352941178,62.68808823529412,150.0,0.6,0,0
EVS04317,4,600,5,13,DC Fast Charger,Fast Charging,Yes,0.23316560846560846,0.19576719576719576,191,4.1070370370370375,55.37324607329843,150.0,0.8,0,0
EVS04318,2,44,3,7,AC Level 2,Destination/AC,Yes,0.519710843373494,0.13253012048192772,83,3.33566265060241,62.36566265060242,22.0,0.6666666666666666,1,0
EVS04319,2,300,4,14,AC Level 2,Fast Charging,Yes,0.5243808917197452,0.3184713375796178,157,6.430509554140127,62.92528662420382,150.0,0.5,1,1
EVS04320,5,1750,6,14,DC Fast Charger,Ultra-Fast Charging,Yes,0.1769875,0.0,24,0.5083333333333334,53.097500000000004,350.0,0.8333333333333334,0,0
EVS04321,3,1050,4,15,DC Fast Charger,Ultra-Fast Charging,Yes,0.2959184,0.152,125,3.97088,53.26496,350.0,0.75,0,0
EVS04322,2,44,3,13,AC Level 1,Destination/AC,Yes,0.5085000000000001,0.21518987341772153,80,4.5858227848101265,60.258,22.0,0.6666666666666666,0,0
EVS04323,6,300,9,3,DC Fast Charger,Fast Charging,No,0.14825925925925926,0.037037037037037035,81,1.3746913580246913,53.37234567901234,50.0,0.6666666666666666,0,0
EVS04324,4,600,8,11,DC Fast Charger,Fast Charging,No,0.21505000000000002,0.09615384615384616,52,1.3175000000000001,51.612884615384615,150.0,0.5,0,0
EVS04325,6,300,9,6,DC Fast Charger,Fast Charging,No,0.14552366863905325,0.16568047337278108,170,3.1186686390532543,52.08123529411765,50.0,0.6666666666666666,0,0
EVS04326,6,132,9,11,AC Level 1,Destination/AC,Yes,0.16694074074074075,0.07407407407407407,81,1.2923456790123458,60.099259259259256,22.0,0.6666666666666666,0,0
EVS04327,2,300,4,13,AC Level 2,Fast Charging,Yes,0.5260652694610779,0.39520958083832336,168,6.460239520958083,62.80458333333333,150.0,0.5,1,1
EVS04328,7,1050,9,8,AC Level 2,Fast Charging,Yes,0.143815625,0.041666666666666664,96,1.2091666666666667,60.40197916666667,150.0,0.7777777777777778,0,0
EVS04329,3,1050,4,9,DC Fast Charger,Ultra-Fast Charging,No,0.2930266666666667,0.06666666666666667,15,1.3479999999999999,52.746,350.0,0.75,0,0
EVS04330,2,44,3,10,AC Level 1,Destination/AC,Yes,0.5124770700636943,0.4394904458598726,159,8.073980891719746,60.72345911949686,22.0,0.6666666666666666,1,1
EVS04331,6,132,9,11,AC Level 1,Destination/AC,No,0.17315945945945946,0.0,37,1.1475675675675676,62.33702702702702,22.0,0.6666666666666666,0,0
EVS04332,1,22,1,9,AC Level 1,Destination/AC,No,0.8945225806451613,0.7741935483870968,62,6.274193548387097,61.25629032258065,22.0,1.0,1,1
EVS04333,4,200,8,7,DC Fast Charger,Fast Charging,Yes,0.22008076923076922,0.17307692307692307,156,3.466474358974359,52.82064102564103,50.0,0.5,0,0
EVS04334,8,400,10,15,AC Level 2,Fast Charging,Yes,0.12896010928961749,0.07103825136612021,183,2.1181420765027323,61.90043715846995,50.0,0.8,0,0
EVS04335,2,44,3,3,AC Level 1,Destination/AC,No,0.504882389937107,0.3333333333333333,160,6.452861635220127,60.2113125,22.0,0.6666666666666666,0,1
EVS04336,1,50,1,5,DC Fast Charger,Fast Charging,No,0.8107607142857143,0.6904761904761905,84,7.019761904761904,53.13285714285714,50.0,1.0,1,1
EVS04337,3,450,6,8,AC Level 1,Fast Charging,No,0.3584354430379747,0.1518987341772152,160,4.196424050632912,63.712187500000006,150.0,0.5,0,0
EVS04338,2,44,3,13,AC Level 2,Destination/AC,No,0.5155294117647058,0.16176470588235295,68,2.958529411764706,61.90867647058823,22.0,0.6666666666666666,1,0
EVS04339,8,176,10,5,AC Level 1,Destination/AC,Yes,0.12491125827814568,0.026490066225165563,152,1.4069867549668875,59.56197368421053,22.0,0.8,0,0
EVS04340,7,2450,9,16,DC Fast Charger,Ultra-Fast Charging,Yes,0.1266070588235294,0.03529411764705882,85,1.4369411764705882,53.17576470588235,350.0,0.7777777777777778,0,0
EVS04341,1,350,2,4,AC Level 2,Ultra-Fast Charging,Yes,0.9103049999999999,0.8,20,1.9865,64.0575,350.0,0.5,1,1
EVS04342,6,300,7,10,AC Level 1,Fast Charging,Yes,0.16557676767676766,0.0707070707070707,99,1.354141414141414,59.607676767676764,50.0,0.8571428571428571,0,0
EVS04343,1,22,2,6,AC Level 2,Destination/AC,Yes,0.8532902173913044,0.7282608695652174,92,6.80108695652174,58.275,22.0,0.5,1,1
EVS04344,2,300,3,15,DC Fast Charger,Fast Charging,Yes,0.44595599999999996,0.16,50,2.8106,53.515,150.0,0.6666666666666666,0,0
EVS04345,3,450,5,6,AC Level 2,Fast Charging,No,0.34910555555555556,0.125,73,2.697013888888889,61.978082191780814,150.0,0.6,0,0
EVS04346,1,22,3,6,AC Level 1,Destination/AC,No,0.91722,0.8631578947368421,95,9.516,64.706,22.0,0.3333333333333333,1,1
EVS04347,3,1050,6,15,AC Level 2,Ultra-Fast Charging,Yes,0.3474090909090909,0.045454545454545456,22,0.7468181818181818,62.53363636363636,350.0,0.5,0,0
EVS04348,5,1750,8,5,AC Level 1,Ultra-Fast Charging,No,0.2085846153846154,0.07692307692307693,39,0.726923076923077,62.57564102564102,350.0,0.625,0,0
EVS04349,4,200,8,14,DC Fast Charger,Fast Charging,Yes,0.22357894736842107,0.08552631578947369,152,2.785131578947368,53.65907894736842,50.0,0.5,0,0
EVS04350,4,200,5,11,DC Fast Charger,Fast Charging,No,0.21439550561797752,0.0898876404494382,89,1.9314606741573035,51.45483146067415,50.0,0.8,0,0
EVS04351,3,150,4,4,AC Level 2,Fast Charging,Yes,0.3680201923076923,0.16346153846153846,106,4.043557692307693,64.9932075471698,50.0,0.75,0,0
EVS04352,5,250,8,13,AC Level 2,Fast Charging,No,0.2048352380952381,0.11428571428571428,106,1.9671428571428573,60.869339622641505,50.0,0.625,0,0
EVS04353,3,1050,4,9,AC Level 1,Ultra-Fast Charging,Yes,0.3367791666666667,0.17708333333333334,96,3.389583333333333,60.61927083333333,350.0,0.75,0,0
EVS04354,3,450,5,5,AC Level 1,Fast Charging,Yes,0.3352296703296703,0.13186813186813187,91,2.1358241758241756,60.340989010989006,150.0,0.6,0,0
EVS04355,1,350,1,5,AC Level 1,Ultra-Fast Charging,Yes,0.8854361904761905,0.8285714285714286,105,8.485238095238095,61.33857142857143,350.0,1.0,1,1
EVS04356,1,50,2,9,AC Level 1,Fast Charging,No,0.8917206896551724,0.8344827586206897,145,8.492758620689656,61.787586206896556,50.0,0.5,1,1
EVS04357,5,1750,10,5,AC Level 2,Ultra-Fast Charging,Yes,0.21020760233918132,0.14035087719298245,173,3.279122807017544,62.33387283236994,350.0,0.5,0,0
EVS04358,2,700,4,6,AC Level 1,Ultra-Fast Charging,Yes,0.48355833333333337,0.125,72,2.5747222222222224,58.02652777777777,350.0,0.5,0,0
EVS04359,1,350,1,10,AC Level 1,Ultra-Fast Charging,No,0.9201039682539682,0.873015873015873,127,8.507777777777777,64.381968503937,350.0,1.0,1,1
EVS04360,1,350,2,9,AC Level 1,Ultra-Fast Charging,No,0.8866959302325581,0.8313953488372093,172,9.170406976744186,61.21563953488372,350.0,0.5,1,1
EVS04361,4,88,8,3,AC Level 2,Destination/AC,No,0.25196153846153846,0.0,13,0.42,60.47153846153846,22.0,0.5,0,0
EVS04362,6,132,7,5,DC Fast Charger,Destination/AC,No,0.1737268115942029,0.08695652173913043,138,2.1742753623188404,62.54014492753624,22.0,0.8571428571428571,0,0
EVS04363,4,1400,8,3,DC Fast Charger,Ultra-Fast Charging,No,0.23200504201680672,0.06722689075630252,120,2.383697478991597,55.21633333333333,350.0,0.5,0,0
EVS04364,3,450,6,13,AC Level 2,Fast Charging,Yes,0.3631137724550898,0.25748502994011974,167,5.2253892215568865,65.36023952095809,150.0,0.5,0,0
EVS04365,4,1400,6,11,AC Level 1,Ultra-Fast Charging,Yes,0.24064040404040404,0.10101010101010101,99,2.587878787878788,57.75434343434344,350.0,0.6666666666666666,0,0
EVS04366,5,250,8,9,AC Level 2,Fast Charging,Yes,0.2091803680981595,0.0736196319018405,163,2.7579754601226996,62.75515337423313,50.0,0.625,0,0
EVS04367,4,600,6,15,DC Fast Charger,Fast Charging,Yes,0.2069311111111111,0.06666666666666667,45,1.3726666666666665,49.662222222222226,150.0,0.6666666666666666,0,0
EVS04368,1,150,1,9,DC Fast Charger,Fast Charging,No,0.8110918918918919,0.7027027027027027,37,3.61945945945946,54.69432432432433,150.0,1.0,1,1
EVS04369,7,154,10,14,DC Fast Charger,Destination/AC,No,0.1428970588235294,0.07647058823529412,171,2.295235294117647,59.665321637426906,22.0,0.7,0,0
EVS04370,5,110,8,6,AC Level 1,Destination/AC,No,0.20083700000000002,0.11,100,1.9189,60.2513,22.0,0.625,0,0
EVS04371,7,1050,9,4,DC Fast Charger,Fast Charging,Yes,0.12185483870967742,0.07258064516129033,124,1.5638709677419353,51.17975806451613,150.0,0.7777777777777778,0,0
EVS04372,4,600,6,13,AC Level 2,Fast Charging,No,0.27348518518518516,0.1111111111111111,54,1.0431481481481482,65.63481481481482,150.0,0.6666666666666666,0,0
EVS04373,1,150,1,6,AC Level 2,Fast Charging,Yes,0.8782671641791044,0.7611940298507462,67,4.454776119402985,61.794477611940295,150.0,1.0,1,1
EVS04374,3,66,5,10,AC Level 2,Destination/AC,No,0.35166923076923073,0.26282051282051283,156,4.427179487179487,63.30108974358974,22.0,0.6,0,0
EVS04375,3,66,5,14,DC Fast Charger,Destination/AC,No,0.3372262295081967,0.13114754098360656,61,2.703606557377049,60.70016393442623,22.0,0.6,0,0
EVS04376,5,250,7,13,DC Fast Charger,Fast Charging,Yes,0.17200546875,0.1015625,130,2.0392578125,50.80769230769231,50.0,0.7142857142857143,0,0
EVS04377,2,44,4,9,AC Level 2,Destination/AC,Yes,0.4949338983050848,0.1694915254237288,60,2.75864406779661,58.48583333333333,22.0,0.5,0,0
EVS04378,6,2100,10,3,DC Fast Charger,Ultra-Fast Charging,No,0.1455051282051282,0.038461538461538464,78,1.111025641025641,52.38333333333333,350.0,0.6,0,0
EVS04379,3,66,4,7,AC Level 1,Destination/AC,Yes,0.3447394736842105,0.0,38,1.2973684210526315,62.05289473684211,22.0,0.75,0,0
EVS04380,3,150,7,14,AC Level 2,Fast Charging,Yes,0.3399137362637363,0.29120879120879123,182,5.098626373626374,61.184340659340656,50.0,0.42857142857142855,0,1
EVS04381,4,200,9,7,DC Fast Charger,Fast Charging,Yes,0.21617204968944098,0.16770186335403728,164,4.112204968944099,50.93298780487805,50.0,0.4444444444444444,0,0
EVS04382,4,200,5,7,AC Level 2,Fast Charging,No,0.24395,0.045454545454545456,22,1.0609090909090908,58.54954545454545,50.0,0.8,0,0
EVS04383,1,22,1,10,DC Fast Charger,Destination/AC,Yes,0.8817,0.8852459016393442,61,5.671147540983607,61.33573770491803,22.0,1.0,1,1
EVS04384,6,132,8,12,DC Fast Charger,Destination/AC,No,0.17094301075268817,0.053763440860215055,93,1.5533333333333335,61.54086021505377,22.0,0.75,0,0
EVS04385,7,2450,8,11,DC Fast Charger,Ultra-Fast Charging,Yes,0.12730104166666667,0.07291666666666667,96,1.295625,53.468958333333326,350.0,0.875,0,0
EVS04386,2,700,2,9,AC Level 2,Ultra-Fast Charging,Yes,0.5160072463768116,0.37681159420289856,138,5.9187681159420285,61.951231884057975,350.0,1.0,1,1
EVS04387,3,450,5,8,AC Level 2,Fast Charging,No,0.3458762711864407,0.1016949152542373,59,2.053220338983051,62.25796610169492,150.0,0.6,0,0
EVS04388,5,750,9,14,AC Level 2,Fast Charging,Yes,0.21247714285714286,0.05714285714285714,35,0.6151428571428572,63.743142857142864,150.0,0.5555555555555556,0,0
EVS04389,2,700,3,4,DC Fast Charger,Ultra-Fast Charging,No,0.432373417721519,0.21518987341772153,79,2.965443037974684,51.88544303797468,350.0,0.6666666666666666,0,0
EVS04390,5,110,7,13,DC Fast Charger,Destination/AC,Yes,0.2058060344827586,0.10344827586206896,118,2.1923706896551725,60.69474576271187,22.0,0.7142857142857143,0,0
EVS04391,6,300,9,6,AC Level 2,Fast Charging,No,0.16814193548387096,0.06451612903225806,31,1.0648387096774192,60.53290322580645,50.0,0.6666666666666666,0,0
EVS04392,5,110,9,7,DC Fast Charger,Destination/AC,No,0.21477321428571428,0.10714285714285714,168,2.4908333333333332,64.4317261904762,22.0,0.5555555555555556,0,0
EVS04393,3,1050,6,15,AC Level 1,Ultra-Fast Charging,Yes,0.34625625,0.0625,16,0.624375,62.326875,350.0,0.5,0,0
EVS04394,3,1050,5,16,DC Fast Charger,Ultra-Fast Charging,No,0.2885190476190476,0.047619047619047616,21,1.311904761904762,51.932380952380946,350.0,0.6,0,0
EVS04395,4,200,8,16,AC Level 1,Fast Charging,No,0.25497422680412374,0.08247422680412371,97,2.3816494845360827,61.19391752577319,50.0,0.5,0,0
EVS04396,2,44,5,4,AC Level 2,Destination/AC,No,0.5095586538461538,0.23076923076923078,104,5.07625,61.14730769230769,22.0,0.4,0,0
EVS04397,5,750,6,12,AC Level 2,Fast Charging,No,0.20085942028985507,0.07246376811594203,69,1.4553623188405798,60.25797101449275,150.0,0.8333333333333334,0,0
EVS04398,1,22,1,13,DC Fast Charger,Destination/AC,No,0.8902984126984127,0.8095238095238095,63,5.281587301587302,60.13698412698413,22.0,1.0,1,1
EVS04399,2,700,3,10,DC Fast Charger,Ultra-Fast Charging,No,0.40943124999999997,0.0,16,1.46625,49.131875,350.0,0.6666666666666666,0,0
EVS04400,2,100,2,8,AC Level 1,Fast Charging,No,0.5073905109489051,0.2846715328467153,137,5.799343065693431,60.951167883211674,50.0,1.0,0,0
EVS04401,2,44,4,14,AC Level 1,Destination/AC,No,0.5230557377049181,0.14754098360655737,61,3.727213114754098,62.76606557377049,22.0,0.5,1,0
EVS04402,3,150,4,15,DC Fast Charger,Fast Charging,Yes,0.29406666666666664,0.08333333333333333,48,1.2583333333333333,52.931666666666665,50.0,0.75,0,0
EVS04403,1,50,1,12,DC Fast Charger,Fast Charging,No,0.841235135135135,0.7972972972972973,74,7.469594594594595,56.435675675675675,50.0,1.0,1,1
EVS04404,3,150,6,14,DC Fast Charger,Fast Charging,No,0.28930514285714287,0.26857142857142857,177,5.6211714285714285,51.48593220338983,50.0,0.5,0,0
EVS04405,4,88,6,4,AC Level 2,Destination/AC,Yes,0.26386296296296297,0.09259259259259259,54,1.9942592592592592,63.32629629629629,22.0,0.6666666666666666,0,0
EVS04406,7,1050,9,7,DC Fast Charger,Fast Charging,No,0.1240063829787234,0.0851063829787234,141,2.4261702127659572,52.08241134751773,150.0,0.7777777777777778,0,0
EVS04407,7,154,10,11,AC Level 1,Destination/AC,Yes,0.1487,0.03125,64,0.901875,62.453125,22.0,0.7,0,0
EVS04408,7,154,9,7,AC Level 2,Destination/AC,No,0.14586944444444444,0.0,36,0.6575000000000001,61.26611111111111,22.0,0.7777777777777778,0,0
EVS04409,3,1050,4,7,AC Level 2,Ultra-Fast Charging,Yes,0.33395645161290327,0.0967741935483871,62,1.8953225806451615,60.11274193548387,350.0,0.75,0,0
EVS04410,2,300,3,6,DC Fast Charger,Fast Charging,Yes,0.4689901408450704,0.15492957746478872,71,3.38943661971831,56.27859154929577,150.0,0.6666666666666666,0,0
EVS04411,1,50,1,14,AC Level 1,Fast Charging,Yes,0.8760294117647058,0.6764705882352942,34,3.155,61.446470588235286,50.0,1.0,1,1
EVS04412,4,600,6,4,DC Fast Charger,Fast Charging,No,0.21363524590163935,0.06557377049180328,122,2.7368032786885244,51.27295081967213,150.0,0.6666666666666666,0,0
EVS04413,6,900,9,7,AC Level 2,Fast Charging,No,0.1651342857142857,0.014285714285714285,70,1.2594285714285713,59.44671428571429,150.0,0.6666666666666666,0,0
EVS04414,4,600,6,10,AC Level 1,Fast Charging,Yes,0.25451904761904764,0.1488095238095238,168,2.717797619047619,61.08517857142857,150.0,0.6666666666666666,0,0
EVS04415,1,50,1,10,AC Level 1,Fast Charging,No,0.88684,0.8571428571428571,70,9.028142857142857,60.56314285714286,50.0,1.0,1,1
EVS04416,2,700,2,6,AC Level 2,Ultra-Fast Charging,No,0.5190526881720431,0.23655913978494625,93,4.358172043010753,62.28677419354839,350.0,1.0,1,0
EVS04417,4,600,6,13,AC Level 1,Fast Charging,Yes,0.2643656565656566,0.10101010101010101,99,2.41010101010101,63.4480808080808,150.0,0.6666666666666666,0,0
EVS04418,4,88,6,7,AC Level 2,Destination/AC,No,0.26692058823529413,0.029411764705882353,34,1.416470588235294,64.05970588235294,22.0,0.6666666666666666,0,0
EVS04419,4,88,7,10,DC Fast Charger,Destination/AC,Yes,0.2587875968992248,0.12403100775193798,130,2.6287209302325585,61.63176923076923,22.0,0.5714285714285714,0,0
EVS04420,1,50,1,11,AC Level 1,Fast Charging,No,0.86679375,0.75,32,3.608125,60.2359375,50.0,1.0,1,1
EVS04421,5,750,7,14,AC Level 1,Fast Charging,Yes,0.21012887323943663,0.11971830985915492,143,2.5542957746478874,62.59706293706293,150.0,0.7142857142857143,0,0
EVS04422,2,100,2,5,AC Level 2,Fast Charging,Yes,0.5143893854748604,0.3128491620111732,180,6.938519553072626,61.53611111111111,50.0,1.0,1,1
EVS04423,2,700,3,13,DC Fast Charger,Ultra-Fast Charging,No,0.4468341463414634,0.2926829268292683,123,6.058617886178862,53.62024390243902,350.0,0.6666666666666666,0,1
EVS04424,2,700,3,13,DC Fast Charger,Ultra-Fast Charging,No,0.4070142857142857,0.18095238095238095,105,3.8981904761904764,48.84142857142857,350.0,0.6666666666666666,0,0
EVS04425,4,88,6,4,DC Fast Charger,Destination/AC,No,0.25636117647058826,0.058823529411764705,85,1.7890588235294116,61.526117647058825,22.0,0.6666666666666666,0,0
EVS04426,1,22,2,12,AC Level 2,Destination/AC,Yes,0.8868709302325581,0.8546511627906976,172,8.913255813953487,60.67133720930232,22.0,0.5,1,1
EVS04427,5,1750,9,3,DC Fast Charger,Ultra-Fast Charging,No,0.17882372881355932,0.03389830508474576,59,1.1105084745762712,53.64796610169491,350.0,0.5555555555555556,0,0
EVS04428,3,66,4,7,DC Fast Charger,Destination/AC,Yes,0.3346220779220779,0.1038961038961039,77,3.03025974025974,60.232207792207795,22.0,0.75,0,0
EVS04429,5,110,9,10,AC Level 2,Destination/AC,Yes,0.2024342105263158,0.18421052631578946,114,2.7033333333333336,60.73070175438597,22.0,0.5555555555555556,0,0
EVS04430,3,150,4,4,AC Level 2,Fast Charging,Yes,0.33633722222222223,0.22777777777777777,180,4.727166666666666,60.54094444444445,50.0,0.75,0,0
EVS04431,3,150,6,11,DC Fast Charger,Fast Charging,No,0.27633684210526316,0.19298245614035087,171,4.2391228070175435,49.73988304093567,50.0,0.5,0,0
EVS04432,7,154,9,10,DC Fast Charger,Destination/AC,No,0.147771875,0.0625,32,0.505,62.061875,22.0,0.7777777777777778,0,0
EVS04433,3,66,5,3,AC Level 1,Destination/AC,Yes,0.3339029239766082,0.23976608187134502,172,4.887076023391813,59.752906976744185,22.0,0.6,0,0
EVS04434,4,600,6,8,DC Fast Charger,Fast Charging,No,0.21466388888888888,0.0,36,0.7427777777777779,51.518055555555556,150.0,0.6666666666666666,0,0
EVS04435,1,50,2,4,DC Fast Charger,Fast Charging,Yes,0.8165277310924369,0.6974789915966386,119,8.08344537815126,54.10126050420168,50.0,0.5,1,1
EVS04436,5,750,7,9,DC Fast Charger,Fast Charging,Yes,0.17703483870967743,0.12903225806451613,156,3.525741935483871,52.77,150.0,0.7142857142857143,0,0
EVS04437,6,300,7,5,AC Level 1,Fast Charging,Yes,0.17089016393442624,0.040983606557377046,122,2.1350000000000002,61.520409836065575,50.0,0.8571428571428571,0,0
EVS04438,5,110,8,11,DC Fast Charger,Destination/AC,No,0.20311473684210526,0.14736842105263157,190,3.025736842105263,60.93405263157894,22.0,0.625,0,0
EVS04439,3,1050,6,3,AC Level 2,Ultra-Fast Charging,No,0.32706119402985073,0.05970149253731343,67,2.0202985074626865,58.87,350.0,0.5,0,0
EVS04440,1,150,1,7,AC Level 2,Fast Charging,No,0.8831384615384614,0.7692307692307693,65,6.077846153846154,62.05153846153846,150.0,1.0,1,1
EVS04441,4,1400,6,13,AC Level 1,Ultra-Fast Charging,No,0.26840135135135135,0.04054054054054054,74,1.617027027027027,64.4168918918919,350.0,0.6666666666666666,0,0
EVS04442,2,44,3,7,AC Level 1,Destination/AC,Yes,0.50010625,0.28125,64,3.9109375,60.01296875,22.0,0.6666666666666666,0,0
EVS04443,3,150,5,3,AC Level 2,Fast Charging,No,0.3350752,0.184,125,3.9916799999999997,60.314080000000004,50.0,0.6,0,0
EVS04444,7,154,10,9,AC Level 2,Destination/AC,Yes,0.14688969072164948,0.07216494845360824,97,1.5203092783505154,61.695773195876285,22.0,0.7,0,0
EVS04445,2,100,3,7,AC Level 2,Fast Charging,Yes,0.4979234375,0.2734375,128,5.2289843750000005,59.9471875,50.0,0.6666666666666666,0,0
EVS04446,7,2450,9,3,AC Level 2,Ultra-Fast Charging,Yes,0.14749,0.08888888888888889,90,1.2781111111111112,61.94811111111111,350.0,0.7777777777777778,0,0
EVS04447,1,50,2,8,AC Level 1,Fast Charging,No,0.9217296875,0.859375,64,5.5784375,67.60953125,50.0,0.5,1,1
EVS04448,1,150,1,9,AC Level 2,Fast Charging,No,0.911645652173913,0.782608695652174,46,3.6321739130434785,61.81869565217391,150.0,1.0,1,1
EVS04449,1,22,2,7,DC Fast Charger,Destination/AC,Yes,0.8971899082568807,0.8623853211009175,111,8.263256880733945,61.33576576576577,22.0,0.5,1,1
EVS04450,2,700,2,12,DC Fast Charger,Ultra-Fast Charging,Yes,0.43653103448275865,0.3735632183908046,175,7.684166666666667,52.08462857142857,350.0,1.0,0,1
EVS04451,1,50,2,14,AC Level 1,Fast Charging,No,0.903461111111111,0.8472222222222222,144,9.268402777777778,62.216458333333335,50.0,0.5,1,1
EVS04452,3,1050,3,16,AC Level 1,Ultra-Fast Charging,Yes,0.3310625,0.03125,64,1.811875,59.59203125,350.0,1.0,0,0
EVS04453,5,110,10,7,DC Fast Charger,Destination/AC,Yes,0.20049891304347828,0.06521739130434782,92,2.1693478260869568,60.15054347826087,22.0,0.5,0,0
EVS04454,5,110,7,14,AC Level 1,Destination/AC,No,0.21103280000000002,0.08,125,2.4028,63.31,22.0,0.7142857142857143,0,0
EVS04455,6,300,8,6,AC Level 1,Fast Charging,No,0.16907107438016528,0.05785123966942149,121,1.9515702479338843,60.86595041322314,50.0,0.75,0,0
EVS04456,3,1050,5,14,DC Fast Charger,Ultra-Fast Charging,No,0.30103928571428573,0.03571428571428571,28,0.7053571428571429,54.1875,350.0,0.6,0,0
EVS04457,4,88,7,10,AC Level 1,Destination/AC,No,0.26584,0.13636363636363635,111,2.8395,63.225945945945945,22.0,0.5714285714285714,0,0
EVS04458,3,150,5,10,DC Fast Charger,Fast Charging,Yes,0.2900052631578947,0.05263157894736842,19,1.2642105263157895,52.20157894736842,50.0,0.6,0,0
EVS04459,2,300,4,9,AC Level 2,Fast Charging,No,0.5086735294117648,0.11764705882352941,34,1.476764705882353,61.04205882352941,150.0,0.5,0,0
EVS04460,7,1050,9,9,AC Level 1,Fast Charging,No,0.14688968253968254,0.07936507936507936,126,1.80484126984127,61.69325396825397,150.0,0.7777777777777778,0,0
EVS04461,6,132,10,15,AC Level 1,Destination/AC,No,0.17972333333333335,0.03333333333333333,30,0.5636666666666666,64.699,22.0,0.6,0,0
EVS04462,4,1400,8,10,AC Level 2,Ultra-Fast Charging,Yes,0.24439555555555556,0.05555555555555555,90,1.7323333333333333,58.655,350.0,0.5,0,0
EVS04463,3,66,5,7,AC Level 2,Destination/AC,No,0.3348083969465649,0.19083969465648856,132,3.8630152671755726,59.80909090909091,22.0,0.6,0,0
EVS04464,2,100,3,14,AC Level 2,Fast Charging,Yes,0.4952416666666667,0.30833333333333335,120,5.635583333333333,59.4285,50.0,0.6666666666666666,0,1
EVS04465,4,88,8,13,AC Level 1,Destination/AC,Yes,0.2585806818181818,0.10227272727272728,88,2.103409090909091,62.05829545454546,22.0,0.5,0,0
EVS04466,1,150,2,11,AC Level 2,Fast Charging,Yes,0.9338888888888889,0.8148148148148148,27,2.7300000000000004,63.00444444444445,150.0,0.5,1,1
EVS04467,6,132,9,5,AC Level 1,Destination/AC,Yes,0.17435,0.06578947368421052,154,2.503453947368421,61.951298701298704,22.0,0.6666666666666666,0,0
EVS04468,3,150,5,12,AC Level 1,Fast Charging,No,0.32984393063583817,0.2658959537572254,174,5.077023121387284,59.03068965517242,50.0,0.6,0,0
EVS04469,7,350,10,15,AC Level 2,Fast Charging,No,0.14413096774193548,0.09032258064516129,155,2.379677419354839,60.53529032258064,50.0,0.7,0,0
EVS04470,3,150,4,12,AC Level 1,Fast Charging,No,0.3445391025641026,0.21153846153846154,156,4.17224358974359,62.01679487179488,50.0,0.75,0,0
EVS04471,1,50,1,15,AC Level 2,Fast Charging,No,0.8785694117647058,0.8588235294117647,85,7.460470588235294,61.42917647058823,50.0,1.0,1,1
EVS04472,4,88,7,9,DC Fast Charger,Destination/AC,No,0.24851772151898732,0.17721518987341772,158,3.5445569620253163,59.64481012658227,22.0,0.5714285714285714,0,0
EVS04473,3,150,6,10,AC Level 2,Fast Charging,No,0.327656,0.11,100,3.0244,58.977399999999996,50.0,0.5,0,0
EVS04474,5,110,6,8,DC Fast Charger,Destination/AC,No,0.19210882352941175,0.058823529411764705,34,0.7820588235294118,57.63235294117647,22.0,0.8333333333333334,0,0
EVS04475,3,1050,4,9,DC Fast Charger,Ultra-Fast Charging,No,0.30951805555555556,0.25,145,4.915173611111111,55.32951724137931,350.0,0.75,0,0
EVS04476,4,600,9,6,DC Fast Charger,Fast Charging,No,0.2117026315789474,0.07894736842105263,77,1.7471052631578947,50.14935064935065,150.0,0.4444444444444444,0,0
EVS04477,4,1400,5,15,AC Level 1,Ultra-Fast Charging,Yes,0.2654224852071006,0.1952662721893491,169,4.1721893491124264,63.70295857988165,350.0,0.8,0,0
EVS04478,5,110,10,8,AC Level 1,Destination/AC,Yes,0.21662857142857142,0.11428571428571428,70,1.528142857142857,64.98828571428572,22.0,0.5,0,0
EVS04479,2,100,2,7,AC Level 2,Fast Charging,Yes,0.5089265306122449,0.3469387755102041,147,5.71204081632653,61.14006802721089,50.0,1.0,0,1
EVS04480,4,600,6,6,DC Fast Charger,Fast Charging,Yes,0.2167247524752475,0.1188118811881188,102,2.360148514851485,51.50411764705883,150.0,0.6666666666666666,0,0
EVS04481,3,450,3,11,AC Level 1,Fast Charging,No,0.3283247311827957,0.16129032258064516,93,3.345913978494624,59.098172043010756,150.0,1.0,0,0
EVS04482,4,600,5,5,DC Fast Charger,Fast Charging,Yes,0.21194354838709675,0.12903225806451613,62,1.7037096774193548,50.865161290322575,150.0,0.8,0,0
EVS04483,3,66,6,8,DC Fast Charger,Destination/AC,Yes,0.34964213836477986,0.2138364779874214,162,4.461603773584906,61.770370370370365,22.0,0.5,0,0
EVS04484,5,110,6,5,AC Level 2,Destination/AC,Yes,0.20313809523809526,0.047619047619047616,21,0.5719047619047619,60.94190476190476,22.0,0.8333333333333334,0,0
EVS04485,3,1050,5,10,AC Level 1,Ultra-Fast Charging,Yes,0.3492144578313253,0.12048192771084337,83,3.168072289156626,62.858795180722886,350.0,0.6,0,0
EVS04486,5,1750,7,5,AC Level 2,Ultra-Fast Charging,Yes,0.20702058823529412,0.058823529411764705,68,1.4923529411764707,62.10602941176471,350.0,0.7142857142857143,0,0
EVS04487,1,50,2,4,AC Level 2,Fast Charging,No,0.8826090909090909,0.7777777777777778,99,8.40060606060606,60.97737373737374,50.0,0.5,1,1
EVS04488,4,88,8,15,AC Level 1,Destination/AC,Yes,0.2654076923076923,0.09615384615384616,52,1.5923076923076922,63.6975,22.0,0.5,0,0
EVS04489,4,600,9,8,AC Level 1,Fast Charging,No,0.2449658914728682,0.07751937984496124,129,2.3435658914728683,58.79100775193798,150.0,0.4444444444444444,0,0
EVS04490,4,88,8,16,AC Level 2,Destination/AC,No,0.25483703703703703,0.07407407407407407,81,2.0655555555555556,61.16086419753086,22.0,0.5,0,0
EVS04491,5,750,10,11,AC Level 2,Fast Charging,Yes,0.19634166666666666,0.08333333333333333,48,0.8660416666666667,58.901041666666664,150.0,0.5,0,0
EVS04492,4,1400,8,7,DC Fast Charger,Ultra-Fast Charging,Yes,0.2185,0.11627906976744186,43,1.4211627906976745,52.440000000000005,350.0,0.5,0,0
EVS04493,4,600,5,6,DC Fast Charger,Fast Charging,Yes,0.21079112903225808,0.12096774193548387,124,3.0826612903225805,50.58895161290322,150.0,0.8,0,0
EVS04494,5,250,7,15,AC Level 1,Fast Charging,No,0.2079308823529412,0.058823529411764705,68,1.2902941176470588,62.3789705882353,50.0,0.7142857142857143,0,0
EVS04495,8,2800,10,5,AC Level 1,Ultra-Fast Charging,Yes,0.11419117647058823,0.058823529411764705,68,0.980735294117647,54.81029411764706,350.0,0.8,0,0
EVS04496,3,150,4,14,AC Level 1,Fast Charging,Yes,0.3269897637795276,0.1968503937007874,128,3.7373622047244095,58.397109375,50.0,0.75,0,0
EVS04497,1,22,2,12,AC Level 2,Destination/AC,No,0.9051532467532467,0.8441558441558441,77,6.977662337662338,61.03896103896104,22.0,0.5,1,1
EVS04498,4,200,6,7,DC Fast Charger,Fast Charging,Yes,0.219212676056338,0.08450704225352113,71,1.4680281690140846,52.61056338028169,50.0,0.6666666666666666,0,0
EVS04499,3,66,4,6,DC Fast Charger,Destination/AC,No,0.3481092307692307,0.13846153846153847,65,2.130923076923077,62.659076923076924,22.0,0.75,0,0
EVS04500,4,88,6,14,AC Level 1,Destination/AC,No,0.24967974683544303,0.05063291139240506,79,1.8292405063291137,59.923924050632905,22.0,0.6666666666666666,0,0
EVS04501,1,50,1,15,AC Level 1,Fast Charging,Yes,0.8840532608695651,0.8586956521739131,92,10.876956521739132,61.158804347826084,50.0,1.0,1,1
EVS04502,5,750,6,14,AC Level 2,Fast Charging,Yes,0.20643859649122806,0.07017543859649122,114,2.223157894736842,61.93157894736842,150.0,0.8333333333333334,0,0
EVS04503,6,300,9,5,AC Level 1,Fast Charging,Yes,0.17182461538461538,0.11282051282051282,195,2.840923076923077,61.85656410256411,50.0,0.6666666666666666,0,0
EVS04504,3,66,5,15,AC Level 1,Destination/AC,No,0.3300248322147651,0.16778523489932887,152,4.5526845637583895,58.23236842105263,22.0,0.6,0,0
EVS04505,6,132,7,3,AC Level 2,Destination/AC,Yes,0.17905,0.0,20,0.29700000000000004,64.458,22.0,0.8571428571428571,0,0
EVS04506,6,2100,9,13,AC Level 1,Ultra-Fast Charging,Yes,0.1720361111111111,0.05555555555555555,72,1.4895833333333333,61.93416666666667,350.0,0.6666666666666666,0,0
EVS04507,4,200,5,12,DC Fast Charger,Fast Charging,No,0.2297483870967742,0.11290322580645161,62,1.8480645161290323,55.13983870967742,50.0,0.8,0,0
EVS04508,1,350,1,6,DC Fast Charger,Ultra-Fast Charging,No,0.8263173553719008,0.7355371900826446,121,8.462231404958677,54.63297520661157,350.0,1.0,1,1
EVS04509,1,150,2,8,AC Level 2,Fast Charging,No,0.8900603448275862,0.7931034482758621,59,5.2396551724137925,60.46118644067797,150.0,0.5,1,1
EVS04510,4,200,6,10,AC Level 2,Fast Charging,Yes,0.2568308988764045,0.23595505617977527,178,4.974044943820225,61.638988764044946,50.0,0.6666666666666666,0,0
EVS04511,1,150,2,5,AC Level 1,Fast Charging,Yes,0.9107618421052631,0.8157894736842105,76,6.3275,64.78881578947369,150.0,0.5,1,1
EVS04512,1,150,1,3,AC Level 1,Fast Charging,No,0.8866946969696969,0.8181818181818182,132,7.302727272727273,61.507954545454545,150.0,1.0,1,1
EVS04513,1,50,1,16,AC Level 1,Fast Charging,No,0.8936030303030303,0.7878787878787878,33,2.7345454545454544,63.77272727272727,50.0,1.0,1,1
EVS04514,4,1400,5,7,DC Fast Charger,Ultra-Fast Charging,Yes,0.21780981595092025,0.1901840490797546,165,3.881840490797546,51.64066666666666,350.0,0.8,0,0
EVS04515,4,200,8,9,AC Level 2,Fast Charging,Yes,0.25667625,0.24375,160,4.041062500000001,61.602250000000005,50.0,0.5,0,0
EVS04516,4,88,5,16,AC Level 1,Destination/AC,Yes,0.26297593984962403,0.21804511278195488,135,3.514812030075188,62.18044444444445,22.0,0.8,0,0
EVS04517,2,700,3,10,AC Level 2,Ultra-Fast Charging,Yes,0.506548,0.21333333333333335,75,3.821466666666667,61.04506666666667,350.0,0.6666666666666666,0,0
EVS04518,2,100,4,3,DC Fast Charger,Fast Charging,No,0.4619833333333333,0.2222222222222222,18,1.7633333333333334,55.43833333333333,50.0,0.5,0,0
EVS04519,5,750,10,15,AC Level 2,Fast Charging,Yes,0.2063463768115942,0.06521739130434782,139,2.403586956521739,61.457913669064745,150.0,0.5,0,0
EVS04520,3,1050,5,4,DC Fast Charger,Ultra-Fast Charging,Yes,0.2792329411764706,0.16470588235294117,85,2.9523529411764704,50.26176470588236,350.0,0.6,0,0
EVS04521,2,700,2,5,AC Level 2,Ultra-Fast Charging,Yes,0.5053197740112993,0.3785310734463277,177,6.863389830508474,60.63853107344633,350.0,1.0,0,1
EVS04522,3,450,3,11,AC Level 1,Fast Charging,Yes,0.34751484375,0.1640625,129,3.75078125,62.06798449612403,150.0,1.0,0,0
EVS04523,5,750,8,9,AC Level 1,Fast Charging,No,0.2044653846153846,0.04807692307692308,104,1.856730769230769,61.338750000000005,150.0,0.625,0,0
EVS04524,3,1050,5,14,AC Level 1,Ultra-Fast Charging,Yes,0.3262530054644809,0.2459016393442623,184,4.933032786885246,58.40668478260869,350.0,0.6,0,0
EVS04525,1,150,2,9,AC Level 2,Fast Charging,Yes,0.8934029239766081,0.8187134502923976,172,9.534970760233918,61.81656976744186,150.0,0.5,1,1
EVS04526,1,350,1,8,DC Fast Charger,Ultra-Fast Charging,Yes,0.792103125,0.6875,96,7.412708333333334,51.71364583333334,350.0,1.0,1,1
EVS04527,3,150,4,14,DC Fast Charger,Fast Charging,Yes,0.3098076923076923,0.0,13,0.5323076923076923,55.76153846153847,50.0,0.75,0,0
EVS04528,3,450,5,10,AC Level 2,Fast Charging,Yes,0.34781,0.03333333333333333,30,0.9883333333333333,62.608,150.0,0.6,0,0
EVS04529,1,22,2,14,AC Level 2,Destination/AC,No,0.875339534883721,0.7558139534883721,86,8.456627906976744,60.781627906976745,22.0,0.5,1,1
EVS04530,4,600,5,11,AC Level 1,Fast Charging,Yes,0.2530377551020408,0.12244897959183673,99,2.580459183673469,60.1149494949495,150.0,0.8,0,0
EVS04531,2,700,5,3,AC Level 1,Ultra-Fast Charging,No,0.46932857142857143,0.0,21,1.039047619047619,56.31952380952381,350.0,0.4,0,0
EVS04532,3,150,6,11,AC Level 2,Fast Charging,Yes,0.3310106382978723,0.06382978723404255,47,1.342127659574468,59.581489361702126,50.0,0.5,0,0
EVS04533,3,66,5,15,AC Level 1,Destination/AC,No,0.3513933823529412,0.22058823529411764,137,4.143088235294118,62.78985401459853,22.0,0.6,0,0
EVS04534,2,100,5,3,AC Level 2,Fast Charging,No,0.5207869565217391,0.3333333333333333,139,6.2167391304347825,62.04489208633093,50.0,0.4,1,1
EVS04535,1,150,2,10,AC Level 2,Fast Charging,Yes,0.93181875,0.8125,16,2.175625,65.393125,150.0,0.5,1,1
EVS04536,1,22,1,10,DC Fast Charger,Destination/AC,No,0.9073346456692913,0.8188976377952756,127,7.769370078740158,63.914015748031495,22.0,1.0,1,1
EVS04537,2,300,4,7,DC Fast Charger,Fast Charging,Yes,0.47128421052631575,0.10526315789473684,19,2.1626315789473685,56.554210526315785,150.0,0.5,0,0
EVS04538,3,66,4,5,AC Level 1,Destination/AC,No,0.3479653846153846,0.14615384615384616,130,3.0743076923076926,62.63353846153846,22.0,0.75,0,0
EVS04539,3,66,4,13,AC Level 2,Destination/AC,No,0.33561646341463414,0.23170731707317074,167,4.746371951219512,59.325508982035934,22.0,0.75,0,0
EVS04540,3,1050,4,11,AC Level 1,Ultra-Fast Charging,Yes,0.3356616216216216,0.23243243243243245,185,4.779297297297297,60.418648648648656,350.0,0.75,0,0
EVS04541,6,900,9,13,AC Level 1,Fast Charging,No,0.17211317829457365,0.06201550387596899,129,1.9427131782945735,61.961317829457364,150.0,0.6666666666666666,0,0
EVS04542,2,700,3,15,AC Level 1,Ultra-Fast Charging,No,0.5135446280991736,0.256198347107438,122,5.285950413223141,61.151803278688526,350.0,0.6666666666666666,1,0
EVS04543,1,150,2,9,AC Level 2,Fast Charging,No,0.8994793650793651,0.8783068783068783,190,8.993492063492063,60.993526315789474,150.0,0.5,1,1
EVS04544,4,200,8,13,AC Level 1,Fast Charging,Yes,0.2546024,0.144,125,3.29832,61.10512,50.0,0.5,0,0
EVS04545,1,350,1,16,DC Fast Charger,Ultra-Fast Charging,Yes,0.7887534090909092,0.6022727272727273,89,7.331306818181818,51.663932584269666,350.0,1.0,1,1
EVS04546,7,154,8,5,AC Level 2,Destination/AC,Yes,0.14192256097560976,0.06707317073170732,164,1.734512195121951,59.606585365853654,22.0,0.875,0,0
EVS04547,5,110,8,7,AC Level 1,Destination/AC,No,0.2169651515151515,0.03787878787878788,134,2.2938636363636364,64.11753731343283,22.0,0.625,0,0
EVS04548,5,750,9,7,AC Level 2,Fast Charging,Yes,0.20317950819672131,0.11475409836065574,123,3.10016393442623,60.45918699186991,150.0,0.5555555555555556,0,0
EVS04549,1,350,2,7,AC Level 1,Ultra-Fast Charging,No,0.8585225225225226,0.7117117117117117,111,6.941441441441442,60.73243243243243,350.0,0.5,1,1
EVS04550,4,600,7,16,DC Fast Charger,Fast Charging,Yes,0.22139571428571428,0.17142857142857143,140,3.717714285714286,53.13464285714286,150.0,0.5714285714285714,0,0
EVS04551,3,450,4,8,AC Level 2,Fast Charging,Yes,0.342648,0.0,25,0.8644,61.6764,150.0,0.75,0,0
EVS04552,2,100,4,13,DC Fast Charger,Fast Charging,No,0.4733739130434783,0.043478260869565216,23,1.338695652173913,56.80434782608695,50.0,0.5,0,0
EVS04553,5,250,9,15,DC Fast Charger,Fast Charging,Yes,0.1806333333333333,0.06666666666666667,30,0.6563333333333333,54.18966666666667,50.0,0.5555555555555556,0,0
EVS04554,1,350,2,5,AC Level 1,Ultra-Fast Charging,Yes,0.9146232142857142,0.875,112,9.151428571428571,64.03116071428572,350.0,0.5,1,1
EVS04555,4,1400,8,5,AC Level 1,Ultra-Fast Charging,No,0.2570856,0.216,125,3.65168,61.70032,350.0,0.5,0,0
EVS04556,4,600,6,4,DC Fast Charger,Fast Charging,Yes,0.21768545454545454,0.03636363636363636,55,1.2892727272727271,52.24272727272727,150.0,0.6666666666666666,0,0
EVS04557,5,750,6,13,AC Level 2,Fast Charging,No,0.20264615384615384,0.0,40,0.907948717948718,59.27575,150.0,0.8333333333333334,0,0
EVS04558,2,300,3,3,AC Level 1,Fast Charging,Yes,0.5071117647058824,0.32679738562091504,154,6.504934640522876,60.63850649350649,150.0,0.6666666666666666,0,1
EVS04559,2,700,3,4,AC Level 2,Ultra-Fast Charging,No,0.49860680272108837,0.32653061224489793,148,6.0298639455782315,59.428513513513515,350.0,0.6666666666666666,0,1
EVS04560,6,300,9,8,AC Level 2,Fast Charging,Yes,0.17300566037735848,0.1320754716981132,106,2.245943396226415,62.28150943396226,50.0,0.6666666666666666,0,0
EVS04561,4,200,7,4,AC Level 1,Fast Charging,Yes,0.2704981651376147,0.11926605504587157,110,2.0190366972477065,64.33009090909091,50.0,0.5714285714285714,0,0
EVS04562,1,150,1,5,AC Level 2,Fast Charging,Yes,0.900451724137931,0.8620689655172413,87,8.938735632183908,62.42896551724137,150.0,1.0,1,1
EVS04563,5,750,9,7,DC Fast Charger,Fast Charging,Yes,0.20994285714285715,0.0,14,0.33714285714285713,62.980000000000004,150.0,0.5555555555555556,0,0
EVS04564,3,150,6,11,AC Level 1,Fast Charging,Yes,0.33755111111111114,0.06666666666666667,45,1.540888888888889,60.75866666666666,50.0,0.5,0,0
EVS04565,1,350,1,10,AC Level 1,Ultra-Fast Charging,Yes,0.8904436781609195,0.8275862068965517,175,8.884166666666667,60.85525714285714,350.0,1.0,1,1
EVS04566,5,110,6,13,AC Level 1,Destination/AC,Yes,0.20843896103896106,0.025974025974025976,77,1.5837662337662337,62.531688311688306,22.0,0.8333333333333334,0,0
EVS04567,1,50,1,16,DC Fast Charger,Fast Charging,No,0.7850223880597015,0.7238805970149254,134,8.96044776119403,51.229029850746265,50.0,1.0,1,1
EVS04568,8,2800,10,5,AC Level 2,Ultra-Fast Charging,No,0.1344489655172414,0.04827586206896552,146,1.4713793103448276,64.09315068493152,350.0,0.8,0,0
EVS04569,2,300,4,4,DC Fast Charger,Fast Charging,Yes,0.4330723684210526,0.09210526315789473,76,2.8967105263157897,51.96881578947369,150.0,0.5,0,0
EVS04570,2,300,3,11,AC Level 2,Fast Charging,No,0.4929148936170213,0.06382978723404255,47,2.1991489361702126,59.1504255319149,150.0,0.6666666666666666,0,0
EVS04571,4,88,6,13,DC Fast Charger,Destination/AC,Yes,0.2556711267605634,0.11971830985915492,142,2.5872535211267604,61.3612676056338,22.0,0.6666666666666666,0,0
EVS04572,5,110,10,3,DC Fast Charger,Destination/AC,Yes,0.20636129032258063,0.03225806451612903,32,0.7319354838709677,59.9740625,22.0,0.5,0,0
EVS04573,1,22,1,13,AC Level 2,Destination/AC,Yes,0.8999989130434782,0.8804347826086957,93,8.161902173913044,60.976881720430114,22.0,1.0,1,1
EVS04574,2,700,3,6,DC Fast Charger,Ultra-Fast Charging,No,0.45144893617021276,0.41843971631205673,143,7.520638297872341,53.41671328671329,350.0,0.6666666666666666,0,1
EVS04575,2,300,2,10,DC Fast Charger,Fast Charging,No,0.4611570552147239,0.31901840490797545,164,5.986319018404908,55.00140243902439,150.0,1.0,0,1
EVS04576,3,450,4,10,AC Level 1,Fast Charging,Yes,0.3364784722222222,0.2847222222222222,144,4.569861111111111,60.565416666666664,150.0,0.75,0,0
EVS04577,5,250,10,10,AC Level 1,Fast Charging,No,0.20555588235294117,0.058823529411764705,34,0.5438235294117648,61.66705882352941,50.0,0.5,0,0
EVS04578,2,300,2,4,AC Level 2,Fast Charging,No,0.5380423076923078,0.15384615384615385,52,2.6778846153846154,64.57653846153846,150.0,1.0,1,0
EVS04579,1,22,2,11,DC Fast Charger,Destination/AC,Yes,0.8951814285714286,0.7857142857142857,71,5.371071428571429,61.70464788732394,22.0,0.5,1,1
EVS04580,8,400,10,14,AC Level 1,Fast Charging,Yes,0.12116891891891891,0.06756756756756757,74,0.9016216216216216,58.159054054054046,50.0,0.8,0,0
EVS04581,8,2800,10,4,DC Fast Charger,Ultra-Fast Charging,Yes,0.11561818181818183,0.022727272727272728,44,0.7845454545454547,55.49454545454546,350.0,0.8,0,0
EVS04582,1,350,1,3,AC Level 1,Ultra-Fast Charging,No,0.8785410714285714,0.8154761904761905,170,8.62922619047619,60.15494117647059,350.0,1.0,1,1
EVS04583,7,1050,9,5,DC Fast Charger,Fast Charging,No,0.135158,0.04,50,0.6856,56.76520000000001,150.0,0.7777777777777778,0,0
EVS04584,4,600,8,5,AC Level 2,Fast Charging,No,0.2629442028985507,0.17391304347826086,138,3.4636231884057973,63.106014492753616,150.0,0.5,0,0
EVS04585,4,1400,5,16,DC Fast Charger,Ultra-Fast Charging,Yes,0.21870892857142857,0.10714285714285714,112,2.602232142857143,52.489821428571425,350.0,0.8,0,0
EVS04586,1,150,1,10,AC Level 1,Fast Charging,No,0.8894552631578947,0.8421052631578947,114,8.556754385964913,62.218859649122805,150.0,1.0,1,1
EVS04587,4,88,5,14,DC Fast Charger,Destination/AC,Yes,0.23687021276595743,0.06382978723404255,47,1.3206382978723403,56.85042553191489,22.0,0.8,0,0
EVS04588,4,88,8,3,AC Level 1,Destination/AC,No,0.25269104477611937,0.08955223880597014,67,1.6723880597014924,60.6455223880597,22.0,0.5,0,0
EVS04589,2,700,4,11,DC Fast Charger,Ultra-Fast Charging,Yes,0.43503504273504273,0.2564102564102564,118,4.938547008547009,51.76194915254237,350.0,0.5,0,0
EVS04590,1,350,2,5,AC Level 2,Ultra-Fast Charging,Yes,0.8881242424242424,0.7575757575757576,66,5.6009090909090915,59.593333333333334,350.0,0.5,1,1
EVS04591,5,110,8,7,AC Level 2,Destination/AC,Yes,0.20363953488372094,0.13953488372093023,130,2.7806976744186045,60.62092307692308,22.0,0.625,0,0
EVS04592,7,154,10,5,AC Level 1,Destination/AC,Yes,0.14816190476190477,0.0,21,0.31952380952380954,62.22857142857143,22.0,0.7,0,0
EVS04593,6,300,8,11,AC Level 1,Fast Charging,No,0.1626375,0.03125,32,0.46375,58.54875,50.0,0.75,0,0
EVS04594,2,300,3,7,AC Level 1,Fast Charging,No,0.5119131578947368,0.3026315789473684,152,5.810394736842105,61.42993421052632,150.0,0.6666666666666666,1,1
EVS04595,5,1750,7,7,AC Level 1,Ultra-Fast Charging,Yes,0.2105019801980198,0.10891089108910891,101,2.3746534653465345,63.150297029702976,350.0,0.7142857142857143,0,0
EVS04596,5,110,9,4,AC Level 2,Destination/AC,No,0.23693333333333333,0.037037037037037035,27,0.5292592592592592,71.08074074074074,22.0,0.5555555555555556,0,0
EVS04597,2,700,3,9,AC Level 1,Ultra-Fast Charging,Yes,0.4940485549132948,0.34104046242774566,174,7.560491329479769,59.04580459770114,350.0,0.6666666666666666,0,1
EVS04598,3,66,5,15,AC Level 1,Destination/AC,No,0.319336,0.0,25,0.632,57.4796,22.0,0.6,0,0
EVS04599,1,350,2,15,AC Level 1,Ultra-Fast Charging,Yes,0.907632768361582,0.8700564971751412,179,9.523079096045198,63.409608938547485,350.0,0.5,1,1
EVS04600,4,1400,9,10,AC Level 2,Ultra-Fast Charging,No,0.25837443609022553,0.13533834586466165,133,3.1153383458646613,62.00962406015038,350.0,0.4444444444444444,0,0
EVS04601,1,350,2,11,AC Level 2,Ultra-Fast Charging,Yes,0.8881851851851852,0.8148148148148148,189,8.72153439153439,61.43169312169312,350.0,0.5,1,1
EVS04602,1,150,1,15,DC Fast Charger,Fast Charging,Yes,0.812844385026738,0.8181818181818182,188,9.782192513368983,53.58877659574468,150.0,1.0,1,1
EVS04603,4,600,6,16,AC Level 2,Fast Charging,Yes,0.25273088235294117,0.04411764705882353,68,1.5598529411764708,60.65411764705883,150.0,0.6666666666666666,0,0
EVS04604,4,200,8,13,AC Level 2,Fast Charging,Yes,0.2588114285714286,0.11428571428571428,141,3.026,61.6745390070922,50.0,0.5,0,0
EVS04605,3,66,6,8,AC Level 2,Destination/AC,Yes,0.34451132075471697,0.05660377358490566,53,1.2452830188679245,62.011886792452835,22.0,0.5,0,0
EVS04606,2,700,4,10,AC Level 2,Ultra-Fast Charging,Yes,0.5310211538461538,0.18269230769230768,104,3.6239423076923076,63.722403846153846,350.0,0.5,1,0
EVS04607,7,1050,10,7,AC Level 1,Fast Charging,No,0.14803958333333334,0.020833333333333332,48,0.8839583333333333,62.17875,150.0,0.7,0,0
EVS04608,3,1050,4,8,AC Level 1,Ultra-Fast Charging,Yes,0.36118130841121493,0.12149532710280374,107,2.8016822429906543,65.01327102803738,350.0,0.75,0,0
EVS04609,2,300,3,10,AC Level 1,Fast Charging,Yes,0.5231528735632184,0.3275862068965517,174,6.830517241379311,62.78706896551724,150.0,0.6666666666666666,1,1
EVS04610,1,50,1,11,DC Fast Charger,Fast Charging,No,0.8142538461538461,0.7142857142857143,91,6.896153846153846,53.1989010989011,50.0,1.0,1,1
EVS04611,4,1400,5,16,AC Level 1,Ultra-Fast Charging,No,0.2528114285714286,0.0,35,0.824,60.67542857142857,350.0,0.8,0,0
EVS04612,7,350,10,5,AC Level 2,Fast Charging,No,0.14740338983050846,0.03389830508474576,59,0.9654237288135593,61.910508474576275,50.0,0.7,0,0
EVS04613,3,1050,4,4,AC Level 2,Ultra-Fast Charging,No,0.3387039735099338,0.2251655629139073,152,4.602781456953642,60.566052631578955,350.0,0.75,0,0
EVS04614,3,66,5,4,AC Level 1,Destination/AC,No,0.34428818181818177,0.18181818181818182,110,3.505909090909091,61.97209090909091,22.0,0.6,0,0
EVS04615,5,750,7,11,AC Level 2,Fast Charging,No,0.19583152173913043,0.09782608695652174,92,1.8996739130434783,58.74847826086956,150.0,0.7142857142857143,0,0
EVS04616,2,300,2,13,AC Level 1,Fast Charging,No,0.5033316831683169,0.1782178217821782,101,3.7402970297029703,60.39950495049505,150.0,1.0,0,0
EVS04617,6,132,10,9,AC Level 1,Destination/AC,Yes,0.16803043478260868,0.057971014492753624,69,1.092463768115942,60.490434782608695,22.0,0.6,0,0
EVS04618,4,1400,5,7,AC Level 2,Ultra-Fast Charging,Yes,0.25997800000000004,0.15,100,2.7392000000000003,62.3934,350.0,0.8,0,0
EVS04619,5,250,9,6,AC Level 2,Fast Charging,Yes,0.2095847328244275,0.12213740458015267,132,2.3603053435114503,62.39962121212121,50.0,0.5555555555555556,0,0
EVS04620,6,132,8,14,AC Level 2,Destination/AC,Yes,0.1753,0.125,187,2.498125,62.09475935828877,22.0,0.75,0,0
EVS04621,1,22,2,3,DC Fast Charger,Destination/AC,No,0.8985523364485981,0.822429906542056,107,8.29196261682243,60.37495327102803,22.0,0.5,1,1
EVS04622,3,66,6,6,DC Fast Charger,Destination/AC,No,0.3419672316384181,0.288135593220339,177,5.842203389830508,61.554011299435025,22.0,0.5,0,1
EVS04623,4,600,5,3,AC Level 2,Fast Charging,Yes,0.26030714285714285,0.12337662337662338,156,3.414155844155844,61.67173076923076,150.0,0.8,0,0
EVS04624,8,2800,10,8,AC Level 2,Ultra-Fast Charging,Yes,0.13881538461538462,0.038461538461538464,26,0.5007692307692307,66.63000000000001,350.0,0.8,0,0
EVS04625,3,450,6,6,AC Level 1,Fast Charging,No,0.3264772151898734,0.17721518987341772,79,2.3131645569620254,58.765443037974684,150.0,0.5,0,0
EVS04626,3,450,3,16,AC Level 1,Fast Charging,Yes,0.3459581081081081,0.12162162162162163,74,2.4775675675675677,62.27189189189189,150.0,1.0,0,0
EVS04627,6,132,10,6,DC Fast Charger,Destination/AC,No,0.17689473684210527,0.15789473684210525,19,0.27,63.676842105263155,22.0,0.6,0,0
EVS04628,1,150,1,8,AC Level 2,Fast Charging,No,0.8779130434782608,0.6521739130434783,46,4.190217391304348,59.85739130434783,150.0,1.0,1,1
EVS04629,6,2100,7,4,DC Fast Charger,Ultra-Fast Charging,No,0.15535899280575538,0.10071942446043165,141,2.051654676258993,55.13687943262411,350.0,0.8571428571428571,0,0
EVS04630,2,44,4,7,AC Level 2,Destination/AC,Yes,0.472744578313253,0.10843373493975904,83,3.143734939759036,56.72951807228916,22.0,0.5,0,0
EVS04631,1,22,1,16,AC Level 2,Destination/AC,No,0.8766485714285714,0.7714285714285715,35,4.354,60.155142857142856,22.0,1.0,1,1
EVS04632,5,110,7,9,DC Fast Charger,Destination/AC,Yes,0.21561964285714286,0.08928571428571429,56,1.2874999999999999,64.6855357142857,22.0,0.7142857142857143,0,0
EVS04633,1,50,2,16,DC Fast Charger,Fast Charging,Yes,0.7978931034482758,0.6206896551724138,58,5.305172413793104,51.640517241379314,50.0,0.5,1,1
EVS04634,2,44,4,15,DC Fast Charger,Destination/AC,Yes,0.4893369565217391,0.06521739130434782,46,1.5328260869565218,58.72,22.0,0.5,0,0
EVS04635,4,88,7,5,AC Level 1,Destination/AC,No,0.2238655172413793,0.034482758620689655,29,0.7300000000000001,53.730000000000004,22.0,0.5714285714285714,0,0
EVS04636,2,700,3,4,DC Fast Charger,Ultra-Fast Charging,Yes,0.4406547445255475,0.36496350364963503,137,6.342335766423357,52.878029197080295,350.0,0.6666666666666666,0,1
EVS04637,5,110,9,8,AC Level 1,Destination/AC,No,0.20321559139784945,0.12365591397849462,187,2.400994623655914,60.63877005347594,22.0,0.5555555555555556,0,0
EVS04638,4,200,8,15,AC Level 2,Fast Charging,Yes,0.25653367346938777,0.07142857142857142,98,2.6235714285714287,61.56836734693877,50.0,0.5,0,0
EVS04639,5,110,7,15,AC Level 2,Destination/AC,No,0.19835537190082644,0.04132231404958678,123,1.9508264462809919,58.538455284552846,22.0,0.7142857142857143,0,0
EVS04640,3,450,6,10,AC Level 1,Fast Charging,Yes,0.35197762237762237,0.23776223776223776,143,5.145664335664336,63.35594405594405,150.0,0.5,0,0
EVS04641,5,1750,8,16,AC Level 2,Ultra-Fast Charging,Yes,0.19416529411764705,0.12352941176470589,171,3.034676470588235,57.908713450292396,350.0,0.625,0,0
EVS04642,3,66,4,7,DC Fast Charger,Destination/AC,Yes,0.38021875,0.0,16,0.6962499999999999,68.43875,22.0,0.75,0,0
EVS04643,3,66,4,8,DC Fast Charger,Destination/AC,No,0.35390802139037436,0.3315508021390374,189,5.806310160427807,63.02904761904762,22.0,0.75,0,1
EVS04644,3,450,6,11,AC Level 1,Fast Charging,Yes,0.3316392857142857,0.14285714285714285,28,0.7639285714285714,59.69535714285714,150.0,0.5,0,0
EVS04645,5,750,6,4,DC Fast Charger,Fast Charging,No,0.18619333333333332,0.0,15,0.484,55.85733333333334,150.0,0.8333333333333334,0,0
EVS04646,5,1750,7,10,AC Level 2,Ultra-Fast Charging,No,0.19845243902439025,0.0975609756097561,82,1.5714634146341464,59.535121951219516,350.0,0.7142857142857143,0,0
EVS04647,5,750,9,11,AC Level 2,Fast Charging,No,0.19935401459854013,0.15328467153284672,137,2.687153284671533,59.807299270072996,150.0,0.5555555555555556,0,0
EVS04648,5,110,6,8,AC Level 1,Destination/AC,No,0.19263200000000003,0.04,25,0.5196000000000001,57.79,22.0,0.8333333333333334,0,0
EVS04649,4,600,5,7,DC Fast Charger,Fast Charging,Yes,0.2173593220338983,0.01694915254237288,59,1.6577966101694916,52.16694915254237,150.0,0.8,0,0
EVS04650,1,50,1,16,DC Fast Charger,Fast Charging,No,0.8073737704918033,0.6885245901639344,61,4.445081967213114,53.34967213114754,50.0,1.0,1,1
EVS04651,1,22,1,14,AC Level 2,Destination/AC,No,0.8955226190476191,0.8452380952380952,84,6.501309523809524,63.149880952380954,22.0,1.0,1,1
EVS04652,4,200,6,4,AC Level 2,Fast Charging,No,0.26239999999999997,0.18478260869565216,187,4.208994565217392,61.96604278074866,50.0,0.6666666666666666,0,0
EVS04653,3,450,4,6,DC Fast Charger,Fast Charging,No,0.297465625,0.046875,64,2.04234375,53.543125,150.0,0.75,0,0
EVS04654,3,450,4,11,AC Level 1,Fast Charging,No,0.3447686274509804,0.09803921568627451,51,1.6066666666666667,62.0578431372549,150.0,0.75,0,0
EVS04655,5,110,6,7,AC Level 2,Destination/AC,No,0.19756739130434783,0.021739130434782608,46,0.6376086956521739,59.27173913043478,22.0,0.8333333333333334,0,0
EVS04656,7,2450,10,13,DC Fast Charger,Ultra-Fast Charging,Yes,0.11802826086956521,0.021739130434782608,46,0.8428260869565218,49.57217391304348,350.0,0.7,0,0
EVS04657,4,1400,5,11,AC Level 2,Ultra-Fast Charging,Yes,0.26652000000000003,0.02857142857142857,35,0.8368571428571429,63.96399999999999,350.0,0.8,0,0
EVS04658,2,44,2,15,AC Level 1,Destination/AC,Yes,0.5050289473684211,0.22807017543859648,114,5.195438596491228,60.60368421052631,22.0,1.0,0,0
EVS04659,3,66,6,3,DC Fast Charger,Destination/AC,Yes,0.34277176470588233,0.15294117647058825,85,2.83,61.69905882352941,22.0,0.5,0,0
EVS04660,4,600,7,16,AC Level 2,Fast Charging,No,0.2640619047619048,0.19047619047619047,106,3.2128095238095242,62.77801886792453,150.0,0.5714285714285714,0,0
EVS04661,5,110,7,11,DC Fast Charger,Destination/AC,Yes,0.19197070063694266,0.12738853503184713,157,2.7392993630573246,57.5912101910828,22.0,0.7142857142857143,0,0
EVS04662,1,150,2,15,DC Fast Charger,Fast Charging,No,0.7740375886524823,0.6170212765957447,141,7.742695035460993,51.049574468085105,150.0,0.5,1,1
EVS04663,1,150,2,3,DC Fast Charger,Fast Charging,Yes,0.8467578947368422,0.7105263157894737,38,3.663947368421052,57.41552631578947,150.0,0.5,1,1
EVS04664,7,154,9,5,DC Fast Charger,Destination/AC,Yes,0.14028,0.014285714285714285,70,0.9545714285714285,58.916999999999994,22.0,0.7777777777777778,0,0
EVS04665,3,450,4,12,AC Level 2,Fast Charging,No,0.3360779411764706,0.10294117647058823,68,2.214264705882353,60.493676470588234,150.0,0.75,0,0
EVS04666,5,110,8,16,DC Fast Charger,Destination/AC,No,0.2102048611111111,0.1527777777777778,144,2.7090972222222223,63.060763888888886,22.0,0.625,0,0
EVS04667,4,88,6,3,DC Fast Charger,Destination/AC,Yes,0.2650639344262295,0.06557377049180328,62,1.6642622950819672,62.58854838709677,22.0,0.6666666666666666,0,0
EVS04668,1,350,1,3,AC Level 2,Ultra-Fast Charging,Yes,0.871452,0.72,50,4.4154,61.333999999999996,350.0,1.0,1,1
EVS04669,6,900,9,6,AC Level 1,Fast Charging,No,0.17330846153846155,0.06923076923076923,130,2.1984615384615385,62.39,150.0,0.6666666666666666,0,0
EVS04670,3,66,7,14,DC Fast Charger,Destination/AC,No,0.33619203539823006,0.13274336283185842,113,2.6594690265486722,60.51548672566372,22.0,0.42857142857142855,0,0
EVS04671,7,350,10,7,AC Level 1,Fast Charging,No,0.162725,0.0625,16,0.73125,68.34625,50.0,0.7,0,0
EVS04672,1,150,1,15,AC Level 2,Fast Charging,No,0.9009128000000001,0.792,125,7.79312,62.54912,150.0,1.0,1,1
EVS04673,2,700,3,15,DC Fast Charger,Ultra-Fast Charging,Yes,0.42557547169811316,0.03773584905660377,53,2.968490566037736,51.068679245283015,350.0,0.6666666666666666,0,0
EVS04674,4,88,5,3,AC Level 2,Destination/AC,Yes,0.24574060606060605,0.21818181818181817,165,3.968666666666667,58.978484848484854,22.0,0.8,0,0
EVS04675,2,700,3,4,AC Level 1,Ultra-Fast Charging,Yes,0.5116426666666666,0.31333333333333335,150,6.506133333333333,61.39753333333333,350.0,0.6666666666666666,0,1
EVS04676,1,22,3,3,AC Level 2,Destination/AC,No,0.8246297297297297,0.6891891891891891,74,6.73027027027027,55.95405405405406,22.0,0.3333333333333333,1,1
EVS04677,2,700,4,5,AC Level 2,Ultra-Fast Charging,Yes,0.5106294117647059,0.29411764705882354,102,6.144117647058824,61.27549019607844,350.0,0.5,0,1
EVS04678,8,1200,9,9,DC Fast Charger,Fast Charging,No,0.10908425925925926,0.05555555555555555,108,1.298888888888889,52.36018518518518,150.0,0.8888888888888888,0,0
EVS04679,3,1050,4,3,DC Fast Charger,Ultra-Fast Charging,Yes,0.2908541666666667,0.18333333333333332,120,3.701,52.35333333333333,350.0,0.75,0,0
EVS04680,4,200,7,4,DC Fast Charger,Fast Charging,No,0.21106944444444442,0.027777777777777776,36,0.7894444444444444,50.656666666666666,50.0,0.5714285714285714,0,0
EVS04681,6,900,10,15,AC Level 2,Fast Charging,Yes,0.17401379310344828,0.034482758620689655,58,1.210344827586207,62.6448275862069,150.0,0.6,0,0
EVS04682,6,900,9,8,DC Fast Charger,Fast Charging,Yes,0.15219473684210527,0.10526315789473684,39,1.0176315789473684,53.38589743589744,150.0,0.6666666666666666,0,0
EVS04683,6,900,8,9,DC Fast Charger,Fast Charging,No,0.14574015748031496,0.11023622047244094,127,2.1994488188976375,52.4663779527559,150.0,0.75,0,0
EVS04684,1,50,2,5,DC Fast Charger,Fast Charging,No,0.8398565217391305,0.5652173913043478,23,2.1943478260869567,54.283478260869565,50.0,0.5,1,1
EVS04685,2,100,4,13,AC Level 2,Fast Charging,No,0.516812037037037,0.25925925925925924,108,4.854351851851852,62.01759259259259,50.0,0.5,1,0
EVS04686,2,300,3,9,AC Level 1,Fast Charging,No,0.4980394366197183,0.34507042253521125,142,6.685140845070422,59.76492957746479,150.0,0.6666666666666666,0,1
EVS04687,2,700,4,8,AC Level 1,Ultra-Fast Charging,No,0.5155137931034482,0.39901477832512317,204,7.7475862068965515,61.830637254901966,350.0,0.5,1,1
EVS04688,3,150,6,4,AC Level 2,Fast Charging,No,0.3411054794520548,0.1095890410958904,73,2.1172602739726027,61.39917808219179,50.0,0.5,0,0
EVS04689,2,100,3,12,DC Fast Charger,Fast Charging,No,0.4677571428571428,0.047619047619047616,21,0.8519047619047619,56.13047619047619,50.0,0.6666666666666666,0,0
EVS04690,6,132,8,14,AC Level 1,Destination/AC,Yes,0.17600457516339868,0.0915032679738562,153,2.2094771241830067,63.36084967320261,22.0,0.75,0,0
EVS04691,3,1050,5,6,DC Fast Charger,Ultra-Fast Charging,No,0.2779285714285714,0.07142857142857142,14,0.7735714285714286,50.027857142857144,350.0,0.6,0,0
EVS04692,6,2100,10,13,DC Fast Charger,Ultra-Fast Charging,No,0.15830952380952382,0.0,21,0.6128571428571429,56.989999999999995,350.0,0.6,0,0
EVS04693,3,66,4,16,AC Level 1,Destination/AC,Yes,0.347975,0.2727272727272727,177,5.707755681818181,62.28141242937853,22.0,0.75,0,0
EVS04694,4,1400,6,11,AC Level 1,Ultra-Fast Charging,Yes,0.2526307189542484,0.1830065359477124,153,3.4045751633986927,60.63137254901961,350.0,0.6666666666666666,0,0
EVS04695,5,1750,6,10,AC Level 2,Ultra-Fast Charging,Yes,0.2050083916083916,0.1258741258741259,143,2.54,61.501888111888114,350.0,0.8333333333333334,0,0
EVS04696,5,110,6,12,AC Level 2,Destination/AC,No,0.208382,0.1,150,2.808333333333333,62.513866666666665,22.0,0.8333333333333334,0,0
EVS04697,5,750,10,3,AC Level 1,Fast Charging,No,0.1916148148148148,0.07407407407407407,27,0.7722222222222223,57.48481481481481,150.0,0.5,0,0
EVS04698,3,450,4,10,DC Fast Charger,Fast Charging,No,0.3239030303030303,0.06060606060606061,33,1.1457575757575758,58.302121212121214,150.0,0.75,0,0
EVS04699,1,50,1,7,DC Fast Charger,Fast Charging,No,0.8715840909090908,0.7045454545454546,44,6.079318181818182,58.56727272727273,50.0,1.0,1,1
EVS04700,1,350,1,12,AC Level 2,Ultra-Fast Charging,No,0.8586833333333334,0.6666666666666666,12,1.3983333333333334,55.48916666666667,350.0,1.0,1,1
EVS04701,6,2100,10,5,AC Level 1,Ultra-Fast Charging,No,0.174634693877551,0.09693877551020408,198,2.4157397959183675,62.23404040404041,350.0,0.6,0,0
EVS04702,6,132,10,4,DC Fast Charger,Destination/AC,No,0.17498846153846154,0.07692307692307693,26,0.45999999999999996,62.995,22.0,0.6,0,0
EVS04703,5,110,10,9,AC Level 1,Destination/AC,No,0.20228039215686275,0.09803921568627451,102,1.7705882352941176,60.6843137254902,22.0,0.5,0,0
EVS04704,3,1050,4,4,AC Level 2,Ultra-Fast Charging,Yes,0.34819556962025316,0.25949367088607594,158,4.8214556962025314,62.67537974683544,350.0,0.75,0,0
EVS04705,2,300,3,9,AC Level 1,Fast Charging,No,0.523915037593985,0.3233082706766917,134,5.947631578947369,62.88708955223881,150.0,0.6666666666666666,1,1
EVS04706,3,66,5,5,AC Level 2,Destination/AC,Yes,0.32657741935483875,0.08064516129032258,62,1.8867741935483873,58.78467741935484,22.0,0.6,0,0
EVS04707,3,450,4,4,AC Level 1,Fast Charging,Yes,0.3365344086021505,0.15053763440860216,93,3.338709677419355,60.575913978494626,150.0,0.75,0,0
EVS04708,3,150,7,10,AC Level 1,Fast Charging,Yes,0.3386255555555555,0.1,90,3.4241111111111113,60.952666666666666,50.0,0.42857142857142855,0,0
EVS04709,1,350,1,9,AC Level 1,Ultra-Fast Charging,No,0.8887613636363636,0.8181818181818182,176,8.705056818181818,60.98721590909091,350.0,1.0,1,1
EVS04710,6,132,9,12,AC Level 1,Destination/AC,No,0.16685471698113205,0.05660377358490566,106,1.337075471698113,60.06943396226415,22.0,0.6666666666666666,0,0
EVS04711,2,300,3,14,AC Level 1,Fast Charging,Yes,0.531269696969697,0.10606060606060606,66,2.041060606060606,63.75242424242424,150.0,0.6666666666666666,1,0
EVS04712,5,110,6,12,AC Level 1,Destination/AC,No,0.20786506024096385,0.12650602409638553,166,2.727228915662651,62.35909638554217,22.0,0.8333333333333334,0,0
EVS04713,6,300,9,16,AC Level 1,Fast Charging,Yes,0.16158950276243092,0.13812154696132597,181,2.4642541436464085,58.17198895027624,50.0,0.6666666666666666,0,0
EVS04714,1,350,1,7,AC Level 1,Ultra-Fast Charging,Yes,0.8812784946236559,0.8064516129032258,93,6.873655913978495,60.755591397849464,350.0,1.0,1,1
EVS04715,2,300,2,9,AC Level 2,Fast Charging,Yes,0.5252,0.05555555555555555,18,1.4205555555555556,63.02611111111111,150.0,1.0,1,0
EVS04716,4,200,9,13,AC Level 2,Fast Charging,No,0.25826902654867256,0.1504424778761062,113,2.470619469026549,61.98522123893805,50.0,0.4444444444444444,0,0
EVS04717,7,1050,9,16,AC Level 2,Fast Charging,Yes,0.15225128205128205,0.09615384615384616,156,2.2148717948717946,63.945897435897436,150.0,0.7777777777777778,0,0
EVS04718,7,2450,10,6,AC Level 2,Ultra-Fast Charging,No,0.14143099415204677,0.1286549707602339,171,2.4481286549707604,59.40146198830409,350.0,0.7,0,0
EVS04719,2,700,3,3,AC Level 2,Ultra-Fast Charging,Yes,0.5368728260869565,0.21739130434782608,92,4.165326086956521,64.4245652173913,350.0,0.6666666666666666,1,0
EVS04720,2,44,3,15,AC Level 2,Destination/AC,Yes,0.5460945945945946,0.08108108108108109,37,1.4127027027027028,65.53135135135135,22.0,0.6666666666666666,1,0
EVS04721,3,450,5,6,AC Level 2,Fast Charging,Yes,0.3373590909090909,0.14545454545454545,110,3.3191818181818182,60.72481818181818,150.0,0.6,0,0
EVS04722,4,88,7,9,DC Fast Charger,Destination/AC,No,0.25224615384615384,0.1952662721893491,170,4.153047337278107,60.183235294117644,22.0,0.5714285714285714,0,0
EVS04723,1,50,2,5,AC Level 1,Fast Charging,No,0.877837106918239,0.7924528301886793,159,8.969811320754717,60.45459119496856,50.0,0.5,1,1
EVS04724,3,150,6,15,AC Level 1,Fast Charging,No,0.28441176470588236,0.0,17,1.1458823529411766,51.195882352941176,50.0,0.5,0,0
EVS04725,4,200,5,16,AC Level 1,Fast Charging,Yes,0.26052571428571425,0.05714285714285714,70,1.516142857142857,62.52585714285715,50.0,0.8,0,0
EVS04726,1,150,3,7,AC Level 2,Fast Charging,Yes,0.8681388888888888,0.8111111111111111,90,6.754111111111111,58.63066666666667,150.0,0.3333333333333333,1,1
EVS04727,1,350,1,7,AC Level 2,Ultra-Fast Charging,Yes,0.8776552631578948,0.7105263157894737,38,2.331578947368421,60.315000000000005,350.0,1.0,1,1
EVS04728,3,66,5,11,DC Fast Charger,Destination/AC,Yes,0.3437235294117647,0.24705882352941178,171,4.639088235294118,61.50842105263158,22.0,0.6,0,0
EVS04729,1,22,1,11,AC Level 2,Destination/AC,No,0.9069882352941177,0.8235294117647058,34,2.773529411764706,59.33235294117647,22.0,1.0,1,1
EVS04730,2,700,2,16,AC Level 2,Ultra-Fast Charging,Yes,0.5388417910447761,0.2462686567164179,135,4.700111940298508,64.38103703703705,350.0,1.0,1,0
EVS04731,3,450,6,7,AC Level 1,Fast Charging,No,0.33651573033707866,0.2303370786516854,179,4.919466292134831,60.2340782122905,150.0,0.5,0,0
EVS04732,4,1400,7,16,AC Level 1,Ultra-Fast Charging,Yes,0.2428018018018018,0.16216216216216217,111,3.7352252252252254,58.27261261261261,350.0,0.5714285714285714,0,0
EVS04733,5,250,9,6,AC Level 1,Fast Charging,No,0.20367074829931972,0.12244897959183673,147,2.6941496598639456,61.100272108843534,50.0,0.5555555555555556,0,0
EVS04734,2,700,4,4,DC Fast Charger,Ultra-Fast Charging,No,0.4479326086956522,0.0,46,2.0430434782608695,53.75152173913044,350.0,0.5,0,0
EVS04735,3,66,4,7,AC Level 1,Destination/AC,Yes,0.33527103448275863,0.2206896551724138,146,4.823931034482759,59.93561643835616,22.0,0.75,0,0
EVS04736,2,100,2,4,DC Fast Charger,Fast Charging,No,0.43165624999999996,0.1875,80,3.70925,51.799375,50.0,1.0,0,0
EVS04737,1,22,1,9,AC Level 1,Destination/AC,No,0.8922,0.75,28,2.843571428571429,62.56321428571429,22.0,1.0,1,1
EVS04738,4,200,5,12,AC Level 2,Fast Charging,No,0.275921875,0.0625,65,1.63578125,65.202,50.0,0.8,0,0
EVS04739,4,88,7,11,AC Level 1,Destination/AC,No,0.25352739726027396,0.0684931506849315,73,1.5356164383561643,60.84698630136986,22.0,0.5714285714285714,0,0
EVS04740,2,700,3,14,AC Level 1,Ultra-Fast Charging,No,0.48957477477477473,0.13513513513513514,111,4.564414414414414,58.74873873873874,350.0,0.6666666666666666,0,0
EVS04741,5,1750,8,6,AC Level 2,Ultra-Fast Charging,Yes,0.21568983050847457,0.05084745762711865,59,0.9735593220338983,64.7064406779661,350.0,0.625,0,0
EVS04742,5,1750,9,12,AC Level 2,Ultra-Fast Charging,Yes,0.20344563106796115,0.06796116504854369,103,1.5570873786407766,61.03339805825242,350.0,0.5555555555555556,0,0
EVS04743,1,350,2,5,AC Level 1,Ultra-Fast Charging,No,0.8966681318681319,0.8461538461538461,91,8.435274725274725,63.60274725274726,350.0,0.5,1,1
EVS04744,4,1400,5,3,AC Level 1,Ultra-Fast Charging,No,0.24648985507246376,0.057971014492753624,69,1.5456521739130435,59.156666666666666,350.0,0.8,0,0
EVS04745,1,50,2,6,DC Fast Charger,Fast Charging,No,0.8058051094890512,0.7664233576642335,138,8.500620437956204,53.95753623188406,50.0,0.5,1,1
EVS04746,1,150,1,15,DC Fast Charger,Fast Charging,No,0.8204075,0.7,80,5.133125,55.17975,150.0,1.0,1,1
EVS04747,7,154,9,10,AC Level 2,Destination/AC,Yes,0.14751866666666666,0.1,151,2.036966666666667,61.54794701986755,22.0,0.7777777777777778,0,0
EVS04748,3,66,5,15,AC Level 2,Destination/AC,No,0.3242611111111111,0.12962962962962962,54,2.0674074074074076,58.367592592592594,22.0,0.6,0,0
EVS04749,2,44,3,12,DC Fast Charger,Destination/AC,Yes,0.5135888888888889,0.3006535947712418,154,6.68186274509804,61.23012987012987,22.0,0.6666666666666666,1,1
EVS04750,6,132,8,8,AC Level 1,Destination/AC,No,0.15954931506849315,0.0547945205479452,73,1.3271232876712329,57.43917808219179,22.0,0.75,0,0
EVS04751,5,110,8,6,AC Level 2,Destination/AC,Yes,0.19932,0.08,25,0.5132,59.7976,22.0,0.625,0,0
EVS04752,5,1750,7,12,AC Level 2,Ultra-Fast Charging,Yes,0.20471176470588237,0.08823529411764706,34,0.7961764705882353,61.41529411764706,350.0,0.7142857142857143,0,0
EVS04753,4,200,5,13,DC Fast Charger,Fast Charging,No,0.2211872611464968,0.17197452229299362,158,3.652356687898089,52.74778481012658,50.0,0.8,0,0
EVS04754,7,154,10,11,AC Level 2,Destination/AC,Yes,0.15274967741935486,0.10967741935483871,158,2.0625161290322582,62.93487341772151,22.0,0.7,0,0
EVS04755,6,300,9,9,DC Fast Charger,Fast Charging,Yes,0.14795121951219511,0.0975609756097561,41,0.9660975609756097,53.262926829268295,50.0,0.6666666666666666,0,0
EVS04756,1,50,3,4,AC Level 1,Fast Charging,No,0.8532579439252336,0.794392523364486,107,8.529532710280373,59.01327102803739,50.0,0.3333333333333333,1,1
EVS04757,5,110,8,6,AC Level 2,Destination/AC,No,0.20284821428571428,0.07142857142857142,112,2.262857142857143,60.85383928571429,22.0,0.625,0,0
EVS04758,6,900,7,7,AC Level 2,Fast Charging,Yes,0.1745825,0.025,40,0.78775,62.84925,150.0,0.8571428571428571,0,0
EVS04759,5,250,7,10,AC Level 1,Fast Charging,Yes,0.20772843137254904,0.10784313725490197,103,2.360392156862745,61.71271844660194,50.0,0.7142857142857143,0,0
EVS04760,4,1400,8,14,AC Level 1,Ultra-Fast Charging,No,0.26514161073825504,0.12751677852348994,150,3.142751677852349,63.2088,350.0,0.5,0,0
EVS04761,2,44,3,11,AC Level 2,Destination/AC,Yes,0.5188726744186046,0.42441860465116277,174,7.63031976744186,61.715229885057475,22.0,0.6666666666666666,1,1
EVS04762,5,250,6,11,AC Level 1,Fast Charging,Yes,0.2078608695652174,0.125,184,2.904347826086956,62.35826086956522,50.0,0.8333333333333334,0,0
EVS04763,6,2100,9,4,DC Fast Charger,Ultra-Fast Charging,No,0.15676774193548387,0.0,31,0.6216129032258064,56.435806451612905,350.0,0.6666666666666666,0,0
EVS04764,3,150,6,14,DC Fast Charger,Fast Charging,No,0.2840034482758621,0.13793103448275862,58,1.6191379310344827,51.1201724137931,50.0,0.5,0,0
EVS04765,5,250,7,9,DC Fast Charger,Fast Charging,No,0.18546,0.075,81,1.642,54.95098765432098,50.0,0.7142857142857143,0,0
EVS04766,1,350,3,16,AC Level 2,Ultra-Fast Charging,Yes,0.879280487804878,0.7317073170731707,41,3.383170731707317,62.83609756097562,350.0,0.3333333333333333,1,1
EVS04767,1,150,1,16,AC Level 2,Fast Charging,No,0.8854392857142858,0.8303571428571429,113,7.690892857142857,61.4587610619469,150.0,1.0,1,1
EVS04768,4,200,6,8,AC Level 2,Fast Charging,No,0.24263846153846155,0.0,13,0.42923076923076925,58.23153846153846,50.0,0.6666666666666666,0,0
EVS04769,6,132,7,8,DC Fast Charger,Destination/AC,No,0.17482,0.03333333333333333,30,0.8093333333333333,62.93533333333333,22.0,0.8571428571428571,0,0
EVS04770,5,250,8,12,AC Level 1,Fast Charging,Yes,0.18708571428571427,0.09523809523809523,21,0.46238095238095245,56.12761904761905,50.0,0.625,0,0
EVS04771,6,132,7,7,AC Level 2,Destination/AC,Yes,0.1685418918918919,0.04054054054054054,74,1.1581081081081082,60.675270270270275,22.0,0.8571428571428571,0,0
EVS04772,5,110,6,7,AC Level 2,Destination/AC,No,0.20060833333333333,0.09722222222222222,144,2.95375,60.18208333333333,22.0,0.8333333333333334,0,0
EVS04773,1,350,2,12,AC Level 2,Ultra-Fast Charging,No,0.8894173913043479,0.717391304347826,46,3.3760869565217395,60.833260869565216,350.0,0.5,1,1
EVS04774,4,600,8,9,AC Level 2,Fast Charging,No,0.24862,0.2111111111111111,180,3.9055555555555554,59.66927777777777,150.0,0.5,0,0
EVS04775,5,1750,7,4,DC Fast Charger,Ultra-Fast Charging,Yes,0.17293846153846154,0.03076923076923077,65,1.2004615384615385,51.879999999999995,350.0,0.7142857142857143,0,0
EVS04776,6,300,8,15,AC Level 1,Fast Charging,No,0.18592916666666667,0.0,24,0.43333333333333335,66.92999999999999,50.0,0.75,0,0
EVS04777,4,88,7,6,DC Fast Charger,Destination/AC,Yes,0.2526,0.0945945945945946,74,2.1941891891891894,60.62364864864865,22.0,0.5714285714285714,0,0
EVS04778,2,100,3,6,AC Level 1,Fast Charging,Yes,0.49854307692307687,0.3769230769230769,130,6.431384615384616,59.82584615384615,50.0,0.6666666666666666,0,1
EVS04779,6,2100,9,12,AC Level 1,Ultra-Fast Charging,No,0.1736103448275862,0.06896551724137931,29,0.6782758620689656,62.49758620689656,350.0,0.6666666666666666,0,0
EVS04780,6,2100,8,3,AC Level 1,Ultra-Fast Charging,No,0.17477037037037035,0.14814814814814814,27,0.45037037037037037,62.916666666666664,350.0,0.75,0,0
EVS04781,3,66,4,10,DC Fast Charger,Destination/AC,No,0.34133546511627905,0.2616279069767442,173,5.196656976744186,61.08589595375723,22.0,0.75,0,0
EVS04782,1,150,1,3,AC Level 1,Fast Charging,No,0.8976136752136752,0.9145299145299145,117,8.82025641025641,62.80128205128205,150.0,1.0,1,1
EVS04783,5,110,9,14,DC Fast Charger,Destination/AC,No,0.20338194444444443,0.09722222222222222,72,1.5554166666666667,61.01486111111111,22.0,0.5555555555555556,0,0
EVS04784,2,700,4,5,DC Fast Charger,Ultra-Fast Charging,No,0.4434297872340426,0.2907801418439716,141,6.471631205673759,53.21191489361702,350.0,0.5,0,1
EVS04785,2,700,2,7,DC Fast Charger,Ultra-Fast Charging,Yes,0.4327620481927711,0.39759036144578314,167,7.273132530120481,51.62011976047904,350.0,1.0,0,1
EVS04786,7,1050,9,4,AC Level 1,Fast Charging,Yes,0.15036933333333333,0.05333333333333334,75,1.1726666666666667,63.153866666666666,150.0,0.7777777777777778,0,0
EVS04787,7,1050,9,16,AC Level 2,Fast Charging,Yes,0.13885304347826086,0.06086956521739131,115,1.4747826086956521,58.320173913043476,150.0,0.7777777777777778,0,0
EVS04788,2,700,5,11,AC Level 1,Ultra-Fast Charging,No,0.52755,0.15,20,0.5445,63.307,350.0,0.4,1,0
EVS04789,5,750,7,14,DC Fast Charger,Fast Charging,Yes,0.1782058823529412,0.08823529411764706,68,1.298529411764706,53.46264705882353,150.0,0.7142857142857143,0,0
EVS04790,5,750,10,7,DC Fast Charger,Fast Charging,No,0.1864078947368421,0.15789473684210525,114,2.624385964912281,55.92140350877193,150.0,0.5,0,0
EVS04791,1,22,2,13,AC Level 2,Destination/AC,No,0.9298608695652174,0.8695652173913043,46,3.675652173913043,66.20413043478261,22.0,0.5,1,1
EVS04792,2,100,4,5,DC Fast Charger,Fast Charging,Yes,0.44183858695652173,0.40217391304347827,185,6.909891304347826,52.734,50.0,0.5,0,1
EVS04793,7,2450,9,7,AC Level 2,Ultra-Fast Charging,Yes,0.14447393617021279,0.09574468085106383,189,2.239281914893617,60.357619047619046,350.0,0.7777777777777778,0,0
EVS04794,1,50,2,15,AC Level 1,Fast Charging,No,0.931713953488372,0.8372093023255814,43,6.020930232558139,62.785348837209305,50.0,0.5,1,1
EVS04795,6,300,8,13,AC Level 2,Fast Charging,No,0.16157866666666665,0.04,75,1.1786666666666668,58.169733333333326,50.0,0.75,0,0
EVS04796,1,22,1,7,DC Fast Charger,Destination/AC,Yes,0.8832150000000001,0.7,40,5.29975,60.254999999999995,22.0,1.0,1,1
EVS04797,7,1050,9,10,DC Fast Charger,Fast Charging,No,0.12288085106382979,0.02127659574468085,95,1.4100531914893615,51.067578947368425,150.0,0.7777777777777778,0,0
EVS04798,4,1400,9,9,AC Level 2,Ultra-Fast Charging,Yes,0.2484578947368421,0.07894736842105263,38,0.8705263157894736,59.62894736842105,350.0,0.4444444444444444,0,0
EVS04799,5,250,6,7,AC Level 1,Fast Charging,No,0.20762368421052632,0.039473684210526314,76,1.6357894736842107,62.28736842105263,50.0,0.8333333333333334,0,0
EVS04800,6,2100,8,8,DC Fast Charger,Ultra-Fast Charging,Yes,0.1455724770642202,0.11926605504587157,109,1.9524770642201834,52.40477064220183,350.0,0.75,0,0
EVS04801,3,150,5,8,AC Level 1,Fast Charging,No,0.34332363636363633,0.2,110,3.9237272727272727,61.79836363636363,50.0,0.6,0,0
EVS04802,1,22,2,15,DC Fast Charger,Destination/AC,Yes,0.8894953271028038,0.7850467289719626,107,8.50214953271028,61.71439252336448,22.0,0.5,1,1
EVS04803,6,900,8,7,AC Level 1,Fast Charging,Yes,0.17754385964912278,0.08771929824561403,57,1.0656140350877192,63.91543859649123,150.0,0.75,0,0
EVS04804,1,150,2,9,AC Level 1,Fast Charging,Yes,0.9173832214765101,0.87248322147651,150,8.160771812080537,61.926399999999994,150.0,0.5,1,1
EVS04805,3,150,4,16,AC Level 2,Fast Charging,Yes,0.3441090909090909,0.17424242424242425,133,4.128674242424243,61.473984962406014,50.0,0.75,0,0
EVS04806,6,900,9,3,AC Level 2,Fast Charging,Yes,0.1723592,0.128,125,2.1200799999999997,62.04896,150.0,0.6666666666666666,0,0
EVS04807,3,450,7,10,AC Level 1,Fast Charging,Yes,0.3348566666666667,0.12222222222222222,90,2.849111111111111,60.27366666666667,150.0,0.42857142857142855,0,0
EVS04808,1,50,1,10,DC Fast Charger,Fast Charging,No,0.8231425287356322,0.7816091954022989,177,9.090344827586208,54.16316384180791,50.0,1.0,1,1
EVS04809,1,22,1,4,AC Level 1,Destination/AC,Yes,0.9047362637362638,0.8131868131868132,91,6.100989010989012,63.22197802197802,22.0,1.0,1,1
EVS04810,4,600,7,3,AC Level 2,Fast Charging,No,0.2650132867132867,0.11188811188811189,144,3.26951048951049,63.16180555555555,150.0,0.5714285714285714,0,0
EVS04811,1,350,2,15,AC Level 2,Ultra-Fast Charging,No,0.8605391304347826,0.717391304347826,46,4.279782608695652,59.98695652173913,350.0,0.5,1,1
EVS04812,1,50,1,15,DC Fast Charger,Fast Charging,Yes,0.7956920634920635,0.5873015873015873,63,4.790634920634921,51.99761904761905,50.0,1.0,1,1
EVS04813,1,50,1,16,DC Fast Charger,Fast Charging,No,0.8289231707317073,0.7439024390243902,82,8.745731707317074,55.129634146341466,50.0,1.0,1,1
EVS04814,4,88,6,13,DC Fast Charger,Destination/AC,Yes,0.25792680412371133,0.14432989690721648,97,2.5610309278350516,61.90329896907216,22.0,0.6666666666666666,0,0
EVS04815,3,1050,5,6,DC Fast Charger,Ultra-Fast Charging,No,0.27974370860927156,0.2251655629139073,152,4.353211920529802,50.0225,350.0,0.6,0,0
EVS04816,4,88,8,12,AC Level 2,Destination/AC,No,0.2575735294117647,0.07352941176470588,68,2.066470588235294,61.81764705882353,22.0,0.5,0,0
EVS04817,3,150,4,9,AC Level 2,Fast Charging,Yes,0.33694023668639056,0.2485207100591716,169,4.838224852071006,60.64934911242604,50.0,0.75,0,0
EVS04818,6,2100,7,5,AC Level 2,Ultra-Fast Charging,No,0.17440232558139535,0.06976744186046512,86,1.1247674418604652,62.784651162790695,350.0,0.8571428571428571,0,0
EVS04819,1,350,2,15,AC Level 2,Ultra-Fast Charging,No,0.9258891304347826,0.9021739130434783,92,8.971847826086956,63.06576086956522,350.0,0.5,1,1
EVS04820,1,350,1,11,AC Level 2,Ultra-Fast Charging,No,0.8962682291666666,0.8385416666666666,192,9.153281250000001,61.5465625,350.0,1.0,1,1
EVS04821,1,350,2,6,DC Fast Charger,Ultra-Fast Charging,No,0.8153805970149254,0.746268656716418,134,8.265298507462687,54.41059701492538,350.0,0.5,1,1
EVS04822,3,1050,6,16,DC Fast Charger,Ultra-Fast Charging,No,0.28753039999999996,0.16,125,3.98984,51.755840000000006,350.0,0.5,0,0
EVS04823,3,66,5,9,DC Fast Charger,Destination/AC,No,0.35455424836601307,0.26143790849673204,153,4.9992810457516335,63.81980392156863,22.0,0.6,0,0
EVS04824,8,400,10,8,AC Level 2,Fast Charging,Yes,0.1322313953488372,0.06976744186046512,173,2.4481976744186045,63.10554913294798,50.0,0.8,0,0
EVS04825,5,1750,7,14,AC Level 2,Ultra-Fast Charging,No,0.2114064516129032,0.07526881720430108,93,1.907741935483871,63.42247311827957,350.0,0.7142857142857143,0,0
EVS04826,3,1050,5,4,AC Level 2,Ultra-Fast Charging,No,0.32141621621621624,0.05405405405405406,74,2.602837837837838,57.854864864864865,350.0,0.6,0,0
EVS04827,4,600,5,10,AC Level 2,Fast Charging,Yes,0.2352217391304348,0.06521739130434782,46,1.3397826086956521,56.45195652173913,150.0,0.8,0,0
EVS04828,4,200,6,7,AC Level 2,Fast Charging,No,0.2499530612244898,0.07142857142857142,98,2.5733673469387757,59.989183673469384,50.0,0.6666666666666666,0,0
EVS04829,5,1750,9,7,DC Fast Charger,Ultra-Fast Charging,Yes,0.17956972972972973,0.14594594594594595,187,3.5154594594594597,53.295080213903745,350.0,0.5555555555555556,0,0
EVS04830,2,700,4,11,AC Level 2,Ultra-Fast Charging,No,0.5202981981981981,0.2072072072072072,111,3.771891891891892,62.45567567567568,350.0,0.5,1,0
EVS04831,1,22,1,9,AC Level 2,Destination/AC,Yes,0.90829,0.8125,80,7.731,63.542875,22.0,1.0,1,1
EVS04832,2,300,3,3,DC Fast Charger,Fast Charging,No,0.45558157894736845,0.15789473684210525,38,2.086315789473684,54.66973684210526,150.0,0.6666666666666666,0,0
EVS04833,1,150,2,14,AC Level 2,Fast Charging,No,0.8920743902439023,0.8414634146341463,82,6.848780487804878,61.606219512195125,150.0,0.5,1,1
EVS04834,1,150,1,15,AC Level 2,Fast Charging,Yes,0.9185916666666666,0.875,48,5.588541666666667,60.81375,150.0,1.0,1,1
EVS04835,1,150,1,11,AC Level 2,Fast Charging,Yes,0.882507558139535,0.8488372093023255,172,9.131453488372092,62.85476744186047,150.0,1.0,1,1
EVS04836,5,750,6,3,DC Fast Charger,Fast Charging,No,0.18248545454545453,0.10909090909090909,110,1.9673636363636364,54.74609090909091,150.0,0.8333333333333334,0,0
EVS04837,7,1050,10,14,DC Fast Charger,Fast Charging,No,0.137909375,0.09375,32,0.6103125,57.9209375,150.0,0.7,0,0
EVS04838,5,250,8,7,AC Level 1,Fast Charging,Yes,0.22286923076923076,0.038461538461538464,26,0.6803846153846155,66.86,50.0,0.625,0,0
EVS04839,2,100,4,3,DC Fast Charger,Fast Charging,Yes,0.4341970760233918,0.36257309941520466,174,7.003508771929824,51.22431034482759,50.0,0.5,0,1
EVS04840,6,300,7,11,AC Level 1,Fast Charging,Yes,0.169620625,0.10625,162,3.10603125,60.30895061728395,50.0,0.8571428571428571,0,0
EVS04841,2,300,3,15,AC Level 1,Fast Charging,Yes,0.506312987012987,0.34415584415584416,154,6.330974025974026,60.757857142857134,150.0,0.6666666666666666,0,1
EVS04842,3,66,6,14,DC Fast Charger,Destination/AC,Yes,0.336075,0.125,41,1.2235,59.01756097560976,22.0,0.5,0,0
EVS04843,8,2800,10,7,DC Fast Charger,Ultra-Fast Charging,No,0.096815625,0.0625,32,0.528125,46.4696875,350.0,0.8,0,0
EVS04844,4,1400,8,12,AC Level 2,Ultra-Fast Charging,Yes,0.258996,0.08,50,1.5828,62.156400000000005,350.0,0.5,0,0
EVS04845,6,900,10,9,AC Level 1,Fast Charging,Yes,0.17032371794871795,0.08333333333333333,157,2.0995192307692307,60.92598726114649,150.0,0.6,0,0
EVS04846,1,22,1,7,AC Level 2,Destination/AC,No,0.8845218487394958,0.865546218487395,120,7.5548319327731095,60.37716666666667,22.0,1.0,1,1
EVS04847,1,50,2,12,AC Level 2,Fast Charging,Yes,0.8925775147928994,0.8402366863905325,170,8.546923076923077,60.98923529411765,50.0,0.5,1,1
EVS04848,3,450,4,7,AC Level 1,Fast Charging,Yes,0.33106857142857143,0.0,35,0.7971428571428572,59.592285714285715,150.0,0.75,0,0
EVS04849,4,88,7,15,DC Fast Charger,Destination/AC,Yes,0.2657,0.025,40,1.1099999999999999,63.765499999999996,22.0,0.5714285714285714,0,0
EVS04850,1,150,1,8,DC Fast Charger,Fast Charging,Yes,0.8292111731843576,0.770949720670391,179,8.978156424581005,55.07217877094972,150.0,1.0,1,1
EVS04851,4,200,8,13,DC Fast Charger,Fast Charging,No,0.2194133757961783,0.2229299363057325,158,4.421847133757962,52.32651898734177,50.0,0.5,0,0
EVS04852,5,1750,9,15,AC Level 2,Ultra-Fast Charging,Yes,0.2090827868852459,0.10655737704918032,123,2.5423360655737706,62.215121951219515,350.0,0.5555555555555556,0,0
EVS04853,2,44,3,16,AC Level 2,Destination/AC,No,0.5077410256410256,0.1282051282051282,39,1.7443589743589745,60.92948717948718,22.0,0.6666666666666666,0,0
EVS04854,2,300,3,10,AC Level 2,Fast Charging,Yes,0.507575,0.05,20,1.3555,60.909000000000006,150.0,0.6666666666666666,0,0
EVS04855,2,44,3,16,DC Fast Charger,Destination/AC,Yes,0.50159,0.05,20,0.921,60.310500000000005,22.0,0.6666666666666666,0,0
EVS04856,1,150,1,14,AC Level 2,Fast Charging,Yes,0.8919040322580645,0.8387096774193549,125,7.95866935483871,61.14224,150.0,1.0,1,1
EVS04857,1,150,2,7,DC Fast Charger,Fast Charging,No,0.7829545454545455,0.7202797202797203,143,8.73888111888112,50.99517482517483,150.0,0.5,1,1
EVS04858,5,110,9,13,AC Level 1,Destination/AC,No,0.21312692307692307,0.13846153846153847,131,2.2324615384615383,63.449694656488546,22.0,0.5555555555555556,0,0
EVS04859,1,150,1,9,DC Fast Charger,Fast Charging,Yes,0.7971696428571429,0.625,56,5.088035714285715,51.473214285714285,150.0,1.0,1,1
EVS04860,6,300,8,14,AC Level 1,Fast Charging,Yes,0.17488110236220472,0.07874015748031496,128,2.4844488188976377,62.465546875,50.0,0.75,0,0
EVS04861,6,300,10,16,AC Level 2,Fast Charging,Yes,0.18384444444444445,0.05555555555555555,18,0.46222222222222226,66.18111111111111,50.0,0.6,0,0
EVS04862,8,400,10,3,AC Level 1,Fast Charging,Yes,0.13049423076923075,0.04487179487179487,156,1.531474358974359,62.63711538461538,50.0,0.8,0,0
EVS04863,7,2450,9,13,AC Level 2,Ultra-Fast Charging,Yes,0.14935714285714285,0.06349206349206349,190,2.209761904761905,62.400210526315796,350.0,0.7777777777777778,0,0
EVS04864,1,350,1,5,AC Level 1,Ultra-Fast Charging,No,0.8757922480620155,0.8062015503875969,130,8.063023255813954,60.324,350.0,1.0,1,1
EVS04865,3,66,6,8,AC Level 2,Destination/AC,Yes,0.3410900662251656,0.2913907284768212,152,5.609205298013245,60.99263157894736,22.0,0.5,0,1
EVS04866,5,1750,10,3,AC Level 2,Ultra-Fast Charging,No,0.20908630136986303,0.0547945205479452,146,2.061301369863014,62.72547945205479,350.0,0.5,0,0
EVS04867,1,50,2,6,AC Level 2,Fast Charging,No,0.9040615384615385,0.7912087912087912,91,7.934065934065934,62.01043956043956,50.0,0.5,1,1
EVS04868,2,700,2,13,DC Fast Charger,Ultra-Fast Charging,No,0.4289,0.14925373134328357,67,3.3349253731343285,51.46716417910448,350.0,1.0,0,0
EVS04869,8,176,10,12,AC Level 1,Destination/AC,No,0.12651707317073171,0.06097560975609756,164,2.0592073170731706,60.7305487804878,22.0,0.8,0,0
EVS04870,2,300,3,13,AC Level 2,Fast Charging,Yes,0.5234968253968254,0.23015873015873015,126,5.791031746031746,62.81968253968254,150.0,0.6666666666666666,1,0
EVS04871,3,150,6,3,DC Fast Charger,Fast Charging,Yes,0.2901367346938775,0.08163265306122448,49,1.5244897959183674,52.223673469387755,50.0,0.5,0,0
EVS04872,2,100,2,14,AC Level 2,Fast Charging,Yes,0.5279178571428572,0.36904761904761907,169,7.463898809523809,63.12485207100592,50.0,1.0,1,1
EVS04873,3,1050,4,11,DC Fast Charger,Ultra-Fast Charging,No,0.2799407407407407,0.0,27,0.7629629629629631,50.39,350.0,0.75,0,0
EVS04874,7,1050,9,8,DC Fast Charger,Fast Charging,No,0.12323636363636363,0.0743801652892562,122,1.559793388429752,51.33336065573771,150.0,0.7777777777777778,0,0
EVS04875,3,1050,4,6,AC Level 2,Ultra-Fast Charging,Yes,0.34747999999999996,0.06,50,1.4953999999999998,62.5476,350.0,0.75,0,0
EVS04876,2,700,3,9,AC Level 1,Ultra-Fast Charging,No,0.4988737588652482,0.23404255319148937,142,5.980815602836879,59.49295774647887,350.0,0.6666666666666666,0,0
EVS04877,5,1750,10,6,AC Level 1,Ultra-Fast Charging,No,0.19691884057971015,0.07246376811594203,69,1.548550724637681,59.07434782608696,350.0,0.5,0,0
EVS04878,2,100,3,8,AC Level 1,Fast Charging,Yes,0.4959776470588235,0.2,85,3.668470588235294,59.51729411764706,50.0,0.6666666666666666,0,0
EVS04879,6,132,9,6,AC Level 1,Destination/AC,No,0.1667375,0.09166666666666666,120,2.2656666666666667,60.02583333333334,22.0,0.6666666666666666,0,0
EVS04880,4,1400,6,15,AC Level 2,Ultra-Fast Charging,Yes,0.2738580882352941,0.16176470588235295,138,3.4695220588235296,64.77260869565218,350.0,0.6666666666666666,0,0
EVS04881,2,300,4,12,AC Level 1,Fast Charging,No,0.5181851851851852,0.2222222222222222,81,3.472098765432099,62.18222222222222,150.0,0.5,1,0
EVS04882,1,50,1,13,AC Level 1,Fast Charging,No,0.8918039325842696,0.8595505617977528,180,10.633595505617977,61.43705555555555,50.0,1.0,1,1
EVS04883,4,1400,5,3,AC Level 2,Ultra-Fast Charging,No,0.26568928571428574,0.07142857142857142,113,2.450714285714286,63.200973451327435,350.0,0.8,0,0
EVS04884,2,700,5,12,AC Level 2,Ultra-Fast Charging,Yes,0.4865604651162791,0.11627906976744186,43,1.9860465116279067,58.38720930232558,350.0,0.4,0,0
EVS04885,4,88,8,16,AC Level 1,Destination/AC,No,0.22705999999999998,0.1,10,0.34700000000000003,54.495000000000005,22.0,0.5,0,0
EVS04886,2,44,2,11,AC Level 1,Destination/AC,No,0.520668,0.12,50,2.2276,62.480599999999995,22.0,1.0,1,0
EVS04887,3,150,4,9,DC Fast Charger,Fast Charging,Yes,0.2867932692307692,0.16346153846153846,104,4.288365384615385,51.62221153846154,50.0,0.75,0,0
EVS04888,4,1400,7,6,DC Fast Charger,Ultra-Fast Charging,Yes,0.21704400000000001,0.08,125,2.42856,52.090559999999996,350.0,0.5714285714285714,0,0
EVS04889,3,150,7,5,AC Level 2,Fast Charging,Yes,0.3452493333333333,0.08,75,2.220133333333333,62.14426666666666,50.0,0.42857142857142855,0,0
EVS04890,3,66,5,6,DC Fast Charger,Destination/AC,Yes,0.3517790697674419,0.10465116279069768,86,2.7827906976744186,63.32093023255814,22.0,0.6,0,0
EVS04891,3,1050,6,4,AC Level 2,Ultra-Fast Charging,Yes,0.33338476821192053,0.23841059602649006,153,4.330331125827814,59.22450980392157,350.0,0.5,0,0
EVS04892,2,300,5,13,AC Level 1,Fast Charging,No,0.5298642857142857,0.2857142857142857,113,5.027455357142857,63.11628318584071,150.0,0.4,1,0
EVS04893,3,150,5,8,AC Level 2,Fast Charging,No,0.3458833333333333,0.0,18,0.9022222222222221,62.25777777777778,50.0,0.6,0,0
EVS04894,3,66,4,6,DC Fast Charger,Destination/AC,Yes,0.34713548387096776,0.0,31,1.0661290322580643,62.48451612903226,22.0,0.75,0,0
EVS04895,1,22,1,6,AC Level 1,Destination/AC,No,0.8939577981651377,0.8165137614678899,110,7.337477064220183,62.79818181818182,22.0,1.0,1,1
EVS04896,4,1400,5,8,AC Level 1,Ultra-Fast Charging,Yes,0.26480886075949367,0.0759493670886076,79,2.2259493670886075,63.55341772151899,350.0,0.8,0,0
EVS04897,6,300,10,14,AC Level 2,Fast Charging,No,0.17601708860759493,0.13291139240506328,158,3.071392405063291,63.36651898734177,50.0,0.6,0,0
EVS04898,3,1050,5,12,AC Level 2,Ultra-Fast Charging,No,0.34429016393442624,0.11475409836065574,122,3.4208196721311475,61.97262295081967,350.0,0.6,0,0
EVS04899,7,1050,8,3,AC Level 1,Fast Charging,No,0.1512778523489933,0.09395973154362416,149,2.0273154362416106,63.53825503355705,150.0,0.875,0,0
EVS04900,5,1750,7,15,DC Fast Charger,Ultra-Fast Charging,No,0.17604907407407408,0.05555555555555555,108,2.0566666666666666,52.81564814814815,350.0,0.7142857142857143,0,0
EVS04901,5,250,8,8,DC Fast Charger,Fast Charging,Yes,0.1739652777777778,0.041666666666666664,72,1.7,52.19027777777777,50.0,0.625,0,0
EVS04902,1,22,1,12,DC Fast Charger,Destination/AC,No,0.8887388888888889,0.8174603174603174,126,8.331031746031746,60.60611111111111,22.0,1.0,1,1
EVS04903,3,450,6,12,DC Fast Charger,Fast Charging,No,0.293275,0.17857142857142858,112,4.213571428571429,52.78910714285714,150.0,0.5,0,0
EVS04904,6,132,9,14,DC Fast Charger,Destination/AC,No,0.16956524822695035,0.05673758865248227,141,1.9095035460992908,61.042978723404254,22.0,0.6666666666666666,0,0
EVS04905,4,1400,6,5,AC Level 2,Ultra-Fast Charging,Yes,0.28419272727272726,0.07272727272727272,55,1.0627272727272727,68.20672727272726,350.0,0.6666666666666666,0,0
EVS04906,5,250,10,5,AC Level 1,Fast Charging,No,0.2121061403508772,0.15789473684210525,116,2.168464912280702,62.5346551724138,50.0,0.5,0,0
EVS04907,7,2450,8,15,AC Level 2,Ultra-Fast Charging,No,0.14596545454545454,0.16363636363636364,55,0.9361818181818182,61.30563636363636,350.0,0.875,0,0
EVS04908,5,750,8,16,DC Fast Charger,Fast Charging,Yes,0.16700320512820513,0.1346153846153846,156,2.6709615384615386,50.10038461538461,150.0,0.625,0,0
EVS04909,7,154,10,5,AC Level 1,Destination/AC,Yes,0.1411632911392405,0.056962025316455694,158,1.8423417721518986,59.2887341772152,22.0,0.7,0,0
EVS04910,2,44,3,4,AC Level 2,Destination/AC,No,0.48468661417322834,0.3858267716535433,127,6.244330708661417,58.16275590551181,22.0,0.6666666666666666,0,1
EVS04911,3,450,4,12,AC Level 2,Fast Charging,Yes,0.3376448648648649,0.23783783783783785,185,5.434270270270271,60.776108108108104,150.0,0.75,0,0
EVS04912,1,22,1,6,AC Level 1,Destination/AC,No,0.8902678899082568,0.8532110091743119,109,8.941009174311928,59.65577981651376,22.0,1.0,1,1
EVS04913,4,200,9,15,AC Level 2,Fast Charging,No,0.24168333333333333,0.05555555555555555,18,0.6238888888888889,58.00444444444444,50.0,0.4444444444444444,0,0
EVS04914,1,50,1,12,AC Level 2,Fast Charging,No,0.8826795081967213,0.8032786885245902,123,8.146926229508196,59.74081300813008,50.0,1.0,1,1
EVS04915,6,900,9,9,DC Fast Charger,Fast Charging,Yes,0.1447383116883117,0.07142857142857142,155,2.2719155844155843,51.771032258064515,150.0,0.6666666666666666,0,0
EVS04916,2,100,2,10,DC Fast Charger,Fast Charging,No,0.4357347826086957,0.0,23,1.4978260869565219,52.28869565217392,50.0,1.0,0,0
EVS04917,4,1400,7,6,DC Fast Charger,Ultra-Fast Charging,No,0.2202142857142857,0.0,35,0.902,52.851142857142854,350.0,0.5714285714285714,0,0
EVS04918,3,1050,4,16,DC Fast Charger,Ultra-Fast Charging,Yes,0.2795758064516129,0.16129032258064516,62,1.822258064516129,50.32387096774193,350.0,0.75,0,0
EVS04919,1,150,1,6,AC Level 2,Fast Charging,No,0.8868102941176471,0.8088235294117647,136,8.539338235294117,60.602279411764705,150.0,1.0,1,1
EVS04920,1,150,2,13,AC Level 1,Fast Charging,No,0.8751947368421052,0.7894736842105263,114,7.862017543859649,60.146929824561404,150.0,0.5,1,1
EVS04921,1,350,3,6,AC Level 1,Ultra-Fast Charging,No,0.9008268421052632,0.8578947368421053,190,8.963894736842105,61.86757894736842,350.0,0.3333333333333333,1,1
EVS04922,4,600,7,6,AC Level 1,Fast Charging,No,0.2545652777777778,0.2013888888888889,144,3.7777777777777777,61.0951388888889,150.0,0.5714285714285714,0,0
EVS04923,2,300,3,11,AC Level 2,Fast Charging,Yes,0.5235974789915967,0.20168067226890757,119,4.535798319327731,62.83117647058823,150.0,0.6666666666666666,1,0
EVS04924,2,44,3,4,AC Level 1,Destination/AC,No,0.49263230769230765,0.23846153846153847,130,5.241615384615384,59.11584615384616,22.0,0.6666666666666666,0,0
EVS04925,1,150,2,13,DC Fast Charger,Fast Charging,No,0.8060522727272726,0.75,88,6.724545454545455,52.697159090909096,150.0,0.5,1,1
EVS04926,5,110,10,15,AC Level 2,Destination/AC,No,0.20246969696969697,0.09090909090909091,33,0.8821212121212121,60.74181818181818,22.0,0.5,0,0
EVS04927,4,88,5,3,AC Level 2,Destination/AC,Yes,0.25243483146067414,0.10112359550561797,89,1.9401123595505616,60.584382022471914,22.0,0.8,0,0
EVS04928,1,350,2,16,AC Level 1,Ultra-Fast Charging,No,0.8700089285714286,0.8035714285714286,112,7.5094642857142855,58.40732142857143,350.0,0.5,1,1
EVS04929,4,600,6,9,AC Level 1,Fast Charging,Yes,0.2608816666666667,0.016666666666666666,60,0.9046666666666667,62.61066666666667,150.0,0.6666666666666666,0,0
EVS04930,7,350,9,14,AC Level 1,Fast Charging,No,0.14064285714285715,0.05714285714285714,70,0.8952857142857144,59.06914285714286,50.0,0.7777777777777778,0,0
EVS04931,2,700,2,4,AC Level 1,Ultra-Fast Charging,Yes,0.48527000000000003,0.0,20,0.675,58.232000000000006,350.0,1.0,0,0
EVS04932,5,250,7,3,DC Fast Charger,Fast Charging,No,0.17619624060150377,0.07518796992481203,133,2.4039849624060152,52.85894736842105,50.0,0.7142857142857143,0,0
EVS04933,4,600,6,10,DC Fast Charger,Fast Charging,No,0.21774585987261144,0.21019108280254778,158,3.8445859872611465,51.92867088607595,150.0,0.6666666666666666,0,0
EVS04934,3,1050,6,10,AC Level 1,Ultra-Fast Charging,Yes,0.3412560810810811,0.23648648648648649,148,5.4260810810810804,61.42608108108108,350.0,0.5,0,0
EVS04935,2,44,5,9,DC Fast Charger,Destination/AC,Yes,0.5293643835616438,0.1780821917808219,73,4.196164383561643,63.547397260273975,22.0,0.4,1,0
EVS04936,3,150,5,12,AC Level 2,Fast Charging,Yes,0.33684795918367344,0.17346938775510204,98,3.4662244897959185,60.632448979591835,50.0,0.6,0,0
EVS04937,5,1750,10,3,AC Level 1,Ultra-Fast Charging,Yes,0.20389343434343435,0.12626262626262627,198,3.037575757575758,61.16803030303031,350.0,0.5,0,0
EVS04938,1,350,1,8,AC Level 2,Ultra-Fast Charging,No,0.8921928571428571,0.8333333333333334,126,7.573333333333333,63.299523809523805,350.0,1.0,1,1
EVS04939,3,150,6,9,DC Fast Charger,Fast Charging,Yes,0.29076166666666664,0.06666666666666667,60,1.591,52.336666666666666,50.0,0.5,0,0
EVS04940,8,1200,10,14,AC Level 1,Fast Charging,Yes,0.1321743243243243,0.04054054054054054,75,0.9751351351351351,62.59826666666667,150.0,0.8,0,0
EVS04941,2,700,3,3,AC Level 2,Ultra-Fast Charging,Yes,0.5504081632653061,0.35374149659863946,147,6.192517006802721,66.04959183673469,350.0,0.6666666666666666,1,1
EVS04942,4,600,5,14,DC Fast Charger,Fast Charging,Yes,0.21472337662337662,0.1038961038961039,78,2.192207792207792,50.87179487179487,150.0,0.8,0,0
EVS04943,1,150,1,9,DC Fast Charger,Fast Charging,No,0.7750210191082803,0.7261146496815286,158,8.856273885350317,50.0676582278481,150.0,1.0,1,1
EVS04944,1,50,1,13,AC Level 2,Fast Charging,Yes,0.8591120805369128,0.7718120805369127,150,9.295570469798658,57.40653333333333,50.0,1.0,1,1
EVS04945,3,66,6,8,DC Fast Charger,Destination/AC,Yes,0.3441611111111111,0.0,18,0.5311111111111111,61.94611111111111,22.0,0.5,0,0
EVS04946,4,1400,6,15,AC Level 1,Ultra-Fast Charging,Yes,0.2598707142857143,0.1357142857142857,140,3.387,62.36878571428571,350.0,0.6666666666666666,0,0
EVS04947,1,150,1,6,DC Fast Charger,Fast Charging,No,0.7295814814814815,0.6049382716049383,81,5.930493827160494,47.15320987654321,150.0,1.0,1,1
EVS04948,5,750,8,11,AC Level 1,Fast Charging,No,0.20239831932773109,0.10084033613445378,119,1.8497478991596639,60.71865546218488,150.0,0.625,0,0
EVS04949,3,450,5,11,AC Level 1,Fast Charging,Yes,0.3326953846153846,0.06153846153846154,65,1.6878461538461538,59.886153846153846,150.0,0.6,0,0
EVS04950,1,50,1,3,DC Fast Charger,Fast Charging,Yes,0.7972275,0.6,80,7.082875,51.923625,50.0,1.0,1,1
EVS04951,2,44,4,15,AC Level 2,Destination/AC,No,0.49571315789473686,0.2894736842105263,76,3.821447368421053,59.53842105263158,22.0,0.5,0,1
EVS04952,5,250,9,11,DC Fast Charger,Fast Charging,No,0.17003666666666667,0.03333333333333333,30,0.4233333333333333,51.01166666666666,50.0,0.5555555555555556,0,0
EVS04953,6,900,10,5,AC Level 2,Fast Charging,No,0.17944871794871795,0.10897435897435898,157,2.5790705128205125,64.18993630573249,150.0,0.6,0,0
EVS04954,3,150,4,9,AC Level 1,Fast Charging,Yes,0.34215128205128204,0.05128205128205128,39,1.2653846153846153,61.58769230769231,50.0,0.75,0,0
EVS04955,7,154,9,6,AC Level 2,Destination/AC,No,0.15264761904761903,0.07936507936507936,63,1.2476190476190476,64.11142857142858,22.0,0.7777777777777778,0,0
EVS04956,3,150,5,6,DC Fast Charger,Fast Charging,No,0.28326170212765955,0.0851063829787234,47,1.3404255319148937,50.98659574468085,50.0,0.6,0,0
EVS04957,4,600,5,9,DC Fast Charger,Fast Charging,Yes,0.21216341463414634,0.0975609756097561,41,0.9636585365853658,50.91975609756098,150.0,0.8,0,0
EVS04958,2,700,2,7,DC Fast Charger,Ultra-Fast Charging,No,0.456073417721519,0.16455696202531644,79,3.7232911392405064,54.72911392405064,350.0,1.0,0,0
EVS04959,3,150,6,3,AC Level 2,Fast Charging,No,0.3443140243902439,0.3048780487804878,164,5.100121951219512,61.977256097560975,50.0,0.5,0,1
EVS04960,4,1400,6,12,AC Level 2,Ultra-Fast Charging,Yes,0.25873375,0.18125,161,3.8240625,61.71031055900622,350.0,0.6666666666666666,0,0
EVS04961,3,66,5,14,AC Level 2,Destination/AC,Yes,0.33675121951219517,0.0975609756097561,82,2.3379268292682926,60.61585365853659,22.0,0.6,0,0
EVS04962,1,150,2,7,DC Fast Charger,Fast Charging,No,0.7922660714285714,0.6517857142857143,112,7.407321428571429,53.02964285714285,150.0,0.5,1,1
EVS04963,2,700,4,11,DC Fast Charger,Ultra-Fast Charging,No,0.4429850267379679,0.40641711229946526,188,7.624197860962567,52.91824468085106,350.0,0.5,0,1
EVS04964,2,100,2,9,DC Fast Charger,Fast Charging,No,0.4213254545454545,0.2727272727272727,55,3.2665454545454544,50.558727272727275,50.0,1.0,0,0
EVS04965,7,1050,8,15,AC Level 2,Fast Charging,Yes,0.14463125000000002,0.09375,192,2.521145833333333,60.744427083333335,150.0,0.875,0,0
EVS04966,1,50,3,12,AC Level 2,Fast Charging,Yes,0.8766052631578948,0.7368421052631579,38,3.3165789473684213,57.79947368421053,50.0,0.3333333333333333,1,1
EVS04967,2,300,3,7,AC Level 2,Fast Charging,Yes,0.5309389830508474,0.1016949152542373,59,2.163728813559322,63.713389830508476,150.0,0.6666666666666666,1,0
EVS04968,4,1400,8,9,DC Fast Charger,Ultra-Fast Charging,No,0.22444262295081968,0.06557377049180328,61,1.519672131147541,53.86524590163935,350.0,0.5,0,0
EVS04969,2,700,2,8,DC Fast Charger,Ultra-Fast Charging,Yes,0.37334210526315786,0.05263157894736842,19,1.2873684210526317,44.80157894736842,350.0,1.0,0,0
EVS04970,2,44,3,5,DC Fast Charger,Destination/AC,No,0.5297124223602484,0.35403726708074534,161,6.928695652173913,63.61788819875776,22.0,0.6666666666666666,1,1
EVS04971,1,50,2,8,AC Level 2,Fast Charging,No,0.9144090277777779,0.8819444444444444,145,7.549340277777778,63.10455172413793,50.0,0.5,1,1
EVS04972,4,200,5,6,DC Fast Charger,Fast Charging,Yes,0.20891071428571428,0.07142857142857142,84,1.543809523809524,50.139523809523816,50.0,0.8,0,0
EVS04973,1,350,1,11,AC Level 1,Ultra-Fast Charging,Yes,0.8741128834355828,0.7975460122699386,165,8.688006134969324,58.94466666666667,350.0,1.0,1,1
EVS04974,1,350,2,16,DC Fast Charger,Ultra-Fast Charging,Yes,0.8033789473684211,0.7368421052631579,134,8.755864661654135,52.0094776119403,350.0,0.5,1,1
EVS04975,1,22,1,4,AC Level 1,Destination/AC,No,0.9037378378378378,0.8783783783783784,149,9.235472972972973,61.343355704697984,22.0,1.0,1,1
EVS04976,4,200,6,13,AC Level 1,Fast Charging,No,0.25210689655172414,0.15862068965517243,145,3.506965517241379,60.50606896551724,50.0,0.6666666666666666,0,0
EVS04977,1,50,2,4,AC Level 1,Fast Charging,No,0.8978669421487604,0.7851239669421488,121,7.354380165289256,61.57404958677686,50.0,0.5,1,1
EVS04978,3,450,6,15,AC Level 1,Fast Charging,No,0.3343641025641026,0.02564102564102564,39,0.9343589743589743,60.18615384615384,150.0,0.5,0,0
EVS04979,6,132,10,10,DC Fast Charger,Destination/AC,Yes,0.16744098360655738,0.13114754098360656,183,2.7053005464480875,60.277923497267764,22.0,0.6,0,0
EVS04980,8,400,10,11,AC Level 2,Fast Charging,No,0.12998429752066115,0.05785123966942149,122,1.4626446280991734,61.881475409836064,50.0,0.8,0,0
EVS04981,1,22,1,10,DC Fast Charger,Destination/AC,Yes,0.897983660130719,0.8431372549019608,154,9.293823529411764,60.47311688311689,22.0,1.0,1,1
EVS04982,7,1050,9,6,DC Fast Charger,Fast Charging,Yes,0.1327074074074074,0.08994708994708994,191,2.372962962962963,55.154554973821995,150.0,0.7777777777777778,0,0
EVS04983,4,1400,6,13,AC Level 2,Ultra-Fast Charging,No,0.25828653846153843,0.038461538461538464,52,1.041153846153846,61.98826923076923,350.0,0.6666666666666666,0,0
EVS04984,3,450,4,14,DC Fast Charger,Fast Charging,Yes,0.30031604938271605,0.1728395061728395,81,3.035925925925926,54.0562962962963,150.0,0.75,0,0
EVS04985,2,300,3,3,AC Level 1,Fast Charging,Yes,0.5432530612244898,0.1836734693877551,49,2.1342857142857143,65.19020408163266,150.0,0.6666666666666666,1,0
EVS04986,2,700,3,11,AC Level 2,Ultra-Fast Charging,No,0.5067071428571428,0.14285714285714285,28,1.0260714285714285,60.805,350.0,0.6666666666666666,0,0
EVS04987,6,900,10,9,AC Level 1,Fast Charging,Yes,0.17262698412698413,0.1164021164021164,190,3.082169312169312,61.81852631578948,150.0,0.6,0,0
EVS04988,1,150,2,6,AC Level 2,Fast Charging,Yes,0.8830709677419355,0.7741935483870968,155,8.447096774193549,61.55225806451613,150.0,0.5,1,1
EVS04989,4,200,7,4,AC Level 1,Fast Charging,Yes,0.25103797468354433,0.15822784810126583,158,3.4411392405063292,60.2482911392405,50.0,0.5714285714285714,0,0
EVS04990,4,1400,9,14,AC Level 2,Ultra-Fast Charging,Yes,0.2515923913043478,0.19021739130434784,184,3.992663043478261,60.381684782608694,350.0,0.4444444444444444,0,0
EVS04991,7,1050,8,13,DC Fast Charger,Fast Charging,Yes,0.12777943262411348,0.0851063829787234,142,1.6645035460992907,53.28985915492957,150.0,0.875,0,0
EVS04992,8,176,9,10,AC Level 2,Destination/AC,No,0.12445104166666666,0.0625,96,1.3153124999999999,59.740520833333335,22.0,0.8888888888888888,0,0
EVS04993,2,300,2,14,AC Level 1,Fast Charging,Yes,0.5020481250000001,0.34375,160,6.3420625,60.313812500000004,150.0,1.0,0,1
EVS04994,2,700,5,9,DC Fast Charger,Ultra-Fast Charging,No,0.443054128440367,0.3211009174311927,109,5.490733944954129,53.16623853211009,350.0,0.4,0,1
EVS04995,5,250,6,15,AC Level 1,Fast Charging,No,0.20886341463414634,0.13821138211382114,123,2.442520325203252,62.65959349593496,50.0,0.8333333333333334,0,0
EVS04996,2,100,3,12,DC Fast Charger,Fast Charging,Yes,0.4355296875,0.09375,64,2.311875,52.26421875,50.0,0.6666666666666666,0,0
EVS04997,6,2100,10,16,AC Level 1,Ultra-Fast Charging,Yes,0.17308724832214764,0.0738255033557047,150,2.2780872483221475,61.895333333333326,350.0,0.6,0,0
EVS04998,2,300,3,11,DC Fast Charger,Fast Charging,Yes,0.4407190476190477,0.3197278911564626,147,6.775578231292517,52.88612244897959,150.0,0.6666666666666666,0,1
EVS04999,2,300,3,10,DC Fast Charger,Fast Charging,Yes,0.4279072580645161,0.20161290322580644,124,5.046290322580645,51.34862903225806,150.0,0.6666666666666666,0,0
EVS05000,3,150,6,3,AC Level 2,Fast Charging,No,0.3409313253012048,0.0963855421686747,83,2.6467469879518073,61.3667469879518,50.0,0.5,0,0
