Station_ID,City,State,Latitude,Longitude,Station_Operator,Charger_Type,Charging_Capacity_kW,Number_of_Chargers,Max_Station_Power_kW,Parking_Spots,Cost_USD_per_kWh,Renewable_Energy_Source,Availability,Installation_Year,Station_Age_Years,Station_Type,Capacity_per_Parking_Spot_kW,Avg_Users_per_Day,Location_ID
EVS00001,Unknown,Unknown,-33.400998,77.974972,EVgo,AC Level 2,350,3,1050,7,0.27,Yes,9:00-18:00,2013,13,Ultra-Fast Charging,150.0,29,Unknown|Unknown
EVS00002,Unknown,Unknown,37.861857,-122.490299,EVgo,DC Fast Charger,350,1,350,2,0.19,Yes,24/7,2010,16,Ultra-Fast Charging,175.0,142,Unknown|Unknown
EVS00003,Unknown,Unknown,13.776092,100.412776,ChargePoint,AC Level 2,50,7,350,9,0.48,No,6:00-22:00,2019,7,Fast Charging,38.89,123,Unknown|Unknown
EVS00004,Unknown,Unknown,43.62825,-79.468935,Greenlots,AC Level 1,350,5,1750,7,0.41,Yes,9:00-18:00,2010,16,Ultra-Fast Charging,250.0,87,Unknown|Unknown
EVS00005,Unknown,Unknown,19.119865,72.913368,EVgo,AC Level 2,350,3,1050,6,0.11,Yes,9:00-18:00,2015,11,Ultra-Fast Charging,175.0,86,Unknown|Unknown
EVS00006,Unknown,Unknown,-23.695008,-46.548187,Ionity,AC Level 2,350,4,1400,9,0.22,Yes,6:00-22:00,2016,10,Ultra-Fast Charging,155.56,156,Unknown|Unknown
EVS00007,Unknown,Unknown,55.762409,37.65583,ChargePoint,AC Level 1,350,3,1050,4,0.4,Yes,24/7,2011,15,Ultra-Fast Charging,262.5,29,Unknown|Unknown
EVS00008,Unknown,Unknown,13.715561,100.561468,Ionity,AC Level 2,350,7,2450,9,0.26,Yes,24/7,2013,13,Ultra-Fast Charging,272.22,130,Unknown|Unknown
EVS00009,Unknown,Unknown,41.807653,-87.755349,Greenlots,AC Level 2,350,1,350,1,0.49,No,9:00-18:00,2013,13,Ultra-Fast Charging,350.0,48,Unknown|Unknown
EVS00010,Unknown,Unknown,39.968701,116.433865,Tesla,AC Level 2,150,4,600,5,0.37,No,9:00-18:00,2023,3,Fast Charging,120.0,30,Unknown|Unknown
EVS00011,Unknown,Unknown,19.944111,26.228083,EVgo,AC Level 1,22,3,66,5,0.39,No,9:00-18:00,2013,13,Destination/AC,13.2,101,Unknown|Unknown
EVS00012,Unknown,Unknown,55.81937,37.543245,Greenlots,AC Level 1,150,3,450,5,0.17,Yes,6:00-22:00,2016,10,Fast Charging,90.0,175,Unknown|Unknown
EVS00013,Unknown,Unknown,52.506967,13.345088,ChargePoint,AC Level 1,22,1,22,2,0.16,No,9:00-18:00,2012,14,Destination/AC,11.0,136,Unknown|Unknown
EVS00014,Unknown,Unknown,41.847035,-87.670005,Tesla,AC Level 2,50,4,200,9,0.16,Yes,24/7,2012,14,Fast Charging,22.22,140,Unknown|Unknown
EVS00015,Unknown,Unknown,25.392096,55.28618,EVgo,AC Level 2,350,5,1750,10,0.41,Yes,24/7,2013,13,Ultra-Fast Charging,175.0,133,Unknown|Unknown
EVS00016,Unknown,Unknown,25.335831,55.227629,EVgo,AC Level 2,22,7,154,9,0.34,No,6:00-22:00,2020,6,Destination/AC,17.11,144,Unknown|Unknown
EVS00017,Unknown,Unknown,13.877602,100.508728,Ionity,AC Level 1,350,2,700,3,0.17,No,6:00-22:00,2018,8,Ultra-Fast Charging,233.33,99,Unknown|Unknown
EVS00018,Unknown,Unknown,37.790361,-122.378324,ChargePoint,AC Level 1,150,4,600,7,0.44,No,24/7,2023,3,Fast Charging,85.71,36,Unknown|Unknown
EVS00019,Unknown,Unknown,37.695636,127.050246,Tesla,AC Level 1,350,1,350,2,0.25,No,9:00-18:00,2017,9,Ultra-Fast Charging,175.0,153,Unknown|Unknown
EVS00020,Unknown,Unknown,19.519719,-99.171733,Tesla,DC Fast Charger,350,3,1050,5,0.25,Yes,6:00-22:00,2023,3,Ultra-Fast Charging,210.0,89,Unknown|Unknown
EVS00021,Unknown,Unknown,81.568159,-92.791385,Ionity,DC Fast Charger,150,5,750,10,0.3,Yes,6:00-22:00,2016,10,Fast Charging,75.0,97,Unknown|Unknown
EVS00022,Unknown,Unknown,55.738402,37.675763,Tesla,AC Level 2,350,3,1050,5,0.1,No,24/7,2020,6,Ultra-Fast Charging,210.0,76,Unknown|Unknown
EVS00023,Unknown,Unknown,-33.826489,18.54196,Greenlots,AC Level 2,350,6,2100,10,0.43,Yes,9:00-18:00,2020,6,Ultra-Fast Charging,210.0,45,Unknown|Unknown
EVS00024,Unknown,Unknown,52.43128,13.407406,Tesla,DC Fast Charger,22,1,22,2,0.21,Yes,24/7,2023,3,Destination/AC,11.0,167,Unknown|Unknown
EVS00025,Unknown,Unknown,41.989867,-87.637143,ChargePoint,AC Level 1,50,6,300,7,0.5,No,9:00-18:00,2021,5,Fast Charging,42.86,143,Unknown|Unknown
EVS00026,Unknown,Unknown,39.908197,116.390126,Greenlots,DC Fast Charger,50,1,50,1,0.47,No,24/7,2015,11,Fast Charging,50.0,121,Unknown|Unknown
EVS00027,Unknown,Unknown,13.743441,100.449744,ChargePoint,DC Fast Charger,150,6,900,7,0.5,No,9:00-18:00,2020,6,Fast Charging,128.57,81,Unknown|Unknown
EVS00028,Unknown,Unknown,-23.654772,-46.534003,Tesla,AC Level 1,50,2,100,3,0.25,No,24/7,2014,12,Fast Charging,33.33,150,Unknown|Unknown
EVS00029,Unknown,Unknown,-33.718044,151.217306,Ionity,AC Level 1,22,7,154,9,0.45,No,6:00-22:00,2017,9,Destination/AC,17.11,104,Unknown|Unknown
EVS00030,Unknown,Unknown,39.807514,116.203733,EVgo,DC Fast Charger,50,4,200,5,0.2,No,6:00-22:00,2013,13,Fast Charging,40.0,88,Unknown|Unknown
EVS00031,Unknown,Unknown,53.03844,17.213144,Tesla,AC Level 2,22,3,66,5,0.17,Yes,24/7,2018,8,Destination/AC,13.2,89,Unknown|Unknown
EVS00032,Unknown,Unknown,39.999797,116.345712,Tesla,AC Level 2,150,2,300,3,0.19,Yes,9:00-18:00,2020,6,Fast Charging,100.0,52,Unknown|Unknown
EVS00033,Unknown,Unknown,-23.619267,-46.67757,Tesla,DC Fast Charger,350,5,1750,7,0.46,No,24/7,2018,8,Ultra-Fast Charging,250.0,30,Unknown|Unknown
EVS00034,Unknown,Unknown,39.843388,116.357078,EVgo,AC Level 1,150,4,600,9,0.21,Yes,6:00-22:00,2018,8,Fast Charging,66.67,106,Unknown|Unknown
EVS00035,Unknown,Unknown,41.868532,-87.602875,Ionity,AC Level 2,50,2,100,2,0.22,Yes,9:00-18:00,2015,11,Fast Charging,50.0,161,Unknown|Unknown
EVS00036,Unknown,Unknown,43.634205,-79.494221,Greenlots,AC Level 2,22,3,66,4,0.39,Yes,6:00-22:00,2012,14,Destination/AC,16.5,25,Unknown|Unknown
EVS00037,Unknown,Unknown,13.756978,100.402198,Greenlots,AC Level 1,350,1,350,1,0.29,No,9:00-18:00,2016,10,Ultra-Fast Charging,350.0,156,Unknown|Unknown
EVS00038,Unknown,Unknown,-33.759342,151.210366,Ionity,AC Level 1,22,2,44,4,0.13,Yes,9:00-18:00,2018,8,Destination/AC,11.0,151,Unknown|Unknown
EVS00039,Unknown,Unknown,39.941888,116.320916,Ionity,DC Fast Charger,350,1,350,3,0.37,Yes,24/7,2023,3,Ultra-Fast Charging,116.67,60,Unknown|Unknown
EVS00040,Unknown,Unknown,-33.726294,18.460786,Tesla,AC Level 2,50,1,50,1,0.41,No,24/7,2012,14,Fast Charging,50.0,119,Unknown|Unknown
EVS00041,Unknown,Unknown,-52.343695,-47.887828,EVgo,AC Level 1,350,2,700,3,0.44,No,6:00-22:00,2014,12,Ultra-Fast Charging,233.33,42,Unknown|Unknown
EVS00042,Unknown,Unknown,41.978341,-87.77332,Tesla,DC Fast Charger,50,2,100,3,0.39,No,9:00-18:00,2023,3,Fast Charging,33.33,140,Unknown|Unknown
EVS00043,Unknown,Unknown,25.281221,55.258951,Greenlots,AC Level 1,50,5,250,8,0.27,Yes,6:00-22:00,2012,14,Fast Charging,31.25,130,Unknown|Unknown
EVS00044,Unknown,Unknown,37.574357,127.067507,ChargePoint,AC Level 1,50,2,100,3,0.36,No,9:00-18:00,2019,7,Fast Charging,33.33,73,Unknown|Unknown
EVS00045,Unknown,Unknown,-33.737572,151.335511,Ionity,AC Level 2,22,2,44,3,0.4,Yes,9:00-18:00,2018,8,Destination/AC,14.67,26,Unknown|Unknown
EVS00046,Unknown,Unknown,41.935571,-87.741868,EVgo,DC Fast Charger,50,2,100,3,0.22,No,9:00-18:00,2020,6,Fast Charging,33.33,175,Unknown|Unknown
EVS00047,Unknown,Unknown,19.055518,72.88937,Ionity,AC Level 1,50,8,400,9,0.35,Yes,24/7,2021,5,Fast Charging,44.44,88,Unknown|Unknown
EVS00048,Unknown,Unknown,-33.786133,151.295304,ChargePoint,DC Fast Charger,150,2,300,4,0.13,No,24/7,2022,4,Fast Charging,75.0,162,Unknown|Unknown
EVS00049,Unknown,Unknown,41.878593,-87.69892,ChargePoint,AC Level 1,150,5,750,8,0.18,Yes,9:00-18:00,2011,15,Fast Charging,93.75,126,Unknown|Unknown
EVS00050,Unknown,Unknown,34.18596,-118.347082,ChargePoint,AC Level 2,150,5,750,9,0.47,Yes,24/7,2023,3,Fast Charging,83.33,143,Unknown|Unknown
EVS00051,Unknown,Unknown,68.997157,173.396684,EVgo,AC Level 1,50,6,300,9,0.45,No,24/7,2022,4,Fast Charging,33.33,140,Unknown|Unknown
EVS00052,Unknown,Unknown,52.424113,13.37999,ChargePoint,AC Level 2,50,2,100,3,0.33,No,9:00-18:00,2011,15,Fast Charging,33.33,47,Unknown|Unknown
EVS00053,Unknown,Unknown,55.720058,37.598246,Greenlots,AC Level 2,22,3,66,4,0.49,No,9:00-18:00,2017,9,Destination/AC,16.5,75,Unknown|Unknown
EVS00054,Unknown,Unknown,41.948302,-87.718438,Ionity,DC Fast Charger,50,3,150,4,0.37,Yes,24/7,2016,10,Fast Charging,37.5,92,Unknown|Unknown
EVS00055,Unknown,Unknown,37.5231,127.072447,Tesla,AC Level 1,150,3,450,5,0.13,Yes,24/7,2013,13,Fast Charging,90.0,97,Unknown|Unknown
EVS00056,Unknown,Unknown,19.118476,72.956977,ChargePoint,AC Level 2,150,3,450,4,0.18,Yes,6:00-22:00,2013,13,Fast Charging,112.5,22,Unknown|Unknown
EVS00057,Unknown,Unknown,25.283465,55.264578,Greenlots,DC Fast Charger,50,4,200,8,0.42,No,9:00-18:00,2018,8,Fast Charging,25.0,105,Unknown|Unknown
EVS00058,Unknown,Unknown,37.601252,127.028633,EVgo,AC Level 1,150,2,300,4,0.41,Yes,9:00-18:00,2012,14,Fast Charging,75.0,40,Unknown|Unknown
EVS00059,Unknown,Unknown,41.959182,-87.684862,EVgo,DC Fast Charger,350,6,2100,9,0.18,No,24/7,2022,4,Ultra-Fast Charging,233.33,137,Unknown|Unknown
EVS00060,Unknown,Unknown,41.801381,-87.620772,Tesla,AC Level 2,22,2,44,4,0.3,Yes,9:00-18:00,2010,16,Destination/AC,11.0,127,Unknown|Unknown
EVS00061,Unknown,Unknown,35.844347,28.705089,Ionity,DC Fast Charger,22,3,66,4,0.33,No,9:00-18:00,2020,6,Destination/AC,16.5,167,Unknown|Unknown
EVS00062,Unknown,Unknown,-33.733482,18.441992,Greenlots,DC Fast Charger,50,6,300,8,0.23,Yes,6:00-22:00,2023,3,Fast Charging,37.5,137,Unknown|Unknown
EVS00063,Unknown,Unknown,41.970902,-87.795455,Greenlots,DC Fast Charger,350,7,2450,9,0.28,No,9:00-18:00,2018,8,Ultra-Fast Charging,272.22,75,Unknown|Unknown
EVS00064,Unknown,Unknown,43.73349,-79.340516,Ionity,AC Level 2,22,3,66,4,0.36,Yes,24/7,2018,8,Destination/AC,16.5,174,Unknown|Unknown
EVS00065,Unknown,Unknown,25.387104,55.376848,Greenlots,DC Fast Charger,350,5,1750,7,0.27,No,24/7,2019,7,Ultra-Fast Charging,250.0,82,Unknown|Unknown
EVS00066,Unknown,Unknown,-33.877766,151.208813,EVgo,DC Fast Charger,350,2,700,3,0.32,Yes,24/7,2013,13,Ultra-Fast Charging,233.33,68,Unknown|Unknown
EVS00067,Unknown,Unknown,37.685854,126.915749,Greenlots,AC Level 2,150,1,150,3,0.45,Yes,24/7,2020,6,Fast Charging,50.0,164,Unknown|Unknown
EVS00068,Unknown,Unknown,39.924519,116.33618,Tesla,DC Fast Charger,350,1,350,3,0.36,No,24/7,2015,11,Ultra-Fast Charging,116.67,76,Unknown|Unknown
EVS00069,Unknown,Unknown,25.358698,55.306683,Ionity,DC Fast Charger,50,6,300,8,0.14,Yes,6:00-22:00,2016,10,Fast Charging,37.5,27,Unknown|Unknown
EVS00070,Unknown,Unknown,34.130318,-118.265518,ChargePoint,DC Fast Charger,150,8,1200,10,0.41,No,6:00-22:00,2020,6,Fast Charging,120.0,92,Unknown|Unknown
EVS00071,Unknown,Unknown,81.083548,138.025159,Greenlots,AC Level 2,50,1,50,3,0.44,Yes,9:00-18:00,2017,9,Fast Charging,16.67,146,Unknown|Unknown
EVS00072,Unknown,Unknown,-33.796979,18.591207,Tesla,AC Level 1,22,4,88,6,0.46,Yes,9:00-18:00,2020,6,Destination/AC,14.67,46,Unknown|Unknown
EVS00073,Unknown,Unknown,34.001771,-118.315113,Ionity,AC Level 2,22,2,44,2,0.34,No,9:00-18:00,2016,10,Destination/AC,22.0,91,Unknown|Unknown
EVS00074,Unknown,Unknown,39.839933,116.357848,Ionity,AC Level 1,350,8,2800,10,0.23,No,24/7,2018,8,Ultra-Fast Charging,280.0,36,Unknown|Unknown
EVS00075,Unknown,Unknown,39.818753,116.437967,Greenlots,DC Fast Charger,22,1,22,1,0.45,Yes,6:00-22:00,2017,9,Destination/AC,22.0,128,Unknown|Unknown
EVS00076,Unknown,Unknown,-23.531806,-46.657324,Tesla,AC Level 2,50,6,300,8,0.16,Yes,24/7,2022,4,Fast Charging,37.5,93,Unknown|Unknown
EVS00077,Unknown,Unknown,13.764058,100.543192,Greenlots,DC Fast Charger,22,7,154,10,0.46,Yes,9:00-18:00,2023,3,Destination/AC,15.4,69,Unknown|Unknown
EVS00078,Unknown,Unknown,-33.756344,151.215081,ChargePoint,AC Level 2,350,4,1400,5,0.34,Yes,24/7,2017,9,Ultra-Fast Charging,280.0,52,Unknown|Unknown
EVS00079,Unknown,Unknown,18.95993,72.979858,ChargePoint,DC Fast Charger,350,1,350,2,0.27,Yes,6:00-22:00,2022,4,Ultra-Fast Charging,175.0,108,Unknown|Unknown
EVS00080,Unknown,Unknown,34.174544,-118.206495,EVgo,AC Level 2,150,3,450,4,0.45,Yes,24/7,2021,5,Fast Charging,112.5,125,Unknown|Unknown
EVS00081,Unknown,Unknown,-48.226753,-41.530541,EVgo,AC Level 2,350,5,1750,10,0.35,No,9:00-18:00,2023,3,Ultra-Fast Charging,175.0,170,Unknown|Unknown
EVS00082,Unknown,Unknown,19.523567,-99.039919,EVgo,DC Fast Charger,50,3,150,4,0.32,Yes,24/7,2023,3,Fast Charging,37.5,87,Unknown|Unknown
EVS00083,Unknown,Unknown,-33.791097,18.432514,Ionity,AC Level 2,350,4,1400,8,0.36,Yes,6:00-22:00,2014,12,Ultra-Fast Charging,175.0,41,Unknown|Unknown
EVS00084,Unknown,Unknown,55.80858,37.561068,ChargePoint,AC Level 2,150,1,150,1,0.28,Yes,6:00-22:00,2010,16,Fast Charging,150.0,152,Unknown|Unknown
EVS00085,Unknown,Unknown,41.848181,-87.613822,Tesla,AC Level 2,50,4,200,9,0.13,Yes,6:00-22:00,2012,14,Fast Charging,22.22,118,Unknown|Unknown
EVS00086,Unknown,Unknown,39.905622,116.394232,Tesla,AC Level 2,50,5,250,8,0.49,Yes,24/7,2011,15,Fast Charging,31.25,130,Unknown|Unknown
EVS00087,Unknown,Unknown,41.825261,-87.749237,EVgo,AC Level 2,50,6,300,10,0.2,No,6:00-22:00,2019,7,Fast Charging,30.0,31,Unknown|Unknown
EVS00088,Unknown,Unknown,-33.738647,18.566822,Ionity,DC Fast Charger,350,3,1050,6,0.37,No,6:00-22:00,2022,4,Ultra-Fast Charging,175.0,66,Unknown|Unknown
EVS00089,Unknown,Unknown,43.633114,-79.440012,ChargePoint,AC Level 1,50,4,200,6,0.16,No,9:00-18:00,2018,8,Fast Charging,33.33,141,Unknown|Unknown
EVS00090,Unknown,Unknown,55.816399,37.517124,EVgo,AC Level 2,150,2,300,3,0.47,Yes,6:00-22:00,2016,10,Fast Charging,100.0,152,Unknown|Unknown
EVS00091,Unknown,Unknown,34.909016,103.164075,Ionity,AC Level 1,150,8,1200,10,0.19,Yes,24/7,2015,11,Fast Charging,120.0,86,Unknown|Unknown
EVS00092,Unknown,Unknown,37.737894,-122.413068,EVgo,AC Level 1,350,2,700,3,0.39,Yes,24/7,2018,8,Ultra-Fast Charging,233.33,147,Unknown|Unknown
EVS00093,Unknown,Unknown,52.458154,13.383548,Greenlots,AC Level 1,350,6,2100,8,0.11,Yes,9:00-18:00,2022,4,Ultra-Fast Charging,262.5,153,Unknown|Unknown
EVS00094,Unknown,Unknown,52.459482,13.420488,Tesla,AC Level 2,50,3,150,7,0.3,Yes,9:00-18:00,2018,8,Fast Charging,21.43,78,Unknown|Unknown
EVS00095,Unknown,Unknown,13.875159,100.507561,Greenlots,AC Level 1,22,2,44,3,0.3,No,6:00-22:00,2021,5,Destination/AC,14.67,163,Unknown|Unknown
EVS00096,Unknown,Unknown,-23.603702,-46.520629,ChargePoint,AC Level 1,50,2,100,2,0.11,Yes,24/7,2014,12,Fast Charging,50.0,62,Unknown|Unknown
EVS00097,Unknown,Unknown,34.036969,-118.348881,Tesla,AC Level 2,22,2,44,5,0.44,Yes,24/7,2020,6,Destination/AC,8.8,54,Unknown|Unknown
EVS00098,Unknown,Unknown,39.85934,116.359182,Tesla,DC Fast Charger,350,3,1050,5,0.2,No,6:00-22:00,2023,3,Ultra-Fast Charging,210.0,127,Unknown|Unknown
EVS00099,Unknown,Unknown,25.264785,55.343229,Tesla,AC Level 2,350,7,2450,8,0.41,Yes,9:00-18:00,2015,11,Ultra-Fast Charging,306.25,120,Unknown|Unknown
EVS00100,Unknown,Unknown,37.568724,126.962294,ChargePoint,AC Level 2,150,8,1200,10,0.41,No,9:00-18:00,2018,8,Fast Charging,120.0,38,Unknown|Unknown
EVS00101,Unknown,Unknown,10.942627,125.16781,ChargePoint,DC Fast Charger,50,1,50,1,0.12,Yes,24/7,2013,13,Fast Charging,50.0,152,Unknown|Unknown
EVS00102,Unknown,Unknown,39.937451,116.323201,Ionity,DC Fast Charger,22,3,66,4,0.12,No,24/7,2023,3,Destination/AC,16.5,47,Unknown|Unknown
EVS00103,Unknown,Unknown,37.64878,126.903295,Greenlots,AC Level 1,22,4,88,7,0.32,No,9:00-18:00,2010,16,Destination/AC,12.57,147,Unknown|Unknown
EVS00104,Unknown,Unknown,43.737898,-79.330018,Ionity,AC Level 2,22,4,88,5,0.14,No,6:00-22:00,2020,6,Destination/AC,17.6,16,Unknown|Unknown
EVS00105,Unknown,Unknown,19.587423,-99.072921,EVgo,AC Level 2,150,5,750,10,0.26,No,24/7,2018,8,Fast Charging,75.0,146,Unknown|Unknown
EVS00106,Unknown,Unknown,19.521945,-99.049855,ChargePoint,AC Level 2,350,1,350,1,0.29,No,9:00-18:00,2012,14,Ultra-Fast Charging,350.0,144,Unknown|Unknown
EVS00107,Unknown,Unknown,-33.733347,18.455827,ChargePoint,DC Fast Charger,22,5,110,7,0.31,No,6:00-22:00,2011,15,Destination/AC,15.71,143,Unknown|Unknown
EVS00108,Unknown,Unknown,18.97956,72.963574,Tesla,AC Level 2,350,4,1400,7,0.11,Yes,6:00-22:00,2020,6,Ultra-Fast Charging,200.0,124,Unknown|Unknown
EVS00109,Unknown,Unknown,55.723104,37.652898,Ionity,DC Fast Charger,50,5,250,7,0.19,No,24/7,2018,8,Fast Charging,35.71,92,Unknown|Unknown
EVS00110,Unknown,Unknown,39.857604,116.357044,EVgo,AC Level 1,350,5,1750,9,0.19,Yes,9:00-18:00,2018,8,Ultra-Fast Charging,194.44,131,Unknown|Unknown
EVS00111,Unknown,Unknown,-16.299957,56.504931,Ionity,DC Fast Charger,350,6,2100,7,0.15,Yes,6:00-22:00,2010,16,Ultra-Fast Charging,300.0,60,Unknown|Unknown
EVS00112,Unknown,Unknown,41.902876,-87.633567,Greenlots,AC Level 1,50,2,100,2,0.35,Yes,6:00-22:00,2017,9,Fast Charging,50.0,143,Unknown|Unknown
EVS00113,Unknown,Unknown,13.76324,100.555092,ChargePoint,AC Level 2,150,6,900,10,0.27,Yes,24/7,2014,12,Fast Charging,90.0,106,Unknown|Unknown
EVS00114,Unknown,Unknown,19.085914,72.847076,ChargePoint,AC Level 2,50,7,350,9,0.39,Yes,6:00-22:00,2022,4,Fast Charging,38.89,90,Unknown|Unknown
EVS00115,Unknown,Unknown,37.614963,127.071672,Greenlots,AC Level 2,50,2,100,4,0.31,No,6:00-22:00,2018,8,Fast Charging,25.0,98,Unknown|Unknown
EVS00116,Unknown,Unknown,41.945245,-87.702684,ChargePoint,AC Level 2,50,1,50,1,0.3,Yes,6:00-22:00,2017,9,Fast Charging,50.0,108,Unknown|Unknown
EVS00117,Unknown,Unknown,39.964943,116.356573,Ionity,AC Level 2,22,4,88,7,0.37,No,6:00-22:00,2010,16,Destination/AC,12.57,21,Unknown|Unknown
EVS00118,Unknown,Unknown,25.364988,55.308793,Tesla,DC Fast Charger,22,6,132,8,0.17,No,24/7,2015,11,Destination/AC,16.5,38,Unknown|Unknown
EVS00119,Unknown,Unknown,25.327731,55.265229,Greenlots,AC Level 2,50,5,250,6,0.18,Yes,9:00-18:00,2017,9,Fast Charging,41.67,55,Unknown|Unknown
EVS00120,Unknown,Unknown,-33.752322,151.290734,Tesla,AC Level 2,150,7,1050,9,0.28,No,24/7,2023,3,Fast Charging,116.67,33,Unknown|Unknown
EVS00121,Unknown,Unknown,-39.773789,-118.454132,Tesla,DC Fast Charger,150,2,300,3,0.4,Yes,24/7,2017,9,Fast Charging,100.0,87,Unknown|Unknown
EVS00122,Unknown,Unknown,34.006015,-118.340642,Greenlots,AC Level 2,50,2,100,2,0.29,Yes,9:00-18:00,2021,5,Fast Charging,50.0,125,Unknown|Unknown
EVS00123,Unknown,Unknown,-23.632022,-46.571271,Tesla,AC Level 2,50,4,200,7,0.21,Yes,6:00-22:00,2021,5,Fast Charging,28.57,122,Unknown|Unknown
EVS00124,Unknown,Unknown,55.879507,37.662621,EVgo,AC Level 2,50,5,250,6,0.46,Yes,24/7,2019,7,Fast Charging,41.67,92,Unknown|Unknown
EVS00125,Unknown,Unknown,-33.85476,151.300876,Tesla,DC Fast Charger,50,1,50,1,0.48,No,6:00-22:00,2022,4,Fast Charging,50.0,156,Unknown|Unknown
EVS00126,Unknown,Unknown,37.532948,127.008718,Tesla,AC Level 1,150,6,900,10,0.47,Yes,24/7,2021,5,Fast Charging,90.0,108,Unknown|Unknown
EVS00127,Unknown,Unknown,19.432658,-99.086061,Ionity,DC Fast Charger,22,5,110,8,0.21,No,6:00-22:00,2012,14,Destination/AC,13.75,28,Unknown|Unknown
EVS00128,Unknown,Unknown,-33.872186,151.346868,Ionity,AC Level 2,50,4,200,6,0.16,No,24/7,2013,13,Fast Charging,33.33,141,Unknown|Unknown
EVS00129,Unknown,Unknown,39.916791,116.267198,Ionity,AC Level 1,22,2,44,4,0.1,Yes,6:00-22:00,2021,5,Destination/AC,11.0,109,Unknown|Unknown
EVS00130,Unknown,Unknown,41.933882,-87.634607,EVgo,DC Fast Charger,150,2,300,4,0.35,Yes,24/7,2013,13,Fast Charging,75.0,119,Unknown|Unknown
EVS00131,Unknown,Unknown,32.988859,32.234936,Tesla,AC Level 1,50,1,50,1,0.16,Yes,6:00-22:00,2012,14,Fast Charging,50.0,108,Unknown|Unknown
EVS00132,Unknown,Unknown,41.968075,-87.730962,EVgo,AC Level 1,150,1,150,1,0.27,No,9:00-18:00,2016,10,Fast Charging,150.0,106,Unknown|Unknown
EVS00133,Unknown,Unknown,25.312641,55.273931,EVgo,DC Fast Charger,22,3,66,4,0.43,Yes,6:00-22:00,2014,12,Destination/AC,16.5,29,Unknown|Unknown
EVS00134,Unknown,Unknown,41.847635,-87.753595,Greenlots,AC Level 1,50,6,300,8,0.33,No,24/7,2017,9,Fast Charging,37.5,107,Unknown|Unknown
EVS00135,Unknown,Unknown,19.053562,72.835112,Greenlots,DC Fast Charger,350,7,2450,10,0.25,No,6:00-22:00,2017,9,Ultra-Fast Charging,245.0,146,Unknown|Unknown
EVS00136,Unknown,Unknown,-33.885375,151.309019,Tesla,AC Level 1,350,2,700,4,0.34,No,6:00-22:00,2010,16,Ultra-Fast Charging,175.0,65,Unknown|Unknown
EVS00137,Unknown,Unknown,-33.762238,18.497402,Ionity,AC Level 1,350,3,1050,4,0.41,Yes,9:00-18:00,2020,6,Ultra-Fast Charging,262.5,114,Unknown|Unknown
EVS00138,Unknown,Unknown,43.667051,-79.49562,Tesla,DC Fast Charger,22,1,22,2,0.33,Yes,6:00-22:00,2019,7,Destination/AC,11.0,20,Unknown|Unknown
EVS00139,Unknown,Unknown,39.972485,116.200458,Ionity,AC Level 1,22,2,44,3,0.34,Yes,6:00-22:00,2016,10,Destination/AC,14.67,72,Unknown|Unknown
EVS00140,Unknown,Unknown,-33.704286,18.454534,Tesla,AC Level 2,350,2,700,4,0.5,Yes,6:00-22:00,2011,15,Ultra-Fast Charging,175.0,87,Unknown|Unknown
EVS00141,Unknown,Unknown,-50.498253,-91.137594,Tesla,AC Level 1,22,4,88,6,0.35,No,6:00-22:00,2010,16,Destination/AC,14.67,177,Unknown|Unknown
EVS00142,Unknown,Unknown,39.92592,116.423656,ChargePoint,AC Level 1,150,8,1200,10,0.11,No,24/7,2022,4,Fast Charging,120.0,50,Unknown|Unknown
EVS00143,Unknown,Unknown,-33.77252,18.541711,ChargePoint,AC Level 2,50,5,250,8,0.44,No,6:00-22:00,2023,3,Fast Charging,31.25,60,Unknown|Unknown
EVS00144,Unknown,Unknown,43.654641,-79.348446,Greenlots,DC Fast Charger,150,3,450,4,0.15,Yes,6:00-22:00,2017,9,Fast Charging,112.5,82,Unknown|Unknown
EVS00145,Unknown,Unknown,55.720416,37.545201,Greenlots,AC Level 1,350,5,1750,9,0.5,Yes,24/7,2012,14,Ultra-Fast Charging,194.44,178,Unknown|Unknown
EVS00146,Unknown,Unknown,-23.545409,-46.511423,Greenlots,DC Fast Charger,50,2,100,3,0.2,Yes,24/7,2010,16,Fast Charging,33.33,155,Unknown|Unknown
EVS00147,Unknown,Unknown,13.874673,100.499411,ChargePoint,AC Level 1,350,7,2450,9,0.39,Yes,6:00-22:00,2011,15,Ultra-Fast Charging,272.22,20,Unknown|Unknown
EVS00148,Unknown,Unknown,52.45077,13.404804,ChargePoint,AC Level 1,150,5,750,6,0.41,No,6:00-22:00,2011,15,Fast Charging,125.0,53,Unknown|Unknown
EVS00149,Unknown,Unknown,19.494854,-99.114742,Tesla,AC Level 2,50,6,300,9,0.26,Yes,24/7,2018,8,Fast Charging,33.33,150,Unknown|Unknown
EVS00150,Unknown,Unknown,37.769385,-122.409949,EVgo,AC Level 2,22,1,22,1,0.5,No,6:00-22:00,2017,9,Destination/AC,22.0,24,Unknown|Unknown
EVS00151,Unknown,Unknown,-13.956652,77.822198,Ionity,AC Level 2,50,6,300,7,0.5,Yes,9:00-18:00,2013,13,Fast Charging,42.86,156,Unknown|Unknown
EVS00152,Unknown,Unknown,52.489213,13.427218,Greenlots,AC Level 2,22,2,44,3,0.25,No,9:00-18:00,2017,9,Destination/AC,14.67,61,Unknown|Unknown
EVS00153,Unknown,Unknown,-33.833546,18.554578,ChargePoint,AC Level 2,150,1,150,1,0.33,No,6:00-22:00,2015,11,Fast Charging,150.0,166,Unknown|Unknown
EVS00154,Unknown,Unknown,43.646213,-79.323081,Greenlots,AC Level 2,150,4,600,5,0.33,Yes,24/7,2019,7,Fast Charging,120.0,63,Unknown|Unknown
EVS00155,Unknown,Unknown,25.200341,55.397243,Tesla,AC Level 2,50,3,150,4,0.11,Yes,6:00-22:00,2019,7,Fast Charging,37.5,86,Unknown|Unknown
EVS00156,Unknown,Unknown,25.326558,55.384526,Greenlots,AC Level 2,350,8,2800,10,0.45,No,24/7,2020,6,Ultra-Fast Charging,280.0,124,Unknown|Unknown
EVS00157,Unknown,Unknown,-33.830829,151.307906,Tesla,AC Level 2,22,5,110,9,0.22,Yes,24/7,2022,4,Destination/AC,12.22,35,Unknown|Unknown
EVS00158,Unknown,Unknown,13.874674,100.504928,Greenlots,DC Fast Charger,150,3,450,4,0.13,Yes,6:00-22:00,2011,15,Fast Charging,112.5,106,Unknown|Unknown
EVS00159,Unknown,Unknown,41.810569,-87.627675,Greenlots,AC Level 2,50,3,150,6,0.37,No,9:00-18:00,2021,5,Fast Charging,25.0,98,Unknown|Unknown
EVS00160,Unknown,Unknown,39.990154,116.393454,Ionity,DC Fast Charger,350,2,700,3,0.39,No,6:00-22:00,2010,16,Ultra-Fast Charging,233.33,144,Unknown|Unknown
EVS00161,Unknown,Unknown,79.688544,-145.764185,ChargePoint,AC Level 2,22,2,44,3,0.12,No,9:00-18:00,2016,10,Destination/AC,14.67,179,Unknown|Unknown
EVS00162,Unknown,Unknown,37.865915,-122.317142,Ionity,DC Fast Charger,150,2,300,3,0.3,Yes,24/7,2018,8,Fast Charging,100.0,124,Unknown|Unknown
EVS00163,Unknown,Unknown,55.778004,37.613105,Tesla,DC Fast Charger,350,1,350,1,0.29,No,9:00-18:00,2021,5,Ultra-Fast Charging,350.0,82,Unknown|Unknown
EVS00164,Unknown,Unknown,55.767176,37.663525,Greenlots,AC Level 1,22,1,22,2,0.12,Yes,6:00-22:00,2015,11,Destination/AC,11.0,82,Unknown|Unknown
EVS00165,Unknown,Unknown,34.149479,-118.221804,ChargePoint,AC Level 1,50,6,300,9,0.46,Yes,9:00-18:00,2022,4,Fast Charging,33.33,83,Unknown|Unknown
EVS00166,Unknown,Unknown,39.86551,116.33183,Tesla,AC Level 1,350,7,2450,9,0.15,No,6:00-22:00,2013,13,Ultra-Fast Charging,272.22,149,Unknown|Unknown
EVS00167,Unknown,Unknown,37.56301,127.076728,EVgo,DC Fast Charger,150,4,600,5,0.33,Yes,24/7,2014,12,Fast Charging,120.0,68,Unknown|Unknown
EVS00168,Unknown,Unknown,37.703091,-122.413612,Ionity,DC Fast Charger,150,3,450,7,0.13,Yes,9:00-18:00,2015,11,Fast Charging,64.29,42,Unknown|Unknown
EVS00169,Unknown,Unknown,34.000561,-118.273892,Ionity,DC Fast Charger,22,1,22,1,0.47,Yes,6:00-22:00,2013,13,Destination/AC,22.0,70,Unknown|Unknown
EVS00170,Unknown,Unknown,-33.716354,151.310527,Greenlots,AC Level 2,350,3,1050,4,0.38,No,24/7,2012,14,Ultra-Fast Charging,262.5,18,Unknown|Unknown
EVS00171,Unknown,Unknown,46.166127,-87.073986,EVgo,AC Level 1,150,3,450,5,0.17,Yes,9:00-18:00,2015,11,Fast Charging,90.0,32,Unknown|Unknown
EVS00172,Unknown,Unknown,37.654957,127.051576,Tesla,DC Fast Charger,350,3,1050,4,0.4,Yes,24/7,2017,9,Ultra-Fast Charging,262.5,29,Unknown|Unknown
EVS00173,Unknown,Unknown,37.831442,-122.304284,ChargePoint,AC Level 2,50,2,100,3,0.19,No,6:00-22:00,2017,9,Fast Charging,33.33,142,Unknown|Unknown
EVS00174,Unknown,Unknown,52.50332,13.424196,ChargePoint,AC Level 1,22,2,44,3,0.32,No,24/7,2016,10,Destination/AC,14.67,134,Unknown|Unknown
EVS00175,Unknown,Unknown,37.710036,-122.331396,EVgo,DC Fast Charger,150,3,450,5,0.4,Yes,9:00-18:00,2014,12,Fast Charging,90.0,129,Unknown|Unknown
EVS00176,Unknown,Unknown,37.631834,126.962567,ChargePoint,DC Fast Charger,350,3,1050,4,0.17,No,24/7,2015,11,Ultra-Fast Charging,262.5,91,Unknown|Unknown
EVS00177,Unknown,Unknown,41.931228,-87.716399,ChargePoint,AC Level 2,150,3,450,4,0.26,Yes,6:00-22:00,2010,16,Fast Charging,112.5,133,Unknown|Unknown
EVS00178,Unknown,Unknown,39.906152,116.318801,Greenlots,AC Level 1,350,7,2450,9,0.49,No,9:00-18:00,2022,4,Ultra-Fast Charging,272.22,41,Unknown|Unknown
EVS00179,Unknown,Unknown,19.495854,-99.182497,Tesla,AC Level 2,150,2,300,3,0.13,Yes,24/7,2017,9,Fast Charging,100.0,163,Unknown|Unknown
EVS00180,Unknown,Unknown,55.763502,37.68355,EVgo,AC Level 2,50,2,100,3,0.29,Yes,9:00-18:00,2017,9,Fast Charging,33.33,97,Unknown|Unknown
EVS00181,Unknown,Unknown,-9.607391,161.811368,Ionity,AC Level 2,22,5,110,6,0.14,No,6:00-22:00,2019,7,Destination/AC,18.33,169,Unknown|Unknown
EVS00182,Unknown,Unknown,37.689983,127.09878,Ionity,AC Level 1,22,7,154,9,0.3,No,24/7,2015,11,Destination/AC,17.11,40,Unknown|Unknown
EVS00183,Unknown,Unknown,-23.584593,-46.502028,EVgo,AC Level 1,350,2,700,3,0.19,Yes,24/7,2023,3,Ultra-Fast Charging,233.33,97,Unknown|Unknown
EVS00184,Unknown,Unknown,19.435785,-99.162652,ChargePoint,DC Fast Charger,150,1,150,1,0.27,No,6:00-22:00,2022,4,Fast Charging,150.0,129,Unknown|Unknown
EVS00185,Unknown,Unknown,-23.514985,-46.582148,Greenlots,AC Level 2,150,6,900,10,0.48,No,9:00-18:00,2021,5,Fast Charging,90.0,96,Unknown|Unknown
EVS00186,Unknown,Unknown,19.497968,-99.051454,Tesla,AC Level 1,150,3,450,4,0.31,No,6:00-22:00,2020,6,Fast Charging,112.5,88,Unknown|Unknown
EVS00187,Unknown,Unknown,19.067347,72.861488,EVgo,DC Fast Charger,50,5,250,9,0.31,No,6:00-22:00,2011,15,Fast Charging,27.78,42,Unknown|Unknown
EVS00188,Unknown,Unknown,43.610363,-79.48986,Greenlots,DC Fast Charger,22,1,22,2,0.35,Yes,24/7,2022,4,Destination/AC,11.0,77,Unknown|Unknown
EVS00189,Unknown,Unknown,13.863524,100.491938,Ionity,AC Level 1,22,4,88,7,0.48,No,6:00-22:00,2022,4,Destination/AC,12.57,54,Unknown|Unknown
EVS00190,Unknown,Unknown,13.705385,100.441089,Greenlots,AC Level 1,350,5,1750,7,0.44,No,24/7,2011,15,Ultra-Fast Charging,250.0,64,Unknown|Unknown
EVS00191,Unknown,Unknown,-30.463477,72.967255,Ionity,AC Level 2,150,2,300,2,0.25,Yes,24/7,2017,9,Fast Charging,150.0,127,Unknown|Unknown
EVS00192,Unknown,Unknown,19.504212,-99.067726,EVgo,DC Fast Charger,50,3,150,5,0.23,No,24/7,2012,14,Fast Charging,30.0,118,Unknown|Unknown
EVS00193,Unknown,Unknown,19.122767,72.980839,ChargePoint,AC Level 2,50,2,100,2,0.15,No,9:00-18:00,2011,15,Fast Charging,50.0,115,Unknown|Unknown
EVS00194,Unknown,Unknown,52.403092,13.4685,Tesla,AC Level 1,350,6,2100,7,0.26,Yes,9:00-18:00,2012,14,Ultra-Fast Charging,300.0,74,Unknown|Unknown
EVS00195,Unknown,Unknown,43.762853,-79.467943,EVgo,DC Fast Charger,150,3,450,4,0.48,No,9:00-18:00,2010,16,Fast Charging,112.5,173,Unknown|Unknown
EVS00196,Unknown,Unknown,-23.518493,-46.619176,ChargePoint,AC Level 1,350,3,1050,5,0.11,No,9:00-18:00,2023,3,Ultra-Fast Charging,210.0,29,Unknown|Unknown
EVS00197,Unknown,Unknown,55.704517,37.512364,Tesla,AC Level 1,50,5,250,7,0.36,Yes,24/7,2011,15,Fast Charging,35.71,71,Unknown|Unknown
EVS00198,Unknown,Unknown,52.52717,13.326888,EVgo,AC Level 1,350,5,1750,10,0.14,Yes,9:00-18:00,2014,12,Ultra-Fast Charging,175.0,34,Unknown|Unknown
EVS00199,Unknown,Unknown,25.303691,55.263575,Greenlots,DC Fast Charger,150,5,750,9,0.29,No,24/7,2019,7,Fast Charging,83.33,70,Unknown|Unknown
EVS00200,Unknown,Unknown,34.134092,-118.275174,Tesla,DC Fast Charger,350,8,2800,10,0.33,Yes,9:00-18:00,2011,15,Ultra-Fast Charging,280.0,173,Unknown|Unknown
EVS00201,Unknown,Unknown,69.714553,92.357163,Greenlots,AC Level 1,150,5,750,7,0.38,No,6:00-22:00,2023,3,Fast Charging,107.14,75,Unknown|Unknown
EVS00202,Unknown,Unknown,52.432821,13.430675,Tesla,AC Level 2,22,7,154,10,0.11,No,6:00-22:00,2022,4,Destination/AC,15.4,164,Unknown|Unknown
EVS00203,Unknown,Unknown,-33.701565,18.55943,EVgo,AC Level 2,150,1,150,2,0.15,Yes,6:00-22:00,2018,8,Fast Charging,75.0,96,Unknown|Unknown
EVS00204,Unknown,Unknown,-33.891384,18.420943,ChargePoint,AC Level 1,22,2,44,3,0.49,Yes,9:00-18:00,2011,15,Destination/AC,14.67,130,Unknown|Unknown
EVS00205,Unknown,Unknown,43.740446,-79.416778,ChargePoint,AC Level 1,22,4,88,6,0.14,Yes,6:00-22:00,2020,6,Destination/AC,14.67,90,Unknown|Unknown
EVS00206,Unknown,Unknown,19.597756,-99.043345,Greenlots,AC Level 2,50,3,150,4,0.38,Yes,24/7,2012,14,Fast Charging,37.5,58,Unknown|Unknown
EVS00207,Unknown,Unknown,52.541805,13.322045,Ionity,DC Fast Charger,350,4,1400,5,0.17,Yes,9:00-18:00,2023,3,Ultra-Fast Charging,280.0,141,Unknown|Unknown
EVS00208,Unknown,Unknown,39.945845,116.403545,Greenlots,AC Level 2,50,2,100,3,0.34,No,6:00-22:00,2010,16,Fast Charging,33.33,174,Unknown|Unknown
EVS00209,Unknown,Unknown,-33.781737,151.240717,Tesla,AC Level 2,350,5,1750,10,0.45,Yes,9:00-18:00,2017,9,Ultra-Fast Charging,175.0,58,Unknown|Unknown
EVS00210,Unknown,Unknown,19.073252,72.877056,Tesla,AC Level 2,350,2,700,3,0.33,No,24/7,2010,16,Ultra-Fast Charging,233.33,143,Unknown|Unknown
EVS00211,Unknown,Unknown,38.12088,115.97817,Greenlots,AC Level 1,50,3,150,4,0.43,Yes,24/7,2014,12,Fast Charging,37.5,58,Unknown|Unknown
EVS00212,Unknown,Unknown,55.71259,37.530612,EVgo,DC Fast Charger,350,5,1750,10,0.42,No,24/7,2011,15,Ultra-Fast Charging,175.0,133,Unknown|Unknown
EVS00213,Unknown,Unknown,41.968499,-87.722968,Ionity,DC Fast Charger,22,1,22,1,0.22,Yes,24/7,2018,8,Destination/AC,22.0,145,Unknown|Unknown
EVS00214,Unknown,Unknown,19.587109,-99.138539,Greenlots,AC Level 1,150,2,300,3,0.11,Yes,6:00-22:00,2015,11,Fast Charging,100.0,89,Unknown|Unknown
EVS00215,Unknown,Unknown,37.788542,-122.324005,ChargePoint,DC Fast Charger,22,5,110,6,0.22,No,9:00-18:00,2011,15,Destination/AC,18.33,136,Unknown|Unknown
EVS00216,Unknown,Unknown,13.762907,100.468836,EVgo,AC Level 2,22,5,110,9,0.24,Yes,6:00-22:00,2013,13,Destination/AC,12.22,59,Unknown|Unknown
EVS00217,Unknown,Unknown,37.588369,126.921526,EVgo,DC Fast Charger,22,3,66,4,0.27,No,24/7,2019,7,Destination/AC,16.5,28,Unknown|Unknown
EVS00218,Unknown,Unknown,19.497339,-99.185746,Ionity,DC Fast Charger,150,2,300,2,0.22,No,24/7,2014,12,Fast Charging,150.0,30,Unknown|Unknown
EVS00219,Unknown,Unknown,37.843346,-122.338399,ChargePoint,AC Level 1,150,2,300,5,0.25,No,9:00-18:00,2021,5,Fast Charging,60.0,88,Unknown|Unknown
EVS00220,Unknown,Unknown,25.210258,55.346141,Tesla,AC Level 2,350,6,2100,9,0.32,No,6:00-22:00,2010,16,Ultra-Fast Charging,233.33,163,Unknown|Unknown
EVS00221,Unknown,Unknown,81.886622,-43.849635,EVgo,AC Level 1,150,6,900,9,0.3,Yes,6:00-22:00,2023,3,Fast Charging,100.0,36,Unknown|Unknown
EVS00222,Unknown,Unknown,52.54231,13.309848,Ionity,AC Level 1,150,4,600,5,0.23,No,9:00-18:00,2023,3,Fast Charging,120.0,90,Unknown|Unknown
EVS00223,Unknown,Unknown,43.758918,-79.407208,EVgo,AC Level 1,150,2,300,4,0.22,Yes,6:00-22:00,2020,6,Fast Charging,75.0,131,Unknown|Unknown
EVS00224,Unknown,Unknown,25.248905,55.225362,EVgo,DC Fast Charger,22,1,22,1,0.33,Yes,9:00-18:00,2017,9,Destination/AC,22.0,48,Unknown|Unknown
EVS00225,Unknown,Unknown,37.547787,126.939294,ChargePoint,AC Level 1,22,4,88,8,0.42,Yes,9:00-18:00,2010,16,Destination/AC,11.0,134,Unknown|Unknown
EVS00226,Unknown,Unknown,13.76758,100.486263,Greenlots,DC Fast Charger,350,4,1400,5,0.45,Yes,6:00-22:00,2019,7,Ultra-Fast Charging,280.0,65,Unknown|Unknown
EVS00227,Unknown,Unknown,37.547658,126.915145,EVgo,AC Level 1,22,2,44,2,0.26,Yes,9:00-18:00,2017,9,Destination/AC,22.0,148,Unknown|Unknown
EVS00228,Unknown,Unknown,-33.823268,151.232562,Greenlots,DC Fast Charger,22,2,44,3,0.49,Yes,9:00-18:00,2019,7,Destination/AC,14.67,110,Unknown|Unknown
EVS00229,Unknown,Unknown,19.468829,-99.130994,Tesla,AC Level 2,22,1,22,2,0.35,Yes,24/7,2020,6,Destination/AC,11.0,105,Unknown|Unknown
EVS00230,Unknown,Unknown,19.443801,-99.147814,Ionity,DC Fast Charger,22,2,44,3,0.1,Yes,9:00-18:00,2010,16,Destination/AC,14.67,44,Unknown|Unknown
EVS00231,Unknown,Unknown,-84.73177,-63.29619,Greenlots,AC Level 2,22,3,66,7,0.19,Yes,24/7,2018,8,Destination/AC,9.43,91,Unknown|Unknown
EVS00232,Unknown,Unknown,41.871045,-87.696168,EVgo,DC Fast Charger,50,3,150,6,0.38,No,6:00-22:00,2010,16,Fast Charging,25.0,156,Unknown|Unknown
EVS00233,Unknown,Unknown,-33.710764,18.438451,Ionity,AC Level 1,350,3,1050,4,0.36,No,24/7,2019,7,Ultra-Fast Charging,262.5,18,Unknown|Unknown
EVS00234,Unknown,Unknown,-33.829813,18.429813,Ionity,AC Level 2,50,2,100,3,0.29,No,6:00-22:00,2016,10,Fast Charging,33.33,140,Unknown|Unknown
EVS00235,Unknown,Unknown,39.872016,116.34164,ChargePoint,DC Fast Charger,22,2,44,3,0.12,No,9:00-18:00,2021,5,Destination/AC,14.67,96,Unknown|Unknown
EVS00236,Unknown,Unknown,37.640026,127.005849,EVgo,AC Level 2,22,4,88,6,0.32,Yes,6:00-22:00,2020,6,Destination/AC,14.67,133,Unknown|Unknown
EVS00237,Unknown,Unknown,37.600456,126.979585,Tesla,AC Level 2,50,5,250,9,0.1,Yes,9:00-18:00,2023,3,Fast Charging,27.78,124,Unknown|Unknown
EVS00238,Unknown,Unknown,37.561871,127.092221,Tesla,DC Fast Charger,150,4,600,6,0.33,No,9:00-18:00,2019,7,Fast Charging,100.0,86,Unknown|Unknown
EVS00239,Unknown,Unknown,34.128264,-118.311889,Ionity,AC Level 2,150,6,900,8,0.18,Yes,9:00-18:00,2014,12,Fast Charging,112.5,65,Unknown|Unknown
EVS00240,Unknown,Unknown,34.177621,-118.305489,Ionity,AC Level 1,22,2,44,3,0.48,Yes,9:00-18:00,2022,4,Destination/AC,14.67,118,Unknown|Unknown
EVS00241,Unknown,Unknown,-86.59932,-161.131751,Greenlots,AC Level 1,350,1,350,3,0.3,Yes,6:00-22:00,2011,15,Ultra-Fast Charging,116.67,38,Unknown|Unknown
EVS00242,Unknown,Unknown,43.734902,-79.41759,Ionity,AC Level 2,50,8,400,10,0.21,Yes,6:00-22:00,2013,13,Fast Charging,40.0,111,Unknown|Unknown
EVS00243,Unknown,Unknown,55.838418,37.513429,EVgo,AC Level 1,350,3,1050,6,0.44,No,9:00-18:00,2013,13,Ultra-Fast Charging,175.0,30,Unknown|Unknown
EVS00244,Unknown,Unknown,34.080718,-118.301171,ChargePoint,AC Level 2,50,1,50,1,0.1,No,6:00-22:00,2013,13,Fast Charging,50.0,122,Unknown|Unknown
EVS00245,Unknown,Unknown,37.830896,-122.390708,ChargePoint,AC Level 2,150,2,300,3,0.13,Yes,6:00-22:00,2020,6,Fast Charging,100.0,118,Unknown|Unknown
EVS00246,Unknown,Unknown,25.348174,55.20068,Greenlots,AC Level 2,350,5,1750,7,0.26,Yes,6:00-22:00,2017,9,Ultra-Fast Charging,250.0,28,Unknown|Unknown
EVS00247,Unknown,Unknown,34.105927,-118.212816,EVgo,AC Level 1,50,3,150,6,0.17,No,9:00-18:00,2015,11,Fast Charging,25.0,139,Unknown|Unknown
EVS00248,Unknown,Unknown,19.144849,72.898404,Tesla,DC Fast Charger,150,4,600,7,0.44,Yes,6:00-22:00,2012,14,Fast Charging,85.71,83,Unknown|Unknown
EVS00249,Unknown,Unknown,13.777659,100.465865,Greenlots,DC Fast Charger,22,3,66,5,0.22,No,9:00-18:00,2017,9,Destination/AC,13.2,144,Unknown|Unknown
EVS00250,Unknown,Unknown,37.703572,-122.444391,ChargePoint,DC Fast Charger,50,5,250,10,0.33,Yes,6:00-22:00,2010,16,Fast Charging,25.0,21,Unknown|Unknown
EVS00251,Unknown,Unknown,78.74773,-132.392406,EVgo,DC Fast Charger,22,5,110,9,0.29,No,9:00-18:00,2019,7,Destination/AC,12.22,44,Unknown|Unknown
EVS00252,Unknown,Unknown,37.685383,126.958694,Tesla,AC Level 2,350,5,1750,7,0.21,Yes,9:00-18:00,2010,16,Ultra-Fast Charging,250.0,96,Unknown|Unknown
EVS00253,Unknown,Unknown,37.632277,127.004627,Ionity,DC Fast Charger,50,6,300,8,0.13,No,24/7,2022,4,Fast Charging,37.5,46,Unknown|Unknown
EVS00254,Unknown,Unknown,52.508405,13.333464,ChargePoint,AC Level 1,150,1,150,1,0.38,No,9:00-18:00,2015,11,Fast Charging,150.0,69,Unknown|Unknown
EVS00255,Unknown,Unknown,19.404685,-99.127439,EVgo,DC Fast Charger,350,8,2800,10,0.18,Yes,24/7,2018,8,Ultra-Fast Charging,280.0,123,Unknown|Unknown
EVS00256,Unknown,Unknown,39.941392,116.25923,ChargePoint,AC Level 2,50,4,200,5,0.24,Yes,24/7,2016,10,Fast Charging,40.0,38,Unknown|Unknown
EVS00257,Unknown,Unknown,13.722264,100.567829,Tesla,AC Level 1,22,2,44,3,0.45,No,24/7,2011,15,Destination/AC,14.67,126,Unknown|Unknown
EVS00258,Unknown,Unknown,25.265093,55.226448,Ionity,AC Level 2,150,1,150,2,0.4,No,9:00-18:00,2020,6,Fast Charging,75.0,32,Unknown|Unknown
EVS00259,Unknown,Unknown,19.058959,72.900589,EVgo,AC Level 2,350,3,1050,4,0.17,No,24/7,2012,14,Ultra-Fast Charging,262.5,43,Unknown|Unknown
EVS00260,Unknown,Unknown,-23.510628,-46.569964,Ionity,DC Fast Charger,22,1,22,2,0.34,Yes,6:00-22:00,2023,3,Destination/AC,11.0,111,Unknown|Unknown
EVS00261,Unknown,Unknown,28.281488,-125.849439,EVgo,AC Level 2,50,4,200,6,0.21,No,9:00-18:00,2016,10,Fast Charging,33.33,145,Unknown|Unknown
EVS00262,Unknown,Unknown,-33.721297,151.338581,ChargePoint,AC Level 2,50,2,100,3,0.13,Yes,9:00-18:00,2022,4,Fast Charging,33.33,43,Unknown|Unknown
EVS00263,Unknown,Unknown,37.52891,126.959773,Greenlots,DC Fast Charger,50,1,50,3,0.42,Yes,9:00-18:00,2022,4,Fast Charging,16.67,64,Unknown|Unknown
EVS00264,Unknown,Unknown,18.973531,72.909859,EVgo,AC Level 2,50,3,150,6,0.5,Yes,9:00-18:00,2020,6,Fast Charging,25.0,167,Unknown|Unknown
EVS00265,Unknown,Unknown,52.555114,13.301449,Tesla,DC Fast Charger,350,4,1400,9,0.2,No,24/7,2021,5,Ultra-Fast Charging,155.56,178,Unknown|Unknown
EVS00266,Unknown,Unknown,25.283727,55.332696,EVgo,AC Level 1,150,4,600,5,0.19,Yes,6:00-22:00,2020,6,Fast Charging,120.0,110,Unknown|Unknown
EVS00267,Unknown,Unknown,52.513884,13.34218,EVgo,AC Level 2,50,1,50,2,0.44,No,9:00-18:00,2022,4,Fast Charging,25.0,88,Unknown|Unknown
EVS00268,Unknown,Unknown,34.096886,-118.312036,Ionity,DC Fast Charger,50,7,350,10,0.21,No,6:00-22:00,2021,5,Fast Charging,35.0,72,Unknown|Unknown
EVS00269,Unknown,Unknown,39.93656,116.409142,Tesla,AC Level 2,50,6,300,8,0.24,Yes,24/7,2014,12,Fast Charging,37.5,116,Unknown|Unknown
EVS00270,Unknown,Unknown,18.917156,72.936819,Ionity,DC Fast Charger,150,1,150,1,0.27,No,9:00-18:00,2018,8,Fast Charging,150.0,112,Unknown|Unknown
EVS00271,Unknown,Unknown,6.75617,79.80785,ChargePoint,AC Level 2,50,2,100,4,0.16,No,6:00-22:00,2012,14,Fast Charging,25.0,63,Unknown|Unknown
EVS00272,Unknown,Unknown,41.815772,-87.730727,Ionity,DC Fast Charger,22,2,44,2,0.17,Yes,9:00-18:00,2017,9,Destination/AC,22.0,18,Unknown|Unknown
EVS00273,Unknown,Unknown,19.466545,-99.16205,EVgo,AC Level 2,22,7,154,9,0.45,No,24/7,2014,12,Destination/AC,17.11,39,Unknown|Unknown
EVS00274,Unknown,Unknown,-23.602488,-46.636511,Greenlots,AC Level 2,50,3,150,7,0.15,No,6:00-22:00,2018,8,Fast Charging,21.43,173,Unknown|Unknown
EVS00275,Unknown,Unknown,34.028378,-118.297633,Greenlots,AC Level 1,22,4,88,5,0.24,Yes,9:00-18:00,2011,15,Destination/AC,17.6,83,Unknown|Unknown
EVS00276,Unknown,Unknown,19.532421,-99.126077,Tesla,AC Level 1,22,3,66,5,0.31,Yes,9:00-18:00,2020,6,Destination/AC,13.2,94,Unknown|Unknown
EVS00277,Unknown,Unknown,25.235701,55.351914,Greenlots,AC Level 2,50,4,200,5,0.4,Yes,6:00-22:00,2011,15,Fast Charging,40.0,92,Unknown|Unknown
EVS00278,Unknown,Unknown,18.944316,72.890218,EVgo,DC Fast Charger,150,1,150,2,0.37,No,24/7,2020,6,Fast Charging,75.0,144,Unknown|Unknown
EVS00279,Unknown,Unknown,52.516503,13.495058,Greenlots,AC Level 2,22,4,88,7,0.38,Yes,6:00-22:00,2014,12,Destination/AC,12.57,25,Unknown|Unknown
EVS00280,Unknown,Unknown,34.170605,-118.35924,EVgo,AC Level 2,350,4,1400,7,0.14,No,6:00-22:00,2021,5,Ultra-Fast Charging,200.0,28,Unknown|Unknown
EVS00281,Unknown,Unknown,26.820762,-144.266635,EVgo,AC Level 2,150,2,300,5,0.5,Yes,9:00-18:00,2017,9,Fast Charging,60.0,60,Unknown|Unknown
EVS00282,Unknown,Unknown,55.759832,37.610333,EVgo,AC Level 2,350,3,1050,7,0.5,Yes,6:00-22:00,2017,9,Ultra-Fast Charging,150.0,95,Unknown|Unknown
EVS00283,Unknown,Unknown,13.700548,100.51139,Greenlots,DC Fast Charger,50,2,100,3,0.46,Yes,24/7,2023,3,Fast Charging,33.33,125,Unknown|Unknown
EVS00284,Unknown,Unknown,55.835176,37.526395,Greenlots,AC Level 2,22,2,44,4,0.17,No,9:00-18:00,2019,7,Destination/AC,11.0,95,Unknown|Unknown
EVS00285,Unknown,Unknown,41.977913,-87.652395,ChargePoint,AC Level 2,22,2,44,4,0.11,No,9:00-18:00,2017,9,Destination/AC,11.0,87,Unknown|Unknown
EVS00286,Unknown,Unknown,55.854326,37.572693,Ionity,AC Level 1,22,1,22,2,0.42,No,24/7,2015,11,Destination/AC,11.0,169,Unknown|Unknown
EVS00287,Unknown,Unknown,-33.78429,18.550749,Ionity,AC Level 2,22,7,154,9,0.3,No,24/7,2017,9,Destination/AC,17.11,41,Unknown|Unknown
EVS00288,Unknown,Unknown,-33.825147,18.503257,ChargePoint,DC Fast Charger,50,5,250,8,0.3,No,6:00-22:00,2017,9,Fast Charging,31.25,109,Unknown|Unknown
EVS00289,Unknown,Unknown,43.631596,-79.39388,Tesla,DC Fast Charger,150,2,300,2,0.45,No,6:00-22:00,2021,5,Fast Charging,150.0,104,Unknown|Unknown
EVS00290,Unknown,Unknown,37.547003,127.093911,ChargePoint,AC Level 1,50,4,200,7,0.14,Yes,9:00-18:00,2015,11,Fast Charging,28.57,93,Unknown|Unknown
EVS00291,Unknown,Unknown,38.047158,-123.505751,Tesla,AC Level 1,22,3,66,4,0.23,Yes,6:00-22:00,2011,15,Destination/AC,16.5,148,Unknown|Unknown
EVS00292,Unknown,Unknown,34.05811,-118.349106,Greenlots,DC Fast Charger,150,1,150,1,0.29,Yes,6:00-22:00,2021,5,Fast Charging,150.0,59,Unknown|Unknown
EVS00293,Unknown,Unknown,19.594068,-99.077188,ChargePoint,DC Fast Charger,150,1,150,2,0.41,Yes,9:00-18:00,2014,12,Fast Charging,75.0,172,Unknown|Unknown
EVS00294,Unknown,Unknown,43.749501,-79.452007,Greenlots,AC Level 2,350,8,2800,9,0.24,No,9:00-18:00,2017,9,Ultra-Fast Charging,311.11,69,Unknown|Unknown
EVS00295,Unknown,Unknown,41.96516,-87.643955,EVgo,AC Level 2,22,6,132,8,0.14,No,24/7,2021,5,Destination/AC,16.5,104,Unknown|Unknown
EVS00296,Unknown,Unknown,41.813587,-87.766195,Greenlots,AC Level 2,350,3,1050,5,0.41,No,9:00-18:00,2018,8,Ultra-Fast Charging,210.0,100,Unknown|Unknown
EVS00297,Unknown,Unknown,19.059683,72.86582,ChargePoint,DC Fast Charger,350,6,2100,9,0.23,No,6:00-22:00,2015,11,Ultra-Fast Charging,233.33,155,Unknown|Unknown
EVS00298,Unknown,Unknown,39.966761,116.389455,EVgo,AC Level 2,22,4,88,6,0.18,Yes,24/7,2014,12,Destination/AC,14.67,87,Unknown|Unknown
EVS00299,Unknown,Unknown,-23.577463,-46.562364,EVgo,AC Level 1,350,6,2100,9,0.33,Yes,9:00-18:00,2022,4,Ultra-Fast Charging,233.33,61,Unknown|Unknown
EVS00300,Unknown,Unknown,39.839556,116.342671,Ionity,DC Fast Charger,22,7,154,9,0.3,Yes,24/7,2011,15,Destination/AC,17.11,18,Unknown|Unknown
EVS00301,Unknown,Unknown,31.921604,-154.677102,Tesla,DC Fast Charger,50,8,400,10,0.22,Yes,6:00-22:00,2014,12,Fast Charging,40.0,75,Unknown|Unknown
EVS00302,Unknown,Unknown,18.916293,72.972163,Tesla,DC Fast Charger,350,4,1400,6,0.24,Yes,9:00-18:00,2011,15,Ultra-Fast Charging,233.33,151,Unknown|Unknown
EVS00303,Unknown,Unknown,41.995282,-87.704411,EVgo,AC Level 1,350,5,1750,10,0.33,No,6:00-22:00,2016,10,Ultra-Fast Charging,175.0,16,Unknown|Unknown
EVS00304,Unknown,Unknown,19.534324,-99.127838,Tesla,DC Fast Charger,22,6,132,9,0.49,No,6:00-22:00,2019,7,Destination/AC,14.67,162,Unknown|Unknown
EVS00305,Unknown,Unknown,-33.820047,18.482003,Ionity,AC Level 2,22,2,44,4,0.37,No,9:00-18:00,2018,8,Destination/AC,11.0,104,Unknown|Unknown
EVS00306,Unknown,Unknown,39.863928,116.308,Greenlots,AC Level 1,22,3,66,6,0.46,No,6:00-22:00,2016,10,Destination/AC,11.0,38,Unknown|Unknown
EVS00307,Unknown,Unknown,19.524305,-99.130166,EVgo,AC Level 1,350,6,2100,10,0.24,No,6:00-22:00,2014,12,Ultra-Fast Charging,210.0,64,Unknown|Unknown
EVS00308,Unknown,Unknown,41.95305,-87.651979,ChargePoint,DC Fast Charger,50,1,50,2,0.2,No,6:00-22:00,2016,10,Fast Charging,25.0,106,Unknown|Unknown
EVS00309,Unknown,Unknown,43.608321,-79.362902,Ionity,AC Level 2,50,3,150,6,0.16,Yes,6:00-22:00,2018,8,Fast Charging,25.0,67,Unknown|Unknown
EVS00310,Unknown,Unknown,19.145423,72.8684,EVgo,AC Level 2,350,4,1400,7,0.41,Yes,6:00-22:00,2022,4,Ultra-Fast Charging,200.0,32,Unknown|Unknown
EVS00311,Unknown,Unknown,53.587489,29.812447,ChargePoint,AC Level 1,350,1,350,2,0.2,No,6:00-22:00,2022,4,Ultra-Fast Charging,175.0,124,Unknown|Unknown
EVS00312,Unknown,Unknown,41.996666,-87.679883,Tesla,DC Fast Charger,50,8,400,10,0.13,No,6:00-22:00,2017,9,Fast Charging,40.0,125,Unknown|Unknown
EVS00313,Unknown,Unknown,52.591553,13.486425,Ionity,AC Level 1,350,3,1050,4,0.11,No,24/7,2018,8,Ultra-Fast Charging,262.5,34,Unknown|Unknown
EVS00314,Unknown,Unknown,41.893824,-87.733377,Ionity,AC Level 2,350,1,350,3,0.16,Yes,6:00-22:00,2010,16,Ultra-Fast Charging,116.67,61,Unknown|Unknown
EVS00315,Unknown,Unknown,18.916562,72.922015,Ionity,AC Level 2,50,1,50,3,0.19,Yes,6:00-22:00,2015,11,Fast Charging,16.67,55,Unknown|Unknown
EVS00316,Unknown,Unknown,37.627117,126.902079,Greenlots,DC Fast Charger,150,6,900,9,0.22,No,24/7,2014,12,Fast Charging,100.0,123,Unknown|Unknown
EVS00317,Unknown,Unknown,18.942605,72.947577,Ionity,AC Level 1,350,3,1050,6,0.15,No,24/7,2011,15,Ultra-Fast Charging,175.0,135,Unknown|Unknown
EVS00318,Unknown,Unknown,39.893132,116.235863,EVgo,AC Level 2,150,6,900,9,0.27,No,24/7,2021,5,Fast Charging,100.0,134,Unknown|Unknown
EVS00319,Unknown,Unknown,55.721891,37.568716,Tesla,AC Level 2,350,5,1750,8,0.13,No,24/7,2021,5,Ultra-Fast Charging,218.75,169,Unknown|Unknown
EVS00320,Unknown,Unknown,-33.725184,18.596981,ChargePoint,AC Level 2,50,6,300,7,0.43,No,9:00-18:00,2015,11,Fast Charging,42.86,141,Unknown|Unknown
EVS00321,Unknown,Unknown,-34.439497,-100.76587,ChargePoint,AC Level 1,150,6,900,10,0.16,No,24/7,2019,7,Fast Charging,90.0,67,Unknown|Unknown
EVS00322,Unknown,Unknown,39.900986,116.48172,EVgo,AC Level 2,150,1,150,1,0.15,Yes,6:00-22:00,2016,10,Fast Charging,150.0,32,Unknown|Unknown
EVS00323,Unknown,Unknown,13.714083,100.508727,EVgo,DC Fast Charger,150,1,150,1,0.41,Yes,6:00-22:00,2013,13,Fast Charging,150.0,116,Unknown|Unknown
EVS00324,Unknown,Unknown,37.785816,-122.390528,ChargePoint,AC Level 2,350,7,2450,8,0.27,Yes,9:00-18:00,2011,15,Ultra-Fast Charging,306.25,166,Unknown|Unknown
EVS00325,Unknown,Unknown,34.019763,-118.201201,Ionity,AC Level 2,150,1,150,1,0.31,No,24/7,2010,16,Fast Charging,150.0,175,Unknown|Unknown
EVS00326,Unknown,Unknown,41.949205,-87.649623,Tesla,AC Level 1,50,3,150,4,0.16,Yes,9:00-18:00,2011,15,Fast Charging,37.5,52,Unknown|Unknown
EVS00327,Unknown,Unknown,34.101758,-118.327807,EVgo,AC Level 2,150,3,450,4,0.31,No,6:00-22:00,2016,10,Fast Charging,112.5,54,Unknown|Unknown
EVS00328,Unknown,Unknown,-23.590903,-46.57098,Tesla,AC Level 2,22,2,44,3,0.11,Yes,6:00-22:00,2018,8,Destination/AC,14.67,21,Unknown|Unknown
EVS00329,Unknown,Unknown,13.730247,100.431437,EVgo,AC Level 2,50,2,100,3,0.11,No,6:00-22:00,2013,13,Fast Charging,33.33,38,Unknown|Unknown
EVS00330,Unknown,Unknown,19.474591,-99.11545,Tesla,AC Level 1,150,7,1050,9,0.43,No,24/7,2010,16,Fast Charging,116.67,106,Unknown|Unknown
EVS00331,Unknown,Unknown,75.525967,13.354648,Greenlots,AC Level 1,350,1,350,1,0.13,Yes,24/7,2013,13,Ultra-Fast Charging,350.0,105,Unknown|Unknown
EVS00332,Unknown,Unknown,55.793812,37.688113,Ionity,DC Fast Charger,22,1,22,1,0.21,No,9:00-18:00,2015,11,Destination/AC,22.0,76,Unknown|Unknown
EVS00333,Unknown,Unknown,34.032266,-118.245019,Tesla,AC Level 1,150,3,450,4,0.13,Yes,9:00-18:00,2017,9,Fast Charging,112.5,66,Unknown|Unknown
EVS00334,Unknown,Unknown,41.904499,-87.677609,EVgo,AC Level 2,50,3,150,4,0.24,Yes,9:00-18:00,2023,3,Fast Charging,37.5,151,Unknown|Unknown
EVS00335,Unknown,Unknown,19.597863,-99.052445,EVgo,DC Fast Charger,350,3,1050,4,0.31,No,9:00-18:00,2015,11,Ultra-Fast Charging,262.5,90,Unknown|Unknown
EVS00336,Unknown,Unknown,55.76433,37.69146,ChargePoint,AC Level 2,22,4,88,6,0.41,Yes,6:00-22:00,2022,4,Destination/AC,14.67,148,Unknown|Unknown
EVS00337,Unknown,Unknown,19.474788,-99.140204,Greenlots,DC Fast Charger,150,2,300,3,0.22,No,6:00-22:00,2016,10,Fast Charging,100.0,173,Unknown|Unknown
EVS00338,Unknown,Unknown,37.737093,-122.324957,Greenlots,DC Fast Charger,22,3,66,6,0.16,No,6:00-22:00,2013,13,Destination/AC,11.0,67,Unknown|Unknown
EVS00339,Unknown,Unknown,-33.877944,151.243894,Greenlots,DC Fast Charger,150,1,150,2,0.13,No,9:00-18:00,2021,5,Fast Charging,75.0,48,Unknown|Unknown
EVS00340,Unknown,Unknown,37.629959,126.958542,Greenlots,DC Fast Charger,22,4,88,8,0.13,No,24/7,2017,9,Destination/AC,11.0,172,Unknown|Unknown
EVS00341,Unknown,Unknown,20.755408,102.61065,Greenlots,AC Level 1,350,2,700,2,0.31,Yes,6:00-22:00,2016,10,Ultra-Fast Charging,350.0,119,Unknown|Unknown
EVS00342,Unknown,Unknown,37.602418,126.947429,Tesla,DC Fast Charger,150,2,300,3,0.38,Yes,24/7,2010,16,Fast Charging,100.0,63,Unknown|Unknown
EVS00343,Unknown,Unknown,19.433411,-99.162158,ChargePoint,DC Fast Charger,50,3,150,5,0.47,Yes,9:00-18:00,2019,7,Fast Charging,30.0,117,Unknown|Unknown
EVS00344,Unknown,Unknown,-33.745398,151.201046,Tesla,AC Level 1,150,1,150,2,0.14,No,24/7,2017,9,Fast Charging,75.0,99,Unknown|Unknown
EVS00345,Unknown,Unknown,25.383933,55.314597,ChargePoint,AC Level 1,22,4,88,7,0.23,Yes,24/7,2010,16,Destination/AC,12.57,164,Unknown|Unknown
EVS00346,Unknown,Unknown,25.245784,55.372929,Greenlots,DC Fast Charger,350,4,1400,6,0.21,No,6:00-22:00,2017,9,Ultra-Fast Charging,233.33,57,Unknown|Unknown
EVS00347,Unknown,Unknown,55.854035,37.557335,Greenlots,AC Level 1,50,2,100,3,0.2,Yes,9:00-18:00,2013,13,Fast Charging,33.33,178,Unknown|Unknown
EVS00348,Unknown,Unknown,19.172802,72.81555,Ionity,AC Level 2,50,1,50,2,0.32,No,9:00-18:00,2020,6,Fast Charging,25.0,169,Unknown|Unknown
EVS00349,Unknown,Unknown,13.710356,100.451186,EVgo,DC Fast Charger,22,8,176,10,0.33,No,9:00-18:00,2020,6,Destination/AC,17.6,44,Unknown|Unknown
EVS00350,Unknown,Unknown,25.251899,55.307858,EVgo,DC Fast Charger,150,2,300,4,0.32,Yes,9:00-18:00,2021,5,Fast Charging,75.0,42,Unknown|Unknown
EVS00351,Unknown,Unknown,-27.21703,73.606328,Ionity,DC Fast Charger,150,5,750,8,0.42,Yes,6:00-22:00,2016,10,Fast Charging,93.75,102,Unknown|Unknown
EVS00352,Unknown,Unknown,-33.873158,151.385773,Ionity,DC Fast Charger,22,1,22,1,0.35,No,6:00-22:00,2015,11,Destination/AC,22.0,22,Unknown|Unknown
EVS00353,Unknown,Unknown,-33.731862,18.53317,Ionity,AC Level 1,50,8,400,10,0.42,Yes,6:00-22:00,2015,11,Fast Charging,40.0,64,Unknown|Unknown
EVS00354,Unknown,Unknown,13.715468,100.543204,EVgo,AC Level 1,350,5,1750,8,0.19,No,6:00-22:00,2015,11,Ultra-Fast Charging,218.75,86,Unknown|Unknown
EVS00355,Unknown,Unknown,-33.764415,151.325944,Greenlots,DC Fast Charger,150,1,150,1,0.4,Yes,24/7,2018,8,Fast Charging,150.0,174,Unknown|Unknown
EVS00356,Unknown,Unknown,37.869054,-122.422959,ChargePoint,DC Fast Charger,50,7,350,8,0.22,No,6:00-22:00,2014,12,Fast Charging,43.75,178,Unknown|Unknown
EVS00357,Unknown,Unknown,37.794009,-122.439509,Greenlots,AC Level 1,22,2,44,3,0.24,Yes,9:00-18:00,2020,6,Destination/AC,14.67,40,Unknown|Unknown
EVS00358,Unknown,Unknown,34.110899,-118.290612,Tesla,AC Level 2,22,6,132,9,0.13,No,9:00-18:00,2021,5,Destination/AC,14.67,162,Unknown|Unknown
EVS00359,Unknown,Unknown,18.923704,72.892975,Tesla,DC Fast Charger,22,4,88,5,0.26,No,6:00-22:00,2023,3,Destination/AC,17.6,30,Unknown|Unknown
EVS00360,Unknown,Unknown,-33.863223,151.263504,ChargePoint,DC Fast Charger,50,5,250,8,0.32,No,6:00-22:00,2014,12,Fast Charging,31.25,138,Unknown|Unknown
EVS00361,Unknown,Unknown,7.193091,116.580502,ChargePoint,DC Fast Charger,150,6,900,10,0.32,No,6:00-22:00,2012,14,Fast Charging,90.0,154,Unknown|Unknown
EVS00362,Unknown,Unknown,-23.513198,-46.642926,EVgo,AC Level 1,22,6,132,9,0.15,Yes,24/7,2012,14,Destination/AC,14.67,161,Unknown|Unknown
EVS00363,Unknown,Unknown,39.851482,116.465052,EVgo,AC Level 1,50,5,250,8,0.29,No,9:00-18:00,2021,5,Fast Charging,31.25,51,Unknown|Unknown
EVS00364,Unknown,Unknown,13.814201,100.486573,Tesla,DC Fast Charger,50,1,50,3,0.14,No,24/7,2014,12,Fast Charging,16.67,162,Unknown|Unknown
EVS00365,Unknown,Unknown,-33.895584,151.221415,EVgo,AC Level 2,22,6,132,9,0.27,Yes,6:00-22:00,2014,12,Destination/AC,14.67,34,Unknown|Unknown
EVS00366,Unknown,Unknown,-23.696274,-46.51625,EVgo,AC Level 2,50,1,50,2,0.46,Yes,24/7,2020,6,Fast Charging,25.0,100,Unknown|Unknown
EVS00367,Unknown,Unknown,37.709186,-122.357548,Ionity,AC Level 2,350,1,350,1,0.39,No,6:00-22:00,2010,16,Ultra-Fast Charging,350.0,92,Unknown|Unknown
EVS00368,Unknown,Unknown,-33.811458,151.308165,ChargePoint,DC Fast Charger,350,7,2450,10,0.49,No,6:00-22:00,2018,8,Ultra-Fast Charging,245.0,67,Unknown|Unknown
EVS00369,Unknown,Unknown,-23.56956,-46.521263,EVgo,AC Level 1,50,2,100,3,0.19,No,9:00-18:00,2020,6,Fast Charging,33.33,18,Unknown|Unknown
EVS00370,Unknown,Unknown,39.962196,116.212253,ChargePoint,AC Level 1,350,2,700,4,0.13,Yes,24/7,2018,8,Ultra-Fast Charging,175.0,142,Unknown|Unknown
EVS00371,Unknown,Unknown,23.711631,107.088333,ChargePoint,DC Fast Charger,50,5,250,7,0.41,Yes,9:00-18:00,2022,4,Fast Charging,35.71,70,Unknown|Unknown
EVS00372,Unknown,Unknown,34.004628,-118.301117,Ionity,AC Level 1,150,2,300,3,0.24,No,9:00-18:00,2017,9,Fast Charging,100.0,124,Unknown|Unknown
EVS00373,Unknown,Unknown,41.809137,-87.787488,EVgo,AC Level 2,150,5,750,10,0.26,No,9:00-18:00,2017,9,Fast Charging,75.0,82,Unknown|Unknown
EVS00374,Unknown,Unknown,13.700441,100.454487,EVgo,DC Fast Charger,350,1,350,2,0.33,Yes,24/7,2017,9,Ultra-Fast Charging,175.0,76,Unknown|Unknown
EVS00375,Unknown,Unknown,-23.665894,-46.609585,ChargePoint,AC Level 1,150,5,750,10,0.4,Yes,6:00-22:00,2015,11,Fast Charging,75.0,161,Unknown|Unknown
EVS00376,Unknown,Unknown,19.187425,72.935019,Tesla,AC Level 2,350,2,700,4,0.21,Yes,24/7,2010,16,Ultra-Fast Charging,175.0,30,Unknown|Unknown
EVS00377,Unknown,Unknown,37.589454,126.985607,EVgo,AC Level 1,350,1,350,1,0.37,Yes,9:00-18:00,2023,3,Ultra-Fast Charging,350.0,136,Unknown|Unknown
EVS00378,Unknown,Unknown,-33.783232,18.535327,Ionity,AC Level 2,22,2,44,3,0.49,No,24/7,2015,11,Destination/AC,14.67,138,Unknown|Unknown
EVS00379,Unknown,Unknown,25.374825,55.31063,ChargePoint,AC Level 2,22,1,22,1,0.13,No,9:00-18:00,2012,14,Destination/AC,22.0,77,Unknown|Unknown
EVS00380,Unknown,Unknown,39.91428,116.222656,Greenlots,AC Level 1,150,2,300,4,0.25,Yes,24/7,2020,6,Fast Charging,75.0,58,Unknown|Unknown
EVS00381,Unknown,Unknown,27.853343,147.665148,Tesla,AC Level 1,22,1,22,2,0.43,No,24/7,2022,4,Destination/AC,11.0,15,Unknown|Unknown
EVS00382,Unknown,Unknown,41.919655,-87.675176,Tesla,AC Level 2,150,1,150,2,0.12,Yes,9:00-18:00,2023,3,Fast Charging,75.0,169,Unknown|Unknown
EVS00383,Unknown,Unknown,43.763748,-79.399078,EVgo,AC Level 2,350,1,350,2,0.32,Yes,24/7,2013,13,Ultra-Fast Charging,175.0,171,Unknown|Unknown
EVS00384,Unknown,Unknown,-33.70717,151.346689,Greenlots,AC Level 1,50,1,50,2,0.43,Yes,24/7,2016,10,Fast Charging,25.0,54,Unknown|Unknown
EVS00385,Unknown,Unknown,43.692397,-79.430859,EVgo,AC Level 1,150,3,450,4,0.19,Yes,9:00-18:00,2010,16,Fast Charging,112.5,20,Unknown|Unknown
EVS00386,Unknown,Unknown,13.827106,100.477398,ChargePoint,AC Level 2,22,5,110,10,0.41,Yes,6:00-22:00,2015,11,Destination/AC,11.0,35,Unknown|Unknown
EVS00387,Unknown,Unknown,25.318358,55.293287,Tesla,AC Level 2,50,4,200,9,0.26,Yes,24/7,2016,10,Fast Charging,22.22,26,Unknown|Unknown
EVS00388,Unknown,Unknown,39.983675,116.490375,Tesla,DC Fast Charger,150,7,1050,9,0.28,No,6:00-22:00,2022,4,Fast Charging,116.67,152,Unknown|Unknown
EVS00389,Unknown,Unknown,-33.829497,151.234793,ChargePoint,AC Level 2,150,4,600,8,0.21,Yes,6:00-22:00,2010,16,Fast Charging,75.0,162,Unknown|Unknown
EVS00390,Unknown,Unknown,39.990884,116.203772,EVgo,AC Level 2,150,1,150,2,0.34,No,6:00-22:00,2022,4,Fast Charging,75.0,40,Unknown|Unknown
EVS00391,Unknown,Unknown,66.871364,-151.692426,ChargePoint,AC Level 2,150,2,300,4,0.12,Yes,6:00-22:00,2020,6,Fast Charging,75.0,138,Unknown|Unknown
EVS00392,Unknown,Unknown,39.850412,116.424857,EVgo,AC Level 2,22,7,154,8,0.41,Yes,6:00-22:00,2023,3,Destination/AC,19.25,44,Unknown|Unknown
EVS00393,Unknown,Unknown,43.734647,-79.341355,Greenlots,AC Level 1,150,7,1050,10,0.37,No,6:00-22:00,2012,14,Fast Charging,105.0,75,Unknown|Unknown
EVS00394,Unknown,Unknown,-33.826169,151.386292,Greenlots,DC Fast Charger,150,1,150,1,0.42,No,9:00-18:00,2016,10,Fast Charging,150.0,113,Unknown|Unknown
EVS00395,Unknown,Unknown,-23.535777,-46.535429,EVgo,AC Level 2,50,1,50,1,0.36,Yes,9:00-18:00,2023,3,Fast Charging,50.0,133,Unknown|Unknown
EVS00396,Unknown,Unknown,-23.67397,-46.58952,ChargePoint,AC Level 1,50,4,200,8,0.31,Yes,9:00-18:00,2018,8,Fast Charging,25.0,159,Unknown|Unknown
EVS00397,Unknown,Unknown,-33.857883,18.402777,EVgo,AC Level 1,150,7,1050,8,0.46,Yes,9:00-18:00,2013,13,Fast Charging,131.25,22,Unknown|Unknown
EVS00398,Unknown,Unknown,37.555692,127.094265,Tesla,DC Fast Charger,50,2,100,4,0.45,Yes,6:00-22:00,2022,4,Fast Charging,25.0,47,Unknown|Unknown
EVS00399,Unknown,Unknown,-23.592073,-46.613848,Ionity,DC Fast Charger,150,1,150,2,0.22,Yes,9:00-18:00,2015,11,Fast Charging,75.0,61,Unknown|Unknown
EVS00400,Unknown,Unknown,41.861129,-87.687951,Tesla,DC Fast Charger,150,5,750,8,0.41,No,9:00-18:00,2019,7,Fast Charging,93.75,66,Unknown|Unknown
EVS00401,Unknown,Unknown,-30.225616,138.749389,EVgo,DC Fast Charger,50,6,300,10,0.1,No,6:00-22:00,2018,8,Fast Charging,30.0,179,Unknown|Unknown
EVS00402,Unknown,Unknown,43.730545,-79.393457,Tesla,AC Level 2,22,2,44,3,0.41,No,24/7,2010,16,Destination/AC,14.67,143,Unknown|Unknown
EVS00403,Unknown,Unknown,19.51328,-99.124675,ChargePoint,AC Level 2,150,5,750,9,0.35,No,24/7,2019,7,Fast Charging,83.33,67,Unknown|Unknown
EVS00404,Unknown,Unknown,-23.592921,-46.640083,Tesla,AC Level 2,22,8,176,9,0.18,Yes,24/7,2015,11,Destination/AC,19.56,175,Unknown|Unknown
EVS00405,Unknown,Unknown,37.732712,-122.376864,Tesla,AC Level 2,22,1,22,2,0.4,No,24/7,2022,4,Destination/AC,11.0,97,Unknown|Unknown
EVS00406,Unknown,Unknown,55.723991,37.615585,Tesla,AC Level 1,22,7,154,10,0.41,Yes,6:00-22:00,2021,5,Destination/AC,15.4,97,Unknown|Unknown
EVS00407,Unknown,Unknown,52.401171,13.348548,Ionity,DC Fast Charger,150,8,1200,10,0.17,Yes,24/7,2022,4,Fast Charging,120.0,86,Unknown|Unknown
EVS00408,Unknown,Unknown,19.556894,-99.141301,ChargePoint,DC Fast Charger,22,3,66,7,0.37,Yes,24/7,2012,14,Destination/AC,9.43,38,Unknown|Unknown
EVS00409,Unknown,Unknown,41.996065,-87.712256,Ionity,AC Level 2,22,6,132,7,0.36,Yes,9:00-18:00,2018,8,Destination/AC,18.86,169,Unknown|Unknown
EVS00410,Unknown,Unknown,-33.856036,151.344664,ChargePoint,AC Level 1,150,1,150,2,0.29,Yes,24/7,2010,16,Fast Charging,75.0,17,Unknown|Unknown
EVS00411,Unknown,Unknown,-54.623091,-114.499927,EVgo,DC Fast Charger,350,2,700,3,0.37,Yes,24/7,2017,9,Ultra-Fast Charging,233.33,43,Unknown|Unknown
EVS00412,Unknown,Unknown,-33.899005,151.269011,Greenlots,DC Fast Charger,22,3,66,6,0.48,No,24/7,2017,9,Destination/AC,11.0,52,Unknown|Unknown
EVS00413,Unknown,Unknown,52.542775,13.342176,EVgo,DC Fast Charger,50,6,300,9,0.2,No,9:00-18:00,2014,12,Fast Charging,33.33,61,Unknown|Unknown
EVS00414,Unknown,Unknown,41.863942,-87.632282,Greenlots,AC Level 1,22,6,132,9,0.49,Yes,24/7,2012,14,Destination/AC,14.67,36,Unknown|Unknown
EVS00415,Unknown,Unknown,-23.5731,-46.549267,Greenlots,AC Level 1,150,3,450,4,0.46,Yes,9:00-18:00,2021,5,Fast Charging,112.5,17,Unknown|Unknown
EVS00416,Unknown,Unknown,34.167297,-118.37543,EVgo,DC Fast Charger,22,4,88,8,0.2,No,9:00-18:00,2018,8,Destination/AC,11.0,126,Unknown|Unknown
EVS00417,Unknown,Unknown,19.11693,72.939987,Tesla,AC Level 1,50,3,150,5,0.15,No,9:00-18:00,2018,8,Fast Charging,30.0,174,Unknown|Unknown
EVS00418,Unknown,Unknown,34.149836,-118.29912,Greenlots,AC Level 1,150,6,900,7,0.12,Yes,9:00-18:00,2013,13,Fast Charging,128.57,35,Unknown|Unknown
EVS00419,Unknown,Unknown,25.396476,55.395045,ChargePoint,DC Fast Charger,350,2,700,4,0.27,Yes,24/7,2020,6,Ultra-Fast Charging,175.0,63,Unknown|Unknown
EVS00420,Unknown,Unknown,19.179554,72.994301,ChargePoint,DC Fast Charger,350,6,2100,8,0.33,No,24/7,2023,3,Ultra-Fast Charging,262.5,98,Unknown|Unknown
EVS00421,Unknown,Unknown,-80.166124,73.697969,Ionity,AC Level 1,350,8,2800,10,0.27,No,6:00-22:00,2017,9,Ultra-Fast Charging,280.0,168,Unknown|Unknown
EVS00422,Unknown,Unknown,39.840159,116.403986,EVgo,DC Fast Charger,350,2,700,5,0.32,No,6:00-22:00,2016,10,Ultra-Fast Charging,140.0,129,Unknown|Unknown
EVS00423,Unknown,Unknown,19.447657,-99.180843,Tesla,AC Level 1,50,4,200,8,0.32,No,9:00-18:00,2012,14,Fast Charging,25.0,141,Unknown|Unknown
EVS00424,Unknown,Unknown,-33.777948,18.414056,EVgo,AC Level 2,22,4,88,6,0.28,Yes,6:00-22:00,2010,16,Destination/AC,14.67,110,Unknown|Unknown
EVS00425,Unknown,Unknown,41.870589,-87.695556,EVgo,DC Fast Charger,50,3,150,7,0.42,No,6:00-22:00,2013,13,Fast Charging,21.43,83,Unknown|Unknown
EVS00426,Unknown,Unknown,25.31301,55.231619,Tesla,DC Fast Charger,150,2,300,3,0.37,Yes,24/7,2010,16,Fast Charging,100.0,47,Unknown|Unknown
EVS00427,Unknown,Unknown,34.160816,-118.333266,Ionity,AC Level 1,150,3,450,4,0.27,Yes,24/7,2022,4,Fast Charging,112.5,157,Unknown|Unknown
EVS00428,Unknown,Unknown,13.79541,100.597408,EVgo,DC Fast Charger,22,3,66,4,0.16,No,6:00-22:00,2017,9,Destination/AC,16.5,147,Unknown|Unknown
EVS00429,Unknown,Unknown,37.656942,127.024389,Ionity,AC Level 2,150,2,300,4,0.49,No,6:00-22:00,2015,11,Fast Charging,75.0,19,Unknown|Unknown
EVS00430,Unknown,Unknown,19.153022,72.985471,EVgo,DC Fast Charger,350,4,1400,5,0.44,No,24/7,2018,8,Ultra-Fast Charging,280.0,133,Unknown|Unknown
EVS00431,Unknown,Unknown,-28.460678,-43.111786,Greenlots,AC Level 2,150,7,1050,10,0.18,Yes,24/7,2019,7,Fast Charging,105.0,28,Unknown|Unknown
EVS00432,Unknown,Unknown,37.871065,-122.487051,Ionity,DC Fast Charger,350,5,1750,10,0.26,Yes,6:00-22:00,2018,8,Ultra-Fast Charging,175.0,136,Unknown|Unknown
EVS00433,Unknown,Unknown,34.002413,-118.201136,Greenlots,DC Fast Charger,150,6,900,9,0.18,Yes,9:00-18:00,2016,10,Fast Charging,100.0,151,Unknown|Unknown
EVS00434,Unknown,Unknown,-33.864997,151.290658,Ionity,AC Level 1,22,4,88,5,0.45,No,9:00-18:00,2019,7,Destination/AC,17.6,36,Unknown|Unknown
EVS00435,Unknown,Unknown,55.879009,37.5513,ChargePoint,AC Level 1,150,3,450,4,0.37,Yes,6:00-22:00,2018,8,Fast Charging,112.5,86,Unknown|Unknown
EVS00436,Unknown,Unknown,19.189134,72.90021,Tesla,AC Level 2,22,1,22,1,0.37,No,6:00-22:00,2015,11,Destination/AC,22.0,35,Unknown|Unknown
EVS00437,Unknown,Unknown,-23.532182,-46.638094,Tesla,DC Fast Charger,50,1,50,2,0.47,Yes,9:00-18:00,2017,9,Fast Charging,25.0,108,Unknown|Unknown
EVS00438,Unknown,Unknown,37.664254,126.905895,Greenlots,AC Level 2,22,1,22,1,0.49,No,6:00-22:00,2014,12,Destination/AC,22.0,168,Unknown|Unknown
EVS00439,Unknown,Unknown,37.55493,127.023747,Greenlots,AC Level 2,350,2,700,3,0.36,Yes,6:00-22:00,2012,14,Ultra-Fast Charging,233.33,28,Unknown|Unknown
EVS00440,Unknown,Unknown,55.747415,37.577436,EVgo,AC Level 1,22,1,22,3,0.27,No,6:00-22:00,2011,15,Destination/AC,7.33,80,Unknown|Unknown
EVS00441,Unknown,Unknown,-50.521439,78.744473,Ionity,AC Level 1,50,1,50,1,0.43,No,9:00-18:00,2016,10,Fast Charging,50.0,175,Unknown|Unknown
EVS00442,Unknown,Unknown,13.759093,100.45288,Ionity,AC Level 2,50,1,50,2,0.17,No,24/7,2013,13,Fast Charging,25.0,64,Unknown|Unknown
EVS00443,Unknown,Unknown,39.90451,116.412448,Tesla,AC Level 2,22,3,66,4,0.42,No,24/7,2013,13,Destination/AC,16.5,36,Unknown|Unknown
EVS00444,Unknown,Unknown,-33.766911,18.599488,Tesla,AC Level 2,50,3,150,5,0.16,Yes,9:00-18:00,2021,5,Fast Charging,30.0,95,Unknown|Unknown
EVS00445,Unknown,Unknown,43.657289,-79.379941,Greenlots,AC Level 2,350,6,2100,10,0.16,Yes,24/7,2020,6,Ultra-Fast Charging,210.0,98,Unknown|Unknown
EVS00446,Unknown,Unknown,41.973566,-87.642631,ChargePoint,DC Fast Charger,150,4,600,7,0.47,Yes,9:00-18:00,2019,7,Fast Charging,85.71,124,Unknown|Unknown
EVS00447,Unknown,Unknown,55.740028,37.526466,ChargePoint,DC Fast Charger,150,1,150,2,0.18,No,24/7,2021,5,Fast Charging,75.0,66,Unknown|Unknown
EVS00448,Unknown,Unknown,52.512344,13.467784,Ionity,AC Level 2,50,3,150,4,0.14,No,6:00-22:00,2021,5,Fast Charging,37.5,172,Unknown|Unknown
EVS00449,Unknown,Unknown,39.954663,116.467475,Tesla,AC Level 2,22,3,66,4,0.11,Yes,24/7,2020,6,Destination/AC,16.5,100,Unknown|Unknown
EVS00450,Unknown,Unknown,39.80571,116.487585,Tesla,DC Fast Charger,350,8,2800,10,0.43,Yes,6:00-22:00,2021,5,Ultra-Fast Charging,280.0,62,Unknown|Unknown
EVS00451,Unknown,Unknown,68.448107,121.743094,Tesla,AC Level 1,350,5,1750,10,0.25,No,9:00-18:00,2012,14,Ultra-Fast Charging,175.0,173,Unknown|Unknown
EVS00452,Unknown,Unknown,37.509712,127.014717,EVgo,AC Level 1,150,4,600,5,0.46,Yes,24/7,2018,8,Fast Charging,120.0,167,Unknown|Unknown
EVS00453,Unknown,Unknown,19.182179,72.842205,Ionity,AC Level 1,22,5,110,10,0.47,Yes,9:00-18:00,2022,4,Destination/AC,11.0,97,Unknown|Unknown
EVS00454,Unknown,Unknown,34.183425,-118.226892,ChargePoint,AC Level 1,50,6,300,7,0.18,Yes,9:00-18:00,2016,10,Fast Charging,42.86,19,Unknown|Unknown
EVS00455,Unknown,Unknown,-33.882924,18.439484,Ionity,DC Fast Charger,50,6,300,9,0.44,No,24/7,2018,8,Fast Charging,33.33,113,Unknown|Unknown
EVS00456,Unknown,Unknown,25.256895,55.342555,ChargePoint,AC Level 2,150,5,750,8,0.21,No,6:00-22:00,2018,8,Fast Charging,93.75,106,Unknown|Unknown
EVS00457,Unknown,Unknown,13.719327,100.532449,Greenlots,AC Level 2,350,5,1750,9,0.24,Yes,24/7,2022,4,Ultra-Fast Charging,194.44,39,Unknown|Unknown
EVS00458,Unknown,Unknown,-33.729422,18.49251,Greenlots,DC Fast Charger,350,2,700,4,0.22,Yes,24/7,2014,12,Ultra-Fast Charging,175.0,119,Unknown|Unknown
EVS00459,Unknown,Unknown,19.524296,-99.141946,ChargePoint,AC Level 1,50,5,250,10,0.38,Yes,6:00-22:00,2016,10,Fast Charging,25.0,153,Unknown|Unknown
EVS00460,Unknown,Unknown,39.910019,116.390388,Ionity,AC Level 2,22,3,66,4,0.4,Yes,9:00-18:00,2012,14,Destination/AC,16.5,32,Unknown|Unknown
EVS00461,Unknown,Unknown,-54.546381,-166.282053,Greenlots,AC Level 1,22,5,110,6,0.19,Yes,6:00-22:00,2014,12,Destination/AC,18.33,134,Unknown|Unknown
EVS00462,Unknown,Unknown,37.558591,127.075697,Greenlots,DC Fast Charger,50,8,400,10,0.41,No,6:00-22:00,2014,12,Fast Charging,40.0,38,Unknown|Unknown
EVS00463,Unknown,Unknown,41.888791,-87.642666,Ionity,AC Level 2,50,1,50,2,0.39,No,24/7,2019,7,Fast Charging,25.0,138,Unknown|Unknown
EVS00464,Unknown,Unknown,41.914545,-87.731327,Tesla,DC Fast Charger,22,5,110,8,0.47,No,24/7,2015,11,Destination/AC,13.75,84,Unknown|Unknown
EVS00465,Unknown,Unknown,34.138247,-118.205872,ChargePoint,AC Level 1,350,6,2100,10,0.45,Yes,9:00-18:00,2021,5,Ultra-Fast Charging,210.0,16,Unknown|Unknown
EVS00466,Unknown,Unknown,55.819361,37.663181,ChargePoint,AC Level 2,50,1,50,2,0.34,No,9:00-18:00,2020,6,Fast Charging,25.0,174,Unknown|Unknown
EVS00467,Unknown,Unknown,25.349234,55.305235,Tesla,AC Level 1,22,6,132,10,0.47,No,6:00-22:00,2015,11,Destination/AC,13.2,42,Unknown|Unknown
EVS00468,Unknown,Unknown,19.153105,72.938527,Tesla,DC Fast Charger,350,3,1050,5,0.5,No,24/7,2018,8,Ultra-Fast Charging,210.0,113,Unknown|Unknown
EVS00469,Unknown,Unknown,52.459204,13.358323,ChargePoint,DC Fast Charger,22,4,88,6,0.38,No,24/7,2015,11,Destination/AC,14.67,44,Unknown|Unknown
EVS00470,Unknown,Unknown,43.646332,-79.477922,EVgo,AC Level 1,150,4,600,7,0.28,Yes,24/7,2010,16,Fast Charging,85.71,168,Unknown|Unknown
EVS00471,Unknown,Unknown,-22.883204,140.494732,Greenlots,AC Level 1,350,3,1050,4,0.35,Yes,9:00-18:00,2014,12,Ultra-Fast Charging,262.5,136,Unknown|Unknown
EVS00472,Unknown,Unknown,41.908381,-87.744026,EVgo,AC Level 2,22,6,132,9,0.23,No,24/7,2016,10,Destination/AC,14.67,147,Unknown|Unknown
EVS00473,Unknown,Unknown,34.077955,-118.200937,Ionity,AC Level 2,350,1,350,2,0.18,No,9:00-18:00,2022,4,Ultra-Fast Charging,175.0,86,Unknown|Unknown
EVS00474,Unknown,Unknown,43.65435,-79.35392,Greenlots,AC Level 2,22,7,154,9,0.14,Yes,24/7,2021,5,Destination/AC,17.11,92,Unknown|Unknown
EVS00475,Unknown,Unknown,41.900694,-87.711228,Tesla,AC Level 2,50,7,350,10,0.23,No,24/7,2023,3,Fast Charging,35.0,119,Unknown|Unknown
EVS00476,Unknown,Unknown,41.831703,-87.627726,Greenlots,AC Level 2,350,2,700,2,0.14,Yes,6:00-22:00,2016,10,Ultra-Fast Charging,350.0,144,Unknown|Unknown
EVS00477,Unknown,Unknown,19.546218,-99.035175,EVgo,AC Level 1,150,2,300,3,0.35,No,6:00-22:00,2020,6,Fast Charging,100.0,154,Unknown|Unknown
EVS00478,Unknown,Unknown,25.315421,55.306339,Greenlots,AC Level 1,350,1,350,2,0.5,No,6:00-22:00,2020,6,Ultra-Fast Charging,175.0,17,Unknown|Unknown
EVS00479,Unknown,Unknown,-33.849766,151.241734,EVgo,DC Fast Charger,150,6,900,8,0.49,No,24/7,2019,7,Fast Charging,112.5,124,Unknown|Unknown
EVS00480,Unknown,Unknown,41.921123,-87.660919,Ionity,AC Level 2,350,4,1400,5,0.34,Yes,9:00-18:00,2023,3,Ultra-Fast Charging,280.0,33,Unknown|Unknown
EVS00481,Unknown,Unknown,-80.723496,179.664661,ChargePoint,AC Level 2,22,3,66,5,0.4,No,24/7,2013,13,Destination/AC,13.2,62,Unknown|Unknown
EVS00482,Unknown,Unknown,55.765017,37.699376,ChargePoint,AC Level 1,22,6,132,10,0.36,Yes,9:00-18:00,2010,16,Destination/AC,13.2,151,Unknown|Unknown
EVS00483,Unknown,Unknown,19.129722,72.906359,Greenlots,AC Level 1,350,1,350,2,0.43,Yes,24/7,2014,12,Ultra-Fast Charging,175.0,56,Unknown|Unknown
EVS00484,Unknown,Unknown,-33.887958,151.228933,ChargePoint,AC Level 2,350,6,2100,8,0.31,Yes,9:00-18:00,2016,10,Ultra-Fast Charging,262.5,146,Unknown|Unknown
EVS00485,Unknown,Unknown,39.893768,116.316172,Greenlots,AC Level 1,50,2,100,5,0.12,No,6:00-22:00,2012,14,Fast Charging,20.0,91,Unknown|Unknown
EVS00486,Unknown,Unknown,25.284957,55.302441,Tesla,AC Level 1,150,4,600,7,0.19,Yes,24/7,2023,3,Fast Charging,85.71,53,Unknown|Unknown
EVS00487,Unknown,Unknown,-23.60254,-46.508681,Tesla,DC Fast Charger,350,3,1050,6,0.14,Yes,24/7,2021,5,Ultra-Fast Charging,175.0,70,Unknown|Unknown
EVS00488,Unknown,Unknown,-33.744565,18.492565,EVgo,AC Level 1,350,7,2450,10,0.1,Yes,9:00-18:00,2016,10,Ultra-Fast Charging,245.0,102,Unknown|Unknown
EVS00489,Unknown,Unknown,-33.744014,151.361019,Tesla,AC Level 1,50,2,100,3,0.4,No,6:00-22:00,2018,8,Fast Charging,33.33,141,Unknown|Unknown
EVS00490,Unknown,Unknown,-33.738376,18.447614,Ionity,AC Level 1,50,6,300,8,0.15,No,24/7,2017,9,Fast Charging,37.5,114,Unknown|Unknown
EVS00491,Unknown,Unknown,-51.852151,154.239807,Tesla,AC Level 2,350,8,2800,10,0.22,No,24/7,2020,6,Ultra-Fast Charging,280.0,168,Unknown|Unknown
EVS00492,Unknown,Unknown,34.020332,-118.287323,Ionity,AC Level 1,350,2,700,3,0.31,Yes,6:00-22:00,2015,11,Ultra-Fast Charging,233.33,158,Unknown|Unknown
EVS00493,Unknown,Unknown,43.618736,-79.353398,Tesla,AC Level 2,22,5,110,9,0.31,No,6:00-22:00,2023,3,Destination/AC,12.22,139,Unknown|Unknown
EVS00494,Unknown,Unknown,37.857175,-122.303422,Tesla,DC Fast Charger,350,4,1400,6,0.31,Yes,6:00-22:00,2015,11,Ultra-Fast Charging,233.33,114,Unknown|Unknown
EVS00495,Unknown,Unknown,18.907316,72.983951,Ionity,AC Level 2,22,7,154,10,0.29,No,6:00-22:00,2020,6,Destination/AC,15.4,62,Unknown|Unknown
EVS00496,Unknown,Unknown,19.555444,-99.064002,EVgo,AC Level 2,50,3,150,4,0.35,No,24/7,2014,12,Fast Charging,37.5,83,Unknown|Unknown
EVS00497,Unknown,Unknown,-33.852876,151.239959,ChargePoint,DC Fast Charger,150,7,1050,10,0.49,Yes,24/7,2022,4,Fast Charging,105.0,34,Unknown|Unknown
EVS00498,Unknown,Unknown,43.660907,-79.320082,EVgo,AC Level 1,50,4,200,7,0.14,No,24/7,2019,7,Fast Charging,28.57,76,Unknown|Unknown
EVS00499,Unknown,Unknown,19.401518,-99.00457,ChargePoint,DC Fast Charger,22,8,176,10,0.39,Yes,24/7,2016,10,Destination/AC,17.6,167,Unknown|Unknown
EVS00500,Unknown,Unknown,19.466609,-99.175587,Greenlots,AC Level 2,50,4,200,8,0.41,No,24/7,2016,10,Fast Charging,25.0,85,Unknown|Unknown
EVS00501,Unknown,Unknown,10.060762,66.813097,EVgo,DC Fast Charger,22,4,88,5,0.45,Yes,24/7,2010,16,Destination/AC,17.6,33,Unknown|Unknown
EVS00502,Unknown,Unknown,-33.749508,151.314901,Ionity,AC Level 2,150,6,900,8,0.41,Yes,24/7,2011,15,Fast Charging,112.5,122,Unknown|Unknown
EVS00503,Unknown,Unknown,13.789147,100.474049,EVgo,AC Level 1,50,4,200,8,0.23,No,24/7,2015,11,Fast Charging,25.0,173,Unknown|Unknown
EVS00504,Unknown,Unknown,43.782108,-79.372287,Greenlots,AC Level 2,350,5,1750,7,0.1,No,6:00-22:00,2020,6,Ultra-Fast Charging,250.0,158,Unknown|Unknown
EVS00505,Unknown,Unknown,37.676068,126.956128,EVgo,DC Fast Charger,22,4,88,9,0.45,No,9:00-18:00,2014,12,Destination/AC,9.78,60,Unknown|Unknown
EVS00506,Unknown,Unknown,52.433768,13.303693,Ionity,AC Level 1,22,1,22,1,0.49,No,6:00-22:00,2013,13,Destination/AC,22.0,89,Unknown|Unknown
EVS00507,Unknown,Unknown,-33.800303,151.352806,Ionity,AC Level 2,22,1,22,1,0.39,Yes,9:00-18:00,2011,15,Destination/AC,22.0,102,Unknown|Unknown
EVS00508,Unknown,Unknown,-23.656007,-46.622781,Tesla,DC Fast Charger,150,3,450,6,0.21,Yes,6:00-22:00,2021,5,Fast Charging,75.0,55,Unknown|Unknown
EVS00509,Unknown,Unknown,13.867797,100.529559,Tesla,AC Level 2,50,3,150,7,0.42,Yes,24/7,2013,13,Fast Charging,21.43,59,Unknown|Unknown
EVS00510,Unknown,Unknown,-33.807932,18.41928,ChargePoint,DC Fast Charger,350,8,2800,10,0.42,No,9:00-18:00,2016,10,Ultra-Fast Charging,280.0,54,Unknown|Unknown
EVS00511,Unknown,Unknown,-22.699389,-55.913894,Greenlots,DC Fast Charger,350,6,2100,10,0.32,No,9:00-18:00,2023,3,Ultra-Fast Charging,210.0,179,Unknown|Unknown
EVS00512,Unknown,Unknown,55.77211,37.601101,Ionity,AC Level 1,150,2,300,3,0.19,No,9:00-18:00,2016,10,Fast Charging,100.0,138,Unknown|Unknown
EVS00513,Unknown,Unknown,18.936206,72.952021,EVgo,AC Level 2,150,3,450,4,0.46,Yes,24/7,2021,5,Fast Charging,112.5,153,Unknown|Unknown
EVS00514,Unknown,Unknown,43.60412,-79.417447,Tesla,AC Level 2,150,4,600,6,0.18,No,9:00-18:00,2020,6,Fast Charging,100.0,149,Unknown|Unknown
EVS00515,Unknown,Unknown,-33.753965,18.450753,Ionity,AC Level 2,22,4,88,8,0.27,No,9:00-18:00,2012,14,Destination/AC,11.0,173,Unknown|Unknown
EVS00516,Unknown,Unknown,39.857941,116.311771,ChargePoint,DC Fast Charger,150,4,600,6,0.19,No,24/7,2019,7,Fast Charging,100.0,32,Unknown|Unknown
EVS00517,Unknown,Unknown,25.330998,55.368836,EVgo,DC Fast Charger,50,5,250,6,0.16,Yes,9:00-18:00,2022,4,Fast Charging,41.67,160,Unknown|Unknown
EVS00518,Unknown,Unknown,-33.729421,151.379303,ChargePoint,DC Fast Charger,22,2,44,5,0.22,Yes,6:00-22:00,2019,7,Destination/AC,8.8,25,Unknown|Unknown
EVS00519,Unknown,Unknown,43.723214,-79.307513,EVgo,DC Fast Charger,22,5,110,8,0.41,No,6:00-22:00,2022,4,Destination/AC,13.75,93,Unknown|Unknown
EVS00520,Unknown,Unknown,25.293781,55.267276,Greenlots,AC Level 2,350,4,1400,7,0.19,Yes,6:00-22:00,2023,3,Ultra-Fast Charging,200.0,113,Unknown|Unknown
EVS00521,Unknown,Unknown,59.032387,52.728015,EVgo,AC Level 1,22,4,88,7,0.27,Yes,6:00-22:00,2017,9,Destination/AC,12.57,74,Unknown|Unknown
EVS00522,Unknown,Unknown,-33.826787,18.469092,Greenlots,AC Level 2,50,6,300,8,0.43,No,24/7,2016,10,Fast Charging,37.5,39,Unknown|Unknown
EVS00523,Unknown,Unknown,18.996604,72.891826,EVgo,AC Level 1,150,5,750,8,0.44,Yes,9:00-18:00,2012,14,Fast Charging,93.75,46,Unknown|Unknown
EVS00524,Unknown,Unknown,13.75829,100.536526,Greenlots,AC Level 1,22,7,154,10,0.27,No,6:00-22:00,2018,8,Destination/AC,15.4,151,Unknown|Unknown
EVS00525,Unknown,Unknown,13.73715,100.500361,ChargePoint,AC Level 1,150,5,750,9,0.39,No,24/7,2018,8,Fast Charging,83.33,67,Unknown|Unknown
EVS00526,Unknown,Unknown,37.820565,-122.315361,EVgo,AC Level 1,50,4,200,7,0.42,No,24/7,2021,5,Fast Charging,28.57,66,Unknown|Unknown
EVS00527,Unknown,Unknown,37.580529,126.991581,Tesla,AC Level 2,350,4,1400,7,0.12,No,24/7,2021,5,Ultra-Fast Charging,200.0,167,Unknown|Unknown
EVS00528,Unknown,Unknown,41.930069,-87.726529,ChargePoint,AC Level 2,22,6,132,7,0.42,No,6:00-22:00,2016,10,Destination/AC,18.86,38,Unknown|Unknown
EVS00529,Unknown,Unknown,37.541222,127.057344,Ionity,AC Level 2,50,6,300,9,0.36,Yes,9:00-18:00,2018,8,Fast Charging,33.33,166,Unknown|Unknown
EVS00530,Unknown,Unknown,34.058424,-118.387118,Ionity,AC Level 1,350,6,2100,10,0.42,No,6:00-22:00,2014,12,Ultra-Fast Charging,210.0,166,Unknown|Unknown
EVS00531,Unknown,Unknown,-72.947238,-109.560367,Greenlots,DC Fast Charger,22,3,66,4,0.37,Yes,24/7,2018,8,Destination/AC,16.5,113,Unknown|Unknown
EVS00532,Unknown,Unknown,37.688284,126.98633,Tesla,DC Fast Charger,350,1,350,1,0.23,No,6:00-22:00,2022,4,Ultra-Fast Charging,350.0,42,Unknown|Unknown
EVS00533,Unknown,Unknown,43.669537,-79.455417,ChargePoint,AC Level 2,50,4,200,7,0.25,No,24/7,2017,9,Fast Charging,28.57,40,Unknown|Unknown
EVS00534,Unknown,Unknown,37.774349,-122.480961,EVgo,DC Fast Charger,150,1,150,2,0.41,Yes,24/7,2022,4,Fast Charging,75.0,61,Unknown|Unknown
EVS00535,Unknown,Unknown,39.904658,116.473406,EVgo,AC Level 1,150,2,300,2,0.37,No,9:00-18:00,2015,11,Fast Charging,150.0,110,Unknown|Unknown
EVS00536,Unknown,Unknown,-33.787055,151.205437,ChargePoint,DC Fast Charger,50,1,50,2,0.21,No,9:00-18:00,2011,15,Fast Charging,25.0,40,Unknown|Unknown
EVS00537,Unknown,Unknown,-33.853089,18.427854,Tesla,AC Level 1,50,6,300,9,0.18,Yes,9:00-18:00,2010,16,Fast Charging,33.33,90,Unknown|Unknown
EVS00538,Unknown,Unknown,43.600512,-79.494201,Tesla,AC Level 1,22,4,88,8,0.13,Yes,6:00-22:00,2016,10,Destination/AC,11.0,34,Unknown|Unknown
EVS00539,Unknown,Unknown,-33.87629,151.385211,EVgo,AC Level 2,350,4,1400,8,0.38,Yes,9:00-18:00,2014,12,Ultra-Fast Charging,175.0,104,Unknown|Unknown
EVS00540,Unknown,Unknown,34.118001,-118.381864,ChargePoint,AC Level 1,50,7,350,10,0.27,Yes,6:00-22:00,2015,11,Fast Charging,35.0,18,Unknown|Unknown
EVS00541,Unknown,Unknown,-67.946777,-62.890181,EVgo,DC Fast Charger,22,5,110,8,0.48,No,9:00-18:00,2015,11,Destination/AC,13.75,131,Unknown|Unknown
EVS00542,Unknown,Unknown,13.863228,100.506943,EVgo,AC Level 1,150,2,300,2,0.33,No,9:00-18:00,2014,12,Fast Charging,150.0,24,Unknown|Unknown
EVS00543,Unknown,Unknown,25.301386,55.283255,EVgo,DC Fast Charger,150,6,900,8,0.18,Yes,24/7,2013,13,Fast Charging,112.5,47,Unknown|Unknown
EVS00544,Unknown,Unknown,37.553153,127.08942,Greenlots,AC Level 2,22,5,110,8,0.25,No,6:00-22:00,2022,4,Destination/AC,13.75,43,Unknown|Unknown
EVS00545,Unknown,Unknown,43.617122,-79.468008,ChargePoint,AC Level 2,22,4,88,6,0.32,Yes,24/7,2020,6,Destination/AC,14.67,152,Unknown|Unknown
EVS00546,Unknown,Unknown,13.821081,100.438851,Ionity,AC Level 1,22,8,176,10,0.26,Yes,6:00-22:00,2019,7,Destination/AC,17.6,23,Unknown|Unknown
EVS00547,Unknown,Unknown,-33.760877,18.553258,EVgo,DC Fast Charger,150,3,450,4,0.4,No,24/7,2012,14,Fast Charging,112.5,85,Unknown|Unknown
EVS00548,Unknown,Unknown,37.65443,127.07236,Greenlots,AC Level 2,150,1,150,1,0.11,No,24/7,2019,7,Fast Charging,150.0,112,Unknown|Unknown
EVS00549,Unknown,Unknown,41.827749,-87.668545,Tesla,AC Level 2,50,7,350,9,0.29,Yes,9:00-18:00,2013,13,Fast Charging,38.89,100,Unknown|Unknown
EVS00550,Unknown,Unknown,39.989449,116.377549,Greenlots,AC Level 2,22,2,44,3,0.22,Yes,24/7,2020,6,Destination/AC,14.67,127,Unknown|Unknown
EVS00551,Unknown,Unknown,-3.033356,-148.095781,EVgo,DC Fast Charger,350,1,350,1,0.15,No,24/7,2015,11,Ultra-Fast Charging,350.0,147,Unknown|Unknown
EVS00552,Unknown,Unknown,37.778631,-122.480667,ChargePoint,AC Level 2,50,2,100,4,0.27,Yes,6:00-22:00,2023,3,Fast Charging,25.0,79,Unknown|Unknown
EVS00553,Unknown,Unknown,-23.538056,-46.58191,Greenlots,AC Level 1,22,6,132,9,0.15,No,24/7,2015,11,Destination/AC,14.67,151,Unknown|Unknown
EVS00554,Unknown,Unknown,-33.860295,151.313884,Ionity,AC Level 2,50,5,250,7,0.36,No,6:00-22:00,2016,10,Fast Charging,35.71,67,Unknown|Unknown
EVS00555,Unknown,Unknown,-33.843426,18.492997,ChargePoint,AC Level 2,22,5,110,7,0.11,Yes,6:00-22:00,2017,9,Destination/AC,15.71,177,Unknown|Unknown
EVS00556,Unknown,Unknown,37.682836,127.018105,EVgo,AC Level 2,150,4,600,6,0.2,Yes,9:00-18:00,2016,10,Fast Charging,100.0,98,Unknown|Unknown
EVS00557,Unknown,Unknown,52.575971,13.329181,Ionity,DC Fast Charger,350,2,700,3,0.22,Yes,9:00-18:00,2015,11,Ultra-Fast Charging,233.33,136,Unknown|Unknown
EVS00558,Unknown,Unknown,41.971136,-87.633067,Tesla,DC Fast Charger,50,3,150,5,0.43,Yes,9:00-18:00,2018,8,Fast Charging,30.0,159,Unknown|Unknown
EVS00559,Unknown,Unknown,19.43116,-99.135599,Tesla,AC Level 2,350,4,1400,8,0.33,Yes,9:00-18:00,2010,16,Ultra-Fast Charging,175.0,145,Unknown|Unknown
EVS00560,Unknown,Unknown,25.332029,55.336479,Greenlots,AC Level 2,350,5,1750,9,0.16,No,9:00-18:00,2012,14,Ultra-Fast Charging,194.44,155,Unknown|Unknown
EVS00561,Unknown,Unknown,1.597832,-117.898763,EVgo,AC Level 2,350,4,1400,6,0.4,Yes,6:00-22:00,2019,7,Ultra-Fast Charging,233.33,103,Unknown|Unknown
EVS00562,Unknown,Unknown,25.325448,55.355439,Tesla,AC Level 2,150,3,450,5,0.17,No,24/7,2020,6,Fast Charging,90.0,22,Unknown|Unknown
EVS00563,Unknown,Unknown,43.749309,-79.443754,ChargePoint,AC Level 1,150,1,150,2,0.49,Yes,6:00-22:00,2014,12,Fast Charging,75.0,96,Unknown|Unknown
EVS00564,Unknown,Unknown,34.089622,-118.294674,ChargePoint,DC Fast Charger,22,1,22,1,0.18,No,9:00-18:00,2021,5,Destination/AC,22.0,44,Unknown|Unknown
EVS00565,Unknown,Unknown,-23.5594,-46.597319,Ionity,AC Level 1,50,4,200,7,0.26,Yes,6:00-22:00,2020,6,Fast Charging,28.57,161,Unknown|Unknown
EVS00566,Unknown,Unknown,37.675722,126.964565,EVgo,AC Level 1,50,1,50,2,0.42,Yes,9:00-18:00,2018,8,Fast Charging,25.0,54,Unknown|Unknown
EVS00567,Unknown,Unknown,55.753695,37.565171,ChargePoint,AC Level 2,350,4,1400,6,0.34,No,9:00-18:00,2020,6,Ultra-Fast Charging,233.33,52,Unknown|Unknown
EVS00568,Unknown,Unknown,19.560628,-99.182021,Ionity,AC Level 2,22,2,44,3,0.26,No,9:00-18:00,2018,8,Destination/AC,14.67,56,Unknown|Unknown
EVS00569,Unknown,Unknown,37.562803,127.079261,EVgo,AC Level 2,22,1,22,1,0.11,Yes,9:00-18:00,2014,12,Destination/AC,22.0,121,Unknown|Unknown
EVS00570,Unknown,Unknown,37.851937,-122.434615,ChargePoint,AC Level 2,22,6,132,9,0.31,No,9:00-18:00,2023,3,Destination/AC,14.67,109,Unknown|Unknown
EVS00571,Unknown,Unknown,51.465721,-79.496805,ChargePoint,DC Fast Charger,350,4,1400,9,0.17,No,6:00-22:00,2017,9,Ultra-Fast Charging,155.56,171,Unknown|Unknown
EVS00572,Unknown,Unknown,-23.637169,-46.578441,Tesla,DC Fast Charger,350,1,350,1,0.32,Yes,6:00-22:00,2011,15,Ultra-Fast Charging,350.0,83,Unknown|Unknown
EVS00573,Unknown,Unknown,19.450902,-99.08524,Ionity,AC Level 1,350,5,1750,7,0.1,Yes,24/7,2012,14,Ultra-Fast Charging,250.0,61,Unknown|Unknown
EVS00574,Unknown,Unknown,55.714752,37.51945,EVgo,AC Level 2,150,5,750,7,0.37,Yes,9:00-18:00,2016,10,Fast Charging,107.14,23,Unknown|Unknown
EVS00575,Unknown,Unknown,52.562333,13.352943,ChargePoint,AC Level 2,150,3,450,4,0.5,No,24/7,2013,13,Fast Charging,112.5,16,Unknown|Unknown
EVS00576,Unknown,Unknown,-33.897659,151.374837,Greenlots,AC Level 1,22,8,176,10,0.42,Yes,9:00-18:00,2019,7,Destination/AC,17.6,76,Unknown|Unknown
EVS00577,Unknown,Unknown,37.547401,127.014429,ChargePoint,AC Level 2,22,1,22,1,0.23,No,6:00-22:00,2010,16,Destination/AC,22.0,167,Unknown|Unknown
EVS00578,Unknown,Unknown,41.974278,-87.792543,EVgo,AC Level 1,50,2,100,3,0.37,Yes,6:00-22:00,2013,13,Fast Charging,33.33,101,Unknown|Unknown
EVS00579,Unknown,Unknown,-23.698365,-46.675358,Greenlots,AC Level 2,350,6,2100,9,0.47,No,9:00-18:00,2020,6,Ultra-Fast Charging,233.33,162,Unknown|Unknown
EVS00580,Unknown,Unknown,41.915276,-87.789507,Ionity,AC Level 2,150,4,600,8,0.18,Yes,6:00-22:00,2016,10,Fast Charging,75.0,31,Unknown|Unknown
EVS00581,Unknown,Unknown,85.165465,148.11895,EVgo,AC Level 2,150,5,750,10,0.49,No,6:00-22:00,2011,15,Fast Charging,75.0,30,Unknown|Unknown
EVS00582,Unknown,Unknown,43.655258,-79.385666,EVgo,AC Level 1,50,3,150,7,0.25,No,24/7,2015,11,Fast Charging,21.43,152,Unknown|Unknown
EVS00583,Unknown,Unknown,52.581127,13.308411,Ionity,AC Level 1,22,6,132,8,0.11,No,9:00-18:00,2020,6,Destination/AC,16.5,32,Unknown|Unknown
EVS00584,Unknown,Unknown,25.36576,55.390681,Tesla,DC Fast Charger,50,6,300,8,0.13,Yes,24/7,2022,4,Fast Charging,37.5,23,Unknown|Unknown
EVS00585,Unknown,Unknown,43.655309,-79.371273,Tesla,AC Level 2,50,5,250,6,0.39,No,24/7,2010,16,Fast Charging,41.67,81,Unknown|Unknown
EVS00586,Unknown,Unknown,55.79744,37.512116,Ionity,AC Level 1,150,5,750,8,0.4,Yes,24/7,2010,16,Fast Charging,93.75,167,Unknown|Unknown
EVS00587,Unknown,Unknown,52.545977,13.493232,Greenlots,DC Fast Charger,150,1,150,1,0.37,Yes,24/7,2015,11,Fast Charging,150.0,128,Unknown|Unknown
EVS00588,Unknown,Unknown,52.596253,13.350885,ChargePoint,DC Fast Charger,150,2,300,3,0.45,Yes,24/7,2013,13,Fast Charging,100.0,31,Unknown|Unknown
EVS00589,Unknown,Unknown,13.760868,100.510224,ChargePoint,AC Level 1,350,4,1400,6,0.31,Yes,6:00-22:00,2016,10,Ultra-Fast Charging,233.33,153,Unknown|Unknown
EVS00590,Unknown,Unknown,18.964042,72.824032,EVgo,AC Level 1,22,5,110,6,0.46,No,9:00-18:00,2010,16,Destination/AC,18.33,154,Unknown|Unknown
EVS00591,Unknown,Unknown,48.958369,54.050978,Greenlots,AC Level 1,150,5,750,6,0.26,No,24/7,2022,4,Fast Charging,125.0,147,Unknown|Unknown
EVS00592,Unknown,Unknown,-33.81016,18.506381,EVgo,DC Fast Charger,150,3,450,4,0.46,Yes,24/7,2021,5,Fast Charging,112.5,163,Unknown|Unknown
EVS00593,Unknown,Unknown,55.879945,37.645098,Greenlots,AC Level 1,22,8,176,10,0.2,Yes,6:00-22:00,2017,9,Destination/AC,17.6,54,Unknown|Unknown
EVS00594,Unknown,Unknown,34.138815,-118.332619,Ionity,AC Level 1,50,8,400,9,0.26,Yes,6:00-22:00,2022,4,Fast Charging,44.44,176,Unknown|Unknown
EVS00595,Unknown,Unknown,-33.785547,18.469938,EVgo,AC Level 2,50,4,200,7,0.31,No,24/7,2021,5,Fast Charging,28.57,67,Unknown|Unknown
EVS00596,Unknown,Unknown,19.597169,-99.108878,Tesla,AC Level 1,150,1,150,1,0.49,Yes,6:00-22:00,2012,14,Fast Charging,150.0,147,Unknown|Unknown
EVS00597,Unknown,Unknown,52.463805,13.407764,Tesla,DC Fast Charger,350,2,700,4,0.35,Yes,24/7,2018,8,Ultra-Fast Charging,175.0,110,Unknown|Unknown
EVS00598,Unknown,Unknown,52.445281,13.378553,Tesla,DC Fast Charger,50,2,100,4,0.16,Yes,6:00-22:00,2021,5,Fast Charging,25.0,143,Unknown|Unknown
EVS00599,Unknown,Unknown,37.55136,127.046817,ChargePoint,AC Level 2,150,6,900,10,0.49,Yes,24/7,2019,7,Fast Charging,90.0,118,Unknown|Unknown
EVS00600,Unknown,Unknown,-33.78089,18.407753,Greenlots,DC Fast Charger,50,2,100,4,0.28,Yes,6:00-22:00,2013,13,Fast Charging,25.0,121,Unknown|Unknown
EVS00601,Unknown,Unknown,61.004456,49.650308,Greenlots,AC Level 2,50,7,350,9,0.18,Yes,24/7,2014,12,Fast Charging,38.89,116,Unknown|Unknown
EVS00602,Unknown,Unknown,41.884002,-87.661801,ChargePoint,AC Level 2,350,2,700,3,0.28,No,9:00-18:00,2022,4,Ultra-Fast Charging,233.33,143,Unknown|Unknown
EVS00603,Unknown,Unknown,-33.76191,18.494645,Ionity,AC Level 2,350,8,2800,10,0.29,Yes,6:00-22:00,2022,4,Ultra-Fast Charging,280.0,136,Unknown|Unknown
EVS00604,Unknown,Unknown,25.236393,55.337571,Tesla,DC Fast Charger,22,7,154,9,0.11,No,6:00-22:00,2021,5,Destination/AC,17.11,37,Unknown|Unknown
EVS00605,Unknown,Unknown,39.810483,116.236767,Greenlots,AC Level 1,350,3,1050,4,0.39,Yes,6:00-22:00,2022,4,Ultra-Fast Charging,262.5,151,Unknown|Unknown
EVS00606,Unknown,Unknown,19.543116,-99.133984,ChargePoint,AC Level 2,50,1,50,1,0.11,No,6:00-22:00,2023,3,Fast Charging,50.0,103,Unknown|Unknown
EVS00607,Unknown,Unknown,19.483436,-99.138191,Greenlots,AC Level 1,50,6,300,10,0.1,No,24/7,2016,10,Fast Charging,30.0,68,Unknown|Unknown
EVS00608,Unknown,Unknown,39.822544,116.331125,Ionity,DC Fast Charger,22,2,44,3,0.5,Yes,24/7,2010,16,Destination/AC,14.67,99,Unknown|Unknown
EVS00609,Unknown,Unknown,-33.873178,18.571836,EVgo,AC Level 2,22,1,22,1,0.3,No,24/7,2017,9,Destination/AC,22.0,174,Unknown|Unknown
EVS00610,Unknown,Unknown,-23.667966,-46.518285,Ionity,AC Level 2,22,8,176,10,0.28,Yes,9:00-18:00,2023,3,Destination/AC,17.6,156,Unknown|Unknown
EVS00611,Unknown,Unknown,9.932822,-104.895662,Ionity,AC Level 2,350,5,1750,8,0.12,Yes,6:00-22:00,2023,3,Ultra-Fast Charging,218.75,152,Unknown|Unknown
EVS00612,Unknown,Unknown,39.821086,116.433089,ChargePoint,AC Level 2,350,2,700,4,0.15,No,6:00-22:00,2011,15,Ultra-Fast Charging,175.0,91,Unknown|Unknown
EVS00613,Unknown,Unknown,19.173418,72.828069,Tesla,DC Fast Charger,50,1,50,2,0.42,No,9:00-18:00,2010,16,Fast Charging,25.0,144,Unknown|Unknown
EVS00614,Unknown,Unknown,-33.747975,18.444617,EVgo,DC Fast Charger,350,2,700,3,0.22,Yes,6:00-22:00,2012,14,Ultra-Fast Charging,233.33,78,Unknown|Unknown
EVS00615,Unknown,Unknown,-23.507063,-46.594695,ChargePoint,AC Level 2,50,5,250,8,0.32,Yes,6:00-22:00,2014,12,Fast Charging,31.25,128,Unknown|Unknown
EVS00616,Unknown,Unknown,19.576476,-99.18231,EVgo,DC Fast Charger,22,2,44,3,0.49,No,6:00-22:00,2013,13,Destination/AC,14.67,120,Unknown|Unknown
EVS00617,Unknown,Unknown,52.500381,13.304267,EVgo,AC Level 2,150,4,600,7,0.15,No,9:00-18:00,2012,14,Fast Charging,85.71,56,Unknown|Unknown
EVS00618,Unknown,Unknown,-33.731909,18.574731,Ionity,AC Level 1,150,4,600,5,0.34,No,24/7,2013,13,Fast Charging,120.0,58,Unknown|Unknown
EVS00619,Unknown,Unknown,13.837657,100.460021,Tesla,AC Level 2,350,1,350,1,0.12,No,9:00-18:00,2017,9,Ultra-Fast Charging,350.0,25,Unknown|Unknown
EVS00620,Unknown,Unknown,19.007854,72.966796,Tesla,AC Level 1,150,6,900,10,0.31,Yes,6:00-22:00,2017,9,Fast Charging,90.0,38,Unknown|Unknown
EVS00621,Unknown,Unknown,-52.436257,-100.427993,Tesla,DC Fast Charger,22,5,110,10,0.48,Yes,6:00-22:00,2018,8,Destination/AC,11.0,86,Unknown|Unknown
EVS00622,Unknown,Unknown,-23.688265,-46.511622,Tesla,AC Level 2,50,2,100,4,0.42,Yes,9:00-18:00,2011,15,Fast Charging,25.0,93,Unknown|Unknown
EVS00623,Unknown,Unknown,13.870118,100.475613,EVgo,AC Level 2,50,1,50,1,0.48,No,24/7,2017,9,Fast Charging,50.0,42,Unknown|Unknown
EVS00624,Unknown,Unknown,34.109866,-118.325538,EVgo,AC Level 2,150,1,150,1,0.45,Yes,9:00-18:00,2017,9,Fast Charging,150.0,83,Unknown|Unknown
EVS00625,Unknown,Unknown,37.62229,126.993136,ChargePoint,DC Fast Charger,150,2,300,3,0.13,No,9:00-18:00,2020,6,Fast Charging,100.0,114,Unknown|Unknown
EVS00626,Unknown,Unknown,52.491942,13.431195,Greenlots,AC Level 2,50,2,100,3,0.33,Yes,6:00-22:00,2019,7,Fast Charging,33.33,53,Unknown|Unknown
EVS00627,Unknown,Unknown,55.772837,37.569639,Greenlots,AC Level 2,50,4,200,6,0.48,No,9:00-18:00,2020,6,Fast Charging,33.33,70,Unknown|Unknown
EVS00628,Unknown,Unknown,-23.666271,-46.699214,Tesla,AC Level 2,22,4,88,7,0.43,Yes,9:00-18:00,2017,9,Destination/AC,12.57,75,Unknown|Unknown
EVS00629,Unknown,Unknown,25.331284,55.395542,EVgo,AC Level 2,22,4,88,5,0.11,Yes,6:00-22:00,2023,3,Destination/AC,17.6,98,Unknown|Unknown
EVS00630,Unknown,Unknown,37.570934,127.04696,ChargePoint,AC Level 1,50,8,400,10,0.4,No,9:00-18:00,2016,10,Fast Charging,40.0,75,Unknown|Unknown
EVS00631,Unknown,Unknown,84.778257,100.635136,Ionity,DC Fast Charger,350,2,700,3,0.25,No,6:00-22:00,2022,4,Ultra-Fast Charging,233.33,136,Unknown|Unknown
EVS00632,Unknown,Unknown,-23.658027,-46.512519,Greenlots,AC Level 1,350,8,2800,10,0.22,No,6:00-22:00,2021,5,Ultra-Fast Charging,280.0,69,Unknown|Unknown
EVS00633,Unknown,Unknown,43.606139,-79.39691,Greenlots,AC Level 1,150,2,300,4,0.24,No,6:00-22:00,2011,15,Fast Charging,75.0,86,Unknown|Unknown
EVS00634,Unknown,Unknown,37.72726,-122.337342,Tesla,DC Fast Charger,22,4,88,8,0.29,No,9:00-18:00,2022,4,Destination/AC,11.0,77,Unknown|Unknown
EVS00635,Unknown,Unknown,39.987653,116.377464,ChargePoint,AC Level 2,150,5,750,7,0.32,Yes,24/7,2020,6,Fast Charging,107.14,45,Unknown|Unknown
EVS00636,Unknown,Unknown,37.534728,126.971924,EVgo,AC Level 1,50,1,50,1,0.38,No,6:00-22:00,2018,8,Fast Charging,50.0,128,Unknown|Unknown
EVS00637,Unknown,Unknown,37.610151,127.065131,Tesla,DC Fast Charger,22,1,22,1,0.21,Yes,9:00-18:00,2020,6,Destination/AC,22.0,53,Unknown|Unknown
EVS00638,Unknown,Unknown,18.921718,72.952446,Tesla,AC Level 2,22,2,44,4,0.13,Yes,24/7,2015,11,Destination/AC,11.0,63,Unknown|Unknown
EVS00639,Unknown,Unknown,39.839128,116.339035,Tesla,AC Level 2,50,2,100,2,0.21,Yes,24/7,2021,5,Fast Charging,50.0,145,Unknown|Unknown
EVS00640,Unknown,Unknown,41.957508,-87.713475,EVgo,AC Level 1,150,5,750,8,0.12,No,9:00-18:00,2022,4,Fast Charging,93.75,171,Unknown|Unknown
EVS00641,Unknown,Unknown,-83.184662,4.729684,EVgo,AC Level 2,150,5,750,9,0.14,No,9:00-18:00,2020,6,Fast Charging,83.33,125,Unknown|Unknown
EVS00642,Unknown,Unknown,-33.87865,18.494872,Ionity,DC Fast Charger,50,4,200,7,0.12,Yes,9:00-18:00,2013,13,Fast Charging,28.57,166,Unknown|Unknown
EVS00643,Unknown,Unknown,19.431563,-99.08212,Greenlots,AC Level 1,350,1,350,1,0.21,No,24/7,2017,9,Ultra-Fast Charging,350.0,155,Unknown|Unknown
EVS00644,Unknown,Unknown,18.987631,72.819973,Tesla,AC Level 2,50,4,200,8,0.38,Yes,24/7,2017,9,Fast Charging,25.0,94,Unknown|Unknown
EVS00645,Unknown,Unknown,37.824611,-122.474406,Greenlots,AC Level 2,350,6,2100,8,0.41,No,6:00-22:00,2014,12,Ultra-Fast Charging,262.5,142,Unknown|Unknown
EVS00646,Unknown,Unknown,34.172633,-118.254905,Tesla,AC Level 2,150,1,150,2,0.21,Yes,6:00-22:00,2011,15,Fast Charging,75.0,69,Unknown|Unknown
EVS00647,Unknown,Unknown,18.933256,72.988239,Greenlots,AC Level 2,50,5,250,7,0.44,Yes,24/7,2010,16,Fast Charging,35.71,90,Unknown|Unknown
EVS00648,Unknown,Unknown,37.812672,-122.484604,Greenlots,AC Level 2,50,5,250,7,0.27,No,6:00-22:00,2011,15,Fast Charging,35.71,103,Unknown|Unknown
EVS00649,Unknown,Unknown,37.72623,-122.438917,Tesla,DC Fast Charger,150,7,1050,9,0.27,No,24/7,2016,10,Fast Charging,116.67,173,Unknown|Unknown
EVS00650,Unknown,Unknown,52.520378,13.309874,ChargePoint,AC Level 1,350,3,1050,6,0.29,Yes,24/7,2017,9,Ultra-Fast Charging,175.0,155,Unknown|Unknown
EVS00651,Unknown,Unknown,0.634947,-155.488034,Tesla,DC Fast Charger,50,1,50,3,0.15,No,9:00-18:00,2022,4,Fast Charging,16.67,95,Unknown|Unknown
EVS00652,Unknown,Unknown,34.132142,-118.302963,Ionity,AC Level 2,50,6,300,9,0.16,No,9:00-18:00,2017,9,Fast Charging,33.33,122,Unknown|Unknown
EVS00653,Unknown,Unknown,37.770374,-122.312193,Tesla,AC Level 2,50,4,200,6,0.13,No,6:00-22:00,2010,16,Fast Charging,33.33,48,Unknown|Unknown
EVS00654,Unknown,Unknown,43.733377,-79.401244,Tesla,AC Level 2,50,4,200,9,0.35,No,9:00-18:00,2012,14,Fast Charging,22.22,147,Unknown|Unknown
EVS00655,Unknown,Unknown,39.815507,116.480064,ChargePoint,AC Level 2,350,2,700,4,0.1,No,9:00-18:00,2023,3,Ultra-Fast Charging,175.0,106,Unknown|Unknown
EVS00656,Unknown,Unknown,-33.88237,151.370189,Tesla,AC Level 2,150,1,150,1,0.13,Yes,9:00-18:00,2021,5,Fast Charging,150.0,102,Unknown|Unknown
EVS00657,Unknown,Unknown,37.814073,-122.389339,Tesla,AC Level 2,350,3,1050,6,0.42,No,24/7,2014,12,Ultra-Fast Charging,175.0,141,Unknown|Unknown
EVS00658,Unknown,Unknown,13.837329,100.403735,Ionity,AC Level 2,22,4,88,9,0.27,No,6:00-22:00,2018,8,Destination/AC,9.78,119,Unknown|Unknown
EVS00659,Unknown,Unknown,39.922166,116.206515,ChargePoint,AC Level 1,22,1,22,1,0.29,Yes,6:00-22:00,2013,13,Destination/AC,22.0,26,Unknown|Unknown
EVS00660,Unknown,Unknown,41.954383,-87.64726,EVgo,AC Level 2,150,2,300,3,0.27,Yes,6:00-22:00,2012,14,Fast Charging,100.0,62,Unknown|Unknown
EVS00661,Unknown,Unknown,13.3136,-170.999427,EVgo,AC Level 1,50,4,200,5,0.16,No,9:00-18:00,2021,5,Fast Charging,40.0,44,Unknown|Unknown
EVS00662,Unknown,Unknown,19.531243,-99.181667,Greenlots,DC Fast Charger,50,5,250,6,0.47,Yes,9:00-18:00,2015,11,Fast Charging,41.67,136,Unknown|Unknown
EVS00663,Unknown,Unknown,37.568225,126.980065,EVgo,DC Fast Charger,350,4,1400,7,0.49,No,24/7,2012,14,Ultra-Fast Charging,200.0,20,Unknown|Unknown
EVS00664,Unknown,Unknown,25.330827,55.311826,Ionity,DC Fast Charger,22,5,110,7,0.34,Yes,6:00-22:00,2011,15,Destination/AC,15.71,48,Unknown|Unknown
EVS00665,Unknown,Unknown,39.904285,116.294109,Ionity,AC Level 2,350,3,1050,4,0.46,Yes,6:00-22:00,2016,10,Ultra-Fast Charging,262.5,113,Unknown|Unknown
EVS00666,Unknown,Unknown,18.90395,72.813134,Ionity,DC Fast Charger,150,1,150,1,0.14,No,24/7,2023,3,Fast Charging,150.0,129,Unknown|Unknown
EVS00667,Unknown,Unknown,-33.820001,151.398893,Ionity,AC Level 1,150,1,150,2,0.28,Yes,6:00-22:00,2021,5,Fast Charging,75.0,98,Unknown|Unknown
EVS00668,Unknown,Unknown,18.983008,72.964256,ChargePoint,AC Level 2,50,4,200,7,0.22,Yes,6:00-22:00,2019,7,Fast Charging,28.57,157,Unknown|Unknown
EVS00669,Unknown,Unknown,19.555677,-99.149568,Tesla,AC Level 2,50,1,50,2,0.11,No,24/7,2014,12,Fast Charging,25.0,166,Unknown|Unknown
EVS00670,Unknown,Unknown,-33.804519,18.447956,ChargePoint,AC Level 2,50,1,50,2,0.46,Yes,6:00-22:00,2021,5,Fast Charging,25.0,36,Unknown|Unknown
EVS00671,Unknown,Unknown,-38.401154,-94.166021,Ionity,DC Fast Charger,350,8,2800,9,0.41,Yes,24/7,2010,16,Ultra-Fast Charging,311.11,172,Unknown|Unknown
EVS00672,Unknown,Unknown,34.082281,-118.224352,Ionity,DC Fast Charger,22,4,88,6,0.2,Yes,6:00-22:00,2011,15,Destination/AC,14.67,116,Unknown|Unknown
EVS00673,Unknown,Unknown,55.760189,37.650434,Greenlots,DC Fast Charger,350,5,1750,7,0.48,Yes,9:00-18:00,2020,6,Ultra-Fast Charging,250.0,119,Unknown|Unknown
EVS00674,Unknown,Unknown,52.568748,13.352207,Tesla,AC Level 1,50,2,100,2,0.34,Yes,9:00-18:00,2023,3,Fast Charging,50.0,30,Unknown|Unknown
EVS00675,Unknown,Unknown,52.541054,13.492239,Greenlots,AC Level 1,50,2,100,3,0.28,No,24/7,2019,7,Fast Charging,33.33,117,Unknown|Unknown
EVS00676,Unknown,Unknown,19.529929,-99.124187,EVgo,AC Level 1,22,2,44,4,0.11,No,9:00-18:00,2015,11,Destination/AC,11.0,134,Unknown|Unknown
EVS00677,Unknown,Unknown,13.891963,100.599469,Tesla,AC Level 2,50,6,300,7,0.2,Yes,6:00-22:00,2012,14,Fast Charging,42.86,110,Unknown|Unknown
EVS00678,Unknown,Unknown,-33.789102,151.349204,EVgo,AC Level 2,150,4,600,7,0.37,Yes,9:00-18:00,2018,8,Fast Charging,85.71,28,Unknown|Unknown
EVS00679,Unknown,Unknown,13.730673,100.5573,Greenlots,AC Level 1,50,1,50,3,0.46,Yes,24/7,2022,4,Fast Charging,16.67,101,Unknown|Unknown
EVS00680,Unknown,Unknown,41.829824,-87.776416,Tesla,AC Level 2,22,3,66,5,0.24,Yes,9:00-18:00,2015,11,Destination/AC,13.2,169,Unknown|Unknown
EVS00681,Unknown,Unknown,-65.289391,-166.431613,Tesla,AC Level 1,350,1,350,1,0.16,Yes,6:00-22:00,2023,3,Ultra-Fast Charging,350.0,134,Unknown|Unknown
EVS00682,Unknown,Unknown,37.723098,-122.425579,Ionity,DC Fast Charger,350,2,700,4,0.5,No,6:00-22:00,2012,14,Ultra-Fast Charging,175.0,37,Unknown|Unknown
EVS00683,Unknown,Unknown,19.463342,-99.142175,EVgo,DC Fast Charger,22,3,66,4,0.38,Yes,24/7,2014,12,Destination/AC,16.5,173,Unknown|Unknown
EVS00684,Unknown,Unknown,25.363032,55.273648,ChargePoint,DC Fast Charger,150,2,300,3,0.21,Yes,6:00-22:00,2012,14,Fast Charging,100.0,173,Unknown|Unknown
EVS00685,Unknown,Unknown,37.746507,-122.329647,Ionity,AC Level 2,50,1,50,3,0.19,Yes,6:00-22:00,2010,16,Fast Charging,16.67,42,Unknown|Unknown
EVS00686,Unknown,Unknown,-33.75282,18.459013,EVgo,AC Level 2,50,4,200,9,0.45,No,6:00-22:00,2015,11,Fast Charging,22.22,147,Unknown|Unknown
EVS00687,Unknown,Unknown,-33.868929,151.344962,Greenlots,AC Level 1,150,4,600,5,0.34,No,9:00-18:00,2020,6,Fast Charging,120.0,82,Unknown|Unknown
EVS00688,Unknown,Unknown,37.543691,126.993188,Tesla,AC Level 1,150,8,1200,10,0.28,Yes,9:00-18:00,2023,3,Fast Charging,120.0,112,Unknown|Unknown
EVS00689,Unknown,Unknown,19.026976,72.995423,Greenlots,AC Level 2,350,4,1400,8,0.19,Yes,6:00-22:00,2011,15,Ultra-Fast Charging,175.0,88,Unknown|Unknown
EVS00690,Unknown,Unknown,25.351373,55.380514,Greenlots,AC Level 1,150,4,600,7,0.24,Yes,9:00-18:00,2015,11,Fast Charging,85.71,144,Unknown|Unknown
EVS00691,Unknown,Unknown,-3.262639,59.851446,Tesla,AC Level 2,50,4,200,8,0.17,Yes,6:00-22:00,2021,5,Fast Charging,25.0,179,Unknown|Unknown
EVS00692,Unknown,Unknown,37.705789,-122.468307,Tesla,DC Fast Charger,22,2,44,5,0.11,Yes,6:00-22:00,2023,3,Destination/AC,8.8,146,Unknown|Unknown
EVS00693,Unknown,Unknown,13.854151,100.504515,ChargePoint,AC Level 1,350,3,1050,4,0.39,Yes,6:00-22:00,2012,14,Ultra-Fast Charging,262.5,168,Unknown|Unknown
EVS00694,Unknown,Unknown,55.719927,37.532326,Ionity,AC Level 2,150,2,300,3,0.42,No,6:00-22:00,2020,6,Fast Charging,100.0,171,Unknown|Unknown
EVS00695,Unknown,Unknown,39.882212,116.38481,ChargePoint,AC Level 1,150,4,600,5,0.46,No,24/7,2013,13,Fast Charging,120.0,29,Unknown|Unknown
EVS00696,Unknown,Unknown,19.56874,-99.12751,Greenlots,DC Fast Charger,22,2,44,4,0.4,No,6:00-22:00,2017,9,Destination/AC,11.0,56,Unknown|Unknown
EVS00697,Unknown,Unknown,52.453432,13.364112,Ionity,DC Fast Charger,50,3,150,5,0.29,No,6:00-22:00,2010,16,Fast Charging,30.0,134,Unknown|Unknown
EVS00698,Unknown,Unknown,37.642391,127.046116,Greenlots,DC Fast Charger,150,3,450,6,0.19,No,9:00-18:00,2021,5,Fast Charging,75.0,112,Unknown|Unknown
EVS00699,Unknown,Unknown,41.917039,-87.670434,ChargePoint,AC Level 2,350,1,350,2,0.43,Yes,9:00-18:00,2016,10,Ultra-Fast Charging,175.0,23,Unknown|Unknown
EVS00700,Unknown,Unknown,18.904943,72.910045,EVgo,DC Fast Charger,50,6,300,7,0.25,No,24/7,2018,8,Fast Charging,42.86,30,Unknown|Unknown
EVS00701,Unknown,Unknown,36.953117,86.817203,Greenlots,AC Level 1,50,1,50,1,0.49,No,24/7,2022,4,Fast Charging,50.0,100,Unknown|Unknown
EVS00702,Unknown,Unknown,41.886104,-87.720541,Tesla,DC Fast Charger,150,1,150,1,0.22,Yes,9:00-18:00,2020,6,Fast Charging,150.0,116,Unknown|Unknown
EVS00703,Unknown,Unknown,19.528758,-99.139428,Tesla,AC Level 2,22,8,176,10,0.5,No,9:00-18:00,2022,4,Destination/AC,17.6,42,Unknown|Unknown
EVS00704,Unknown,Unknown,-33.830748,18.517639,EVgo,AC Level 1,350,5,1750,7,0.49,Yes,6:00-22:00,2023,3,Ultra-Fast Charging,250.0,43,Unknown|Unknown
EVS00705,Unknown,Unknown,34.176882,-118.351828,Greenlots,AC Level 1,50,8,400,10,0.32,No,6:00-22:00,2011,15,Fast Charging,40.0,36,Unknown|Unknown
EVS00706,Unknown,Unknown,41.936576,-87.796223,Tesla,DC Fast Charger,22,5,110,8,0.22,No,6:00-22:00,2018,8,Destination/AC,13.75,108,Unknown|Unknown
EVS00707,Unknown,Unknown,55.813001,37.607075,Tesla,AC Level 2,150,1,150,3,0.47,Yes,6:00-22:00,2019,7,Fast Charging,50.0,16,Unknown|Unknown
EVS00708,Unknown,Unknown,55.887007,37.585573,Tesla,AC Level 2,50,1,50,3,0.26,Yes,24/7,2018,8,Fast Charging,16.67,109,Unknown|Unknown
EVS00709,Unknown,Unknown,52.53155,13.454333,Tesla,DC Fast Charger,50,1,50,1,0.44,Yes,24/7,2022,4,Fast Charging,50.0,93,Unknown|Unknown
EVS00710,Unknown,Unknown,-33.874737,18.560111,Ionity,AC Level 1,22,1,22,1,0.41,No,9:00-18:00,2022,4,Destination/AC,22.0,91,Unknown|Unknown
EVS00711,Unknown,Unknown,-3.003449,125.537403,Tesla,AC Level 2,22,3,66,5,0.17,No,6:00-22:00,2011,15,Destination/AC,13.2,127,Unknown|Unknown
EVS00712,Unknown,Unknown,41.903629,-87.77526,ChargePoint,AC Level 2,50,1,50,1,0.2,Yes,6:00-22:00,2010,16,Fast Charging,50.0,101,Unknown|Unknown
EVS00713,Unknown,Unknown,43.605411,-79.461812,Greenlots,DC Fast Charger,350,5,1750,6,0.5,Yes,9:00-18:00,2019,7,Ultra-Fast Charging,291.67,135,Unknown|Unknown
EVS00714,Unknown,Unknown,39.862598,116.30924,Tesla,AC Level 2,50,1,50,1,0.23,No,9:00-18:00,2013,13,Fast Charging,50.0,141,Unknown|Unknown
EVS00715,Unknown,Unknown,34.131131,-118.308493,Ionity,DC Fast Charger,22,1,22,2,0.1,Yes,6:00-22:00,2023,3,Destination/AC,11.0,166,Unknown|Unknown
EVS00716,Unknown,Unknown,13.867225,100.47929,Greenlots,DC Fast Charger,350,3,1050,4,0.3,No,6:00-22:00,2017,9,Ultra-Fast Charging,262.5,146,Unknown|Unknown
EVS00717,Unknown,Unknown,43.744934,-79.347742,Ionity,AC Level 1,150,3,450,5,0.36,No,9:00-18:00,2020,6,Fast Charging,90.0,100,Unknown|Unknown
EVS00718,Unknown,Unknown,41.943474,-87.653727,Tesla,AC Level 2,50,4,200,8,0.46,No,9:00-18:00,2020,6,Fast Charging,25.0,96,Unknown|Unknown
EVS00719,Unknown,Unknown,13.777899,100.553149,EVgo,AC Level 2,350,4,1400,8,0.31,Yes,6:00-22:00,2013,13,Ultra-Fast Charging,175.0,53,Unknown|Unknown
EVS00720,Unknown,Unknown,41.939734,-87.767645,Tesla,AC Level 2,150,2,300,4,0.13,Yes,9:00-18:00,2015,11,Fast Charging,75.0,113,Unknown|Unknown
EVS00721,Unknown,Unknown,32.388876,-160.990132,ChargePoint,DC Fast Charger,50,1,50,1,0.1,Yes,24/7,2019,7,Fast Charging,50.0,37,Unknown|Unknown
EVS00722,Unknown,Unknown,43.735573,-79.34851,Tesla,DC Fast Charger,150,6,900,8,0.29,Yes,9:00-18:00,2011,15,Fast Charging,112.5,168,Unknown|Unknown
EVS00723,Unknown,Unknown,52.581069,13.452109,Ionity,AC Level 1,150,6,900,8,0.45,No,24/7,2023,3,Fast Charging,112.5,154,Unknown|Unknown
EVS00724,Unknown,Unknown,37.602713,126.922362,ChargePoint,AC Level 1,150,1,150,2,0.44,Yes,24/7,2017,9,Fast Charging,75.0,34,Unknown|Unknown
EVS00725,Unknown,Unknown,43.613981,-79.427142,EVgo,AC Level 1,22,3,66,6,0.48,No,6:00-22:00,2022,4,Destination/AC,11.0,144,Unknown|Unknown
EVS00726,Unknown,Unknown,55.850404,37.504151,Ionity,AC Level 1,50,6,300,8,0.27,No,24/7,2015,11,Fast Charging,37.5,34,Unknown|Unknown
EVS00727,Unknown,Unknown,55.844491,37.675473,EVgo,AC Level 2,50,5,250,7,0.4,No,9:00-18:00,2011,15,Fast Charging,35.71,134,Unknown|Unknown
EVS00728,Unknown,Unknown,55.740953,37.677421,Tesla,AC Level 2,350,3,1050,5,0.28,Yes,6:00-22:00,2017,9,Ultra-Fast Charging,210.0,29,Unknown|Unknown
EVS00729,Unknown,Unknown,55.793066,37.541996,Ionity,AC Level 1,150,1,150,1,0.47,Yes,24/7,2011,15,Fast Charging,150.0,95,Unknown|Unknown
EVS00730,Unknown,Unknown,-33.717843,18.412713,EVgo,DC Fast Charger,350,6,2100,9,0.26,Yes,24/7,2021,5,Ultra-Fast Charging,233.33,123,Unknown|Unknown
EVS00731,Unknown,Unknown,56.879558,-68.582214,Ionity,DC Fast Charger,50,6,300,10,0.36,No,9:00-18:00,2014,12,Fast Charging,30.0,135,Unknown|Unknown
EVS00732,Unknown,Unknown,34.118738,-118.327895,Tesla,AC Level 2,50,3,150,6,0.12,Yes,6:00-22:00,2021,5,Fast Charging,25.0,84,Unknown|Unknown
EVS00733,Unknown,Unknown,37.538673,126.904016,ChargePoint,AC Level 1,50,7,350,10,0.4,Yes,9:00-18:00,2022,4,Fast Charging,35.0,167,Unknown|Unknown
EVS00734,Unknown,Unknown,37.637762,126.966266,Greenlots,AC Level 2,22,3,66,6,0.37,No,6:00-22:00,2011,15,Destination/AC,11.0,142,Unknown|Unknown
EVS00735,Unknown,Unknown,55.732536,37.565003,Tesla,AC Level 2,50,3,150,6,0.45,No,9:00-18:00,2021,5,Fast Charging,25.0,49,Unknown|Unknown
EVS00736,Unknown,Unknown,52.440392,13.416436,Tesla,AC Level 1,350,1,350,2,0.29,Yes,9:00-18:00,2020,6,Ultra-Fast Charging,175.0,125,Unknown|Unknown
EVS00737,Unknown,Unknown,37.703979,-122.410465,Ionity,AC Level 1,350,7,2450,8,0.18,Yes,6:00-22:00,2010,16,Ultra-Fast Charging,306.25,135,Unknown|Unknown
EVS00738,Unknown,Unknown,37.510422,126.930998,Ionity,AC Level 2,22,2,44,4,0.42,No,6:00-22:00,2011,15,Destination/AC,11.0,70,Unknown|Unknown
EVS00739,Unknown,Unknown,19.106153,72.906536,Greenlots,AC Level 1,22,3,66,5,0.29,Yes,6:00-22:00,2021,5,Destination/AC,13.2,136,Unknown|Unknown
EVS00740,Unknown,Unknown,41.90781,-87.617358,Greenlots,AC Level 2,150,2,300,3,0.45,No,9:00-18:00,2021,5,Fast Charging,100.0,163,Unknown|Unknown
EVS00741,Unknown,Unknown,-46.565147,71.345476,Greenlots,AC Level 1,350,8,2800,10,0.35,No,9:00-18:00,2021,5,Ultra-Fast Charging,280.0,149,Unknown|Unknown
EVS00742,Unknown,Unknown,52.440242,13.414426,Tesla,AC Level 1,150,1,150,1,0.17,Yes,9:00-18:00,2020,6,Fast Charging,150.0,140,Unknown|Unknown
EVS00743,Unknown,Unknown,34.061764,-118.336829,EVgo,DC Fast Charger,22,6,132,7,0.29,Yes,9:00-18:00,2015,11,Destination/AC,18.86,119,Unknown|Unknown
EVS00744,Unknown,Unknown,52.555851,13.468756,Greenlots,DC Fast Charger,50,3,150,5,0.33,Yes,24/7,2020,6,Fast Charging,30.0,59,Unknown|Unknown
EVS00745,Unknown,Unknown,13.858178,100.532609,EVgo,DC Fast Charger,350,3,1050,7,0.17,No,6:00-22:00,2014,12,Ultra-Fast Charging,150.0,146,Unknown|Unknown
EVS00746,Unknown,Unknown,37.706375,-122.344045,ChargePoint,DC Fast Charger,22,5,110,7,0.25,Yes,6:00-22:00,2018,8,Destination/AC,15.71,75,Unknown|Unknown
EVS00747,Unknown,Unknown,43.644046,-79.417113,Ionity,AC Level 2,22,2,44,4,0.26,Yes,24/7,2020,6,Destination/AC,11.0,102,Unknown|Unknown
EVS00748,Unknown,Unknown,34.075727,-118.271967,Greenlots,AC Level 2,350,2,700,3,0.15,No,9:00-18:00,2012,14,Ultra-Fast Charging,233.33,66,Unknown|Unknown
EVS00749,Unknown,Unknown,13.703215,100.589598,ChargePoint,AC Level 2,50,3,150,4,0.13,No,24/7,2023,3,Fast Charging,37.5,66,Unknown|Unknown
EVS00750,Unknown,Unknown,55.858327,37.66935,Ionity,DC Fast Charger,22,2,44,3,0.23,No,24/7,2019,7,Destination/AC,14.67,41,Unknown|Unknown
EVS00751,Unknown,Unknown,5.478485,157.97671,ChargePoint,DC Fast Charger,150,4,600,5,0.48,No,24/7,2017,9,Fast Charging,120.0,173,Unknown|Unknown
EVS00752,Unknown,Unknown,41.824044,-87.680113,ChargePoint,AC Level 2,350,6,2100,9,0.2,No,9:00-18:00,2022,4,Ultra-Fast Charging,233.33,39,Unknown|Unknown
EVS00753,Unknown,Unknown,43.788528,-79.353823,Greenlots,AC Level 1,150,5,750,9,0.38,Yes,9:00-18:00,2013,13,Fast Charging,83.33,29,Unknown|Unknown
EVS00754,Unknown,Unknown,37.770785,-122.406383,ChargePoint,DC Fast Charger,50,6,300,10,0.33,No,24/7,2021,5,Fast Charging,30.0,169,Unknown|Unknown
EVS00755,Unknown,Unknown,52.440623,13.442743,Greenlots,AC Level 1,150,1,150,1,0.16,Yes,6:00-22:00,2021,5,Fast Charging,150.0,106,Unknown|Unknown
EVS00756,Unknown,Unknown,52.596292,13.323901,EVgo,AC Level 1,350,4,1400,5,0.28,Yes,24/7,2016,10,Ultra-Fast Charging,280.0,87,Unknown|Unknown
EVS00757,Unknown,Unknown,41.991458,-87.688067,Tesla,DC Fast Charger,50,2,100,5,0.37,Yes,9:00-18:00,2010,16,Fast Charging,20.0,136,Unknown|Unknown
EVS00758,Unknown,Unknown,-33.82899,18.417974,ChargePoint,AC Level 2,50,2,100,3,0.33,Yes,9:00-18:00,2019,7,Fast Charging,33.33,78,Unknown|Unknown
EVS00759,Unknown,Unknown,19.133879,72.994423,ChargePoint,DC Fast Charger,350,5,1750,8,0.37,Yes,6:00-22:00,2016,10,Ultra-Fast Charging,218.75,36,Unknown|Unknown
EVS00760,Unknown,Unknown,43.759847,-79.308078,Tesla,AC Level 1,22,2,44,5,0.33,Yes,9:00-18:00,2020,6,Destination/AC,8.8,135,Unknown|Unknown
EVS00761,Unknown,Unknown,35.01421,-68.761526,Tesla,AC Level 2,350,5,1750,10,0.28,No,6:00-22:00,2013,13,Ultra-Fast Charging,175.0,44,Unknown|Unknown
EVS00762,Unknown,Unknown,37.591769,126.904405,Greenlots,AC Level 2,350,6,2100,8,0.2,Yes,24/7,2015,11,Ultra-Fast Charging,262.5,106,Unknown|Unknown
EVS00763,Unknown,Unknown,55.707002,37.605486,ChargePoint,AC Level 2,50,2,100,4,0.46,No,24/7,2018,8,Fast Charging,25.0,171,Unknown|Unknown
EVS00764,Unknown,Unknown,37.61675,127.040771,EVgo,AC Level 2,50,2,100,3,0.41,Yes,24/7,2011,15,Fast Charging,33.33,169,Unknown|Unknown
EVS00765,Unknown,Unknown,-33.817097,18.556206,Tesla,DC Fast Charger,150,5,750,8,0.16,Yes,6:00-22:00,2015,11,Fast Charging,93.75,74,Unknown|Unknown
EVS00766,Unknown,Unknown,34.128749,-118.365112,Greenlots,AC Level 2,150,1,150,2,0.49,No,9:00-18:00,2019,7,Fast Charging,75.0,143,Unknown|Unknown
EVS00767,Unknown,Unknown,13.785824,100.410279,EVgo,AC Level 2,150,1,150,2,0.36,No,6:00-22:00,2013,13,Fast Charging,75.0,116,Unknown|Unknown
EVS00768,Unknown,Unknown,19.599894,-99.124141,ChargePoint,AC Level 1,22,8,176,10,0.42,Yes,24/7,2020,6,Destination/AC,17.6,94,Unknown|Unknown
EVS00769,Unknown,Unknown,19.446297,-99.073658,ChargePoint,AC Level 2,22,6,132,7,0.41,Yes,24/7,2021,5,Destination/AC,18.86,38,Unknown|Unknown
EVS00770,Unknown,Unknown,39.83285,116.345486,EVgo,AC Level 2,22,4,88,8,0.27,No,6:00-22:00,2017,9,Destination/AC,11.0,77,Unknown|Unknown
EVS00771,Unknown,Unknown,-82.853337,-171.878498,EVgo,AC Level 1,350,8,2800,10,0.45,No,9:00-18:00,2012,14,Ultra-Fast Charging,280.0,122,Unknown|Unknown
EVS00772,Unknown,Unknown,34.063584,-118.343221,Greenlots,AC Level 1,22,3,66,5,0.31,No,9:00-18:00,2023,3,Destination/AC,13.2,177,Unknown|Unknown
EVS00773,Unknown,Unknown,19.413336,-99.131058,Ionity,AC Level 2,50,1,50,2,0.42,Yes,6:00-22:00,2020,6,Fast Charging,25.0,15,Unknown|Unknown
EVS00774,Unknown,Unknown,-33.830571,151.277741,EVgo,AC Level 2,50,7,350,9,0.37,Yes,24/7,2012,14,Fast Charging,38.89,133,Unknown|Unknown
EVS00775,Unknown,Unknown,39.96037,116.371395,Greenlots,DC Fast Charger,350,1,350,2,0.44,No,9:00-18:00,2018,8,Ultra-Fast Charging,175.0,154,Unknown|Unknown
EVS00776,Unknown,Unknown,19.177961,72.817281,ChargePoint,AC Level 2,150,6,900,8,0.24,Yes,24/7,2019,7,Fast Charging,112.5,171,Unknown|Unknown
EVS00777,Unknown,Unknown,41.912689,-87.747618,EVgo,DC Fast Charger,50,6,300,9,0.15,No,24/7,2016,10,Fast Charging,33.33,84,Unknown|Unknown
EVS00778,Unknown,Unknown,41.895793,-87.762216,ChargePoint,AC Level 2,150,1,150,2,0.37,No,24/7,2013,13,Fast Charging,75.0,34,Unknown|Unknown
EVS00779,Unknown,Unknown,-33.769583,18.422214,ChargePoint,AC Level 1,50,4,200,7,0.32,No,24/7,2017,9,Fast Charging,28.57,59,Unknown|Unknown
EVS00780,Unknown,Unknown,37.535743,126.962197,Greenlots,DC Fast Charger,50,4,200,8,0.41,Yes,9:00-18:00,2017,9,Fast Charging,25.0,155,Unknown|Unknown
EVS00781,Unknown,Unknown,-34.610485,75.731554,Greenlots,AC Level 2,150,2,300,3,0.26,No,9:00-18:00,2014,12,Fast Charging,100.0,159,Unknown|Unknown
EVS00782,Unknown,Unknown,-33.824713,151.356865,Greenlots,AC Level 1,22,4,88,9,0.11,No,9:00-18:00,2017,9,Destination/AC,9.78,120,Unknown|Unknown
EVS00783,Unknown,Unknown,-33.700145,151.306422,EVgo,AC Level 1,150,3,450,5,0.26,Yes,6:00-22:00,2019,7,Fast Charging,90.0,35,Unknown|Unknown
EVS00784,Unknown,Unknown,43.688029,-79.494469,ChargePoint,AC Level 2,150,2,300,5,0.19,Yes,9:00-18:00,2016,10,Fast Charging,60.0,35,Unknown|Unknown
EVS00785,Unknown,Unknown,55.817384,37.547222,EVgo,AC Level 2,350,3,1050,5,0.19,No,9:00-18:00,2022,4,Ultra-Fast Charging,210.0,93,Unknown|Unknown
EVS00786,Unknown,Unknown,37.561417,127.086984,EVgo,AC Level 2,22,4,88,6,0.43,Yes,6:00-22:00,2013,13,Destination/AC,14.67,112,Unknown|Unknown
EVS00787,Unknown,Unknown,39.944362,116.41808,ChargePoint,DC Fast Charger,150,6,900,8,0.44,No,6:00-22:00,2023,3,Fast Charging,112.5,20,Unknown|Unknown
EVS00788,Unknown,Unknown,52.451519,13.433367,Ionity,AC Level 1,22,1,22,2,0.25,Yes,9:00-18:00,2023,3,Destination/AC,11.0,128,Unknown|Unknown
EVS00789,Unknown,Unknown,39.927522,116.408734,EVgo,DC Fast Charger,150,4,600,8,0.14,Yes,6:00-22:00,2020,6,Fast Charging,75.0,104,Unknown|Unknown
EVS00790,Unknown,Unknown,19.07913,72.801443,ChargePoint,DC Fast Charger,350,6,2100,10,0.15,No,9:00-18:00,2023,3,Ultra-Fast Charging,210.0,17,Unknown|Unknown
EVS00791,Unknown,Unknown,-60.241584,178.89106,Ionity,AC Level 2,50,1,50,1,0.48,No,9:00-18:00,2022,4,Fast Charging,50.0,30,Unknown|Unknown
EVS00792,Unknown,Unknown,55.723382,37.591354,Tesla,AC Level 1,22,5,110,7,0.2,No,9:00-18:00,2014,12,Destination/AC,15.71,89,Unknown|Unknown
EVS00793,Unknown,Unknown,19.422713,-99.088613,ChargePoint,DC Fast Charger,350,1,350,2,0.28,Yes,24/7,2011,15,Ultra-Fast Charging,175.0,134,Unknown|Unknown
EVS00794,Unknown,Unknown,39.879067,116.213919,Tesla,AC Level 2,50,5,250,8,0.26,Yes,24/7,2014,12,Fast Charging,31.25,151,Unknown|Unknown
EVS00795,Unknown,Unknown,19.465731,-99.044442,Ionity,AC Level 2,22,5,110,8,0.19,Yes,24/7,2015,11,Destination/AC,13.75,86,Unknown|Unknown
EVS00796,Unknown,Unknown,25.31255,55.345596,Ionity,AC Level 2,50,1,50,1,0.11,No,6:00-22:00,2016,10,Fast Charging,50.0,63,Unknown|Unknown
EVS00797,Unknown,Unknown,52.462754,13.373803,Ionity,AC Level 2,150,3,450,4,0.47,No,9:00-18:00,2013,13,Fast Charging,112.5,174,Unknown|Unknown
EVS00798,Unknown,Unknown,52.407121,13.438041,Greenlots,DC Fast Charger,150,4,600,6,0.43,No,6:00-22:00,2015,11,Fast Charging,100.0,90,Unknown|Unknown
EVS00799,Unknown,Unknown,25.281375,55.237544,Tesla,AC Level 2,350,1,350,1,0.41,Yes,24/7,2019,7,Ultra-Fast Charging,350.0,67,Unknown|Unknown
EVS00800,Unknown,Unknown,13.858255,100.428377,Tesla,AC Level 2,22,4,88,9,0.42,Yes,9:00-18:00,2011,15,Destination/AC,9.78,87,Unknown|Unknown
EVS00801,Unknown,Unknown,-40.857002,144.288964,Greenlots,DC Fast Charger,50,6,300,7,0.38,No,24/7,2011,15,Fast Charging,42.86,16,Unknown|Unknown
EVS00802,Unknown,Unknown,37.669557,126.945894,EVgo,AC Level 1,150,3,450,6,0.22,Yes,24/7,2022,4,Fast Charging,75.0,64,Unknown|Unknown
EVS00803,Unknown,Unknown,43.625009,-79.308013,ChargePoint,AC Level 1,350,5,1750,9,0.27,Yes,24/7,2018,8,Ultra-Fast Charging,194.44,100,Unknown|Unknown
EVS00804,Unknown,Unknown,52.478785,13.335714,ChargePoint,AC Level 2,350,8,2800,9,0.15,Yes,6:00-22:00,2023,3,Ultra-Fast Charging,311.11,166,Unknown|Unknown
EVS00805,Unknown,Unknown,-33.791119,151.250879,Greenlots,AC Level 2,50,1,50,1,0.24,Yes,6:00-22:00,2018,8,Fast Charging,50.0,136,Unknown|Unknown
EVS00806,Unknown,Unknown,-23.524023,-46.635103,ChargePoint,AC Level 2,350,2,700,5,0.43,No,24/7,2017,9,Ultra-Fast Charging,140.0,143,Unknown|Unknown
EVS00807,Unknown,Unknown,13.842187,100.444578,ChargePoint,AC Level 1,50,4,200,8,0.38,Yes,24/7,2015,11,Fast Charging,25.0,104,Unknown|Unknown
EVS00808,Unknown,Unknown,25.360346,55.39956,EVgo,AC Level 1,22,1,22,1,0.32,Yes,6:00-22:00,2022,4,Destination/AC,22.0,33,Unknown|Unknown
EVS00809,Unknown,Unknown,13.844398,100.415561,Ionity,DC Fast Charger,350,3,1050,4,0.44,No,6:00-22:00,2018,8,Ultra-Fast Charging,262.5,79,Unknown|Unknown
EVS00810,Unknown,Unknown,37.774918,-122.481908,ChargePoint,DC Fast Charger,150,1,150,1,0.32,Yes,6:00-22:00,2014,12,Fast Charging,150.0,179,Unknown|Unknown
EVS00811,Unknown,Unknown,63.474893,97.343074,ChargePoint,AC Level 2,150,6,900,7,0.31,No,9:00-18:00,2017,9,Fast Charging,128.57,22,Unknown|Unknown
EVS00812,Unknown,Unknown,19.126456,72.811452,EVgo,DC Fast Charger,350,2,700,2,0.11,Yes,6:00-22:00,2013,13,Ultra-Fast Charging,350.0,160,Unknown|Unknown
EVS00813,Unknown,Unknown,37.578193,127.042721,Ionity,DC Fast Charger,50,6,300,9,0.37,Yes,24/7,2013,13,Fast Charging,33.33,127,Unknown|Unknown
EVS00814,Unknown,Unknown,-33.70819,18.461044,ChargePoint,AC Level 2,150,5,750,7,0.42,No,24/7,2012,14,Fast Charging,107.14,61,Unknown|Unknown
EVS00815,Unknown,Unknown,19.455329,-99.154981,Greenlots,AC Level 2,22,3,66,6,0.13,Yes,24/7,2022,4,Destination/AC,11.0,143,Unknown|Unknown
EVS00816,Unknown,Unknown,18.914199,72.973568,EVgo,AC Level 2,150,3,450,7,0.34,No,6:00-22:00,2012,14,Fast Charging,64.29,153,Unknown|Unknown
EVS00817,Unknown,Unknown,13.703452,100.428024,Tesla,DC Fast Charger,150,5,750,7,0.15,No,6:00-22:00,2012,14,Fast Charging,107.14,22,Unknown|Unknown
EVS00818,Unknown,Unknown,-33.764776,151.399408,ChargePoint,AC Level 2,350,1,350,2,0.3,Yes,9:00-18:00,2016,10,Ultra-Fast Charging,175.0,32,Unknown|Unknown
EVS00819,Unknown,Unknown,-33.862977,18.521997,EVgo,AC Level 1,150,2,300,4,0.24,Yes,24/7,2023,3,Fast Charging,75.0,124,Unknown|Unknown
EVS00820,Unknown,Unknown,-33.734527,18.524304,EVgo,AC Level 1,350,1,350,2,0.15,Yes,24/7,2012,14,Ultra-Fast Charging,175.0,179,Unknown|Unknown
EVS00821,Unknown,Unknown,-50.676136,-30.236841,Ionity,AC Level 2,150,1,150,1,0.49,No,6:00-22:00,2012,14,Fast Charging,150.0,18,Unknown|Unknown
EVS00822,Unknown,Unknown,37.549202,127.034176,EVgo,AC Level 2,150,6,900,9,0.29,No,9:00-18:00,2020,6,Fast Charging,100.0,124,Unknown|Unknown
EVS00823,Unknown,Unknown,34.145077,-118.230671,Greenlots,AC Level 1,22,1,22,1,0.16,Yes,24/7,2014,12,Destination/AC,22.0,37,Unknown|Unknown
EVS00824,Unknown,Unknown,34.012403,-118.206996,Tesla,AC Level 1,22,7,154,9,0.37,Yes,9:00-18:00,2019,7,Destination/AC,17.11,122,Unknown|Unknown
EVS00825,Unknown,Unknown,52.51417,13.407809,Greenlots,DC Fast Charger,350,4,1400,6,0.26,No,9:00-18:00,2010,16,Ultra-Fast Charging,233.33,117,Unknown|Unknown
EVS00826,Unknown,Unknown,37.882773,-122.310383,Ionity,AC Level 1,150,7,1050,9,0.33,Yes,24/7,2015,11,Fast Charging,116.67,29,Unknown|Unknown
EVS00827,Unknown,Unknown,13.77701,100.417593,Greenlots,AC Level 1,50,2,100,3,0.47,Yes,6:00-22:00,2023,3,Fast Charging,33.33,127,Unknown|Unknown
EVS00828,Unknown,Unknown,-33.813613,18.485598,ChargePoint,DC Fast Charger,50,3,150,4,0.27,Yes,24/7,2014,12,Fast Charging,37.5,163,Unknown|Unknown
EVS00829,Unknown,Unknown,19.14846,72.945366,ChargePoint,AC Level 2,50,3,150,4,0.31,Yes,24/7,2022,4,Fast Charging,37.5,157,Unknown|Unknown
EVS00830,Unknown,Unknown,-33.866692,151.392932,ChargePoint,AC Level 1,350,3,1050,6,0.27,No,6:00-22:00,2022,4,Ultra-Fast Charging,175.0,19,Unknown|Unknown
EVS00831,Unknown,Unknown,39.465607,-24.879219,Ionity,DC Fast Charger,350,1,350,1,0.25,Yes,24/7,2023,3,Ultra-Fast Charging,350.0,55,Unknown|Unknown
EVS00832,Unknown,Unknown,19.51882,-99.029138,Tesla,DC Fast Charger,50,1,50,2,0.29,Yes,9:00-18:00,2017,9,Fast Charging,25.0,54,Unknown|Unknown
EVS00833,Unknown,Unknown,43.665288,-79.310819,Tesla,AC Level 1,50,3,150,7,0.28,No,9:00-18:00,2019,7,Fast Charging,21.43,89,Unknown|Unknown
EVS00834,Unknown,Unknown,19.19279,72.806193,Tesla,AC Level 1,350,1,350,2,0.48,Yes,9:00-18:00,2019,7,Ultra-Fast Charging,175.0,38,Unknown|Unknown
EVS00835,Unknown,Unknown,-23.53632,-46.661876,Greenlots,AC Level 1,50,1,50,1,0.44,No,24/7,2010,16,Fast Charging,50.0,155,Unknown|Unknown
EVS00836,Unknown,Unknown,-33.77961,18.486538,EVgo,AC Level 2,350,2,700,4,0.27,No,6:00-22:00,2017,9,Ultra-Fast Charging,175.0,143,Unknown|Unknown
EVS00837,Unknown,Unknown,-33.864157,151.220673,Tesla,AC Level 1,22,1,22,2,0.15,Yes,24/7,2016,10,Destination/AC,11.0,148,Unknown|Unknown
EVS00838,Unknown,Unknown,19.597361,-99.047549,ChargePoint,AC Level 1,50,3,150,4,0.38,No,6:00-22:00,2019,7,Fast Charging,37.5,47,Unknown|Unknown
EVS00839,Unknown,Unknown,34.081916,-118.303921,Tesla,AC Level 1,150,1,150,2,0.48,No,6:00-22:00,2013,13,Fast Charging,75.0,17,Unknown|Unknown
EVS00840,Unknown,Unknown,-33.746956,151.280979,EVgo,DC Fast Charger,22,3,66,4,0.47,Yes,6:00-22:00,2017,9,Destination/AC,16.5,165,Unknown|Unknown
EVS00841,Unknown,Unknown,-45.801232,-45.928271,Greenlots,AC Level 1,150,3,450,5,0.13,No,24/7,2013,13,Fast Charging,90.0,62,Unknown|Unknown
EVS00842,Unknown,Unknown,41.889223,-87.657818,EVgo,AC Level 2,50,7,350,9,0.29,No,24/7,2018,8,Fast Charging,38.89,123,Unknown|Unknown
EVS00843,Unknown,Unknown,37.618567,126.962343,Ionity,DC Fast Charger,50,5,250,9,0.18,No,9:00-18:00,2018,8,Fast Charging,27.78,165,Unknown|Unknown
EVS00844,Unknown,Unknown,-23.682236,-46.687861,Ionity,AC Level 1,50,5,250,10,0.32,Yes,24/7,2012,14,Fast Charging,25.0,20,Unknown|Unknown
EVS00845,Unknown,Unknown,55.887965,37.631035,Greenlots,AC Level 1,350,5,1750,7,0.35,No,9:00-18:00,2022,4,Ultra-Fast Charging,250.0,15,Unknown|Unknown
EVS00846,Unknown,Unknown,-33.76537,151.262881,Greenlots,AC Level 1,50,6,300,8,0.39,No,6:00-22:00,2013,13,Fast Charging,37.5,15,Unknown|Unknown
EVS00847,Unknown,Unknown,34.11479,-118.387421,ChargePoint,DC Fast Charger,22,6,132,8,0.14,Yes,9:00-18:00,2014,12,Destination/AC,16.5,40,Unknown|Unknown
EVS00848,Unknown,Unknown,55.889464,37.647297,Ionity,DC Fast Charger,50,3,150,5,0.41,Yes,6:00-22:00,2021,5,Fast Charging,30.0,23,Unknown|Unknown
EVS00849,Unknown,Unknown,19.073344,72.828168,ChargePoint,DC Fast Charger,150,1,150,1,0.41,No,24/7,2012,14,Fast Charging,150.0,150,Unknown|Unknown
EVS00850,Unknown,Unknown,-33.855118,151.338163,ChargePoint,DC Fast Charger,50,2,100,3,0.35,Yes,24/7,2017,9,Fast Charging,33.33,114,Unknown|Unknown
EVS00851,Unknown,Unknown,-45.063217,25.414375,Greenlots,AC Level 1,22,1,22,2,0.12,Yes,9:00-18:00,2011,15,Destination/AC,11.0,176,Unknown|Unknown
EVS00852,Unknown,Unknown,41.81349,-87.673545,Tesla,DC Fast Charger,150,2,300,4,0.28,Yes,24/7,2010,16,Fast Charging,75.0,147,Unknown|Unknown
EVS00853,Unknown,Unknown,-33.783924,151.226367,ChargePoint,DC Fast Charger,50,3,150,7,0.41,Yes,6:00-22:00,2015,11,Fast Charging,21.43,173,Unknown|Unknown
EVS00854,Unknown,Unknown,25.34324,55.258696,ChargePoint,AC Level 2,350,2,700,4,0.16,Yes,6:00-22:00,2010,16,Ultra-Fast Charging,175.0,54,Unknown|Unknown
EVS00855,Unknown,Unknown,55.716873,37.667216,Greenlots,AC Level 2,150,3,450,5,0.13,Yes,9:00-18:00,2022,4,Fast Charging,90.0,62,Unknown|Unknown
EVS00856,Unknown,Unknown,19.154062,72.906783,Ionity,AC Level 2,150,5,750,8,0.32,No,9:00-18:00,2019,7,Fast Charging,93.75,155,Unknown|Unknown
EVS00857,Unknown,Unknown,19.443046,-99.123398,Tesla,DC Fast Charger,150,5,750,7,0.39,No,6:00-22:00,2023,3,Fast Charging,107.14,55,Unknown|Unknown
EVS00858,Unknown,Unknown,13.789248,100.577573,ChargePoint,DC Fast Charger,350,6,2100,9,0.23,Yes,24/7,2015,11,Ultra-Fast Charging,233.33,24,Unknown|Unknown
EVS00859,Unknown,Unknown,37.552891,126.975384,EVgo,AC Level 1,150,3,450,4,0.41,Yes,6:00-22:00,2012,14,Fast Charging,112.5,125,Unknown|Unknown
EVS00860,Unknown,Unknown,34.115914,-118.226991,Ionity,DC Fast Charger,22,6,132,9,0.12,No,24/7,2011,15,Destination/AC,14.67,147,Unknown|Unknown
EVS00861,Unknown,Unknown,23.818488,-148.611601,Greenlots,AC Level 1,150,2,300,4,0.2,No,24/7,2012,14,Fast Charging,75.0,174,Unknown|Unknown
EVS00862,Unknown,Unknown,37.659451,127.042654,EVgo,AC Level 2,50,4,200,7,0.48,Yes,9:00-18:00,2014,12,Fast Charging,28.57,168,Unknown|Unknown
EVS00863,Unknown,Unknown,25.298952,55.34557,Greenlots,AC Level 2,50,4,200,6,0.39,Yes,6:00-22:00,2013,13,Fast Charging,33.33,34,Unknown|Unknown
EVS00864,Unknown,Unknown,52.427302,13.328946,ChargePoint,DC Fast Charger,150,6,900,8,0.19,No,9:00-18:00,2017,9,Fast Charging,112.5,142,Unknown|Unknown
EVS00865,Unknown,Unknown,-33.771737,18.459775,ChargePoint,AC Level 2,22,2,44,3,0.24,No,6:00-22:00,2020,6,Destination/AC,14.67,154,Unknown|Unknown
EVS00866,Unknown,Unknown,-23.647282,-46.53396,Greenlots,DC Fast Charger,150,3,450,5,0.31,No,24/7,2017,9,Fast Charging,90.0,130,Unknown|Unknown
EVS00867,Unknown,Unknown,-33.869684,151.364478,EVgo,DC Fast Charger,50,3,150,4,0.43,No,9:00-18:00,2016,10,Fast Charging,37.5,150,Unknown|Unknown
EVS00868,Unknown,Unknown,37.522762,127.057546,EVgo,DC Fast Charger,50,4,200,6,0.41,Yes,24/7,2010,16,Fast Charging,33.33,153,Unknown|Unknown
EVS00869,Unknown,Unknown,37.711699,-122.431753,Ionity,DC Fast Charger,350,5,1750,9,0.12,No,24/7,2010,16,Ultra-Fast Charging,194.44,88,Unknown|Unknown
EVS00870,Unknown,Unknown,18.963157,72.943642,Tesla,DC Fast Charger,350,4,1400,7,0.34,No,24/7,2015,11,Ultra-Fast Charging,200.0,21,Unknown|Unknown
EVS00871,Unknown,Unknown,-35.227662,112.842774,Greenlots,AC Level 1,350,1,350,1,0.4,No,24/7,2019,7,Ultra-Fast Charging,350.0,90,Unknown|Unknown
EVS00872,Unknown,Unknown,52.547627,13.340388,EVgo,AC Level 1,50,3,150,6,0.24,Yes,6:00-22:00,2012,14,Fast Charging,25.0,48,Unknown|Unknown
EVS00873,Unknown,Unknown,37.537072,126.908734,ChargePoint,AC Level 1,22,7,154,9,0.37,Yes,6:00-22:00,2015,11,Destination/AC,17.11,33,Unknown|Unknown
EVS00874,Unknown,Unknown,-23.511272,-46.697148,Ionity,AC Level 1,150,5,750,9,0.46,Yes,9:00-18:00,2021,5,Fast Charging,83.33,35,Unknown|Unknown
EVS00875,Unknown,Unknown,52.454408,13.422358,EVgo,AC Level 1,50,1,50,2,0.2,Yes,6:00-22:00,2015,11,Fast Charging,25.0,130,Unknown|Unknown
EVS00876,Unknown,Unknown,19.561485,-99.02118,ChargePoint,DC Fast Charger,22,1,22,1,0.39,No,9:00-18:00,2016,10,Destination/AC,22.0,98,Unknown|Unknown
EVS00877,Unknown,Unknown,37.766035,-122.399354,Tesla,AC Level 1,22,1,22,2,0.16,Yes,6:00-22:00,2012,14,Destination/AC,11.0,104,Unknown|Unknown
EVS00878,Unknown,Unknown,39.806229,116.437386,ChargePoint,AC Level 1,22,3,66,4,0.38,Yes,6:00-22:00,2013,13,Destination/AC,16.5,137,Unknown|Unknown
EVS00879,Unknown,Unknown,37.854571,-122.497756,ChargePoint,AC Level 2,22,5,110,8,0.23,Yes,24/7,2022,4,Destination/AC,13.75,105,Unknown|Unknown
EVS00880,Unknown,Unknown,19.437317,-99.125809,Greenlots,DC Fast Charger,150,3,450,4,0.16,No,9:00-18:00,2014,12,Fast Charging,112.5,118,Unknown|Unknown
EVS00881,Unknown,Unknown,71.523671,-1.442445,Ionity,DC Fast Charger,50,3,150,5,0.29,No,6:00-22:00,2016,10,Fast Charging,30.0,29,Unknown|Unknown
EVS00882,Unknown,Unknown,-23.640338,-46.63148,Tesla,AC Level 2,22,8,176,10,0.38,No,9:00-18:00,2017,9,Destination/AC,17.6,155,Unknown|Unknown
EVS00883,Unknown,Unknown,41.897809,-87.610736,Ionity,DC Fast Charger,150,7,1050,8,0.41,Yes,6:00-22:00,2010,16,Fast Charging,131.25,89,Unknown|Unknown
EVS00884,Unknown,Unknown,19.15366,72.987934,EVgo,AC Level 2,350,3,1050,5,0.37,No,24/7,2021,5,Ultra-Fast Charging,210.0,40,Unknown|Unknown
EVS00885,Unknown,Unknown,25.283494,55.288782,Tesla,AC Level 2,22,1,22,1,0.46,No,6:00-22:00,2021,5,Destination/AC,22.0,149,Unknown|Unknown
EVS00886,Unknown,Unknown,37.884613,-122.417331,Tesla,AC Level 1,50,5,250,7,0.18,No,6:00-22:00,2017,9,Fast Charging,35.71,136,Unknown|Unknown
EVS00887,Unknown,Unknown,43.754166,-79.301213,ChargePoint,AC Level 1,150,4,600,6,0.41,Yes,24/7,2023,3,Fast Charging,100.0,23,Unknown|Unknown
EVS00888,Unknown,Unknown,-33.734034,18.588726,Ionity,DC Fast Charger,350,6,2100,7,0.24,No,6:00-22:00,2013,13,Ultra-Fast Charging,300.0,46,Unknown|Unknown
EVS00889,Unknown,Unknown,-33.876366,151.309832,ChargePoint,DC Fast Charger,22,3,66,4,0.41,No,24/7,2020,6,Destination/AC,16.5,17,Unknown|Unknown
EVS00890,Unknown,Unknown,-33.733611,151.250139,Ionity,AC Level 1,22,2,44,4,0.47,No,9:00-18:00,2012,14,Destination/AC,11.0,59,Unknown|Unknown
EVS00891,Unknown,Unknown,-84.755582,-125.733908,ChargePoint,DC Fast Charger,150,1,150,2,0.4,Yes,9:00-18:00,2016,10,Fast Charging,75.0,31,Unknown|Unknown
EVS00892,Unknown,Unknown,55.721235,37.6064,Tesla,DC Fast Charger,50,3,150,4,0.28,Yes,24/7,2013,13,Fast Charging,37.5,132,Unknown|Unknown
EVS00893,Unknown,Unknown,19.546817,-99.071759,Tesla,AC Level 2,50,3,150,4,0.15,Yes,9:00-18:00,2017,9,Fast Charging,37.5,101,Unknown|Unknown
EVS00894,Unknown,Unknown,55.875329,37.586297,Ionity,AC Level 1,50,1,50,2,0.44,No,24/7,2015,11,Fast Charging,25.0,176,Unknown|Unknown
EVS00895,Unknown,Unknown,37.520083,126.98894,EVgo,DC Fast Charger,150,7,1050,9,0.27,No,9:00-18:00,2016,10,Fast Charging,116.67,138,Unknown|Unknown
EVS00896,Unknown,Unknown,13.801422,100.569311,Ionity,AC Level 2,350,3,1050,4,0.3,Yes,24/7,2020,6,Ultra-Fast Charging,262.5,115,Unknown|Unknown
EVS00897,Unknown,Unknown,25.248935,55.296032,Tesla,AC Level 1,350,2,700,4,0.36,Yes,9:00-18:00,2023,3,Ultra-Fast Charging,175.0,99,Unknown|Unknown
EVS00898,Unknown,Unknown,52.544361,13.356479,Greenlots,DC Fast Charger,350,4,1400,9,0.36,Yes,24/7,2011,15,Ultra-Fast Charging,155.56,23,Unknown|Unknown
EVS00899,Unknown,Unknown,-33.877768,18.444957,ChargePoint,AC Level 1,350,5,1750,7,0.31,No,9:00-18:00,2016,10,Ultra-Fast Charging,250.0,26,Unknown|Unknown
EVS00900,Unknown,Unknown,19.133029,72.907399,ChargePoint,AC Level 1,22,2,44,3,0.38,Yes,9:00-18:00,2022,4,Destination/AC,14.67,116,Unknown|Unknown
EVS00901,Unknown,Unknown,-48.631504,112.179426,Tesla,AC Level 2,50,4,200,9,0.16,Yes,24/7,2019,7,Fast Charging,22.22,15,Unknown|Unknown
EVS00902,Unknown,Unknown,13.739414,100.40047,Greenlots,AC Level 1,50,1,50,1,0.4,No,9:00-18:00,2014,12,Fast Charging,50.0,21,Unknown|Unknown
EVS00903,Unknown,Unknown,37.866185,-122.428321,Greenlots,AC Level 1,150,5,750,8,0.32,No,9:00-18:00,2021,5,Fast Charging,93.75,51,Unknown|Unknown
EVS00904,Unknown,Unknown,-23.611855,-46.588184,Tesla,AC Level 2,50,2,100,3,0.12,No,6:00-22:00,2011,15,Fast Charging,33.33,160,Unknown|Unknown
EVS00905,Unknown,Unknown,-23.651432,-46.594388,Ionity,AC Level 1,350,1,350,1,0.46,Yes,9:00-18:00,2019,7,Ultra-Fast Charging,350.0,90,Unknown|Unknown
EVS00906,Unknown,Unknown,52.588358,13.303202,Ionity,AC Level 1,350,2,700,3,0.24,Yes,24/7,2015,11,Ultra-Fast Charging,233.33,132,Unknown|Unknown
EVS00907,Unknown,Unknown,34.080742,-118.230728,Tesla,AC Level 2,350,4,1400,6,0.32,Yes,24/7,2010,16,Ultra-Fast Charging,233.33,82,Unknown|Unknown
EVS00908,Unknown,Unknown,37.512098,127.082839,Greenlots,AC Level 2,22,3,66,5,0.1,No,9:00-18:00,2010,16,Destination/AC,13.2,43,Unknown|Unknown
EVS00909,Unknown,Unknown,25.264653,55.288439,Greenlots,AC Level 1,150,3,450,5,0.34,No,24/7,2010,16,Fast Charging,90.0,76,Unknown|Unknown
EVS00910,Unknown,Unknown,55.77932,37.649955,EVgo,AC Level 1,22,2,44,5,0.38,No,24/7,2021,5,Destination/AC,8.8,30,Unknown|Unknown
EVS00911,Unknown,Unknown,-59.187341,-142.692946,Tesla,AC Level 2,50,7,350,10,0.46,Yes,6:00-22:00,2017,9,Fast Charging,35.0,142,Unknown|Unknown
EVS00912,Unknown,Unknown,-33.89759,18.514637,Greenlots,AC Level 1,50,2,100,4,0.21,No,9:00-18:00,2012,14,Fast Charging,25.0,45,Unknown|Unknown
EVS00913,Unknown,Unknown,34.021308,-118.223084,EVgo,AC Level 1,350,3,1050,5,0.15,Yes,24/7,2022,4,Ultra-Fast Charging,210.0,77,Unknown|Unknown
EVS00914,Unknown,Unknown,-33.8606,151.374305,EVgo,AC Level 2,350,5,1750,10,0.31,Yes,6:00-22:00,2012,14,Ultra-Fast Charging,175.0,176,Unknown|Unknown
EVS00915,Unknown,Unknown,55.769895,37.633413,EVgo,DC Fast Charger,50,2,100,4,0.35,Yes,9:00-18:00,2020,6,Fast Charging,25.0,112,Unknown|Unknown
EVS00916,Unknown,Unknown,52.554619,13.404918,ChargePoint,AC Level 1,150,2,300,4,0.46,No,9:00-18:00,2021,5,Fast Charging,75.0,90,Unknown|Unknown
EVS00917,Unknown,Unknown,-33.879878,18.593988,Tesla,AC Level 2,22,7,154,10,0.14,No,9:00-18:00,2019,7,Destination/AC,15.4,104,Unknown|Unknown
EVS00918,Unknown,Unknown,41.841869,-87.645349,EVgo,AC Level 1,22,8,176,10,0.23,No,24/7,2013,13,Destination/AC,17.6,144,Unknown|Unknown
EVS00919,Unknown,Unknown,55.719552,37.560898,Greenlots,AC Level 1,350,1,350,2,0.2,Yes,24/7,2013,13,Ultra-Fast Charging,175.0,56,Unknown|Unknown
EVS00920,Unknown,Unknown,43.773221,-79.389322,ChargePoint,DC Fast Charger,150,6,900,7,0.3,Yes,6:00-22:00,2023,3,Fast Charging,128.57,120,Unknown|Unknown
EVS00921,Unknown,Unknown,-35.633636,36.810201,Tesla,AC Level 1,350,5,1750,6,0.38,Yes,6:00-22:00,2020,6,Ultra-Fast Charging,291.67,158,Unknown|Unknown
EVS00922,Unknown,Unknown,37.863969,-122.404465,Tesla,DC Fast Charger,150,5,750,9,0.1,Yes,9:00-18:00,2018,8,Fast Charging,83.33,109,Unknown|Unknown
EVS00923,Unknown,Unknown,37.77831,-122.333791,Tesla,DC Fast Charger,150,1,150,2,0.12,No,24/7,2014,12,Fast Charging,75.0,88,Unknown|Unknown
EVS00924,Unknown,Unknown,-23.55576,-46.621291,Greenlots,DC Fast Charger,50,4,200,7,0.12,Yes,9:00-18:00,2016,10,Fast Charging,28.57,38,Unknown|Unknown
EVS00925,Unknown,Unknown,-23.517188,-46.548872,EVgo,DC Fast Charger,350,2,700,3,0.34,Yes,9:00-18:00,2013,13,Ultra-Fast Charging,233.33,55,Unknown|Unknown
EVS00926,Unknown,Unknown,19.139026,72.906236,EVgo,AC Level 2,350,7,2450,10,0.16,Yes,9:00-18:00,2016,10,Ultra-Fast Charging,245.0,171,Unknown|Unknown
EVS00927,Unknown,Unknown,25.38705,55.385499,EVgo,DC Fast Charger,150,5,750,10,0.32,No,24/7,2014,12,Fast Charging,75.0,104,Unknown|Unknown
EVS00928,Unknown,Unknown,34.192441,-118.300086,Greenlots,AC Level 2,50,2,100,3,0.38,No,9:00-18:00,2021,5,Fast Charging,33.33,64,Unknown|Unknown
EVS00929,Unknown,Unknown,-23.611967,-46.500605,EVgo,AC Level 2,22,4,88,5,0.27,Yes,6:00-22:00,2016,10,Destination/AC,17.6,84,Unknown|Unknown
EVS00930,Unknown,Unknown,37.50667,127.056755,ChargePoint,AC Level 2,350,4,1400,5,0.5,No,6:00-22:00,2023,3,Ultra-Fast Charging,280.0,110,Unknown|Unknown
EVS00931,Unknown,Unknown,-59.872218,-148.048341,ChargePoint,AC Level 1,50,1,50,1,0.34,Yes,6:00-22:00,2013,13,Fast Charging,50.0,103,Unknown|Unknown
EVS00932,Unknown,Unknown,13.757046,100.526103,EVgo,AC Level 1,150,2,300,3,0.21,Yes,24/7,2023,3,Fast Charging,100.0,130,Unknown|Unknown
EVS00933,Unknown,Unknown,19.092923,72.917398,Tesla,AC Level 1,22,8,176,10,0.5,No,24/7,2017,9,Destination/AC,17.6,57,Unknown|Unknown
EVS00934,Unknown,Unknown,37.540251,127.096737,EVgo,AC Level 1,22,5,110,9,0.28,No,9:00-18:00,2023,3,Destination/AC,12.22,122,Unknown|Unknown
EVS00935,Unknown,Unknown,13.81295,100.459721,Greenlots,DC Fast Charger,350,3,1050,7,0.47,No,24/7,2014,12,Ultra-Fast Charging,150.0,88,Unknown|Unknown
EVS00936,Unknown,Unknown,37.585683,127.072782,ChargePoint,AC Level 2,22,7,154,10,0.21,Yes,6:00-22:00,2016,10,Destination/AC,15.4,170,Unknown|Unknown
EVS00937,Unknown,Unknown,-33.873785,151.322058,ChargePoint,AC Level 2,50,2,100,3,0.14,No,9:00-18:00,2015,11,Fast Charging,33.33,41,Unknown|Unknown
EVS00938,Unknown,Unknown,19.502536,-99.009176,ChargePoint,AC Level 1,150,2,300,4,0.2,Yes,6:00-22:00,2015,11,Fast Charging,75.0,39,Unknown|Unknown
EVS00939,Unknown,Unknown,37.539328,127.080952,EVgo,AC Level 2,50,4,200,8,0.27,No,6:00-22:00,2022,4,Fast Charging,25.0,91,Unknown|Unknown
EVS00940,Unknown,Unknown,19.526085,-99.104243,Ionity,DC Fast Charger,22,4,88,6,0.27,No,24/7,2023,3,Destination/AC,14.67,98,Unknown|Unknown
EVS00941,Unknown,Unknown,4.047121,-168.675674,Greenlots,DC Fast Charger,50,4,200,7,0.16,Yes,24/7,2023,3,Fast Charging,28.57,128,Unknown|Unknown
EVS00942,Unknown,Unknown,37.580411,127.005573,Tesla,AC Level 1,50,2,100,3,0.28,No,24/7,2018,8,Fast Charging,33.33,81,Unknown|Unknown
EVS00943,Unknown,Unknown,34.157268,-118.226178,Greenlots,AC Level 1,150,1,150,3,0.11,No,24/7,2019,7,Fast Charging,50.0,165,Unknown|Unknown
EVS00944,Unknown,Unknown,-33.803254,151.370092,Ionity,AC Level 2,350,1,350,2,0.26,Yes,6:00-22:00,2017,9,Ultra-Fast Charging,175.0,93,Unknown|Unknown
EVS00945,Unknown,Unknown,37.5408,127.082324,ChargePoint,DC Fast Charger,50,7,350,9,0.39,No,24/7,2022,4,Fast Charging,38.89,36,Unknown|Unknown
EVS00946,Unknown,Unknown,19.44184,-99.144476,Greenlots,DC Fast Charger,50,5,250,9,0.25,No,24/7,2023,3,Fast Charging,27.78,34,Unknown|Unknown
EVS00947,Unknown,Unknown,-23.574965,-46.570013,Tesla,DC Fast Charger,150,1,150,1,0.29,No,6:00-22:00,2017,9,Fast Charging,150.0,175,Unknown|Unknown
EVS00948,Unknown,Unknown,-23.647162,-46.672471,Ionity,DC Fast Charger,50,4,200,5,0.46,No,24/7,2014,12,Fast Charging,40.0,37,Unknown|Unknown
EVS00949,Unknown,Unknown,13.726109,100.529368,ChargePoint,DC Fast Charger,150,5,750,8,0.12,Yes,9:00-18:00,2011,15,Fast Charging,93.75,171,Unknown|Unknown
EVS00950,Unknown,Unknown,52.49327,13.313229,Ionity,AC Level 1,50,2,100,2,0.28,Yes,24/7,2013,13,Fast Charging,50.0,60,Unknown|Unknown
EVS00951,Unknown,Unknown,68.260455,20.084404,Tesla,DC Fast Charger,50,4,200,5,0.39,No,9:00-18:00,2013,13,Fast Charging,40.0,30,Unknown|Unknown
EVS00952,Unknown,Unknown,39.836208,116.389878,Greenlots,AC Level 2,22,1,22,2,0.27,No,9:00-18:00,2016,10,Destination/AC,11.0,65,Unknown|Unknown
EVS00953,Unknown,Unknown,37.878479,-122.354907,Tesla,DC Fast Charger,150,3,450,6,0.41,No,6:00-22:00,2011,15,Fast Charging,75.0,116,Unknown|Unknown
EVS00954,Unknown,Unknown,43.725953,-79.310101,ChargePoint,DC Fast Charger,22,3,66,7,0.32,Yes,6:00-22:00,2010,16,Destination/AC,9.43,85,Unknown|Unknown
EVS00955,Unknown,Unknown,43.72609,-79.356827,Tesla,AC Level 1,150,6,900,7,0.31,Yes,6:00-22:00,2021,5,Fast Charging,128.57,144,Unknown|Unknown
EVS00956,Unknown,Unknown,39.86464,116.30452,EVgo,DC Fast Charger,50,5,250,7,0.47,No,6:00-22:00,2018,8,Fast Charging,35.71,115,Unknown|Unknown
EVS00957,Unknown,Unknown,37.755637,-122.403703,Tesla,AC Level 2,350,7,2450,8,0.47,No,9:00-18:00,2020,6,Ultra-Fast Charging,306.25,81,Unknown|Unknown
EVS00958,Unknown,Unknown,52.411955,13.424762,Tesla,AC Level 2,150,2,300,2,0.33,Yes,6:00-22:00,2010,16,Fast Charging,150.0,119,Unknown|Unknown
EVS00959,Unknown,Unknown,55.892804,37.687549,ChargePoint,AC Level 2,150,5,750,10,0.34,No,6:00-22:00,2016,10,Fast Charging,75.0,175,Unknown|Unknown
EVS00960,Unknown,Unknown,-23.558511,-46.690673,Greenlots,AC Level 1,150,8,1200,10,0.18,No,6:00-22:00,2017,9,Fast Charging,120.0,82,Unknown|Unknown
EVS00961,Unknown,Unknown,68.12537,-162.60592,Ionity,DC Fast Charger,150,4,600,6,0.22,No,9:00-18:00,2019,7,Fast Charging,100.0,40,Unknown|Unknown
EVS00962,Unknown,Unknown,37.70752,-122.385832,Ionity,AC Level 1,22,3,66,4,0.15,No,9:00-18:00,2015,11,Destination/AC,16.5,82,Unknown|Unknown
EVS00963,Unknown,Unknown,37.697936,127.004828,EVgo,AC Level 2,150,3,450,6,0.34,Yes,24/7,2019,7,Fast Charging,75.0,153,Unknown|Unknown
EVS00964,Unknown,Unknown,19.478282,-99.075939,ChargePoint,AC Level 1,150,3,450,5,0.34,Yes,9:00-18:00,2011,15,Fast Charging,90.0,50,Unknown|Unknown
EVS00965,Unknown,Unknown,19.549961,-99.00579,Greenlots,DC Fast Charger,350,6,2100,8,0.24,No,9:00-18:00,2013,13,Ultra-Fast Charging,262.5,171,Unknown|Unknown
EVS00966,Unknown,Unknown,37.576361,126.994182,Greenlots,AC Level 2,150,6,900,8,0.49,Yes,24/7,2019,7,Fast Charging,112.5,112,Unknown|Unknown
EVS00967,Unknown,Unknown,19.560194,-99.102411,Ionity,DC Fast Charger,350,6,2100,9,0.36,Yes,6:00-22:00,2010,16,Ultra-Fast Charging,233.33,114,Unknown|Unknown
EVS00968,Unknown,Unknown,34.177334,-118.284036,Tesla,AC Level 2,22,5,110,9,0.25,No,9:00-18:00,2011,15,Destination/AC,12.22,67,Unknown|Unknown
EVS00969,Unknown,Unknown,43.747557,-79.317284,Ionity,DC Fast Charger,22,2,44,4,0.42,No,6:00-22:00,2018,8,Destination/AC,11.0,166,Unknown|Unknown
EVS00970,Unknown,Unknown,13.87021,100.473074,EVgo,AC Level 2,150,8,1200,10,0.31,No,6:00-22:00,2011,15,Fast Charging,120.0,20,Unknown|Unknown
EVS00971,Unknown,Unknown,43.912876,-52.471869,Ionity,DC Fast Charger,150,6,900,9,0.37,No,9:00-18:00,2011,15,Fast Charging,100.0,64,Unknown|Unknown
EVS00972,Unknown,Unknown,13.746298,100.495246,Ionity,DC Fast Charger,22,6,132,9,0.21,No,24/7,2010,16,Destination/AC,14.67,84,Unknown|Unknown
EVS00973,Unknown,Unknown,25.342144,55.231985,Tesla,AC Level 1,22,5,110,8,0.38,Yes,24/7,2014,12,Destination/AC,13.75,93,Unknown|Unknown
EVS00974,Unknown,Unknown,37.713602,-122.335784,Tesla,DC Fast Charger,350,6,2100,10,0.17,No,9:00-18:00,2019,7,Ultra-Fast Charging,210.0,93,Unknown|Unknown
EVS00975,Unknown,Unknown,19.571709,-99.033961,Greenlots,AC Level 1,150,7,1050,10,0.23,No,9:00-18:00,2019,7,Fast Charging,105.0,39,Unknown|Unknown
EVS00976,Unknown,Unknown,-23.554411,-46.552901,Tesla,DC Fast Charger,350,6,2100,9,0.34,Yes,6:00-22:00,2014,12,Ultra-Fast Charging,233.33,52,Unknown|Unknown
EVS00977,Unknown,Unknown,34.017652,-118.234484,Greenlots,DC Fast Charger,150,5,750,7,0.27,Yes,24/7,2012,14,Fast Charging,107.14,30,Unknown|Unknown
EVS00978,Unknown,Unknown,55.895445,37.580547,Greenlots,DC Fast Charger,50,7,350,9,0.47,Yes,9:00-18:00,2011,15,Fast Charging,38.89,109,Unknown|Unknown
EVS00979,Unknown,Unknown,52.502145,13.359866,Tesla,AC Level 1,22,8,176,10,0.14,No,6:00-22:00,2022,4,Destination/AC,17.6,72,Unknown|Unknown
EVS00980,Unknown,Unknown,37.877652,-122.343953,Ionity,AC Level 1,350,1,350,1,0.33,No,6:00-22:00,2012,14,Ultra-Fast Charging,350.0,108,Unknown|Unknown
EVS00981,Unknown,Unknown,72.657084,159.567391,Tesla,AC Level 2,150,1,150,1,0.36,Yes,9:00-18:00,2023,3,Fast Charging,150.0,112,Unknown|Unknown
EVS00982,Unknown,Unknown,25.292025,55.236476,Greenlots,AC Level 2,150,4,600,5,0.4,Yes,9:00-18:00,2018,8,Fast Charging,120.0,130,Unknown|Unknown
EVS00983,Unknown,Unknown,-33.818521,18.598312,Greenlots,AC Level 2,350,2,700,3,0.45,No,6:00-22:00,2023,3,Ultra-Fast Charging,233.33,105,Unknown|Unknown
EVS00984,Unknown,Unknown,43.792112,-79.389308,Greenlots,DC Fast Charger,150,3,450,5,0.36,No,24/7,2018,8,Fast Charging,90.0,121,Unknown|Unknown
EVS00985,Unknown,Unknown,37.67733,126.97825,Tesla,DC Fast Charger,150,3,450,4,0.13,Yes,24/7,2020,6,Fast Charging,112.5,111,Unknown|Unknown
EVS00986,Unknown,Unknown,55.862578,37.622793,ChargePoint,DC Fast Charger,350,6,2100,8,0.37,No,24/7,2018,8,Ultra-Fast Charging,262.5,122,Unknown|Unknown
EVS00987,Unknown,Unknown,41.939778,-87.754763,Greenlots,DC Fast Charger,22,1,22,2,0.24,No,9:00-18:00,2018,8,Destination/AC,11.0,116,Unknown|Unknown
EVS00988,Unknown,Unknown,19.413666,-99.090064,Greenlots,DC Fast Charger,22,6,132,8,0.48,No,6:00-22:00,2018,8,Destination/AC,16.5,67,Unknown|Unknown
EVS00989,Unknown,Unknown,34.196756,-118.203325,EVgo,AC Level 2,22,2,44,3,0.38,Yes,24/7,2020,6,Destination/AC,14.67,55,Unknown|Unknown
EVS00990,Unknown,Unknown,39.905867,116.224061,EVgo,AC Level 2,22,1,22,1,0.2,No,6:00-22:00,2014,12,Destination/AC,22.0,144,Unknown|Unknown
EVS00991,Unknown,Unknown,76.693669,14.787786,EVgo,AC Level 2,150,2,300,3,0.24,No,9:00-18:00,2023,3,Fast Charging,100.0,71,Unknown|Unknown
EVS00992,Unknown,Unknown,-33.804698,18.558126,Tesla,AC Level 2,50,1,50,1,0.41,Yes,9:00-18:00,2019,7,Fast Charging,50.0,105,Unknown|Unknown
EVS00993,Unknown,Unknown,19.534185,-99.071918,Ionity,AC Level 1,150,3,450,4,0.35,Yes,9:00-18:00,2013,13,Fast Charging,112.5,47,Unknown|Unknown
EVS00994,Unknown,Unknown,37.66505,126.946548,Ionity,DC Fast Charger,22,2,44,3,0.35,Yes,24/7,2020,6,Destination/AC,14.67,86,Unknown|Unknown
EVS00995,Unknown,Unknown,34.104595,-118.381747,ChargePoint,DC Fast Charger,150,4,600,7,0.35,No,24/7,2020,6,Fast Charging,85.71,102,Unknown|Unknown
EVS00996,Unknown,Unknown,41.979413,-87.64313,ChargePoint,DC Fast Charger,350,2,700,3,0.49,Yes,24/7,2022,4,Ultra-Fast Charging,233.33,118,Unknown|Unknown
EVS00997,Unknown,Unknown,-23.604063,-46.6906,Greenlots,AC Level 1,150,1,150,2,0.47,Yes,6:00-22:00,2022,4,Fast Charging,75.0,101,Unknown|Unknown
EVS00998,Unknown,Unknown,25.30902,55.255466,Ionity,DC Fast Charger,50,5,250,7,0.35,Yes,24/7,2018,8,Fast Charging,35.71,74,Unknown|Unknown
EVS00999,Unknown,Unknown,55.840737,37.684454,Greenlots,AC Level 1,50,6,300,10,0.4,Yes,9:00-18:00,2022,4,Fast Charging,30.0,173,Unknown|Unknown
EVS01000,Unknown,Unknown,55.723395,37.504418,EVgo,DC Fast Charger,22,4,88,5,0.34,No,24/7,2015,11,Destination/AC,17.6,99,Unknown|Unknown
EVS01001,Unknown,Unknown,54.038515,76.304779,EVgo,AC Level 2,150,6,900,10,0.28,No,9:00-18:00,2017,9,Fast Charging,90.0,148,Unknown|Unknown
EVS01002,Unknown,Unknown,41.946969,-87.719023,Greenlots,DC Fast Charger,350,4,1400,6,0.31,No,24/7,2019,7,Ultra-Fast Charging,233.33,136,Unknown|Unknown
EVS01003,Unknown,Unknown,25.342619,55.294323,Greenlots,AC Level 1,350,2,700,5,0.15,No,24/7,2020,6,Ultra-Fast Charging,140.0,107,Unknown|Unknown
EVS01004,Unknown,Unknown,52.458421,13.466769,EVgo,AC Level 2,22,7,154,10,0.4,No,6:00-22:00,2015,11,Destination/AC,15.4,161,Unknown|Unknown
EVS01005,Unknown,Unknown,39.800085,116.314889,ChargePoint,AC Level 1,150,4,600,5,0.31,No,9:00-18:00,2011,15,Fast Charging,120.0,36,Unknown|Unknown
EVS01006,Unknown,Unknown,25.263779,55.382877,Tesla,DC Fast Charger,50,2,100,3,0.26,Yes,24/7,2013,13,Fast Charging,33.33,166,Unknown|Unknown
EVS01007,Unknown,Unknown,25.368636,55.272186,Greenlots,DC Fast Charger,22,5,110,7,0.15,Yes,9:00-18:00,2018,8,Destination/AC,15.71,155,Unknown|Unknown
EVS01008,Unknown,Unknown,41.879865,-87.743803,EVgo,AC Level 1,350,5,1750,7,0.5,No,24/7,2013,13,Ultra-Fast Charging,250.0,98,Unknown|Unknown
EVS01009,Unknown,Unknown,43.6304,-79.453978,Ionity,AC Level 2,350,6,2100,8,0.16,Yes,24/7,2019,7,Ultra-Fast Charging,262.5,136,Unknown|Unknown
EVS01010,Unknown,Unknown,19.502829,-99.020322,EVgo,AC Level 2,350,4,1400,7,0.1,No,9:00-18:00,2014,12,Ultra-Fast Charging,200.0,100,Unknown|Unknown
EVS01011,Unknown,Unknown,61.571877,7.095596,Ionity,AC Level 2,150,2,300,2,0.15,No,9:00-18:00,2017,9,Fast Charging,150.0,59,Unknown|Unknown
EVS01012,Unknown,Unknown,41.877941,-87.644041,Greenlots,AC Level 1,22,3,66,4,0.47,Yes,24/7,2022,4,Destination/AC,16.5,146,Unknown|Unknown
EVS01013,Unknown,Unknown,39.813102,116.352948,EVgo,DC Fast Charger,22,3,66,4,0.18,Yes,24/7,2013,13,Destination/AC,16.5,55,Unknown|Unknown
EVS01014,Unknown,Unknown,37.777826,-122.369371,EVgo,DC Fast Charger,50,2,100,2,0.38,Yes,6:00-22:00,2018,8,Fast Charging,50.0,66,Unknown|Unknown
EVS01015,Unknown,Unknown,37.512865,126.935019,Tesla,AC Level 2,22,6,132,7,0.49,Yes,9:00-18:00,2019,7,Destination/AC,18.86,100,Unknown|Unknown
EVS01016,Unknown,Unknown,19.169744,72.800732,ChargePoint,AC Level 1,22,2,44,3,0.42,Yes,9:00-18:00,2012,14,Destination/AC,14.67,153,Unknown|Unknown
EVS01017,Unknown,Unknown,34.120239,-118.387714,ChargePoint,AC Level 1,50,6,300,9,0.42,Yes,9:00-18:00,2013,13,Fast Charging,33.33,78,Unknown|Unknown
EVS01018,Unknown,Unknown,-23.599086,-46.655739,Ionity,AC Level 1,150,2,300,3,0.37,No,6:00-22:00,2012,14,Fast Charging,100.0,96,Unknown|Unknown
EVS01019,Unknown,Unknown,52.426229,13.441496,Ionity,AC Level 1,50,3,150,5,0.37,No,24/7,2021,5,Fast Charging,30.0,21,Unknown|Unknown
EVS01020,Unknown,Unknown,-33.832616,18.435349,Ionity,DC Fast Charger,50,1,50,1,0.32,Yes,24/7,2012,14,Fast Charging,50.0,34,Unknown|Unknown
EVS01021,Unknown,Unknown,76.220089,56.926912,EVgo,DC Fast Charger,50,7,350,10,0.27,No,9:00-18:00,2013,13,Fast Charging,35.0,24,Unknown|Unknown
EVS01022,Unknown,Unknown,52.596096,13.461102,ChargePoint,DC Fast Charger,22,7,154,9,0.32,Yes,6:00-22:00,2015,11,Destination/AC,17.11,26,Unknown|Unknown
EVS01023,Unknown,Unknown,39.954783,116.32026,Tesla,AC Level 2,150,4,600,8,0.15,Yes,9:00-18:00,2014,12,Fast Charging,75.0,158,Unknown|Unknown
EVS01024,Unknown,Unknown,25.272909,55.373439,Tesla,AC Level 2,350,4,1400,7,0.17,Yes,24/7,2011,15,Ultra-Fast Charging,200.0,153,Unknown|Unknown
EVS01025,Unknown,Unknown,13.800464,100.556506,ChargePoint,DC Fast Charger,50,5,250,7,0.33,Yes,9:00-18:00,2016,10,Fast Charging,35.71,150,Unknown|Unknown
EVS01026,Unknown,Unknown,52.563648,13.400146,EVgo,AC Level 1,350,3,1050,5,0.14,No,6:00-22:00,2013,13,Ultra-Fast Charging,210.0,24,Unknown|Unknown
EVS01027,Unknown,Unknown,19.409907,-99.012351,ChargePoint,AC Level 2,350,2,700,4,0.13,No,24/7,2014,12,Ultra-Fast Charging,175.0,27,Unknown|Unknown
EVS01028,Unknown,Unknown,19.534748,-99.18133,Greenlots,AC Level 1,150,5,750,9,0.2,No,24/7,2010,16,Fast Charging,83.33,61,Unknown|Unknown
EVS01029,Unknown,Unknown,39.856894,116.430064,Greenlots,AC Level 1,150,4,600,5,0.37,No,6:00-22:00,2014,12,Fast Charging,120.0,108,Unknown|Unknown
EVS01030,Unknown,Unknown,13.884329,100.527124,Tesla,AC Level 2,50,5,250,7,0.11,Yes,6:00-22:00,2021,5,Fast Charging,35.71,70,Unknown|Unknown
EVS01031,Unknown,Unknown,10.46809,111.87756,Greenlots,DC Fast Charger,50,1,50,3,0.17,Yes,6:00-22:00,2010,16,Fast Charging,16.67,95,Unknown|Unknown
EVS01032,Unknown,Unknown,39.967219,116.209757,Greenlots,DC Fast Charger,50,2,100,5,0.49,No,24/7,2014,12,Fast Charging,20.0,43,Unknown|Unknown
EVS01033,Unknown,Unknown,-33.765682,18.463485,Ionity,DC Fast Charger,150,5,750,8,0.44,Yes,24/7,2015,11,Fast Charging,93.75,135,Unknown|Unknown
EVS01034,Unknown,Unknown,-23.543952,-46.520859,Ionity,AC Level 1,50,4,200,7,0.23,No,6:00-22:00,2011,15,Fast Charging,28.57,66,Unknown|Unknown
EVS01035,Unknown,Unknown,19.183707,72.815129,Ionity,DC Fast Charger,50,6,300,8,0.44,No,24/7,2011,15,Fast Charging,37.5,25,Unknown|Unknown
EVS01036,Unknown,Unknown,39.975345,116.372855,ChargePoint,DC Fast Charger,350,3,1050,4,0.49,Yes,24/7,2019,7,Ultra-Fast Charging,262.5,137,Unknown|Unknown
EVS01037,Unknown,Unknown,19.130021,72.820006,ChargePoint,AC Level 1,22,3,66,6,0.17,No,6:00-22:00,2017,9,Destination/AC,11.0,163,Unknown|Unknown
EVS01038,Unknown,Unknown,37.843897,-122.464103,ChargePoint,AC Level 1,50,3,150,4,0.27,Yes,9:00-18:00,2017,9,Fast Charging,37.5,17,Unknown|Unknown
EVS01039,Unknown,Unknown,-33.891085,151.349461,Greenlots,DC Fast Charger,50,5,250,9,0.36,Yes,24/7,2021,5,Fast Charging,27.78,87,Unknown|Unknown
EVS01040,Unknown,Unknown,52.547184,13.495702,Tesla,DC Fast Charger,50,1,50,2,0.23,Yes,6:00-22:00,2015,11,Fast Charging,25.0,151,Unknown|Unknown
EVS01041,Unknown,Unknown,82.248041,9.154199,Ionity,AC Level 2,50,6,300,7,0.27,Yes,24/7,2011,15,Fast Charging,42.86,131,Unknown|Unknown
EVS01042,Unknown,Unknown,39.873563,116.367573,ChargePoint,DC Fast Charger,50,4,200,6,0.39,No,9:00-18:00,2013,13,Fast Charging,33.33,156,Unknown|Unknown
EVS01043,Unknown,Unknown,37.697946,126.952468,Tesla,AC Level 1,350,1,350,1,0.37,Yes,9:00-18:00,2011,15,Ultra-Fast Charging,350.0,83,Unknown|Unknown
EVS01044,Unknown,Unknown,55.875531,37.537862,Tesla,AC Level 2,50,5,250,9,0.28,No,6:00-22:00,2015,11,Fast Charging,27.78,76,Unknown|Unknown
EVS01045,Unknown,Unknown,39.861111,116.3758,Greenlots,AC Level 2,22,3,66,6,0.32,No,9:00-18:00,2022,4,Destination/AC,11.0,132,Unknown|Unknown
EVS01046,Unknown,Unknown,13.822395,100.560387,Ionity,AC Level 2,350,6,2100,9,0.32,Yes,9:00-18:00,2011,15,Ultra-Fast Charging,233.33,40,Unknown|Unknown
EVS01047,Unknown,Unknown,-33.827291,18.579165,Tesla,AC Level 1,350,6,2100,9,0.41,Yes,6:00-22:00,2012,14,Ultra-Fast Charging,233.33,54,Unknown|Unknown
EVS01048,Unknown,Unknown,-33.777926,151.249018,Tesla,DC Fast Charger,22,3,66,3,0.42,No,9:00-18:00,2017,9,Destination/AC,22.0,114,Unknown|Unknown
EVS01049,Unknown,Unknown,52.507406,13.469262,Tesla,AC Level 1,50,2,100,4,0.41,Yes,9:00-18:00,2014,12,Fast Charging,25.0,125,Unknown|Unknown
EVS01050,Unknown,Unknown,13.716496,100.594154,Ionity,AC Level 1,150,3,450,4,0.43,No,9:00-18:00,2017,9,Fast Charging,112.5,34,Unknown|Unknown
EVS01051,Unknown,Unknown,27.002793,-120.558946,Ionity,AC Level 1,50,6,300,7,0.37,Yes,9:00-18:00,2014,12,Fast Charging,42.86,98,Unknown|Unknown
EVS01052,Unknown,Unknown,52.512216,13.368708,EVgo,DC Fast Charger,22,3,66,4,0.12,Yes,6:00-22:00,2021,5,Destination/AC,16.5,75,Unknown|Unknown
EVS01053,Unknown,Unknown,13.842774,100.476738,ChargePoint,AC Level 2,350,4,1400,6,0.33,No,9:00-18:00,2021,5,Ultra-Fast Charging,233.33,97,Unknown|Unknown
EVS01054,Unknown,Unknown,34.078744,-118.211302,EVgo,DC Fast Charger,350,4,1400,6,0.41,Yes,6:00-22:00,2020,6,Ultra-Fast Charging,233.33,173,Unknown|Unknown
EVS01055,Unknown,Unknown,-33.778266,18.495593,Greenlots,DC Fast Charger,22,2,44,3,0.48,Yes,9:00-18:00,2017,9,Destination/AC,14.67,27,Unknown|Unknown
EVS01056,Unknown,Unknown,13.799814,100.553154,Ionity,AC Level 1,22,7,154,9,0.33,No,9:00-18:00,2020,6,Destination/AC,17.11,179,Unknown|Unknown
EVS01057,Unknown,Unknown,37.732382,-122.304987,Ionity,AC Level 1,150,3,450,5,0.37,Yes,6:00-22:00,2023,3,Fast Charging,90.0,89,Unknown|Unknown
EVS01058,Unknown,Unknown,52.463548,13.495144,Ionity,AC Level 1,350,6,2100,7,0.18,No,24/7,2015,11,Ultra-Fast Charging,300.0,142,Unknown|Unknown
EVS01059,Unknown,Unknown,39.968228,116.267432,Tesla,DC Fast Charger,50,7,350,10,0.31,Yes,6:00-22:00,2015,11,Fast Charging,35.0,85,Unknown|Unknown
EVS01060,Unknown,Unknown,43.7983,-79.435429,Greenlots,AC Level 2,150,1,150,1,0.2,No,6:00-22:00,2018,8,Fast Charging,150.0,66,Unknown|Unknown
EVS01061,Unknown,Unknown,-76.300721,47.724198,Greenlots,AC Level 2,50,5,250,7,0.44,Yes,9:00-18:00,2021,5,Fast Charging,35.71,142,Unknown|Unknown
EVS01062,Unknown,Unknown,-23.56364,-46.574898,Greenlots,AC Level 1,50,5,250,8,0.29,Yes,9:00-18:00,2011,15,Fast Charging,31.25,128,Unknown|Unknown
EVS01063,Unknown,Unknown,18.950544,72.989707,EVgo,AC Level 1,150,6,900,7,0.42,Yes,6:00-22:00,2015,11,Fast Charging,128.57,38,Unknown|Unknown
EVS01064,Unknown,Unknown,18.937889,72.982045,Ionity,AC Level 1,150,2,300,3,0.24,Yes,6:00-22:00,2020,6,Fast Charging,100.0,131,Unknown|Unknown
EVS01065,Unknown,Unknown,-33.777473,151.372295,Greenlots,AC Level 2,22,4,88,5,0.37,Yes,9:00-18:00,2018,8,Destination/AC,17.6,139,Unknown|Unknown
EVS01066,Unknown,Unknown,52.419112,13.319209,EVgo,AC Level 1,350,5,1750,6,0.39,Yes,9:00-18:00,2018,8,Ultra-Fast Charging,291.67,78,Unknown|Unknown
EVS01067,Unknown,Unknown,52.494721,13.377387,ChargePoint,AC Level 2,22,5,110,6,0.12,Yes,9:00-18:00,2011,15,Destination/AC,18.33,167,Unknown|Unknown
EVS01068,Unknown,Unknown,13.80088,100.412736,Ionity,AC Level 1,350,2,700,3,0.39,No,6:00-22:00,2010,16,Ultra-Fast Charging,233.33,120,Unknown|Unknown
EVS01069,Unknown,Unknown,19.453165,-99.050108,Greenlots,DC Fast Charger,22,2,44,2,0.27,Yes,6:00-22:00,2018,8,Destination/AC,22.0,70,Unknown|Unknown
EVS01070,Unknown,Unknown,-23.514284,-46.686424,Tesla,DC Fast Charger,22,6,132,10,0.22,Yes,6:00-22:00,2020,6,Destination/AC,13.2,16,Unknown|Unknown
EVS01071,Unknown,Unknown,-71.116001,53.558456,ChargePoint,AC Level 2,22,5,110,6,0.32,Yes,24/7,2015,11,Destination/AC,18.33,126,Unknown|Unknown
EVS01072,Unknown,Unknown,13.805158,100.530842,EVgo,AC Level 1,350,2,700,4,0.2,Yes,6:00-22:00,2023,3,Ultra-Fast Charging,175.0,49,Unknown|Unknown
EVS01073,Unknown,Unknown,55.895586,37.665838,Tesla,AC Level 1,150,3,450,6,0.26,Yes,6:00-22:00,2020,6,Fast Charging,75.0,139,Unknown|Unknown
EVS01074,Unknown,Unknown,43.743359,-79.491431,Tesla,AC Level 2,150,3,450,4,0.42,No,9:00-18:00,2015,11,Fast Charging,112.5,101,Unknown|Unknown
EVS01075,Unknown,Unknown,39.899802,116.326322,Greenlots,AC Level 2,22,5,110,9,0.44,No,24/7,2019,7,Destination/AC,12.22,92,Unknown|Unknown
EVS01076,Unknown,Unknown,37.802751,-122.313436,ChargePoint,DC Fast Charger,350,2,700,4,0.41,Yes,9:00-18:00,2010,16,Ultra-Fast Charging,175.0,42,Unknown|Unknown
EVS01077,Unknown,Unknown,37.565367,127.009854,Greenlots,AC Level 2,150,8,1200,10,0.22,No,24/7,2017,9,Fast Charging,120.0,132,Unknown|Unknown
EVS01078,Unknown,Unknown,55.746809,37.582156,Ionity,AC Level 1,50,1,50,2,0.33,Yes,9:00-18:00,2016,10,Fast Charging,25.0,42,Unknown|Unknown
EVS01079,Unknown,Unknown,19.548508,-99.040382,EVgo,DC Fast Charger,350,6,2100,8,0.29,Yes,24/7,2021,5,Ultra-Fast Charging,262.5,83,Unknown|Unknown
EVS01080,Unknown,Unknown,52.406412,13.414761,Greenlots,AC Level 1,350,4,1400,9,0.25,Yes,6:00-22:00,2023,3,Ultra-Fast Charging,155.56,152,Unknown|Unknown
EVS01081,Unknown,Unknown,-61.825276,107.341922,Ionity,DC Fast Charger,150,1,150,1,0.38,Yes,24/7,2017,9,Fast Charging,150.0,166,Unknown|Unknown
EVS01082,Unknown,Unknown,55.837005,37.621822,Tesla,AC Level 1,22,8,176,10,0.29,No,24/7,2012,14,Destination/AC,17.6,178,Unknown|Unknown
EVS01083,Unknown,Unknown,41.929399,-87.771359,Ionity,AC Level 1,50,2,100,3,0.12,No,6:00-22:00,2010,16,Fast Charging,33.33,173,Unknown|Unknown
EVS01084,Unknown,Unknown,19.059246,72.925355,EVgo,DC Fast Charger,150,4,600,5,0.23,No,9:00-18:00,2022,4,Fast Charging,120.0,106,Unknown|Unknown
EVS01085,Unknown,Unknown,-33.78397,18.599836,ChargePoint,AC Level 1,350,2,700,3,0.37,Yes,24/7,2014,12,Ultra-Fast Charging,233.33,48,Unknown|Unknown
EVS01086,Unknown,Unknown,-23.684172,-46.63988,Ionity,AC Level 2,22,2,44,2,0.25,No,9:00-18:00,2022,4,Destination/AC,22.0,153,Unknown|Unknown
EVS01087,Unknown,Unknown,55.831728,37.682448,ChargePoint,AC Level 2,50,5,250,8,0.39,Yes,6:00-22:00,2022,4,Fast Charging,31.25,147,Unknown|Unknown
EVS01088,Unknown,Unknown,19.009129,72.919169,ChargePoint,DC Fast Charger,150,3,450,5,0.38,No,6:00-22:00,2020,6,Fast Charging,90.0,178,Unknown|Unknown
EVS01089,Unknown,Unknown,34.15867,-118.347808,ChargePoint,AC Level 1,22,7,154,9,0.37,No,6:00-22:00,2016,10,Destination/AC,17.11,122,Unknown|Unknown
EVS01090,Unknown,Unknown,19.437875,-99.180962,ChargePoint,AC Level 2,150,3,450,5,0.22,No,9:00-18:00,2013,13,Fast Charging,90.0,38,Unknown|Unknown
EVS01091,Unknown,Unknown,-69.224914,8.315345,ChargePoint,AC Level 2,150,1,150,1,0.35,No,6:00-22:00,2022,4,Fast Charging,150.0,97,Unknown|Unknown
EVS01092,Unknown,Unknown,25.254607,55.284241,ChargePoint,AC Level 1,22,5,110,9,0.38,Yes,9:00-18:00,2022,4,Destination/AC,12.22,88,Unknown|Unknown
EVS01093,Unknown,Unknown,-33.887846,18.405909,Ionity,AC Level 2,50,6,300,8,0.18,No,9:00-18:00,2010,16,Fast Charging,37.5,154,Unknown|Unknown
EVS01094,Unknown,Unknown,37.529697,127.084211,Ionity,AC Level 1,22,4,88,8,0.42,No,24/7,2013,13,Destination/AC,11.0,79,Unknown|Unknown
EVS01095,Unknown,Unknown,25.278725,55.205686,EVgo,AC Level 1,22,1,22,3,0.23,No,9:00-18:00,2011,15,Destination/AC,7.33,69,Unknown|Unknown
EVS01096,Unknown,Unknown,55.790418,37.527448,Tesla,AC Level 1,22,6,132,7,0.41,No,6:00-22:00,2017,9,Destination/AC,18.86,28,Unknown|Unknown
EVS01097,Unknown,Unknown,-33.724645,18.559037,Ionity,AC Level 1,50,6,300,8,0.31,No,9:00-18:00,2013,13,Fast Charging,37.5,152,Unknown|Unknown
EVS01098,Unknown,Unknown,13.837387,100.450944,Tesla,AC Level 2,22,8,176,10,0.41,Yes,6:00-22:00,2013,13,Destination/AC,17.6,139,Unknown|Unknown
EVS01099,Unknown,Unknown,52.507026,13.314412,ChargePoint,AC Level 2,50,2,100,2,0.48,No,24/7,2021,5,Fast Charging,50.0,21,Unknown|Unknown
EVS01100,Unknown,Unknown,19.48674,-99.17103,ChargePoint,DC Fast Charger,22,2,44,3,0.2,No,9:00-18:00,2013,13,Destination/AC,14.67,86,Unknown|Unknown
EVS01101,Unknown,Unknown,-25.964345,19.657685,EVgo,AC Level 2,22,6,132,10,0.19,No,9:00-18:00,2019,7,Destination/AC,13.2,94,Unknown|Unknown
EVS01102,Unknown,Unknown,19.082476,72.934374,EVgo,DC Fast Charger,350,4,1400,7,0.16,Yes,6:00-22:00,2018,8,Ultra-Fast Charging,200.0,92,Unknown|Unknown
EVS01103,Unknown,Unknown,37.537837,126.902128,Greenlots,DC Fast Charger,350,2,700,3,0.22,No,6:00-22:00,2021,5,Ultra-Fast Charging,233.33,166,Unknown|Unknown
EVS01104,Unknown,Unknown,55.71537,37.686833,ChargePoint,AC Level 2,50,1,50,2,0.44,Yes,9:00-18:00,2010,16,Fast Charging,25.0,39,Unknown|Unknown
EVS01105,Unknown,Unknown,19.150635,72.952049,Greenlots,DC Fast Charger,22,2,44,2,0.25,Yes,24/7,2011,15,Destination/AC,22.0,65,Unknown|Unknown
EVS01106,Unknown,Unknown,34.195379,-118.232149,Greenlots,AC Level 2,150,4,600,8,0.45,Yes,6:00-22:00,2023,3,Fast Charging,75.0,44,Unknown|Unknown
EVS01107,Unknown,Unknown,43.790898,-79.356487,Greenlots,AC Level 1,350,2,700,4,0.43,Yes,24/7,2014,12,Ultra-Fast Charging,175.0,55,Unknown|Unknown
EVS01108,Unknown,Unknown,41.970361,-87.710415,ChargePoint,DC Fast Charger,50,5,250,10,0.13,No,9:00-18:00,2017,9,Fast Charging,25.0,164,Unknown|Unknown
EVS01109,Unknown,Unknown,-33.851793,18.473575,Greenlots,DC Fast Charger,350,1,350,1,0.17,Yes,9:00-18:00,2020,6,Ultra-Fast Charging,350.0,170,Unknown|Unknown
EVS01110,Unknown,Unknown,18.948073,72.920725,Ionity,AC Level 2,150,4,600,8,0.29,Yes,9:00-18:00,2015,11,Fast Charging,75.0,22,Unknown|Unknown
EVS01111,Unknown,Unknown,-34.974387,-24.158419,Ionity,DC Fast Charger,350,1,350,2,0.38,No,24/7,2020,6,Ultra-Fast Charging,175.0,119,Unknown|Unknown
EVS01112,Unknown,Unknown,39.837208,116.254026,EVgo,AC Level 1,350,1,350,2,0.5,No,6:00-22:00,2010,16,Ultra-Fast Charging,175.0,53,Unknown|Unknown
EVS01113,Unknown,Unknown,52.554778,13.399112,ChargePoint,AC Level 2,350,4,1400,6,0.46,Yes,24/7,2022,4,Ultra-Fast Charging,233.33,46,Unknown|Unknown
EVS01114,Unknown,Unknown,-33.82479,18.43453,Ionity,AC Level 2,22,3,66,4,0.25,Yes,6:00-22:00,2013,13,Destination/AC,16.5,63,Unknown|Unknown
EVS01115,Unknown,Unknown,37.556992,127.096645,Tesla,AC Level 2,50,6,300,8,0.47,No,9:00-18:00,2023,3,Fast Charging,37.5,47,Unknown|Unknown
EVS01116,Unknown,Unknown,37.551898,127.072977,EVgo,DC Fast Charger,150,4,600,6,0.27,Yes,9:00-18:00,2012,14,Fast Charging,100.0,95,Unknown|Unknown
EVS01117,Unknown,Unknown,-33.839691,151.265079,Greenlots,DC Fast Charger,22,5,110,9,0.44,No,6:00-22:00,2010,16,Destination/AC,12.22,179,Unknown|Unknown
EVS01118,Unknown,Unknown,-23.634214,-46.545089,EVgo,AC Level 2,22,3,66,5,0.25,Yes,6:00-22:00,2010,16,Destination/AC,13.2,111,Unknown|Unknown
EVS01119,Unknown,Unknown,-33.769145,18.519338,Greenlots,DC Fast Charger,350,3,1050,5,0.24,Yes,9:00-18:00,2018,8,Ultra-Fast Charging,210.0,134,Unknown|Unknown
EVS01120,Unknown,Unknown,25.293735,55.200519,ChargePoint,AC Level 2,150,5,750,6,0.36,No,9:00-18:00,2017,9,Fast Charging,125.0,96,Unknown|Unknown
EVS01121,Unknown,Unknown,18.674307,14.590934,Ionity,DC Fast Charger,350,7,2450,10,0.14,Yes,9:00-18:00,2016,10,Ultra-Fast Charging,245.0,17,Unknown|Unknown
EVS01122,Unknown,Unknown,34.101843,-118.28718,Tesla,AC Level 2,50,1,50,1,0.44,No,6:00-22:00,2016,10,Fast Charging,50.0,28,Unknown|Unknown
EVS01123,Unknown,Unknown,-33.709479,151.367986,Tesla,DC Fast Charger,50,1,50,2,0.38,No,6:00-22:00,2014,12,Fast Charging,25.0,59,Unknown|Unknown
EVS01124,Unknown,Unknown,37.775775,-122.344577,Greenlots,AC Level 1,150,4,600,5,0.36,No,6:00-22:00,2016,10,Fast Charging,120.0,55,Unknown|Unknown
EVS01125,Unknown,Unknown,-33.747107,151.33565,ChargePoint,AC Level 2,50,4,200,5,0.27,Yes,9:00-18:00,2012,14,Fast Charging,40.0,153,Unknown|Unknown
EVS01126,Unknown,Unknown,-33.748458,151.376085,EVgo,AC Level 1,350,3,1050,5,0.34,Yes,24/7,2014,12,Ultra-Fast Charging,210.0,154,Unknown|Unknown
EVS01127,Unknown,Unknown,25.352324,55.25069,Tesla,AC Level 2,150,8,1200,10,0.31,Yes,9:00-18:00,2016,10,Fast Charging,120.0,155,Unknown|Unknown
EVS01128,Unknown,Unknown,-33.715823,151.228384,Ionity,DC Fast Charger,22,4,88,5,0.27,No,6:00-22:00,2022,4,Destination/AC,17.6,120,Unknown|Unknown
EVS01129,Unknown,Unknown,41.972925,-87.613655,ChargePoint,DC Fast Charger,350,2,700,3,0.39,Yes,9:00-18:00,2015,11,Ultra-Fast Charging,233.33,106,Unknown|Unknown
EVS01130,Unknown,Unknown,55.737496,37.666835,ChargePoint,DC Fast Charger,350,5,1750,9,0.14,No,24/7,2012,14,Ultra-Fast Charging,194.44,122,Unknown|Unknown
EVS01131,Unknown,Unknown,-44.295779,-159.169677,EVgo,AC Level 2,350,4,1400,8,0.22,No,6:00-22:00,2013,13,Ultra-Fast Charging,175.0,82,Unknown|Unknown
EVS01132,Unknown,Unknown,34.024965,-118.33366,EVgo,AC Level 2,22,1,22,1,0.47,Yes,9:00-18:00,2019,7,Destination/AC,22.0,125,Unknown|Unknown
EVS01133,Unknown,Unknown,25.330477,55.327949,EVgo,AC Level 1,150,1,150,2,0.26,No,9:00-18:00,2017,9,Fast Charging,75.0,146,Unknown|Unknown
EVS01134,Unknown,Unknown,-33.722096,151.378939,EVgo,AC Level 1,50,1,50,1,0.17,No,24/7,2016,10,Fast Charging,50.0,140,Unknown|Unknown
EVS01135,Unknown,Unknown,18.951821,72.831931,Tesla,AC Level 1,22,1,22,2,0.1,No,9:00-18:00,2022,4,Destination/AC,11.0,116,Unknown|Unknown
EVS01136,Unknown,Unknown,13.779263,100.459991,Greenlots,DC Fast Charger,350,4,1400,9,0.25,No,9:00-18:00,2019,7,Ultra-Fast Charging,155.56,24,Unknown|Unknown
EVS01137,Unknown,Unknown,18.932378,72.887181,ChargePoint,AC Level 1,150,8,1200,10,0.2,No,24/7,2016,10,Fast Charging,120.0,134,Unknown|Unknown
EVS01138,Unknown,Unknown,25.213189,55.285959,Tesla,DC Fast Charger,350,1,350,1,0.18,No,24/7,2015,11,Ultra-Fast Charging,350.0,75,Unknown|Unknown
EVS01139,Unknown,Unknown,-33.841741,18.597306,ChargePoint,AC Level 2,150,3,450,4,0.48,No,6:00-22:00,2023,3,Fast Charging,112.5,137,Unknown|Unknown
EVS01140,Unknown,Unknown,55.822747,37.680999,Greenlots,DC Fast Charger,150,2,300,3,0.18,No,6:00-22:00,2022,4,Fast Charging,100.0,104,Unknown|Unknown
EVS01141,Unknown,Unknown,9.445906,-55.589153,ChargePoint,DC Fast Charger,150,3,450,5,0.24,Yes,9:00-18:00,2018,8,Fast Charging,90.0,160,Unknown|Unknown
EVS01142,Unknown,Unknown,39.960049,116.216049,EVgo,AC Level 2,22,3,66,7,0.47,Yes,9:00-18:00,2017,9,Destination/AC,9.43,70,Unknown|Unknown
EVS01143,Unknown,Unknown,39.828486,116.38282,Greenlots,DC Fast Charger,50,7,350,9,0.2,Yes,24/7,2013,13,Fast Charging,38.89,168,Unknown|Unknown
EVS01144,Unknown,Unknown,41.883591,-87.76052,Ionity,DC Fast Charger,50,5,250,10,0.4,No,9:00-18:00,2014,12,Fast Charging,25.0,154,Unknown|Unknown
EVS01145,Unknown,Unknown,55.862757,37.57221,Ionity,AC Level 2,350,4,1400,9,0.46,Yes,24/7,2022,4,Ultra-Fast Charging,155.56,69,Unknown|Unknown
EVS01146,Unknown,Unknown,-33.876989,18.543194,Ionity,DC Fast Charger,350,7,2450,9,0.2,Yes,6:00-22:00,2011,15,Ultra-Fast Charging,272.22,94,Unknown|Unknown
EVS01147,Unknown,Unknown,39.956952,116.439439,Ionity,DC Fast Charger,350,5,1750,9,0.39,No,24/7,2019,7,Ultra-Fast Charging,194.44,102,Unknown|Unknown
EVS01148,Unknown,Unknown,43.743756,-79.40962,Greenlots,AC Level 1,50,1,50,2,0.33,Yes,9:00-18:00,2013,13,Fast Charging,25.0,141,Unknown|Unknown
EVS01149,Unknown,Unknown,-33.846264,18.432259,EVgo,AC Level 2,50,1,50,2,0.28,No,9:00-18:00,2013,13,Fast Charging,25.0,128,Unknown|Unknown
EVS01150,Unknown,Unknown,52.489022,13.367508,EVgo,DC Fast Charger,22,2,44,2,0.45,Yes,9:00-18:00,2010,16,Destination/AC,22.0,155,Unknown|Unknown
EVS01151,Unknown,Unknown,-36.146249,146.49704,ChargePoint,AC Level 2,150,2,300,3,0.24,Yes,24/7,2014,12,Fast Charging,100.0,76,Unknown|Unknown
EVS01152,Unknown,Unknown,25.27983,55.320117,ChargePoint,DC Fast Charger,22,3,66,6,0.43,No,9:00-18:00,2015,11,Destination/AC,11.0,98,Unknown|Unknown
EVS01153,Unknown,Unknown,25.30416,55.339643,EVgo,AC Level 1,22,6,132,10,0.21,No,24/7,2018,8,Destination/AC,13.2,86,Unknown|Unknown
EVS01154,Unknown,Unknown,-33.702919,18.541643,EVgo,DC Fast Charger,22,5,110,10,0.12,No,6:00-22:00,2019,7,Destination/AC,11.0,165,Unknown|Unknown
EVS01155,Unknown,Unknown,19.548655,-99.152523,Tesla,AC Level 1,22,5,110,9,0.15,Yes,24/7,2020,6,Destination/AC,12.22,65,Unknown|Unknown
EVS01156,Unknown,Unknown,-33.794587,18.482991,EVgo,AC Level 1,350,2,700,4,0.31,No,6:00-22:00,2017,9,Ultra-Fast Charging,175.0,111,Unknown|Unknown
EVS01157,Unknown,Unknown,19.423203,-99.109416,Ionity,AC Level 2,150,4,600,7,0.3,No,6:00-22:00,2011,15,Fast Charging,85.71,34,Unknown|Unknown
EVS01158,Unknown,Unknown,19.470749,-99.117494,EVgo,AC Level 1,150,3,450,5,0.22,Yes,6:00-22:00,2013,13,Fast Charging,90.0,155,Unknown|Unknown
EVS01159,Unknown,Unknown,19.577614,-99.161105,Greenlots,AC Level 1,22,5,110,6,0.33,No,6:00-22:00,2015,11,Destination/AC,18.33,78,Unknown|Unknown
EVS01160,Unknown,Unknown,52.509095,13.330651,Ionity,AC Level 1,350,2,700,5,0.18,No,24/7,2016,10,Ultra-Fast Charging,140.0,71,Unknown|Unknown
EVS01161,Unknown,Unknown,-89.630746,-32.41168,EVgo,DC Fast Charger,350,2,700,3,0.25,No,6:00-22:00,2019,7,Ultra-Fast Charging,233.33,111,Unknown|Unknown
EVS01162,Unknown,Unknown,34.17937,-118.219698,Ionity,AC Level 1,50,2,100,3,0.46,Yes,9:00-18:00,2016,10,Fast Charging,33.33,97,Unknown|Unknown
EVS01163,Unknown,Unknown,37.522961,126.913867,EVgo,AC Level 1,50,1,50,1,0.4,Yes,9:00-18:00,2011,15,Fast Charging,50.0,154,Unknown|Unknown
EVS01164,Unknown,Unknown,34.167864,-118.245561,ChargePoint,AC Level 2,50,7,350,10,0.32,No,9:00-18:00,2019,7,Fast Charging,35.0,102,Unknown|Unknown
EVS01165,Unknown,Unknown,39.842594,116.473522,Greenlots,AC Level 1,50,5,250,9,0.4,No,6:00-22:00,2013,13,Fast Charging,27.78,100,Unknown|Unknown
EVS01166,Unknown,Unknown,-23.546267,-46.633592,Greenlots,AC Level 2,50,1,50,1,0.28,No,24/7,2015,11,Fast Charging,50.0,32,Unknown|Unknown
EVS01167,Unknown,Unknown,37.611823,126.939878,Greenlots,DC Fast Charger,150,5,750,9,0.42,Yes,24/7,2015,11,Fast Charging,83.33,18,Unknown|Unknown
EVS01168,Unknown,Unknown,43.603322,-79.302742,EVgo,AC Level 2,350,1,350,2,0.21,No,6:00-22:00,2022,4,Ultra-Fast Charging,175.0,80,Unknown|Unknown
EVS01169,Unknown,Unknown,39.880678,116.208113,Ionity,AC Level 2,50,4,200,7,0.44,Yes,9:00-18:00,2023,3,Fast Charging,28.57,179,Unknown|Unknown
EVS01170,Unknown,Unknown,-33.854097,151.333887,ChargePoint,DC Fast Charger,22,7,154,10,0.11,No,6:00-22:00,2012,14,Destination/AC,15.4,166,Unknown|Unknown
EVS01171,Unknown,Unknown,-22.389199,153.117257,Greenlots,AC Level 2,150,4,600,6,0.13,No,6:00-22:00,2011,15,Fast Charging,100.0,118,Unknown|Unknown
EVS01172,Unknown,Unknown,-33.863156,18.45439,Tesla,DC Fast Charger,50,6,300,9,0.32,Yes,9:00-18:00,2023,3,Fast Charging,33.33,119,Unknown|Unknown
EVS01173,Unknown,Unknown,25.310429,55.38061,Tesla,AC Level 1,50,5,250,8,0.25,No,24/7,2010,16,Fast Charging,31.25,79,Unknown|Unknown
EVS01174,Unknown,Unknown,41.887164,-87.648673,ChargePoint,AC Level 2,50,1,50,2,0.48,Yes,9:00-18:00,2018,8,Fast Charging,25.0,44,Unknown|Unknown
EVS01175,Unknown,Unknown,37.790101,-122.370444,EVgo,AC Level 1,150,2,300,3,0.12,No,24/7,2023,3,Fast Charging,100.0,16,Unknown|Unknown
EVS01176,Unknown,Unknown,37.711163,-122.454235,Greenlots,AC Level 1,50,7,350,9,0.22,No,9:00-18:00,2020,6,Fast Charging,38.89,70,Unknown|Unknown
EVS01177,Unknown,Unknown,43.741636,-79.41695,Greenlots,AC Level 1,150,2,300,4,0.19,No,24/7,2023,3,Fast Charging,75.0,67,Unknown|Unknown
EVS01178,Unknown,Unknown,34.149342,-118.355191,Ionity,AC Level 1,22,7,154,10,0.42,No,9:00-18:00,2013,13,Destination/AC,15.4,46,Unknown|Unknown
EVS01179,Unknown,Unknown,55.858277,37.523276,Tesla,AC Level 2,150,2,300,4,0.47,No,9:00-18:00,2014,12,Fast Charging,75.0,57,Unknown|Unknown
EVS01180,Unknown,Unknown,-33.79532,18.559229,Ionity,DC Fast Charger,50,1,50,2,0.31,Yes,6:00-22:00,2019,7,Fast Charging,25.0,19,Unknown|Unknown
EVS01181,Unknown,Unknown,-21.530008,-19.54385,ChargePoint,DC Fast Charger,22,2,44,3,0.28,Yes,24/7,2023,3,Destination/AC,14.67,115,Unknown|Unknown
EVS01182,Unknown,Unknown,13.838975,100.590146,Greenlots,AC Level 2,50,3,150,6,0.37,Yes,24/7,2018,8,Fast Charging,25.0,168,Unknown|Unknown
EVS01183,Unknown,Unknown,55.861183,37.599839,Greenlots,AC Level 2,150,6,900,9,0.25,No,9:00-18:00,2020,6,Fast Charging,100.0,128,Unknown|Unknown
EVS01184,Unknown,Unknown,25.365817,55.241502,Greenlots,AC Level 1,22,4,88,6,0.32,Yes,6:00-22:00,2023,3,Destination/AC,14.67,88,Unknown|Unknown
EVS01185,Unknown,Unknown,-33.757181,151.32826,Tesla,AC Level 2,50,1,50,2,0.26,No,24/7,2023,3,Fast Charging,25.0,84,Unknown|Unknown
EVS01186,Unknown,Unknown,13.767861,100.551305,Greenlots,AC Level 2,50,1,50,3,0.13,Yes,9:00-18:00,2022,4,Fast Charging,16.67,65,Unknown|Unknown
EVS01187,Unknown,Unknown,19.061513,72.976423,Ionity,DC Fast Charger,22,1,22,2,0.21,Yes,9:00-18:00,2013,13,Destination/AC,11.0,38,Unknown|Unknown
EVS01188,Unknown,Unknown,41.952905,-87.749205,Ionity,AC Level 1,22,6,132,7,0.17,No,24/7,2019,7,Destination/AC,18.86,113,Unknown|Unknown
EVS01189,Unknown,Unknown,34.057286,-118.205731,EVgo,DC Fast Charger,150,3,450,4,0.15,Yes,24/7,2014,12,Fast Charging,112.5,108,Unknown|Unknown
EVS01190,Unknown,Unknown,52.569783,13.308017,Ionity,AC Level 2,50,1,50,2,0.24,Yes,9:00-18:00,2017,9,Fast Charging,25.0,16,Unknown|Unknown
EVS01191,Unknown,Unknown,30.502619,78.243519,Tesla,DC Fast Charger,22,2,44,4,0.47,No,9:00-18:00,2023,3,Destination/AC,11.0,83,Unknown|Unknown
EVS01192,Unknown,Unknown,37.771477,-122.405787,ChargePoint,AC Level 1,22,1,22,1,0.3,Yes,9:00-18:00,2012,14,Destination/AC,22.0,60,Unknown|Unknown
EVS01193,Unknown,Unknown,19.496902,-99.160588,ChargePoint,AC Level 2,350,2,700,5,0.47,No,24/7,2022,4,Ultra-Fast Charging,140.0,43,Unknown|Unknown
EVS01194,Unknown,Unknown,19.587605,-99.159533,Ionity,DC Fast Charger,22,5,110,7,0.31,Yes,6:00-22:00,2020,6,Destination/AC,15.71,131,Unknown|Unknown
EVS01195,Unknown,Unknown,19.538644,-99.144963,Ionity,DC Fast Charger,22,8,176,10,0.38,No,6:00-22:00,2012,14,Destination/AC,17.6,101,Unknown|Unknown
EVS01196,Unknown,Unknown,19.153957,72.983214,Ionity,AC Level 1,22,6,132,9,0.49,No,6:00-22:00,2020,6,Destination/AC,14.67,119,Unknown|Unknown
EVS01197,Unknown,Unknown,25.290763,55.300472,Ionity,DC Fast Charger,150,4,600,7,0.33,No,24/7,2011,15,Fast Charging,85.71,132,Unknown|Unknown
EVS01198,Unknown,Unknown,55.868708,37.62728,EVgo,DC Fast Charger,150,1,150,3,0.43,Yes,9:00-18:00,2014,12,Fast Charging,50.0,176,Unknown|Unknown
EVS01199,Unknown,Unknown,-33.770391,18.479781,Tesla,AC Level 1,22,5,110,10,0.48,Yes,24/7,2011,15,Destination/AC,11.0,147,Unknown|Unknown
EVS01200,Unknown,Unknown,41.917421,-87.651098,Greenlots,AC Level 1,50,6,300,10,0.43,Yes,24/7,2010,16,Fast Charging,30.0,117,Unknown|Unknown
EVS01201,Unknown,Unknown,48.802887,71.73414,ChargePoint,AC Level 2,50,4,200,5,0.31,No,6:00-22:00,2015,11,Fast Charging,40.0,160,Unknown|Unknown
EVS01202,Unknown,Unknown,25.39869,55.318394,Tesla,DC Fast Charger,22,1,22,1,0.12,Yes,24/7,2019,7,Destination/AC,22.0,93,Unknown|Unknown
EVS01203,Unknown,Unknown,-33.818403,18.5544,Greenlots,AC Level 2,50,3,150,4,0.46,Yes,6:00-22:00,2018,8,Fast Charging,37.5,177,Unknown|Unknown
EVS01204,Unknown,Unknown,19.081626,72.912146,Ionity,AC Level 2,50,4,200,5,0.42,No,24/7,2012,14,Fast Charging,40.0,140,Unknown|Unknown
EVS01205,Unknown,Unknown,55.840206,37.673208,Tesla,AC Level 1,50,1,50,3,0.15,Yes,6:00-22:00,2018,8,Fast Charging,16.67,122,Unknown|Unknown
EVS01206,Unknown,Unknown,-33.733066,151.343273,Tesla,AC Level 2,22,3,66,5,0.43,Yes,24/7,2020,6,Destination/AC,13.2,164,Unknown|Unknown
EVS01207,Unknown,Unknown,37.821741,-122.388512,EVgo,AC Level 2,150,5,750,9,0.18,No,9:00-18:00,2020,6,Fast Charging,83.33,99,Unknown|Unknown
EVS01208,Unknown,Unknown,41.908999,-87.741071,Greenlots,DC Fast Charger,350,4,1400,6,0.38,Yes,9:00-18:00,2017,9,Ultra-Fast Charging,233.33,133,Unknown|Unknown
EVS01209,Unknown,Unknown,37.74472,-122.498826,Greenlots,AC Level 1,22,6,132,9,0.25,No,6:00-22:00,2012,14,Destination/AC,14.67,61,Unknown|Unknown
EVS01210,Unknown,Unknown,55.761693,37.613895,ChargePoint,AC Level 2,350,7,2450,9,0.45,No,24/7,2017,9,Ultra-Fast Charging,272.22,173,Unknown|Unknown
EVS01211,Unknown,Unknown,58.756469,-154.717828,Tesla,AC Level 2,50,1,50,1,0.17,Yes,9:00-18:00,2010,16,Fast Charging,50.0,117,Unknown|Unknown
EVS01212,Unknown,Unknown,39.926687,116.347863,EVgo,AC Level 1,150,1,150,1,0.1,No,9:00-18:00,2011,15,Fast Charging,150.0,144,Unknown|Unknown
EVS01213,Unknown,Unknown,18.994451,72.996364,Ionity,DC Fast Charger,22,1,22,1,0.19,Yes,9:00-18:00,2012,14,Destination/AC,22.0,91,Unknown|Unknown
EVS01214,Unknown,Unknown,-33.809074,18.475246,ChargePoint,DC Fast Charger,50,7,350,9,0.23,No,6:00-22:00,2016,10,Fast Charging,38.89,158,Unknown|Unknown
EVS01215,Unknown,Unknown,41.99184,-87.646674,EVgo,DC Fast Charger,50,5,250,6,0.26,No,24/7,2019,7,Fast Charging,41.67,27,Unknown|Unknown
EVS01216,Unknown,Unknown,52.49597,13.318486,Greenlots,DC Fast Charger,150,5,750,6,0.47,No,6:00-22:00,2013,13,Fast Charging,125.0,33,Unknown|Unknown
EVS01217,Unknown,Unknown,43.617709,-79.332306,Ionity,DC Fast Charger,150,3,450,4,0.21,No,9:00-18:00,2011,15,Fast Charging,112.5,98,Unknown|Unknown
EVS01218,Unknown,Unknown,43.740851,-79.39358,ChargePoint,AC Level 1,350,7,2450,9,0.43,No,9:00-18:00,2010,16,Ultra-Fast Charging,272.22,135,Unknown|Unknown
EVS01219,Unknown,Unknown,39.962107,116.465186,Tesla,AC Level 1,22,1,22,1,0.46,No,6:00-22:00,2020,6,Destination/AC,22.0,148,Unknown|Unknown
EVS01220,Unknown,Unknown,-33.861676,18.468477,Tesla,AC Level 1,50,6,300,10,0.38,No,9:00-18:00,2014,12,Fast Charging,30.0,87,Unknown|Unknown
EVS01221,Unknown,Unknown,-52.957502,59.119297,Greenlots,AC Level 2,50,5,250,7,0.15,No,24/7,2023,3,Fast Charging,35.71,122,Unknown|Unknown
EVS01222,Unknown,Unknown,-33.849874,151.335515,Tesla,AC Level 2,350,1,350,2,0.41,Yes,24/7,2017,9,Ultra-Fast Charging,175.0,106,Unknown|Unknown
EVS01223,Unknown,Unknown,41.800259,-87.706585,Ionity,DC Fast Charger,150,5,750,6,0.16,No,24/7,2014,12,Fast Charging,125.0,173,Unknown|Unknown
EVS01224,Unknown,Unknown,13.89818,100.425271,EVgo,DC Fast Charger,350,6,2100,10,0.42,No,24/7,2014,12,Ultra-Fast Charging,210.0,122,Unknown|Unknown
EVS01225,Unknown,Unknown,52.430338,13.492874,Ionity,DC Fast Charger,150,2,300,2,0.46,Yes,9:00-18:00,2020,6,Fast Charging,150.0,83,Unknown|Unknown
EVS01226,Unknown,Unknown,39.893089,116.395449,ChargePoint,AC Level 2,22,7,154,9,0.47,Yes,9:00-18:00,2018,8,Destination/AC,17.11,175,Unknown|Unknown
EVS01227,Unknown,Unknown,-23.658178,-46.51289,Greenlots,AC Level 2,150,1,150,1,0.25,Yes,24/7,2017,9,Fast Charging,150.0,32,Unknown|Unknown
EVS01228,Unknown,Unknown,37.588283,127.069261,EVgo,DC Fast Charger,50,2,100,3,0.28,Yes,6:00-22:00,2011,15,Fast Charging,33.33,177,Unknown|Unknown
EVS01229,Unknown,Unknown,19.407565,-99.093726,Greenlots,DC Fast Charger,22,3,66,4,0.23,Yes,24/7,2014,12,Destination/AC,16.5,40,Unknown|Unknown
EVS01230,Unknown,Unknown,19.02126,72.927363,ChargePoint,DC Fast Charger,350,1,350,1,0.32,No,24/7,2021,5,Ultra-Fast Charging,350.0,62,Unknown|Unknown
EVS01231,Unknown,Unknown,-17.799939,-69.066009,Tesla,AC Level 2,50,3,150,4,0.32,No,9:00-18:00,2017,9,Fast Charging,37.5,150,Unknown|Unknown
EVS01232,Unknown,Unknown,-33.755611,18.50961,Ionity,AC Level 1,50,1,50,1,0.48,No,24/7,2019,7,Fast Charging,50.0,136,Unknown|Unknown
EVS01233,Unknown,Unknown,13.779129,100.531587,Ionity,DC Fast Charger,22,5,110,8,0.17,Yes,24/7,2018,8,Destination/AC,13.75,175,Unknown|Unknown
EVS01234,Unknown,Unknown,-33.729808,151.260688,Tesla,AC Level 1,150,6,900,9,0.5,Yes,6:00-22:00,2018,8,Fast Charging,100.0,138,Unknown|Unknown
EVS01235,Unknown,Unknown,19.592201,-99.099669,Greenlots,AC Level 1,150,3,450,5,0.19,Yes,9:00-18:00,2023,3,Fast Charging,90.0,120,Unknown|Unknown
EVS01236,Unknown,Unknown,37.50967,127.030334,Ionity,AC Level 1,50,4,200,5,0.21,No,24/7,2020,6,Fast Charging,40.0,72,Unknown|Unknown
EVS01237,Unknown,Unknown,37.640348,127.075489,Ionity,AC Level 2,50,6,300,10,0.49,Yes,6:00-22:00,2022,4,Fast Charging,30.0,15,Unknown|Unknown
EVS01238,Unknown,Unknown,41.935383,-87.616723,Ionity,AC Level 1,150,4,600,6,0.21,No,6:00-22:00,2013,13,Fast Charging,100.0,35,Unknown|Unknown
EVS01239,Unknown,Unknown,37.505805,127.087886,Ionity,DC Fast Charger,50,2,100,2,0.44,Yes,24/7,2013,13,Fast Charging,50.0,64,Unknown|Unknown
EVS01240,Unknown,Unknown,34.178803,-118.253056,EVgo,AC Level 2,150,6,900,9,0.44,Yes,9:00-18:00,2022,4,Fast Charging,100.0,21,Unknown|Unknown
EVS01241,Unknown,Unknown,32.670231,134.545254,ChargePoint,AC Level 2,350,1,350,2,0.27,Yes,6:00-22:00,2012,14,Ultra-Fast Charging,175.0,98,Unknown|Unknown
EVS01242,Unknown,Unknown,41.950239,-87.647606,EVgo,DC Fast Charger,150,4,600,8,0.48,No,9:00-18:00,2019,7,Fast Charging,75.0,143,Unknown|Unknown
EVS01243,Unknown,Unknown,43.702691,-79.437609,Tesla,DC Fast Charger,22,3,66,4,0.13,No,6:00-22:00,2021,5,Destination/AC,16.5,173,Unknown|Unknown
EVS01244,Unknown,Unknown,43.628504,-79.403438,ChargePoint,AC Level 1,150,5,750,8,0.13,No,6:00-22:00,2019,7,Fast Charging,93.75,95,Unknown|Unknown
EVS01245,Unknown,Unknown,37.841908,-122.499472,EVgo,DC Fast Charger,350,1,350,3,0.3,Yes,6:00-22:00,2021,5,Ultra-Fast Charging,116.67,159,Unknown|Unknown
EVS01246,Unknown,Unknown,39.848631,116.434143,Ionity,DC Fast Charger,150,5,750,7,0.44,No,6:00-22:00,2018,8,Fast Charging,107.14,177,Unknown|Unknown
EVS01247,Unknown,Unknown,39.946664,116.254682,Ionity,DC Fast Charger,22,1,22,2,0.21,Yes,24/7,2017,9,Destination/AC,11.0,156,Unknown|Unknown
EVS01248,Unknown,Unknown,19.576399,-99.179318,Tesla,AC Level 1,22,2,44,3,0.11,No,6:00-22:00,2023,3,Destination/AC,14.67,91,Unknown|Unknown
EVS01249,Unknown,Unknown,37.849394,-122.439574,EVgo,AC Level 1,50,3,150,5,0.4,Yes,6:00-22:00,2015,11,Fast Charging,30.0,68,Unknown|Unknown
EVS01250,Unknown,Unknown,55.77216,37.665605,Ionity,DC Fast Charger,350,5,1750,9,0.18,No,24/7,2015,11,Ultra-Fast Charging,194.44,176,Unknown|Unknown
EVS01251,Unknown,Unknown,78.794764,-97.498207,Ionity,AC Level 2,50,1,50,3,0.4,Yes,9:00-18:00,2018,8,Fast Charging,16.67,54,Unknown|Unknown
EVS01252,Unknown,Unknown,41.895343,-87.632543,EVgo,AC Level 2,350,6,2100,9,0.42,Yes,6:00-22:00,2018,8,Ultra-Fast Charging,233.33,82,Unknown|Unknown
EVS01253,Unknown,Unknown,39.964159,116.397439,ChargePoint,AC Level 1,50,6,300,9,0.29,Yes,6:00-22:00,2013,13,Fast Charging,33.33,27,Unknown|Unknown
EVS01254,Unknown,Unknown,-33.834676,151.324786,EVgo,DC Fast Charger,50,1,50,1,0.19,Yes,9:00-18:00,2013,13,Fast Charging,50.0,145,Unknown|Unknown
EVS01255,Unknown,Unknown,13.85369,100.504924,ChargePoint,AC Level 1,150,3,450,5,0.35,Yes,24/7,2011,15,Fast Charging,90.0,122,Unknown|Unknown
EVS01256,Unknown,Unknown,25.201834,55.351153,EVgo,AC Level 2,22,5,110,8,0.11,No,9:00-18:00,2017,9,Destination/AC,13.75,28,Unknown|Unknown
EVS01257,Unknown,Unknown,43.76646,-79.335634,Ionity,AC Level 2,22,2,44,3,0.44,No,24/7,2020,6,Destination/AC,14.67,51,Unknown|Unknown
EVS01258,Unknown,Unknown,-23.564704,-46.697662,EVgo,AC Level 1,150,3,450,6,0.14,No,9:00-18:00,2022,4,Fast Charging,75.0,106,Unknown|Unknown
EVS01259,Unknown,Unknown,19.428016,-99.055476,Tesla,DC Fast Charger,50,5,250,6,0.47,Yes,6:00-22:00,2012,14,Fast Charging,41.67,104,Unknown|Unknown
EVS01260,Unknown,Unknown,25.313647,55.216662,EVgo,AC Level 1,350,2,700,4,0.23,No,24/7,2021,5,Ultra-Fast Charging,175.0,147,Unknown|Unknown
EVS01261,Unknown,Unknown,83.715905,-55.586334,Ionity,DC Fast Charger,350,2,700,2,0.11,Yes,24/7,2021,5,Ultra-Fast Charging,350.0,58,Unknown|Unknown
EVS01262,Unknown,Unknown,52.491019,13.348886,EVgo,AC Level 1,50,3,150,5,0.5,No,6:00-22:00,2011,15,Fast Charging,30.0,167,Unknown|Unknown
EVS01263,Unknown,Unknown,43.748797,-79.433263,Ionity,AC Level 2,22,5,110,10,0.3,Yes,24/7,2012,14,Destination/AC,11.0,88,Unknown|Unknown
EVS01264,Unknown,Unknown,39.934387,116.340105,ChargePoint,AC Level 2,350,4,1400,7,0.34,No,6:00-22:00,2013,13,Ultra-Fast Charging,200.0,150,Unknown|Unknown
EVS01265,Unknown,Unknown,34.08529,-118.221489,EVgo,DC Fast Charger,350,1,350,1,0.46,Yes,9:00-18:00,2018,8,Ultra-Fast Charging,350.0,54,Unknown|Unknown
EVS01266,Unknown,Unknown,13.867004,100.419976,Greenlots,AC Level 2,50,5,250,6,0.45,Yes,9:00-18:00,2020,6,Fast Charging,41.67,21,Unknown|Unknown
EVS01267,Unknown,Unknown,39.974875,116.410076,ChargePoint,AC Level 2,150,4,600,6,0.19,No,9:00-18:00,2014,12,Fast Charging,100.0,24,Unknown|Unknown
EVS01268,Unknown,Unknown,52.592899,13.384267,Tesla,AC Level 1,50,5,250,8,0.3,No,6:00-22:00,2012,14,Fast Charging,31.25,76,Unknown|Unknown
EVS01269,Unknown,Unknown,18.938384,72.816944,Greenlots,AC Level 1,150,3,450,4,0.36,No,9:00-18:00,2020,6,Fast Charging,112.5,172,Unknown|Unknown
EVS01270,Unknown,Unknown,-33.710036,18.407538,Greenlots,DC Fast Charger,350,4,1400,6,0.43,No,9:00-18:00,2013,13,Ultra-Fast Charging,233.33,23,Unknown|Unknown
EVS01271,Unknown,Unknown,75.362552,-74.28057,ChargePoint,DC Fast Charger,350,7,2450,9,0.27,Yes,6:00-22:00,2015,11,Ultra-Fast Charging,272.22,75,Unknown|Unknown
EVS01272,Unknown,Unknown,41.825729,-87.734587,EVgo,AC Level 2,22,7,154,8,0.43,No,24/7,2010,16,Destination/AC,19.25,33,Unknown|Unknown
EVS01273,Unknown,Unknown,19.125079,72.806143,Greenlots,DC Fast Charger,50,1,50,1,0.29,Yes,9:00-18:00,2020,6,Fast Charging,50.0,168,Unknown|Unknown
EVS01274,Unknown,Unknown,43.75232,-79.493996,EVgo,AC Level 2,50,5,250,6,0.14,Yes,6:00-22:00,2023,3,Fast Charging,41.67,126,Unknown|Unknown
EVS01275,Unknown,Unknown,19.432797,-99.047812,Greenlots,AC Level 2,22,8,176,10,0.37,No,6:00-22:00,2016,10,Destination/AC,17.6,140,Unknown|Unknown
EVS01276,Unknown,Unknown,39.805457,116.31017,Ionity,AC Level 2,50,3,150,4,0.45,Yes,6:00-22:00,2021,5,Fast Charging,37.5,132,Unknown|Unknown
EVS01277,Unknown,Unknown,34.139995,-118.310763,Ionity,AC Level 2,350,7,2450,10,0.14,Yes,24/7,2021,5,Ultra-Fast Charging,245.0,123,Unknown|Unknown
EVS01278,Unknown,Unknown,-23.653557,-46.691647,Ionity,AC Level 2,150,1,150,3,0.25,Yes,6:00-22:00,2016,10,Fast Charging,50.0,142,Unknown|Unknown
EVS01279,Unknown,Unknown,39.869876,116.411364,EVgo,AC Level 2,350,2,700,2,0.44,Yes,9:00-18:00,2022,4,Ultra-Fast Charging,350.0,16,Unknown|Unknown
EVS01280,Unknown,Unknown,43.738033,-79.390437,Ionity,AC Level 2,22,3,66,3,0.17,No,24/7,2015,11,Destination/AC,22.0,157,Unknown|Unknown
EVS01281,Unknown,Unknown,-79.77322,94.138094,Greenlots,AC Level 2,50,1,50,1,0.3,Yes,6:00-22:00,2020,6,Fast Charging,50.0,137,Unknown|Unknown
EVS01282,Unknown,Unknown,52.411659,13.44088,EVgo,AC Level 1,50,5,250,7,0.11,Yes,9:00-18:00,2021,5,Fast Charging,35.71,137,Unknown|Unknown
EVS01283,Unknown,Unknown,37.70264,-122.473576,Greenlots,AC Level 2,350,2,700,3,0.33,No,9:00-18:00,2012,14,Ultra-Fast Charging,233.33,79,Unknown|Unknown
EVS01284,Unknown,Unknown,52.400082,13.403944,Greenlots,AC Level 2,22,2,44,4,0.41,Yes,9:00-18:00,2018,8,Destination/AC,11.0,147,Unknown|Unknown
EVS01285,Unknown,Unknown,41.900814,-87.745982,Ionity,AC Level 2,50,5,250,7,0.39,No,24/7,2022,4,Fast Charging,35.71,78,Unknown|Unknown
EVS01286,Unknown,Unknown,13.829712,100.524155,ChargePoint,DC Fast Charger,50,1,50,1,0.48,Yes,24/7,2019,7,Fast Charging,50.0,23,Unknown|Unknown
EVS01287,Unknown,Unknown,37.621942,126.920673,EVgo,DC Fast Charger,22,4,88,5,0.24,Yes,9:00-18:00,2018,8,Destination/AC,17.6,164,Unknown|Unknown
EVS01288,Unknown,Unknown,18.950461,72.896087,EVgo,AC Level 1,50,2,100,3,0.48,Yes,6:00-22:00,2017,9,Fast Charging,33.33,53,Unknown|Unknown
EVS01289,Unknown,Unknown,41.985011,-87.68649,ChargePoint,AC Level 2,350,1,350,2,0.3,Yes,24/7,2013,13,Ultra-Fast Charging,175.0,31,Unknown|Unknown
EVS01290,Unknown,Unknown,13.848854,100.532025,EVgo,AC Level 1,350,5,1750,7,0.15,No,24/7,2016,10,Ultra-Fast Charging,250.0,117,Unknown|Unknown
EVS01291,Unknown,Unknown,59.916673,-158.258473,Greenlots,AC Level 2,50,4,200,8,0.11,Yes,24/7,2012,14,Fast Charging,25.0,53,Unknown|Unknown
EVS01292,Unknown,Unknown,19.568486,-99.174015,ChargePoint,AC Level 2,350,1,350,2,0.41,Yes,9:00-18:00,2014,12,Ultra-Fast Charging,175.0,156,Unknown|Unknown
EVS01293,Unknown,Unknown,-33.734968,151.244249,EVgo,AC Level 2,22,4,88,8,0.28,Yes,9:00-18:00,2018,8,Destination/AC,11.0,88,Unknown|Unknown
EVS01294,Unknown,Unknown,19.557005,-99.089388,Tesla,AC Level 2,350,5,1750,10,0.29,No,6:00-22:00,2010,16,Ultra-Fast Charging,175.0,15,Unknown|Unknown
EVS01295,Unknown,Unknown,34.010807,-118.297669,ChargePoint,AC Level 2,350,3,1050,4,0.11,No,9:00-18:00,2011,15,Ultra-Fast Charging,262.5,172,Unknown|Unknown
EVS01296,Unknown,Unknown,39.938218,116.28694,Tesla,DC Fast Charger,150,1,150,1,0.34,Yes,9:00-18:00,2015,11,Fast Charging,150.0,99,Unknown|Unknown
EVS01297,Unknown,Unknown,-33.88807,18.440264,Ionity,AC Level 1,150,1,150,2,0.36,No,6:00-22:00,2013,13,Fast Charging,75.0,58,Unknown|Unknown
EVS01298,Unknown,Unknown,19.061128,72.954099,EVgo,DC Fast Charger,50,1,50,1,0.4,Yes,24/7,2014,12,Fast Charging,50.0,126,Unknown|Unknown
EVS01299,Unknown,Unknown,19.172069,72.942586,EVgo,DC Fast Charger,50,4,200,7,0.17,Yes,24/7,2012,14,Fast Charging,28.57,102,Unknown|Unknown
EVS01300,Unknown,Unknown,-33.710382,151.214454,Tesla,AC Level 1,22,2,44,4,0.47,Yes,24/7,2011,15,Destination/AC,11.0,19,Unknown|Unknown
EVS01301,Unknown,Unknown,76.725564,-92.122116,EVgo,AC Level 2,350,1,350,3,0.2,Yes,6:00-22:00,2023,3,Ultra-Fast Charging,116.67,140,Unknown|Unknown
EVS01302,Unknown,Unknown,52.433953,13.352454,EVgo,AC Level 2,350,3,1050,5,0.46,Yes,6:00-22:00,2023,3,Ultra-Fast Charging,210.0,81,Unknown|Unknown
EVS01303,Unknown,Unknown,34.044624,-118.381803,Tesla,DC Fast Charger,50,6,300,10,0.2,Yes,6:00-22:00,2012,14,Fast Charging,30.0,130,Unknown|Unknown
EVS01304,Unknown,Unknown,39.933035,116.341178,ChargePoint,AC Level 1,22,4,88,8,0.17,Yes,6:00-22:00,2018,8,Destination/AC,11.0,162,Unknown|Unknown
EVS01305,Unknown,Unknown,-23.61953,-46.616462,ChargePoint,AC Level 2,50,1,50,1,0.32,Yes,24/7,2013,13,Fast Charging,50.0,115,Unknown|Unknown
EVS01306,Unknown,Unknown,18.917158,72.878655,Ionity,AC Level 1,350,4,1400,7,0.11,Yes,24/7,2017,9,Ultra-Fast Charging,200.0,125,Unknown|Unknown
EVS01307,Unknown,Unknown,37.731986,-122.346841,Tesla,AC Level 2,350,2,700,3,0.16,No,24/7,2014,12,Ultra-Fast Charging,233.33,57,Unknown|Unknown
EVS01308,Unknown,Unknown,19.426657,-99.042676,ChargePoint,AC Level 1,150,6,900,8,0.13,Yes,9:00-18:00,2015,11,Fast Charging,112.5,54,Unknown|Unknown
EVS01309,Unknown,Unknown,13.841572,100.538146,Greenlots,AC Level 2,22,8,176,10,0.24,Yes,24/7,2020,6,Destination/AC,17.6,83,Unknown|Unknown
EVS01310,Unknown,Unknown,43.6642,-79.423908,EVgo,AC Level 1,350,4,1400,5,0.46,Yes,24/7,2019,7,Ultra-Fast Charging,280.0,155,Unknown|Unknown
EVS01311,Unknown,Unknown,70.979828,-69.349456,EVgo,AC Level 2,150,1,150,1,0.31,No,9:00-18:00,2022,4,Fast Charging,150.0,101,Unknown|Unknown
EVS01312,Unknown,Unknown,39.965361,116.246226,Ionity,AC Level 1,150,3,450,5,0.25,Yes,6:00-22:00,2020,6,Fast Charging,90.0,72,Unknown|Unknown
EVS01313,Unknown,Unknown,19.114804,72.886589,EVgo,DC Fast Charger,22,3,66,5,0.43,Yes,24/7,2023,3,Destination/AC,13.2,143,Unknown|Unknown
EVS01314,Unknown,Unknown,19.463641,-99.002181,ChargePoint,AC Level 1,50,3,150,6,0.33,No,24/7,2017,9,Fast Charging,25.0,155,Unknown|Unknown
EVS01315,Unknown,Unknown,-33.89503,151.28654,Ionity,AC Level 1,150,4,600,6,0.29,No,24/7,2021,5,Fast Charging,100.0,163,Unknown|Unknown
EVS01316,Unknown,Unknown,13.879457,100.587471,Ionity,AC Level 1,150,6,900,10,0.35,No,24/7,2021,5,Fast Charging,90.0,64,Unknown|Unknown
EVS01317,Unknown,Unknown,19.567165,-99.134467,Ionity,DC Fast Charger,150,6,900,9,0.49,No,9:00-18:00,2014,12,Fast Charging,100.0,132,Unknown|Unknown
EVS01318,Unknown,Unknown,-33.887164,151.26508,EVgo,AC Level 1,22,5,110,9,0.34,Yes,6:00-22:00,2016,10,Destination/AC,12.22,112,Unknown|Unknown
EVS01319,Unknown,Unknown,-23.663372,-46.543855,EVgo,DC Fast Charger,50,5,250,7,0.26,No,9:00-18:00,2011,15,Fast Charging,35.71,89,Unknown|Unknown
EVS01320,Unknown,Unknown,55.836149,37.567587,Ionity,AC Level 2,50,3,150,4,0.22,Yes,9:00-18:00,2010,16,Fast Charging,37.5,80,Unknown|Unknown
EVS01321,Unknown,Unknown,73.388051,20.36669,Tesla,AC Level 1,150,6,900,8,0.47,No,9:00-18:00,2021,5,Fast Charging,112.5,33,Unknown|Unknown
EVS01322,Unknown,Unknown,43.726371,-79.351855,Greenlots,AC Level 1,350,1,350,1,0.37,Yes,6:00-22:00,2013,13,Ultra-Fast Charging,350.0,60,Unknown|Unknown
EVS01323,Unknown,Unknown,37.695295,127.039537,ChargePoint,AC Level 1,50,5,250,8,0.11,Yes,24/7,2016,10,Fast Charging,31.25,105,Unknown|Unknown
EVS01324,Unknown,Unknown,-33.815819,151.33216,EVgo,AC Level 1,22,4,88,9,0.35,Yes,6:00-22:00,2010,16,Destination/AC,9.78,161,Unknown|Unknown
EVS01325,Unknown,Unknown,25.284982,55.383454,Greenlots,DC Fast Charger,22,4,88,5,0.42,Yes,24/7,2012,14,Destination/AC,17.6,157,Unknown|Unknown
EVS01326,Unknown,Unknown,-33.873118,151.37527,Greenlots,AC Level 1,350,5,1750,7,0.12,No,9:00-18:00,2011,15,Ultra-Fast Charging,250.0,45,Unknown|Unknown
EVS01327,Unknown,Unknown,-33.77612,18.448417,EVgo,AC Level 2,50,4,200,8,0.23,Yes,24/7,2018,8,Fast Charging,25.0,127,Unknown|Unknown
EVS01328,Unknown,Unknown,34.023187,-118.350064,ChargePoint,AC Level 1,50,1,50,2,0.15,No,6:00-22:00,2013,13,Fast Charging,25.0,28,Unknown|Unknown
EVS01329,Unknown,Unknown,-33.882882,151.229633,Greenlots,AC Level 1,50,7,350,9,0.49,No,9:00-18:00,2018,8,Fast Charging,38.89,126,Unknown|Unknown
EVS01330,Unknown,Unknown,37.864619,-122.450561,Tesla,AC Level 1,22,2,44,3,0.46,Yes,9:00-18:00,2011,15,Destination/AC,14.67,71,Unknown|Unknown
EVS01331,Unknown,Unknown,-83.623067,-9.827629,Tesla,AC Level 1,350,6,2100,10,0.29,No,24/7,2013,13,Ultra-Fast Charging,210.0,89,Unknown|Unknown
EVS01332,Unknown,Unknown,-33.739927,151.349077,Tesla,AC Level 1,350,1,350,2,0.14,No,24/7,2014,12,Ultra-Fast Charging,175.0,133,Unknown|Unknown
EVS01333,Unknown,Unknown,-23.637914,-46.672231,Greenlots,DC Fast Charger,350,6,2100,9,0.46,No,6:00-22:00,2017,9,Ultra-Fast Charging,233.33,85,Unknown|Unknown
EVS01334,Unknown,Unknown,13.887796,100.584544,EVgo,AC Level 2,150,4,600,7,0.12,Yes,9:00-18:00,2018,8,Fast Charging,85.71,148,Unknown|Unknown
EVS01335,Unknown,Unknown,43.74215,-79.496956,ChargePoint,DC Fast Charger,50,6,300,10,0.11,No,9:00-18:00,2011,15,Fast Charging,30.0,103,Unknown|Unknown
EVS01336,Unknown,Unknown,19.496756,-99.022828,Greenlots,AC Level 2,22,4,88,6,0.27,Yes,9:00-18:00,2022,4,Destination/AC,14.67,179,Unknown|Unknown
EVS01337,Unknown,Unknown,43.619739,-79.319198,ChargePoint,AC Level 2,50,4,200,5,0.26,Yes,6:00-22:00,2021,5,Fast Charging,40.0,120,Unknown|Unknown
EVS01338,Unknown,Unknown,37.822372,-122.464574,Ionity,AC Level 1,150,3,450,7,0.23,No,24/7,2012,14,Fast Charging,64.29,63,Unknown|Unknown
EVS01339,Unknown,Unknown,37.899761,-122.365254,EVgo,AC Level 2,350,1,350,1,0.32,No,9:00-18:00,2016,10,Ultra-Fast Charging,350.0,142,Unknown|Unknown
EVS01340,Unknown,Unknown,37.517466,126.958502,EVgo,AC Level 2,350,1,350,2,0.1,No,6:00-22:00,2021,5,Ultra-Fast Charging,175.0,82,Unknown|Unknown
EVS01341,Unknown,Unknown,56.823748,171.497995,EVgo,AC Level 2,22,3,66,4,0.37,No,6:00-22:00,2013,13,Destination/AC,16.5,103,Unknown|Unknown
EVS01342,Unknown,Unknown,37.747586,-122.466256,Ionity,AC Level 1,50,7,350,10,0.38,No,9:00-18:00,2022,4,Fast Charging,35.0,37,Unknown|Unknown
EVS01343,Unknown,Unknown,37.781538,-122.365482,Tesla,AC Level 1,22,3,66,4,0.41,No,9:00-18:00,2013,13,Destination/AC,16.5,34,Unknown|Unknown
EVS01344,Unknown,Unknown,25.315161,55.31149,EVgo,DC Fast Charger,22,3,66,4,0.46,No,6:00-22:00,2019,7,Destination/AC,16.5,109,Unknown|Unknown
EVS01345,Unknown,Unknown,39.964413,116.475245,Tesla,DC Fast Charger,50,6,300,7,0.23,No,9:00-18:00,2015,11,Fast Charging,42.86,45,Unknown|Unknown
EVS01346,Unknown,Unknown,19.046437,72.870101,Ionity,AC Level 1,150,5,750,8,0.16,No,24/7,2010,16,Fast Charging,93.75,179,Unknown|Unknown
EVS01347,Unknown,Unknown,-23.590234,-46.636131,Ionity,AC Level 2,22,4,88,6,0.32,No,24/7,2021,5,Destination/AC,14.67,156,Unknown|Unknown
EVS01348,Unknown,Unknown,-33.7652,18.5564,Ionity,AC Level 2,22,6,132,8,0.48,Yes,6:00-22:00,2013,13,Destination/AC,16.5,130,Unknown|Unknown
EVS01349,Unknown,Unknown,-33.845189,18.482055,ChargePoint,AC Level 2,150,5,750,9,0.31,Yes,6:00-22:00,2017,9,Fast Charging,83.33,136,Unknown|Unknown
EVS01350,Unknown,Unknown,13.72851,100.535896,Tesla,AC Level 2,350,5,1750,8,0.47,Yes,24/7,2016,10,Ultra-Fast Charging,218.75,113,Unknown|Unknown
EVS01351,Unknown,Unknown,32.978421,-43.776872,Ionity,AC Level 1,50,6,300,9,0.14,No,9:00-18:00,2018,8,Fast Charging,33.33,24,Unknown|Unknown
EVS01352,Unknown,Unknown,37.698198,127.023963,ChargePoint,AC Level 2,22,3,66,6,0.41,Yes,9:00-18:00,2020,6,Destination/AC,11.0,79,Unknown|Unknown
EVS01353,Unknown,Unknown,37.576888,127.069766,Greenlots,DC Fast Charger,150,5,750,9,0.23,Yes,9:00-18:00,2014,12,Fast Charging,83.33,96,Unknown|Unknown
EVS01354,Unknown,Unknown,39.898813,116.442535,Greenlots,AC Level 2,50,2,100,3,0.37,No,24/7,2023,3,Fast Charging,33.33,166,Unknown|Unknown
EVS01355,Unknown,Unknown,39.9289,116.448475,Ionity,AC Level 1,50,6,300,9,0.47,Yes,6:00-22:00,2010,16,Fast Charging,33.33,51,Unknown|Unknown
EVS01356,Unknown,Unknown,43.798651,-79.349847,Tesla,AC Level 1,350,5,1750,10,0.29,Yes,9:00-18:00,2021,5,Ultra-Fast Charging,175.0,96,Unknown|Unknown
EVS01357,Unknown,Unknown,37.677911,127.027363,EVgo,DC Fast Charger,50,7,350,9,0.17,Yes,9:00-18:00,2020,6,Fast Charging,38.89,71,Unknown|Unknown
EVS01358,Unknown,Unknown,18.953044,72.943586,ChargePoint,AC Level 2,350,6,2100,9,0.38,No,6:00-22:00,2017,9,Ultra-Fast Charging,233.33,37,Unknown|Unknown
EVS01359,Unknown,Unknown,55.839801,37.533213,Tesla,AC Level 2,150,5,750,7,0.43,Yes,9:00-18:00,2020,6,Fast Charging,107.14,31,Unknown|Unknown
EVS01360,Unknown,Unknown,37.643524,127.09444,Tesla,AC Level 1,350,4,1400,8,0.11,Yes,6:00-22:00,2021,5,Ultra-Fast Charging,175.0,75,Unknown|Unknown
EVS01361,Unknown,Unknown,-24.259794,112.029429,Greenlots,AC Level 2,350,3,1050,4,0.14,No,24/7,2021,5,Ultra-Fast Charging,262.5,28,Unknown|Unknown
EVS01362,Unknown,Unknown,-23.504398,-46.559216,EVgo,AC Level 2,150,1,150,3,0.48,Yes,6:00-22:00,2018,8,Fast Charging,50.0,26,Unknown|Unknown
EVS01363,Unknown,Unknown,13.799237,100.570212,Tesla,AC Level 1,350,2,700,3,0.48,Yes,9:00-18:00,2022,4,Ultra-Fast Charging,233.33,72,Unknown|Unknown
EVS01364,Unknown,Unknown,25.395844,55.330079,ChargePoint,AC Level 2,350,2,700,4,0.25,No,24/7,2010,16,Ultra-Fast Charging,175.0,48,Unknown|Unknown
EVS01365,Unknown,Unknown,13.838505,100.592743,ChargePoint,AC Level 1,350,3,1050,4,0.18,Yes,6:00-22:00,2021,5,Ultra-Fast Charging,262.5,106,Unknown|Unknown
EVS01366,Unknown,Unknown,19.520058,-99.125192,Greenlots,AC Level 2,150,4,600,7,0.12,No,24/7,2013,13,Fast Charging,85.71,17,Unknown|Unknown
EVS01367,Unknown,Unknown,34.041058,-118.229442,EVgo,AC Level 2,150,7,1050,10,0.47,No,24/7,2013,13,Fast Charging,105.0,64,Unknown|Unknown
EVS01368,Unknown,Unknown,19.58155,-99.08691,EVgo,DC Fast Charger,150,1,150,2,0.36,Yes,9:00-18:00,2020,6,Fast Charging,75.0,89,Unknown|Unknown
EVS01369,Unknown,Unknown,55.813575,37.619205,Ionity,DC Fast Charger,350,3,1050,4,0.21,No,24/7,2012,14,Ultra-Fast Charging,262.5,173,Unknown|Unknown
EVS01370,Unknown,Unknown,34.168419,-118.244398,EVgo,DC Fast Charger,350,3,1050,4,0.43,Yes,6:00-22:00,2018,8,Ultra-Fast Charging,262.5,119,Unknown|Unknown
EVS01371,Unknown,Unknown,-50.106559,-155.664376,Tesla,AC Level 1,22,5,110,8,0.35,No,6:00-22:00,2020,6,Destination/AC,13.75,160,Unknown|Unknown
EVS01372,Unknown,Unknown,41.810413,-87.666207,Tesla,AC Level 2,50,1,50,1,0.29,Yes,24/7,2012,14,Fast Charging,50.0,71,Unknown|Unknown
EVS01373,Unknown,Unknown,19.546299,-99.191859,EVgo,AC Level 2,350,2,700,5,0.37,Yes,6:00-22:00,2015,11,Ultra-Fast Charging,140.0,89,Unknown|Unknown
EVS01374,Unknown,Unknown,-33.860879,18.57245,Tesla,AC Level 1,150,1,150,3,0.13,Yes,6:00-22:00,2015,11,Fast Charging,50.0,84,Unknown|Unknown
EVS01375,Unknown,Unknown,41.961902,-87.753527,Greenlots,AC Level 1,22,6,132,7,0.28,No,6:00-22:00,2016,10,Destination/AC,18.86,161,Unknown|Unknown
EVS01376,Unknown,Unknown,-23.643465,-46.577688,Greenlots,DC Fast Charger,50,6,300,9,0.45,Yes,6:00-22:00,2020,6,Fast Charging,33.33,173,Unknown|Unknown
EVS01377,Unknown,Unknown,-23.695879,-46.554191,Greenlots,DC Fast Charger,350,4,1400,8,0.37,Yes,6:00-22:00,2022,4,Ultra-Fast Charging,175.0,173,Unknown|Unknown
EVS01378,Unknown,Unknown,13.871558,100.517493,Tesla,AC Level 2,350,2,700,2,0.31,No,9:00-18:00,2011,15,Ultra-Fast Charging,350.0,139,Unknown|Unknown
EVS01379,Unknown,Unknown,55.86184,37.689777,Ionity,AC Level 1,150,1,150,2,0.14,No,9:00-18:00,2010,16,Fast Charging,75.0,98,Unknown|Unknown
EVS01380,Unknown,Unknown,55.782583,37.605439,Greenlots,DC Fast Charger,22,6,132,10,0.15,No,24/7,2023,3,Destination/AC,13.2,104,Unknown|Unknown
EVS01381,Unknown,Unknown,50.599395,160.502136,EVgo,DC Fast Charger,22,4,88,5,0.12,No,9:00-18:00,2023,3,Destination/AC,17.6,176,Unknown|Unknown
EVS01382,Unknown,Unknown,13.783975,100.558731,EVgo,DC Fast Charger,22,4,88,5,0.15,No,24/7,2017,9,Destination/AC,17.6,61,Unknown|Unknown
EVS01383,Unknown,Unknown,-33.749004,18.476449,Greenlots,AC Level 2,50,6,300,8,0.23,No,24/7,2010,16,Fast Charging,37.5,72,Unknown|Unknown
EVS01384,Unknown,Unknown,34.01742,-118.226354,ChargePoint,AC Level 1,50,3,150,4,0.25,No,6:00-22:00,2014,12,Fast Charging,37.5,163,Unknown|Unknown
EVS01385,Unknown,Unknown,37.716852,-122.335586,ChargePoint,AC Level 2,350,6,2100,7,0.47,Yes,24/7,2019,7,Ultra-Fast Charging,300.0,78,Unknown|Unknown
EVS01386,Unknown,Unknown,-23.553712,-46.654567,Ionity,AC Level 2,22,4,88,9,0.28,Yes,9:00-18:00,2021,5,Destination/AC,9.78,53,Unknown|Unknown
EVS01387,Unknown,Unknown,52.569267,13.321758,ChargePoint,DC Fast Charger,22,6,132,7,0.19,No,9:00-18:00,2020,6,Destination/AC,18.86,107,Unknown|Unknown
EVS01388,Unknown,Unknown,37.771452,-122.388908,Ionity,AC Level 2,50,3,150,4,0.12,Yes,24/7,2017,9,Fast Charging,37.5,68,Unknown|Unknown
EVS01389,Unknown,Unknown,19.062232,72.901625,Tesla,DC Fast Charger,22,1,22,1,0.25,Yes,6:00-22:00,2016,10,Destination/AC,22.0,161,Unknown|Unknown
EVS01390,Unknown,Unknown,18.935566,72.906035,Greenlots,DC Fast Charger,150,6,900,10,0.47,Yes,24/7,2021,5,Fast Charging,90.0,164,Unknown|Unknown
EVS01391,Unknown,Unknown,-89.68085,26.774599,Ionity,AC Level 2,150,1,150,1,0.39,Yes,9:00-18:00,2014,12,Fast Charging,150.0,65,Unknown|Unknown
EVS01392,Unknown,Unknown,41.903474,-87.748623,Tesla,DC Fast Charger,150,4,600,5,0.38,No,9:00-18:00,2015,11,Fast Charging,120.0,102,Unknown|Unknown
EVS01393,Unknown,Unknown,52.59717,13.489921,EVgo,AC Level 1,22,5,110,7,0.5,Yes,6:00-22:00,2012,14,Destination/AC,15.71,177,Unknown|Unknown
EVS01394,Unknown,Unknown,25.359915,55.211477,Ionity,DC Fast Charger,50,2,100,3,0.1,No,6:00-22:00,2017,9,Fast Charging,33.33,137,Unknown|Unknown
EVS01395,Unknown,Unknown,-33.814708,151.231522,Greenlots,AC Level 2,150,7,1050,8,0.15,Yes,9:00-18:00,2018,8,Fast Charging,131.25,50,Unknown|Unknown
EVS01396,Unknown,Unknown,25.33702,55.269899,Greenlots,AC Level 2,50,6,300,8,0.5,No,24/7,2010,16,Fast Charging,37.5,112,Unknown|Unknown
EVS01397,Unknown,Unknown,-23.557687,-46.591809,EVgo,AC Level 2,350,2,700,4,0.36,No,24/7,2014,12,Ultra-Fast Charging,175.0,117,Unknown|Unknown
EVS01398,Unknown,Unknown,43.713095,-79.395191,EVgo,AC Level 2,50,3,150,5,0.17,Yes,9:00-18:00,2019,7,Fast Charging,30.0,122,Unknown|Unknown
EVS01399,Unknown,Unknown,41.855673,-87.682783,EVgo,AC Level 2,50,2,100,4,0.31,No,24/7,2019,7,Fast Charging,25.0,19,Unknown|Unknown
EVS01400,Unknown,Unknown,-33.868569,151.322289,EVgo,AC Level 1,50,1,50,1,0.22,No,6:00-22:00,2011,15,Fast Charging,50.0,64,Unknown|Unknown
EVS01401,Unknown,Unknown,-2.395072,-117.939073,Greenlots,AC Level 1,150,5,750,9,0.27,Yes,24/7,2015,11,Fast Charging,83.33,156,Unknown|Unknown
EVS01402,Unknown,Unknown,37.898223,-122.370058,Tesla,AC Level 2,22,6,132,8,0.47,Yes,24/7,2016,10,Destination/AC,16.5,54,Unknown|Unknown
EVS01403,Unknown,Unknown,39.874911,116.206175,Greenlots,AC Level 1,150,1,150,1,0.35,Yes,24/7,2013,13,Fast Charging,150.0,64,Unknown|Unknown
EVS01404,Unknown,Unknown,39.947259,116.420721,Ionity,AC Level 2,50,3,150,4,0.23,No,9:00-18:00,2023,3,Fast Charging,37.5,68,Unknown|Unknown
EVS01405,Unknown,Unknown,-33.853662,151.326782,ChargePoint,AC Level 1,350,1,350,2,0.3,Yes,24/7,2016,10,Ultra-Fast Charging,175.0,44,Unknown|Unknown
EVS01406,Unknown,Unknown,13.722958,100.514492,EVgo,AC Level 1,22,1,22,1,0.31,Yes,6:00-22:00,2015,11,Destination/AC,22.0,40,Unknown|Unknown
EVS01407,Unknown,Unknown,39.962357,116.464322,EVgo,AC Level 1,350,1,350,1,0.26,Yes,6:00-22:00,2014,12,Ultra-Fast Charging,350.0,72,Unknown|Unknown
EVS01408,Unknown,Unknown,-33.880044,151.232611,EVgo,AC Level 2,150,3,450,4,0.16,No,24/7,2010,16,Fast Charging,112.5,159,Unknown|Unknown
EVS01409,Unknown,Unknown,25.377555,55.225867,Tesla,AC Level 2,22,7,154,10,0.1,No,6:00-22:00,2017,9,Destination/AC,15.4,15,Unknown|Unknown
EVS01410,Unknown,Unknown,52.406609,13.319916,EVgo,DC Fast Charger,150,7,1050,9,0.42,No,6:00-22:00,2013,13,Fast Charging,116.67,61,Unknown|Unknown
EVS01411,Unknown,Unknown,13.650951,-107.42209,Ionity,AC Level 1,150,1,150,1,0.35,No,6:00-22:00,2022,4,Fast Charging,150.0,25,Unknown|Unknown
EVS01412,Unknown,Unknown,37.882349,-122.470852,EVgo,AC Level 2,50,2,100,3,0.28,No,24/7,2021,5,Fast Charging,33.33,107,Unknown|Unknown
EVS01413,Unknown,Unknown,13.848256,100.489241,Tesla,AC Level 2,150,7,1050,9,0.33,No,24/7,2021,5,Fast Charging,116.67,56,Unknown|Unknown
EVS01414,Unknown,Unknown,37.771047,-122.428884,Ionity,DC Fast Charger,22,6,132,10,0.39,Yes,9:00-18:00,2022,4,Destination/AC,13.2,145,Unknown|Unknown
EVS01415,Unknown,Unknown,43.679517,-79.42533,EVgo,DC Fast Charger,22,6,132,10,0.26,Yes,6:00-22:00,2022,4,Destination/AC,13.2,111,Unknown|Unknown
EVS01416,Unknown,Unknown,43.732759,-79.324442,Greenlots,DC Fast Charger,50,3,150,5,0.21,No,24/7,2023,3,Fast Charging,30.0,144,Unknown|Unknown
EVS01417,Unknown,Unknown,18.947638,72.95107,ChargePoint,AC Level 2,350,1,350,1,0.4,No,24/7,2014,12,Ultra-Fast Charging,350.0,119,Unknown|Unknown
EVS01418,Unknown,Unknown,18.906414,72.830969,Ionity,DC Fast Charger,50,5,250,7,0.29,Yes,9:00-18:00,2011,15,Fast Charging,35.71,87,Unknown|Unknown
EVS01419,Unknown,Unknown,13.860588,100.527264,EVgo,AC Level 1,22,6,132,8,0.34,Yes,24/7,2012,14,Destination/AC,16.5,157,Unknown|Unknown
EVS01420,Unknown,Unknown,-33.784196,18.479474,Ionity,AC Level 2,22,4,88,7,0.46,Yes,24/7,2015,11,Destination/AC,12.57,93,Unknown|Unknown
EVS01421,Unknown,Unknown,-46.883235,-90.183889,ChargePoint,AC Level 1,50,1,50,2,0.29,No,6:00-22:00,2012,14,Fast Charging,25.0,171,Unknown|Unknown
EVS01422,Unknown,Unknown,-33.776436,151.388665,Ionity,AC Level 1,350,2,700,3,0.29,Yes,6:00-22:00,2021,5,Ultra-Fast Charging,233.33,179,Unknown|Unknown
EVS01423,Unknown,Unknown,19.412087,-99.043539,EVgo,AC Level 2,50,3,150,5,0.4,Yes,24/7,2023,3,Fast Charging,30.0,112,Unknown|Unknown
EVS01424,Unknown,Unknown,19.016195,72.852009,Ionity,AC Level 1,22,3,66,4,0.2,No,9:00-18:00,2018,8,Destination/AC,16.5,126,Unknown|Unknown
EVS01425,Unknown,Unknown,37.632099,127.077764,ChargePoint,AC Level 2,350,1,350,1,0.15,Yes,9:00-18:00,2012,14,Ultra-Fast Charging,350.0,57,Unknown|Unknown
EVS01426,Unknown,Unknown,39.993801,116.273066,Greenlots,DC Fast Charger,150,4,600,6,0.26,No,24/7,2010,16,Fast Charging,100.0,149,Unknown|Unknown
EVS01427,Unknown,Unknown,41.838451,-87.773175,Tesla,DC Fast Charger,150,6,900,9,0.41,No,6:00-22:00,2020,6,Fast Charging,100.0,125,Unknown|Unknown
EVS01428,Unknown,Unknown,39.948154,116.464414,Tesla,AC Level 1,22,5,110,7,0.18,Yes,24/7,2016,10,Destination/AC,15.71,163,Unknown|Unknown
EVS01429,Unknown,Unknown,39.82611,116.482509,EVgo,AC Level 2,22,4,88,8,0.12,Yes,6:00-22:00,2015,11,Destination/AC,11.0,59,Unknown|Unknown
EVS01430,Unknown,Unknown,34.181975,-118.287696,Tesla,AC Level 1,50,2,100,3,0.17,Yes,6:00-22:00,2011,15,Fast Charging,33.33,144,Unknown|Unknown
EVS01431,Unknown,Unknown,-69.752762,71.606359,Tesla,DC Fast Charger,150,7,1050,10,0.2,Yes,6:00-22:00,2013,13,Fast Charging,105.0,92,Unknown|Unknown
EVS01432,Unknown,Unknown,25.250222,55.315419,EVgo,AC Level 1,50,5,250,8,0.32,No,9:00-18:00,2010,16,Fast Charging,31.25,45,Unknown|Unknown
EVS01433,Unknown,Unknown,39.821,116.319528,ChargePoint,AC Level 1,22,2,44,3,0.1,Yes,6:00-22:00,2018,8,Destination/AC,14.67,43,Unknown|Unknown
EVS01434,Unknown,Unknown,52.52588,13.313011,EVgo,AC Level 2,150,1,150,1,0.46,No,24/7,2010,16,Fast Charging,150.0,107,Unknown|Unknown
EVS01435,Unknown,Unknown,13.745612,100.439406,Ionity,DC Fast Charger,22,5,110,8,0.4,No,24/7,2020,6,Destination/AC,13.75,67,Unknown|Unknown
EVS01436,Unknown,Unknown,19.536237,-99.086704,ChargePoint,AC Level 1,350,1,350,1,0.42,No,9:00-18:00,2022,4,Ultra-Fast Charging,350.0,31,Unknown|Unknown
EVS01437,Unknown,Unknown,52.440178,13.452407,ChargePoint,AC Level 2,350,3,1050,5,0.15,Yes,24/7,2013,13,Ultra-Fast Charging,210.0,85,Unknown|Unknown
EVS01438,Unknown,Unknown,55.801982,37.641788,ChargePoint,DC Fast Charger,350,5,1750,7,0.41,No,24/7,2022,4,Ultra-Fast Charging,250.0,122,Unknown|Unknown
EVS01439,Unknown,Unknown,37.532968,127.022485,Greenlots,AC Level 1,150,1,150,2,0.27,No,9:00-18:00,2020,6,Fast Charging,75.0,67,Unknown|Unknown
EVS01440,Unknown,Unknown,41.894034,-87.684508,EVgo,DC Fast Charger,350,4,1400,8,0.23,No,6:00-22:00,2019,7,Ultra-Fast Charging,175.0,172,Unknown|Unknown
EVS01441,Unknown,Unknown,57.877122,38.512024,Greenlots,AC Level 2,50,2,100,4,0.14,Yes,9:00-18:00,2017,9,Fast Charging,25.0,143,Unknown|Unknown
EVS01442,Unknown,Unknown,19.088334,72.829001,EVgo,DC Fast Charger,350,4,1400,7,0.37,Yes,6:00-22:00,2020,6,Ultra-Fast Charging,200.0,99,Unknown|Unknown
EVS01443,Unknown,Unknown,25.239124,55.340283,ChargePoint,AC Level 1,150,1,150,1,0.14,Yes,9:00-18:00,2011,15,Fast Charging,150.0,169,Unknown|Unknown
EVS01444,Unknown,Unknown,37.829809,-122.315193,EVgo,DC Fast Charger,22,1,22,1,0.31,No,24/7,2020,6,Destination/AC,22.0,86,Unknown|Unknown
EVS01445,Unknown,Unknown,13.787581,100.522335,Ionity,DC Fast Charger,150,4,600,8,0.25,Yes,9:00-18:00,2022,4,Fast Charging,75.0,38,Unknown|Unknown
EVS01446,Unknown,Unknown,37.844106,-122.384436,ChargePoint,DC Fast Charger,350,4,1400,5,0.41,Yes,9:00-18:00,2020,6,Ultra-Fast Charging,280.0,20,Unknown|Unknown
EVS01447,Unknown,Unknown,-33.750842,151.227688,Greenlots,AC Level 2,150,3,450,5,0.21,Yes,24/7,2013,13,Fast Charging,90.0,169,Unknown|Unknown
EVS01448,Unknown,Unknown,41.942824,-87.716234,ChargePoint,DC Fast Charger,22,1,22,2,0.36,No,6:00-22:00,2012,14,Destination/AC,11.0,173,Unknown|Unknown
EVS01449,Unknown,Unknown,-23.68555,-46.54404,ChargePoint,AC Level 1,22,3,66,4,0.13,Yes,24/7,2011,15,Destination/AC,16.5,136,Unknown|Unknown
EVS01450,Unknown,Unknown,19.048991,72.857809,Tesla,AC Level 2,350,5,1750,9,0.27,Yes,6:00-22:00,2021,5,Ultra-Fast Charging,194.44,31,Unknown|Unknown
EVS01451,Unknown,Unknown,76.604566,-125.414383,Greenlots,DC Fast Charger,22,1,22,2,0.17,No,6:00-22:00,2021,5,Destination/AC,11.0,63,Unknown|Unknown
EVS01452,Unknown,Unknown,-23.676579,-46.697564,EVgo,AC Level 1,350,6,2100,7,0.32,Yes,24/7,2012,14,Ultra-Fast Charging,300.0,21,Unknown|Unknown
EVS01453,Unknown,Unknown,34.070571,-118.217843,Tesla,DC Fast Charger,150,2,300,2,0.38,No,6:00-22:00,2013,13,Fast Charging,150.0,23,Unknown|Unknown
EVS01454,Unknown,Unknown,41.851339,-87.684074,ChargePoint,AC Level 1,350,3,1050,4,0.29,Yes,6:00-22:00,2022,4,Ultra-Fast Charging,262.5,55,Unknown|Unknown
EVS01455,Unknown,Unknown,43.780249,-79.377379,Greenlots,AC Level 2,150,5,750,10,0.29,No,9:00-18:00,2011,15,Fast Charging,75.0,109,Unknown|Unknown
EVS01456,Unknown,Unknown,-33.869466,151.245855,Greenlots,DC Fast Charger,350,5,1750,8,0.12,No,9:00-18:00,2013,13,Ultra-Fast Charging,218.75,25,Unknown|Unknown
EVS01457,Unknown,Unknown,41.917358,-87.748345,Tesla,AC Level 2,350,7,2450,8,0.34,No,24/7,2023,3,Ultra-Fast Charging,306.25,177,Unknown|Unknown
EVS01458,Unknown,Unknown,25.207299,55.399958,Greenlots,AC Level 1,350,3,1050,4,0.18,Yes,9:00-18:00,2010,16,Ultra-Fast Charging,262.5,90,Unknown|Unknown
EVS01459,Unknown,Unknown,37.845804,-122.478836,Greenlots,AC Level 1,22,3,66,6,0.21,No,6:00-22:00,2013,13,Destination/AC,11.0,58,Unknown|Unknown
EVS01460,Unknown,Unknown,-33.704646,151.349526,Greenlots,AC Level 1,50,5,250,9,0.25,No,24/7,2020,6,Fast Charging,27.78,100,Unknown|Unknown
EVS01461,Unknown,Unknown,24.756145,61.741309,Greenlots,AC Level 1,350,6,2100,10,0.33,Yes,24/7,2011,15,Ultra-Fast Charging,210.0,145,Unknown|Unknown
EVS01462,Unknown,Unknown,39.803864,116.38787,Greenlots,DC Fast Charger,50,1,50,1,0.41,Yes,24/7,2017,9,Fast Charging,50.0,66,Unknown|Unknown
EVS01463,Unknown,Unknown,18.99877,72.840747,Greenlots,AC Level 1,150,1,150,1,0.48,No,6:00-22:00,2018,8,Fast Charging,150.0,22,Unknown|Unknown
EVS01464,Unknown,Unknown,34.044496,-118.320989,Tesla,AC Level 2,22,3,66,6,0.47,No,6:00-22:00,2018,8,Destination/AC,11.0,23,Unknown|Unknown
EVS01465,Unknown,Unknown,13.750524,100.476377,ChargePoint,AC Level 2,50,5,250,9,0.46,Yes,24/7,2016,10,Fast Charging,27.78,155,Unknown|Unknown
EVS01466,Unknown,Unknown,43.727091,-79.445032,Ionity,AC Level 1,22,1,22,2,0.19,No,9:00-18:00,2014,12,Destination/AC,11.0,33,Unknown|Unknown
EVS01467,Unknown,Unknown,19.478068,-99.18885,Tesla,DC Fast Charger,350,5,1750,8,0.42,Yes,9:00-18:00,2019,7,Ultra-Fast Charging,218.75,119,Unknown|Unknown
EVS01468,Unknown,Unknown,19.477122,-99.020057,Tesla,AC Level 1,350,4,1400,8,0.16,No,6:00-22:00,2013,13,Ultra-Fast Charging,175.0,78,Unknown|Unknown
EVS01469,Unknown,Unknown,19.095753,72.91061,Tesla,DC Fast Charger,22,1,22,2,0.24,No,6:00-22:00,2016,10,Destination/AC,11.0,143,Unknown|Unknown
EVS01470,Unknown,Unknown,43.637381,-79.435596,EVgo,AC Level 1,22,4,88,7,0.14,No,24/7,2023,3,Destination/AC,12.57,24,Unknown|Unknown
EVS01471,Unknown,Unknown,-54.301943,-59.990984,ChargePoint,AC Level 1,22,6,132,7,0.22,Yes,9:00-18:00,2013,13,Destination/AC,18.86,163,Unknown|Unknown
EVS01472,Unknown,Unknown,19.51779,-99.136703,ChargePoint,AC Level 1,22,4,88,7,0.48,No,6:00-22:00,2019,7,Destination/AC,12.57,130,Unknown|Unknown
EVS01473,Unknown,Unknown,43.635197,-79.477468,Ionity,DC Fast Charger,50,3,150,4,0.29,No,24/7,2020,6,Fast Charging,37.5,89,Unknown|Unknown
EVS01474,Unknown,Unknown,-33.889779,151.271227,EVgo,DC Fast Charger,50,4,200,7,0.36,Yes,6:00-22:00,2020,6,Fast Charging,28.57,49,Unknown|Unknown
EVS01475,Unknown,Unknown,55.899262,37.564703,Ionity,AC Level 1,150,1,150,2,0.35,No,6:00-22:00,2016,10,Fast Charging,75.0,176,Unknown|Unknown
EVS01476,Unknown,Unknown,43.667948,-79.431229,Greenlots,AC Level 1,150,4,600,8,0.31,No,6:00-22:00,2015,11,Fast Charging,75.0,64,Unknown|Unknown
EVS01477,Unknown,Unknown,34.091504,-118.338289,ChargePoint,DC Fast Charger,350,2,700,5,0.49,No,9:00-18:00,2013,13,Ultra-Fast Charging,140.0,95,Unknown|Unknown
EVS01478,Unknown,Unknown,13.864532,100.596434,Greenlots,DC Fast Charger,350,5,1750,10,0.44,No,24/7,2011,15,Ultra-Fast Charging,175.0,80,Unknown|Unknown
EVS01479,Unknown,Unknown,-23.588261,-46.582308,Greenlots,AC Level 1,22,3,66,4,0.1,Yes,9:00-18:00,2013,13,Destination/AC,16.5,53,Unknown|Unknown
EVS01480,Unknown,Unknown,41.843215,-87.603255,ChargePoint,DC Fast Charger,22,6,132,9,0.12,Yes,9:00-18:00,2022,4,Destination/AC,14.67,83,Unknown|Unknown
EVS01481,Unknown,Unknown,-9.192887,130.963746,EVgo,AC Level 1,50,2,100,4,0.42,Yes,24/7,2018,8,Fast Charging,25.0,39,Unknown|Unknown
EVS01482,Unknown,Unknown,25.359871,55.200965,EVgo,DC Fast Charger,150,2,300,3,0.22,No,24/7,2021,5,Fast Charging,100.0,15,Unknown|Unknown
EVS01483,Unknown,Unknown,55.850415,37.643948,EVgo,AC Level 2,350,5,1750,7,0.4,Yes,9:00-18:00,2010,16,Ultra-Fast Charging,250.0,62,Unknown|Unknown
EVS01484,Unknown,Unknown,25.21714,55.346764,Tesla,DC Fast Charger,350,1,350,2,0.15,No,24/7,2012,14,Ultra-Fast Charging,175.0,33,Unknown|Unknown
EVS01485,Unknown,Unknown,34.172192,-118.203925,Tesla,AC Level 2,50,2,100,3,0.29,No,9:00-18:00,2013,13,Fast Charging,33.33,83,Unknown|Unknown
EVS01486,Unknown,Unknown,-33.782654,151.341052,Tesla,DC Fast Charger,350,3,1050,6,0.39,Yes,9:00-18:00,2016,10,Ultra-Fast Charging,175.0,157,Unknown|Unknown
EVS01487,Unknown,Unknown,43.772071,-79.370821,Ionity,DC Fast Charger,22,5,110,9,0.32,No,6:00-22:00,2020,6,Destination/AC,12.22,41,Unknown|Unknown
EVS01488,Unknown,Unknown,43.734919,-79.474361,Ionity,AC Level 1,350,3,1050,5,0.45,No,9:00-18:00,2012,14,Ultra-Fast Charging,210.0,15,Unknown|Unknown
EVS01489,Unknown,Unknown,19.490392,-99.178324,Tesla,AC Level 1,22,6,132,7,0.25,Yes,6:00-22:00,2018,8,Destination/AC,18.86,33,Unknown|Unknown
EVS01490,Unknown,Unknown,52.489068,13.381661,ChargePoint,DC Fast Charger,50,1,50,1,0.43,No,24/7,2011,15,Fast Charging,50.0,98,Unknown|Unknown
EVS01491,Unknown,Unknown,60.868716,-141.621817,Tesla,AC Level 2,50,8,400,10,0.49,No,9:00-18:00,2010,16,Fast Charging,40.0,60,Unknown|Unknown
EVS01492,Unknown,Unknown,39.953508,116.385712,Greenlots,AC Level 1,50,5,250,8,0.17,No,9:00-18:00,2015,11,Fast Charging,31.25,95,Unknown|Unknown
EVS01493,Unknown,Unknown,13.721363,100.533643,EVgo,DC Fast Charger,150,1,150,1,0.24,Yes,24/7,2017,9,Fast Charging,150.0,19,Unknown|Unknown
EVS01494,Unknown,Unknown,34.059147,-118.201215,Tesla,AC Level 2,50,5,250,8,0.45,No,24/7,2023,3,Fast Charging,31.25,69,Unknown|Unknown
EVS01495,Unknown,Unknown,37.569335,126.990694,Ionity,AC Level 2,150,4,600,7,0.23,No,9:00-18:00,2023,3,Fast Charging,85.71,82,Unknown|Unknown
EVS01496,Unknown,Unknown,19.472514,-99.052013,Tesla,DC Fast Charger,150,1,150,3,0.21,Yes,9:00-18:00,2021,5,Fast Charging,50.0,86,Unknown|Unknown
EVS01497,Unknown,Unknown,41.802405,-87.704307,ChargePoint,AC Level 2,350,1,350,1,0.35,Yes,24/7,2017,9,Ultra-Fast Charging,350.0,105,Unknown|Unknown
EVS01498,Unknown,Unknown,39.962174,116.358456,Greenlots,AC Level 2,50,6,300,9,0.5,No,24/7,2021,5,Fast Charging,33.33,143,Unknown|Unknown
EVS01499,Unknown,Unknown,19.550068,-99.102528,ChargePoint,AC Level 2,150,3,450,5,0.2,No,6:00-22:00,2012,14,Fast Charging,90.0,92,Unknown|Unknown
EVS01500,Unknown,Unknown,13.88778,100.59624,Tesla,AC Level 2,350,5,1750,10,0.33,Yes,9:00-18:00,2013,13,Ultra-Fast Charging,175.0,153,Unknown|Unknown
EVS01501,Unknown,Unknown,53.893264,3.884964,EVgo,AC Level 2,350,7,2450,10,0.46,No,6:00-22:00,2015,11,Ultra-Fast Charging,245.0,102,Unknown|Unknown
EVS01502,Unknown,Unknown,-33.871189,151.392343,Ionity,AC Level 2,50,5,250,9,0.34,Yes,6:00-22:00,2022,4,Fast Charging,27.78,57,Unknown|Unknown
EVS01503,Unknown,Unknown,25.327424,55.233725,Greenlots,AC Level 1,150,4,600,5,0.35,Yes,9:00-18:00,2010,16,Fast Charging,120.0,52,Unknown|Unknown
EVS01504,Unknown,Unknown,37.814725,-122.40591,EVgo,AC Level 1,150,2,300,4,0.35,No,9:00-18:00,2010,16,Fast Charging,75.0,68,Unknown|Unknown
EVS01505,Unknown,Unknown,41.951734,-87.698415,EVgo,AC Level 2,22,5,110,7,0.2,No,9:00-18:00,2010,16,Destination/AC,15.71,113,Unknown|Unknown
EVS01506,Unknown,Unknown,13.826333,100.59402,EVgo,AC Level 1,150,5,750,9,0.37,No,24/7,2021,5,Fast Charging,83.33,55,Unknown|Unknown
EVS01507,Unknown,Unknown,19.404803,-99.022454,ChargePoint,DC Fast Charger,350,4,1400,6,0.43,Yes,24/7,2022,4,Ultra-Fast Charging,233.33,165,Unknown|Unknown
EVS01508,Unknown,Unknown,43.782811,-79.334765,ChargePoint,AC Level 2,350,1,350,2,0.23,Yes,9:00-18:00,2021,5,Ultra-Fast Charging,175.0,94,Unknown|Unknown
EVS01509,Unknown,Unknown,37.714611,-122.45821,Ionity,AC Level 2,150,3,450,5,0.11,No,6:00-22:00,2022,4,Fast Charging,90.0,157,Unknown|Unknown
EVS01510,Unknown,Unknown,25.389136,55.322484,Tesla,AC Level 2,50,1,50,2,0.34,Yes,9:00-18:00,2012,14,Fast Charging,25.0,127,Unknown|Unknown
EVS01511,Unknown,Unknown,-40.297221,-51.391023,Ionity,AC Level 1,150,2,300,4,0.5,No,24/7,2023,3,Fast Charging,75.0,70,Unknown|Unknown
EVS01512,Unknown,Unknown,37.860244,-122.497435,EVgo,AC Level 2,350,5,1750,10,0.39,No,9:00-18:00,2022,4,Ultra-Fast Charging,175.0,52,Unknown|Unknown
EVS01513,Unknown,Unknown,55.813597,37.506414,EVgo,DC Fast Charger,50,2,100,2,0.49,Yes,6:00-22:00,2019,7,Fast Charging,50.0,137,Unknown|Unknown
EVS01514,Unknown,Unknown,34.14583,-118.251294,ChargePoint,DC Fast Charger,50,4,200,9,0.29,Yes,9:00-18:00,2011,15,Fast Charging,22.22,69,Unknown|Unknown
EVS01515,Unknown,Unknown,13.773682,100.41021,Tesla,AC Level 2,150,7,1050,10,0.18,Yes,6:00-22:00,2017,9,Fast Charging,105.0,55,Unknown|Unknown
EVS01516,Unknown,Unknown,37.747318,-122.304214,Tesla,AC Level 2,150,7,1050,10,0.24,Yes,24/7,2021,5,Fast Charging,105.0,168,Unknown|Unknown
EVS01517,Unknown,Unknown,43.695818,-79.304173,Greenlots,DC Fast Charger,22,2,44,3,0.24,No,24/7,2017,9,Destination/AC,14.67,94,Unknown|Unknown
EVS01518,Unknown,Unknown,52.534593,13.335565,EVgo,AC Level 2,350,6,2100,10,0.33,Yes,24/7,2015,11,Ultra-Fast Charging,210.0,23,Unknown|Unknown
EVS01519,Unknown,Unknown,43.602848,-79.47766,Greenlots,AC Level 1,50,2,100,5,0.37,No,6:00-22:00,2015,11,Fast Charging,20.0,96,Unknown|Unknown
EVS01520,Unknown,Unknown,-23.627983,-46.63185,Tesla,AC Level 1,22,6,132,8,0.22,No,9:00-18:00,2015,11,Destination/AC,16.5,91,Unknown|Unknown
EVS01521,Unknown,Unknown,9.306702,-87.343193,Tesla,DC Fast Charger,350,1,350,1,0.48,Yes,9:00-18:00,2019,7,Ultra-Fast Charging,350.0,157,Unknown|Unknown
EVS01522,Unknown,Unknown,-33.716408,18.457637,Tesla,AC Level 2,150,3,450,5,0.4,Yes,9:00-18:00,2023,3,Fast Charging,90.0,132,Unknown|Unknown
EVS01523,Unknown,Unknown,34.104737,-118.31373,EVgo,AC Level 2,22,2,44,3,0.38,No,24/7,2013,13,Destination/AC,14.67,46,Unknown|Unknown
EVS01524,Unknown,Unknown,52.493661,13.473258,Ionity,DC Fast Charger,50,1,50,1,0.45,Yes,6:00-22:00,2016,10,Fast Charging,50.0,39,Unknown|Unknown
EVS01525,Unknown,Unknown,13.771173,100.465172,Greenlots,AC Level 2,350,8,2800,10,0.14,Yes,24/7,2016,10,Ultra-Fast Charging,280.0,114,Unknown|Unknown
EVS01526,Unknown,Unknown,-33.738616,18.418534,Greenlots,DC Fast Charger,150,2,300,2,0.5,Yes,6:00-22:00,2014,12,Fast Charging,150.0,22,Unknown|Unknown
EVS01527,Unknown,Unknown,19.568668,-99.032571,EVgo,AC Level 2,350,7,2450,10,0.1,No,6:00-22:00,2012,14,Ultra-Fast Charging,245.0,67,Unknown|Unknown
EVS01528,Unknown,Unknown,18.924582,72.997887,Greenlots,AC Level 2,50,6,300,9,0.23,No,6:00-22:00,2017,9,Fast Charging,33.33,37,Unknown|Unknown
EVS01529,Unknown,Unknown,-33.7589,151.347618,Ionity,AC Level 1,150,6,900,10,0.48,Yes,6:00-22:00,2019,7,Fast Charging,90.0,18,Unknown|Unknown
EVS01530,Unknown,Unknown,18.964283,72.805565,Tesla,AC Level 2,50,2,100,2,0.29,Yes,24/7,2013,13,Fast Charging,50.0,166,Unknown|Unknown
EVS01531,Unknown,Unknown,35.505385,35.107309,EVgo,AC Level 1,350,5,1750,7,0.37,Yes,9:00-18:00,2013,13,Ultra-Fast Charging,250.0,29,Unknown|Unknown
EVS01532,Unknown,Unknown,55.789901,37.577572,Tesla,DC Fast Charger,50,2,100,4,0.3,Yes,6:00-22:00,2016,10,Fast Charging,25.0,16,Unknown|Unknown
EVS01533,Unknown,Unknown,19.191937,72.8762,EVgo,AC Level 2,50,1,50,2,0.19,No,9:00-18:00,2023,3,Fast Charging,25.0,168,Unknown|Unknown
EVS01534,Unknown,Unknown,-23.620952,-46.509949,EVgo,DC Fast Charger,22,2,44,3,0.49,No,6:00-22:00,2014,12,Destination/AC,14.67,46,Unknown|Unknown
EVS01535,Unknown,Unknown,34.164725,-118.38453,EVgo,AC Level 2,50,5,250,10,0.32,Yes,24/7,2016,10,Fast Charging,25.0,149,Unknown|Unknown
EVS01536,Unknown,Unknown,-23.594453,-46.694926,Greenlots,AC Level 1,50,6,300,10,0.26,Yes,24/7,2015,11,Fast Charging,30.0,20,Unknown|Unknown
EVS01537,Unknown,Unknown,34.196627,-118.229296,EVgo,AC Level 1,350,1,350,1,0.45,Yes,24/7,2018,8,Ultra-Fast Charging,350.0,40,Unknown|Unknown
EVS01538,Unknown,Unknown,13.832308,100.585172,EVgo,AC Level 2,50,6,300,8,0.47,Yes,9:00-18:00,2021,5,Fast Charging,37.5,33,Unknown|Unknown
EVS01539,Unknown,Unknown,13.840796,100.416977,ChargePoint,AC Level 2,150,3,450,5,0.46,Yes,24/7,2010,16,Fast Charging,90.0,131,Unknown|Unknown
EVS01540,Unknown,Unknown,13.767723,100.489382,EVgo,DC Fast Charger,150,5,750,6,0.46,No,9:00-18:00,2011,15,Fast Charging,125.0,117,Unknown|Unknown
EVS01541,Unknown,Unknown,70.911947,126.325534,Tesla,DC Fast Charger,50,3,150,4,0.35,No,6:00-22:00,2020,6,Fast Charging,37.5,93,Unknown|Unknown
EVS01542,Unknown,Unknown,37.658297,126.997373,Greenlots,AC Level 2,350,8,2800,10,0.11,Yes,6:00-22:00,2021,5,Ultra-Fast Charging,280.0,54,Unknown|Unknown
EVS01543,Unknown,Unknown,-33.886963,18.408025,EVgo,DC Fast Charger,350,4,1400,7,0.32,No,6:00-22:00,2014,12,Ultra-Fast Charging,200.0,29,Unknown|Unknown
EVS01544,Unknown,Unknown,25.376069,55.267743,Greenlots,DC Fast Charger,150,1,150,1,0.28,Yes,24/7,2019,7,Fast Charging,150.0,108,Unknown|Unknown
EVS01545,Unknown,Unknown,-23.591487,-46.520854,Ionity,AC Level 1,22,6,132,9,0.39,No,24/7,2022,4,Destination/AC,14.67,53,Unknown|Unknown
EVS01546,Unknown,Unknown,52.532774,13.300206,Tesla,DC Fast Charger,150,2,300,4,0.3,No,6:00-22:00,2011,15,Fast Charging,75.0,112,Unknown|Unknown
EVS01547,Unknown,Unknown,43.74934,-79.49844,EVgo,DC Fast Charger,350,4,1400,7,0.27,No,9:00-18:00,2020,6,Ultra-Fast Charging,200.0,128,Unknown|Unknown
EVS01548,Unknown,Unknown,41.941714,-87.725752,Ionity,DC Fast Charger,22,1,22,2,0.17,No,6:00-22:00,2019,7,Destination/AC,11.0,155,Unknown|Unknown
EVS01549,Unknown,Unknown,37.689858,126.956034,EVgo,DC Fast Charger,150,1,150,1,0.48,No,9:00-18:00,2022,4,Fast Charging,150.0,96,Unknown|Unknown
EVS01550,Unknown,Unknown,-33.843971,151.255463,Tesla,DC Fast Charger,350,5,1750,7,0.34,No,6:00-22:00,2013,13,Ultra-Fast Charging,250.0,15,Unknown|Unknown
EVS01551,Unknown,Unknown,-57.701685,122.421974,ChargePoint,AC Level 1,50,7,350,8,0.28,No,6:00-22:00,2014,12,Fast Charging,43.75,61,Unknown|Unknown
EVS01552,Unknown,Unknown,25.396227,55.208827,Greenlots,DC Fast Charger,22,5,110,7,0.26,Yes,6:00-22:00,2017,9,Destination/AC,15.71,155,Unknown|Unknown
EVS01553,Unknown,Unknown,55.769315,37.684998,Greenlots,DC Fast Charger,50,5,250,7,0.25,No,24/7,2021,5,Fast Charging,35.71,102,Unknown|Unknown
EVS01554,Unknown,Unknown,37.613896,126.994076,Ionity,DC Fast Charger,150,3,450,5,0.39,No,24/7,2015,11,Fast Charging,90.0,117,Unknown|Unknown
EVS01555,Unknown,Unknown,39.862013,116.4403,ChargePoint,AC Level 1,350,5,1750,7,0.19,Yes,6:00-22:00,2021,5,Ultra-Fast Charging,250.0,90,Unknown|Unknown
EVS01556,Unknown,Unknown,41.829132,-87.721828,EVgo,AC Level 1,350,6,2100,8,0.21,Yes,24/7,2011,15,Ultra-Fast Charging,262.5,41,Unknown|Unknown
EVS01557,Unknown,Unknown,55.852735,37.546604,Greenlots,AC Level 1,350,4,1400,7,0.22,No,9:00-18:00,2017,9,Ultra-Fast Charging,200.0,162,Unknown|Unknown
EVS01558,Unknown,Unknown,37.750931,-122.361252,Ionity,DC Fast Charger,22,3,66,4,0.12,Yes,9:00-18:00,2015,11,Destination/AC,16.5,142,Unknown|Unknown
EVS01559,Unknown,Unknown,-23.566639,-46.54522,Greenlots,AC Level 2,350,5,1750,9,0.38,Yes,24/7,2016,10,Ultra-Fast Charging,194.44,179,Unknown|Unknown
EVS01560,Unknown,Unknown,-23.602626,-46.534667,Ionity,DC Fast Charger,350,2,700,2,0.37,No,6:00-22:00,2023,3,Ultra-Fast Charging,350.0,156,Unknown|Unknown
EVS01561,Unknown,Unknown,46.441567,-63.422571,Greenlots,AC Level 2,50,6,300,7,0.4,Yes,6:00-22:00,2019,7,Fast Charging,42.86,63,Unknown|Unknown
EVS01562,Unknown,Unknown,37.542576,126.963103,Ionity,AC Level 2,350,1,350,1,0.11,Yes,6:00-22:00,2013,13,Ultra-Fast Charging,350.0,56,Unknown|Unknown
EVS01563,Unknown,Unknown,37.608479,126.956881,Ionity,AC Level 2,22,5,110,9,0.4,Yes,6:00-22:00,2018,8,Destination/AC,12.22,55,Unknown|Unknown
EVS01564,Unknown,Unknown,-33.814797,151.236706,Tesla,AC Level 1,150,2,300,3,0.24,Yes,9:00-18:00,2015,11,Fast Charging,100.0,166,Unknown|Unknown
EVS01565,Unknown,Unknown,25.295527,55.280189,EVgo,AC Level 2,22,1,22,3,0.37,No,24/7,2021,5,Destination/AC,7.33,106,Unknown|Unknown
EVS01566,Unknown,Unknown,19.559896,-99.056798,Greenlots,DC Fast Charger,150,2,300,3,0.31,No,24/7,2017,9,Fast Charging,100.0,89,Unknown|Unknown
EVS01567,Unknown,Unknown,43.759472,-79.334462,Tesla,AC Level 1,50,5,250,8,0.32,Yes,24/7,2014,12,Fast Charging,31.25,174,Unknown|Unknown
EVS01568,Unknown,Unknown,19.093508,72.835281,Greenlots,AC Level 1,50,1,50,2,0.41,No,6:00-22:00,2012,14,Fast Charging,25.0,114,Unknown|Unknown
EVS01569,Unknown,Unknown,55.753785,37.691106,Ionity,AC Level 2,150,8,1200,10,0.22,No,6:00-22:00,2012,14,Fast Charging,120.0,165,Unknown|Unknown
EVS01570,Unknown,Unknown,13.83662,100.402618,Ionity,AC Level 1,50,3,150,5,0.28,Yes,24/7,2023,3,Fast Charging,30.0,177,Unknown|Unknown
EVS01571,Unknown,Unknown,-28.964475,64.173352,EVgo,DC Fast Charger,22,1,22,1,0.26,Yes,6:00-22:00,2011,15,Destination/AC,22.0,28,Unknown|Unknown
EVS01572,Unknown,Unknown,13.837605,100.537955,EVgo,DC Fast Charger,350,4,1400,5,0.41,No,24/7,2022,4,Ultra-Fast Charging,280.0,74,Unknown|Unknown
EVS01573,Unknown,Unknown,37.784376,-122.392881,Tesla,DC Fast Charger,150,3,450,5,0.3,Yes,6:00-22:00,2011,15,Fast Charging,90.0,136,Unknown|Unknown
EVS01574,Unknown,Unknown,19.403282,-99.031352,Ionity,AC Level 1,350,4,1400,7,0.23,Yes,9:00-18:00,2010,16,Ultra-Fast Charging,200.0,149,Unknown|Unknown
EVS01575,Unknown,Unknown,-33.777896,18.555012,Ionity,DC Fast Charger,150,1,150,3,0.46,Yes,6:00-22:00,2015,11,Fast Charging,50.0,39,Unknown|Unknown
EVS01576,Unknown,Unknown,39.806121,116.439777,Tesla,AC Level 2,150,6,900,10,0.36,No,24/7,2013,13,Fast Charging,90.0,67,Unknown|Unknown
EVS01577,Unknown,Unknown,13.862803,100.411785,Ionity,AC Level 2,22,6,132,8,0.25,Yes,9:00-18:00,2010,16,Destination/AC,16.5,105,Unknown|Unknown
EVS01578,Unknown,Unknown,34.166528,-118.340638,Ionity,AC Level 2,50,3,150,4,0.19,Yes,6:00-22:00,2020,6,Fast Charging,37.5,146,Unknown|Unknown
EVS01579,Unknown,Unknown,-33.761083,18.402093,ChargePoint,DC Fast Charger,50,5,250,10,0.28,Yes,9:00-18:00,2019,7,Fast Charging,25.0,33,Unknown|Unknown
EVS01580,Unknown,Unknown,-23.585046,-46.521509,Ionity,AC Level 1,350,5,1750,8,0.28,Yes,24/7,2021,5,Ultra-Fast Charging,218.75,114,Unknown|Unknown
EVS01581,Unknown,Unknown,-26.993491,-141.983627,Tesla,AC Level 2,350,4,1400,6,0.41,Yes,24/7,2022,4,Ultra-Fast Charging,233.33,63,Unknown|Unknown
EVS01582,Unknown,Unknown,55.859016,37.533395,Tesla,AC Level 1,150,6,900,10,0.37,No,9:00-18:00,2013,13,Fast Charging,90.0,50,Unknown|Unknown
EVS01583,Unknown,Unknown,25.353507,55.2751,ChargePoint,DC Fast Charger,50,1,50,1,0.49,Yes,9:00-18:00,2015,11,Fast Charging,50.0,100,Unknown|Unknown
EVS01584,Unknown,Unknown,34.170314,-118.255863,Tesla,AC Level 2,350,1,350,2,0.32,Yes,24/7,2023,3,Ultra-Fast Charging,175.0,83,Unknown|Unknown
EVS01585,Unknown,Unknown,41.891706,-87.658338,Ionity,DC Fast Charger,22,3,66,4,0.46,No,24/7,2023,3,Destination/AC,16.5,119,Unknown|Unknown
EVS01586,Unknown,Unknown,43.78653,-79.381307,EVgo,DC Fast Charger,50,4,200,5,0.49,No,9:00-18:00,2013,13,Fast Charging,40.0,67,Unknown|Unknown
EVS01587,Unknown,Unknown,37.687757,126.91449,ChargePoint,AC Level 1,150,4,600,6,0.27,Yes,9:00-18:00,2020,6,Fast Charging,100.0,150,Unknown|Unknown
EVS01588,Unknown,Unknown,41.984068,-87.676889,Tesla,AC Level 1,350,7,2450,10,0.38,No,9:00-18:00,2013,13,Ultra-Fast Charging,245.0,27,Unknown|Unknown
EVS01589,Unknown,Unknown,52.490957,13.466151,Ionity,AC Level 2,22,3,66,7,0.26,Yes,24/7,2014,12,Destination/AC,9.43,157,Unknown|Unknown
EVS01590,Unknown,Unknown,13.810162,100.507777,Ionity,AC Level 2,350,1,350,1,0.34,Yes,24/7,2022,4,Ultra-Fast Charging,350.0,19,Unknown|Unknown
EVS01591,Unknown,Unknown,-85.695299,36.497062,ChargePoint,AC Level 2,350,1,350,2,0.27,Yes,24/7,2021,5,Ultra-Fast Charging,175.0,136,Unknown|Unknown
EVS01592,Unknown,Unknown,-33.744747,18.539153,ChargePoint,AC Level 2,350,5,1750,6,0.3,Yes,9:00-18:00,2018,8,Ultra-Fast Charging,291.67,72,Unknown|Unknown
EVS01593,Unknown,Unknown,-33.862499,151.303886,EVgo,AC Level 1,50,8,400,10,0.36,No,9:00-18:00,2015,11,Fast Charging,40.0,78,Unknown|Unknown
EVS01594,Unknown,Unknown,-23.523087,-46.596257,EVgo,AC Level 1,150,1,150,1,0.21,No,24/7,2010,16,Fast Charging,150.0,18,Unknown|Unknown
EVS01595,Unknown,Unknown,37.736261,-122.494869,ChargePoint,AC Level 2,350,3,1050,6,0.27,No,6:00-22:00,2011,15,Ultra-Fast Charging,175.0,130,Unknown|Unknown
EVS01596,Unknown,Unknown,52.456676,13.308655,EVgo,DC Fast Charger,50,5,250,9,0.46,Yes,6:00-22:00,2022,4,Fast Charging,27.78,42,Unknown|Unknown
EVS01597,Unknown,Unknown,-23.662993,-46.669119,Tesla,DC Fast Charger,150,3,450,5,0.5,No,9:00-18:00,2011,15,Fast Charging,90.0,123,Unknown|Unknown
EVS01598,Unknown,Unknown,-23.532333,-46.588917,Ionity,AC Level 2,150,2,300,3,0.49,Yes,6:00-22:00,2023,3,Fast Charging,100.0,134,Unknown|Unknown
EVS01599,Unknown,Unknown,37.641335,126.973037,Tesla,AC Level 2,22,4,88,5,0.25,Yes,9:00-18:00,2018,8,Destination/AC,17.6,154,Unknown|Unknown
EVS01600,Unknown,Unknown,25.223986,55.315318,ChargePoint,AC Level 2,150,7,1050,9,0.33,Yes,9:00-18:00,2018,8,Fast Charging,116.67,131,Unknown|Unknown
EVS01601,Unknown,Unknown,47.991905,-146.656841,ChargePoint,AC Level 2,350,3,1050,6,0.35,Yes,24/7,2015,11,Ultra-Fast Charging,175.0,64,Unknown|Unknown
EVS01602,Unknown,Unknown,34.07302,-118.380525,EVgo,AC Level 2,50,4,200,5,0.41,No,9:00-18:00,2023,3,Fast Charging,40.0,136,Unknown|Unknown
EVS01603,Unknown,Unknown,18.924948,72.825282,EVgo,DC Fast Charger,50,5,250,7,0.3,No,6:00-22:00,2022,4,Fast Charging,35.71,151,Unknown|Unknown
EVS01604,Unknown,Unknown,39.937267,116.355288,ChargePoint,AC Level 1,22,5,110,8,0.5,Yes,6:00-22:00,2011,15,Destination/AC,13.75,67,Unknown|Unknown
EVS01605,Unknown,Unknown,37.737097,-122.322953,Greenlots,AC Level 1,350,7,2450,9,0.23,No,9:00-18:00,2020,6,Ultra-Fast Charging,272.22,35,Unknown|Unknown
EVS01606,Unknown,Unknown,-33.730563,18.599284,Ionity,DC Fast Charger,50,5,250,10,0.45,No,9:00-18:00,2016,10,Fast Charging,25.0,161,Unknown|Unknown
EVS01607,Unknown,Unknown,34.19716,-118.351409,EVgo,AC Level 1,350,4,1400,6,0.46,Yes,6:00-22:00,2018,8,Ultra-Fast Charging,233.33,39,Unknown|Unknown
EVS01608,Unknown,Unknown,37.808493,-122.301478,ChargePoint,AC Level 2,350,4,1400,5,0.42,No,9:00-18:00,2023,3,Ultra-Fast Charging,280.0,112,Unknown|Unknown
EVS01609,Unknown,Unknown,25.281545,55.230582,Greenlots,AC Level 1,150,1,150,1,0.49,Yes,6:00-22:00,2020,6,Fast Charging,150.0,53,Unknown|Unknown
EVS01610,Unknown,Unknown,19.181078,72.937822,ChargePoint,AC Level 1,150,3,450,5,0.27,No,9:00-18:00,2013,13,Fast Charging,90.0,35,Unknown|Unknown
EVS01611,Unknown,Unknown,-47.477731,-91.694543,EVgo,DC Fast Charger,50,5,250,8,0.2,No,24/7,2022,4,Fast Charging,31.25,143,Unknown|Unknown
EVS01612,Unknown,Unknown,-33.812774,18.449064,ChargePoint,DC Fast Charger,50,6,300,8,0.47,Yes,24/7,2015,11,Fast Charging,37.5,38,Unknown|Unknown
EVS01613,Unknown,Unknown,41.921261,-87.707539,Tesla,AC Level 1,50,2,100,3,0.38,Yes,24/7,2013,13,Fast Charging,33.33,125,Unknown|Unknown
EVS01614,Unknown,Unknown,41.960446,-87.683589,ChargePoint,AC Level 2,22,4,88,6,0.3,No,6:00-22:00,2015,11,Destination/AC,14.67,129,Unknown|Unknown
EVS01615,Unknown,Unknown,43.784148,-79.395654,ChargePoint,AC Level 1,350,3,1050,4,0.19,Yes,9:00-18:00,2017,9,Ultra-Fast Charging,262.5,24,Unknown|Unknown
EVS01616,Unknown,Unknown,13.876574,100.533108,Tesla,AC Level 2,22,1,22,1,0.16,Yes,9:00-18:00,2017,9,Destination/AC,22.0,43,Unknown|Unknown
EVS01617,Unknown,Unknown,25.225085,55.39967,Greenlots,DC Fast Charger,22,2,44,3,0.34,Yes,9:00-18:00,2017,9,Destination/AC,14.67,146,Unknown|Unknown
EVS01618,Unknown,Unknown,19.549812,-99.016512,Tesla,DC Fast Charger,350,4,1400,5,0.41,No,9:00-18:00,2015,11,Ultra-Fast Charging,280.0,98,Unknown|Unknown
EVS01619,Unknown,Unknown,43.65227,-79.327718,Greenlots,DC Fast Charger,22,1,22,1,0.25,No,6:00-22:00,2010,16,Destination/AC,22.0,35,Unknown|Unknown
EVS01620,Unknown,Unknown,37.791589,-122.42845,Ionity,AC Level 2,22,1,22,1,0.27,No,6:00-22:00,2012,14,Destination/AC,22.0,178,Unknown|Unknown
EVS01621,Unknown,Unknown,81.222294,35.44313,Tesla,AC Level 1,350,5,1750,6,0.22,Yes,24/7,2020,6,Ultra-Fast Charging,291.67,58,Unknown|Unknown
EVS01622,Unknown,Unknown,37.609121,126.913369,EVgo,DC Fast Charger,150,3,450,4,0.49,No,24/7,2012,14,Fast Charging,112.5,15,Unknown|Unknown
EVS01623,Unknown,Unknown,19.173221,72.858878,Tesla,AC Level 1,150,2,300,2,0.38,Yes,24/7,2015,11,Fast Charging,150.0,167,Unknown|Unknown
EVS01624,Unknown,Unknown,52.413067,13.312136,Tesla,AC Level 1,50,4,200,6,0.4,Yes,6:00-22:00,2010,16,Fast Charging,33.33,17,Unknown|Unknown
EVS01625,Unknown,Unknown,34.154771,-118.397787,EVgo,AC Level 2,150,7,1050,8,0.26,No,9:00-18:00,2023,3,Fast Charging,131.25,106,Unknown|Unknown
EVS01626,Unknown,Unknown,55.76269,37.527147,ChargePoint,AC Level 2,22,4,88,7,0.38,Yes,9:00-18:00,2015,11,Destination/AC,12.57,178,Unknown|Unknown
EVS01627,Unknown,Unknown,18.991613,72.817131,Tesla,AC Level 1,350,3,1050,5,0.42,No,24/7,2014,12,Ultra-Fast Charging,210.0,110,Unknown|Unknown
EVS01628,Unknown,Unknown,34.06707,-118.292428,Ionity,DC Fast Charger,50,6,300,10,0.16,Yes,24/7,2013,13,Fast Charging,30.0,111,Unknown|Unknown
EVS01629,Unknown,Unknown,37.548993,126.948363,Tesla,AC Level 1,350,1,350,1,0.43,No,24/7,2023,3,Ultra-Fast Charging,350.0,79,Unknown|Unknown
EVS01630,Unknown,Unknown,13.745374,100.518362,Tesla,AC Level 1,50,2,100,3,0.25,Yes,6:00-22:00,2021,5,Fast Charging,33.33,35,Unknown|Unknown
EVS01631,Unknown,Unknown,-9.035979,85.542556,ChargePoint,AC Level 1,22,7,154,9,0.34,Yes,24/7,2016,10,Destination/AC,17.11,109,Unknown|Unknown
EVS01632,Unknown,Unknown,52.583017,13.417558,ChargePoint,AC Level 1,50,4,200,5,0.45,Yes,9:00-18:00,2014,12,Fast Charging,40.0,163,Unknown|Unknown
EVS01633,Unknown,Unknown,25.297962,55.303415,Ionity,AC Level 1,50,1,50,1,0.47,No,9:00-18:00,2017,9,Fast Charging,50.0,30,Unknown|Unknown
EVS01634,Unknown,Unknown,-23.643987,-46.688235,ChargePoint,AC Level 2,150,4,600,6,0.15,No,24/7,2015,11,Fast Charging,100.0,160,Unknown|Unknown
EVS01635,Unknown,Unknown,-33.873435,18.471515,Greenlots,AC Level 2,22,2,44,3,0.19,Yes,9:00-18:00,2010,16,Destination/AC,14.67,83,Unknown|Unknown
EVS01636,Unknown,Unknown,43.663832,-79.449369,EVgo,AC Level 2,22,3,66,6,0.24,Yes,6:00-22:00,2015,11,Destination/AC,11.0,103,Unknown|Unknown
EVS01637,Unknown,Unknown,-33.777361,18.463545,Greenlots,AC Level 2,50,5,250,7,0.25,No,24/7,2020,6,Fast Charging,35.71,42,Unknown|Unknown
EVS01638,Unknown,Unknown,19.534094,-99.111453,Ionity,DC Fast Charger,350,6,2100,7,0.44,Yes,24/7,2018,8,Ultra-Fast Charging,300.0,117,Unknown|Unknown
EVS01639,Unknown,Unknown,34.089482,-118.342893,EVgo,AC Level 2,350,6,2100,8,0.44,Yes,6:00-22:00,2011,15,Ultra-Fast Charging,262.5,45,Unknown|Unknown
EVS01640,Unknown,Unknown,-23.589022,-46.567759,Greenlots,DC Fast Charger,22,4,88,5,0.28,No,9:00-18:00,2020,6,Destination/AC,17.6,60,Unknown|Unknown
EVS01641,Unknown,Unknown,12.318994,146.245289,Tesla,AC Level 2,150,4,600,6,0.25,Yes,9:00-18:00,2019,7,Fast Charging,100.0,134,Unknown|Unknown
EVS01642,Unknown,Unknown,19.551547,-99.06226,Ionity,DC Fast Charger,350,5,1750,8,0.3,No,9:00-18:00,2018,8,Ultra-Fast Charging,218.75,23,Unknown|Unknown
EVS01643,Unknown,Unknown,-33.736401,151.214854,EVgo,DC Fast Charger,22,4,88,8,0.13,Yes,6:00-22:00,2019,7,Destination/AC,11.0,88,Unknown|Unknown
EVS01644,Unknown,Unknown,34.180172,-118.319782,ChargePoint,DC Fast Charger,350,5,1750,8,0.17,No,24/7,2022,4,Ultra-Fast Charging,218.75,113,Unknown|Unknown
EVS01645,Unknown,Unknown,19.163596,72.910786,Greenlots,DC Fast Charger,50,3,150,4,0.22,Yes,9:00-18:00,2011,15,Fast Charging,37.5,36,Unknown|Unknown
EVS01646,Unknown,Unknown,19.065799,72.825972,EVgo,AC Level 2,22,4,88,8,0.23,Yes,9:00-18:00,2012,14,Destination/AC,11.0,63,Unknown|Unknown
EVS01647,Unknown,Unknown,52.528166,13.398633,ChargePoint,DC Fast Charger,50,2,100,4,0.25,No,9:00-18:00,2021,5,Fast Charging,25.0,71,Unknown|Unknown
EVS01648,Unknown,Unknown,55.722519,37.684202,Tesla,AC Level 2,350,4,1400,5,0.49,Yes,24/7,2023,3,Ultra-Fast Charging,280.0,124,Unknown|Unknown
EVS01649,Unknown,Unknown,-23.59112,-46.693386,ChargePoint,DC Fast Charger,50,4,200,7,0.49,Yes,9:00-18:00,2018,8,Fast Charging,28.57,176,Unknown|Unknown
EVS01650,Unknown,Unknown,19.033715,72.837452,Tesla,DC Fast Charger,150,3,450,5,0.21,Yes,9:00-18:00,2011,15,Fast Charging,90.0,152,Unknown|Unknown
EVS01651,Unknown,Unknown,2.442081,-140.520234,Greenlots,DC Fast Charger,150,1,150,2,0.48,Yes,6:00-22:00,2023,3,Fast Charging,75.0,46,Unknown|Unknown
EVS01652,Unknown,Unknown,-33.843321,18.590792,Tesla,DC Fast Charger,150,4,600,6,0.44,Yes,9:00-18:00,2010,16,Fast Charging,100.0,17,Unknown|Unknown
EVS01653,Unknown,Unknown,37.6867,126.988878,Greenlots,AC Level 2,22,4,88,6,0.17,Yes,9:00-18:00,2018,8,Destination/AC,14.67,23,Unknown|Unknown
EVS01654,Unknown,Unknown,13.851525,100.551212,Greenlots,AC Level 2,350,6,2100,10,0.44,No,24/7,2017,9,Ultra-Fast Charging,210.0,113,Unknown|Unknown
EVS01655,Unknown,Unknown,19.542989,-99.037956,ChargePoint,DC Fast Charger,150,6,900,9,0.43,No,9:00-18:00,2016,10,Fast Charging,100.0,40,Unknown|Unknown
EVS01656,Unknown,Unknown,-23.540255,-46.666642,ChargePoint,AC Level 2,50,5,250,10,0.32,No,6:00-22:00,2020,6,Fast Charging,25.0,53,Unknown|Unknown
EVS01657,Unknown,Unknown,43.751928,-79.421882,EVgo,AC Level 1,22,6,132,7,0.38,Yes,24/7,2018,8,Destination/AC,18.86,154,Unknown|Unknown
EVS01658,Unknown,Unknown,-33.743485,151.273762,EVgo,DC Fast Charger,22,4,88,8,0.37,No,9:00-18:00,2020,6,Destination/AC,11.0,159,Unknown|Unknown
EVS01659,Unknown,Unknown,37.59111,126.957209,ChargePoint,AC Level 2,150,4,600,6,0.41,No,24/7,2011,15,Fast Charging,100.0,153,Unknown|Unknown
EVS01660,Unknown,Unknown,52.437474,13.411783,Ionity,DC Fast Charger,50,3,150,6,0.19,Yes,24/7,2011,15,Fast Charging,25.0,56,Unknown|Unknown
EVS01661,Unknown,Unknown,84.035706,114.687545,ChargePoint,AC Level 2,150,7,1050,10,0.18,No,24/7,2016,10,Fast Charging,105.0,117,Unknown|Unknown
EVS01662,Unknown,Unknown,-33.723027,18.597726,Greenlots,AC Level 1,22,4,88,8,0.38,No,9:00-18:00,2017,9,Destination/AC,11.0,115,Unknown|Unknown
EVS01663,Unknown,Unknown,43.700939,-79.339419,Ionity,DC Fast Charger,150,1,150,1,0.33,No,6:00-22:00,2013,13,Fast Charging,150.0,45,Unknown|Unknown
EVS01664,Unknown,Unknown,19.030923,72.842151,Ionity,DC Fast Charger,350,1,350,1,0.31,Yes,24/7,2013,13,Ultra-Fast Charging,350.0,106,Unknown|Unknown
EVS01665,Unknown,Unknown,13.883884,100.544808,ChargePoint,AC Level 2,350,4,1400,6,0.32,No,6:00-22:00,2014,12,Ultra-Fast Charging,233.33,101,Unknown|Unknown
EVS01666,Unknown,Unknown,-33.845981,151.251604,Tesla,AC Level 1,22,2,44,4,0.48,Yes,24/7,2011,15,Destination/AC,11.0,80,Unknown|Unknown
EVS01667,Unknown,Unknown,39.933093,116.436298,Greenlots,AC Level 1,350,3,1050,6,0.27,No,24/7,2017,9,Ultra-Fast Charging,175.0,139,Unknown|Unknown
EVS01668,Unknown,Unknown,52.557716,13.449199,Greenlots,AC Level 2,50,3,150,5,0.49,Yes,6:00-22:00,2022,4,Fast Charging,30.0,126,Unknown|Unknown
EVS01669,Unknown,Unknown,34.141395,-118.313399,Tesla,DC Fast Charger,50,1,50,1,0.45,Yes,24/7,2015,11,Fast Charging,50.0,102,Unknown|Unknown
EVS01670,Unknown,Unknown,55.815717,37.61117,EVgo,DC Fast Charger,50,1,50,1,0.45,Yes,6:00-22:00,2013,13,Fast Charging,50.0,134,Unknown|Unknown
EVS01671,Unknown,Unknown,-84.897868,-131.135683,Tesla,DC Fast Charger,150,5,750,6,0.21,Yes,24/7,2014,12,Fast Charging,125.0,140,Unknown|Unknown
EVS01672,Unknown,Unknown,-23.658571,-46.597572,Ionity,DC Fast Charger,350,1,350,1,0.34,Yes,6:00-22:00,2016,10,Ultra-Fast Charging,350.0,108,Unknown|Unknown
EVS01673,Unknown,Unknown,55.715042,37.505137,Ionity,AC Level 2,22,3,66,4,0.4,No,24/7,2016,10,Destination/AC,16.5,59,Unknown|Unknown
EVS01674,Unknown,Unknown,18.952585,72.905233,EVgo,AC Level 1,50,4,200,7,0.3,Yes,9:00-18:00,2013,13,Fast Charging,28.57,140,Unknown|Unknown
EVS01675,Unknown,Unknown,52.572004,13.462625,Ionity,AC Level 2,350,4,1400,5,0.15,No,9:00-18:00,2020,6,Ultra-Fast Charging,280.0,133,Unknown|Unknown
EVS01676,Unknown,Unknown,-23.515273,-46.505996,EVgo,AC Level 2,150,6,900,9,0.21,No,6:00-22:00,2020,6,Fast Charging,100.0,177,Unknown|Unknown
EVS01677,Unknown,Unknown,-23.655114,-46.628817,ChargePoint,DC Fast Charger,150,7,1050,10,0.28,Yes,24/7,2013,13,Fast Charging,105.0,39,Unknown|Unknown
EVS01678,Unknown,Unknown,13.758344,100.459164,Tesla,DC Fast Charger,22,2,44,2,0.18,Yes,6:00-22:00,2022,4,Destination/AC,22.0,84,Unknown|Unknown
EVS01679,Unknown,Unknown,-23.6059,-46.5624,EVgo,AC Level 1,22,1,22,1,0.37,No,9:00-18:00,2015,11,Destination/AC,22.0,167,Unknown|Unknown
EVS01680,Unknown,Unknown,-23.692142,-46.671862,ChargePoint,AC Level 1,150,3,450,4,0.1,Yes,24/7,2021,5,Fast Charging,112.5,99,Unknown|Unknown
EVS01681,Unknown,Unknown,-69.899046,94.575793,Greenlots,AC Level 2,150,7,1050,10,0.24,No,24/7,2015,11,Fast Charging,105.0,170,Unknown|Unknown
EVS01682,Unknown,Unknown,37.58407,126.901581,Ionity,AC Level 2,150,3,450,5,0.42,No,6:00-22:00,2014,12,Fast Charging,90.0,17,Unknown|Unknown
EVS01683,Unknown,Unknown,13.819715,100.587108,Greenlots,AC Level 2,350,4,1400,6,0.14,Yes,9:00-18:00,2013,13,Ultra-Fast Charging,233.33,20,Unknown|Unknown
EVS01684,Unknown,Unknown,37.834019,-122.435421,Ionity,DC Fast Charger,150,6,900,9,0.13,No,9:00-18:00,2015,11,Fast Charging,100.0,146,Unknown|Unknown
EVS01685,Unknown,Unknown,55.863291,37.660116,Tesla,DC Fast Charger,150,7,1050,9,0.39,Yes,9:00-18:00,2011,15,Fast Charging,116.67,74,Unknown|Unknown
EVS01686,Unknown,Unknown,39.902491,116.335398,Ionity,DC Fast Charger,350,6,2100,8,0.38,Yes,9:00-18:00,2018,8,Ultra-Fast Charging,262.5,100,Unknown|Unknown
EVS01687,Unknown,Unknown,-33.752391,18.461639,EVgo,DC Fast Charger,50,1,50,3,0.28,Yes,9:00-18:00,2023,3,Fast Charging,16.67,85,Unknown|Unknown
EVS01688,Unknown,Unknown,34.113918,-118.214814,EVgo,AC Level 2,350,4,1400,7,0.48,Yes,6:00-22:00,2019,7,Ultra-Fast Charging,200.0,82,Unknown|Unknown
EVS01689,Unknown,Unknown,37.744419,-122.440098,Greenlots,AC Level 2,50,1,50,2,0.32,Yes,6:00-22:00,2016,10,Fast Charging,25.0,170,Unknown|Unknown
EVS01690,Unknown,Unknown,25.367362,55.224434,Ionity,DC Fast Charger,350,3,1050,5,0.24,No,6:00-22:00,2014,12,Ultra-Fast Charging,210.0,30,Unknown|Unknown
EVS01691,Unknown,Unknown,-3.909207,-154.415264,Ionity,AC Level 2,22,2,44,4,0.31,Yes,9:00-18:00,2010,16,Destination/AC,11.0,142,Unknown|Unknown
EVS01692,Unknown,Unknown,25.268325,55.26999,Greenlots,AC Level 1,350,4,1400,5,0.26,Yes,9:00-18:00,2013,13,Ultra-Fast Charging,280.0,161,Unknown|Unknown
EVS01693,Unknown,Unknown,-23.620898,-46.535508,Tesla,AC Level 1,22,1,22,2,0.29,No,9:00-18:00,2012,14,Destination/AC,11.0,123,Unknown|Unknown
EVS01694,Unknown,Unknown,25.347957,55.26724,Ionity,AC Level 1,150,3,450,4,0.1,Yes,9:00-18:00,2021,5,Fast Charging,112.5,80,Unknown|Unknown
EVS01695,Unknown,Unknown,41.837516,-87.722665,Ionity,AC Level 1,50,1,50,1,0.12,Yes,24/7,2012,14,Fast Charging,50.0,41,Unknown|Unknown
EVS01696,Unknown,Unknown,55.720092,37.678705,ChargePoint,AC Level 1,22,3,66,4,0.34,Yes,6:00-22:00,2014,12,Destination/AC,16.5,127,Unknown|Unknown
EVS01697,Unknown,Unknown,19.115795,72.981876,Tesla,AC Level 1,150,1,150,2,0.31,No,9:00-18:00,2021,5,Fast Charging,75.0,92,Unknown|Unknown
EVS01698,Unknown,Unknown,25.343923,55.399799,Tesla,AC Level 2,22,4,88,5,0.48,No,6:00-22:00,2022,4,Destination/AC,17.6,39,Unknown|Unknown
EVS01699,Unknown,Unknown,13.730422,100.482662,Tesla,DC Fast Charger,50,3,150,6,0.42,No,6:00-22:00,2013,13,Fast Charging,25.0,74,Unknown|Unknown
EVS01700,Unknown,Unknown,-33.807381,18.520916,EVgo,AC Level 1,22,4,88,8,0.23,No,9:00-18:00,2013,13,Destination/AC,11.0,173,Unknown|Unknown
EVS01701,Unknown,Unknown,9.914682,-175.069871,EVgo,AC Level 2,50,1,50,2,0.46,Yes,24/7,2019,7,Fast Charging,25.0,58,Unknown|Unknown
EVS01702,Unknown,Unknown,25.329169,55.335053,Tesla,DC Fast Charger,350,8,2800,10,0.13,Yes,24/7,2013,13,Ultra-Fast Charging,280.0,44,Unknown|Unknown
EVS01703,Unknown,Unknown,-23.692287,-46.667765,Greenlots,AC Level 1,22,3,66,6,0.36,No,24/7,2022,4,Destination/AC,11.0,127,Unknown|Unknown
EVS01704,Unknown,Unknown,37.849751,-122.313892,ChargePoint,DC Fast Charger,50,3,150,4,0.33,Yes,9:00-18:00,2011,15,Fast Charging,37.5,47,Unknown|Unknown
EVS01705,Unknown,Unknown,-33.788315,151.22729,ChargePoint,AC Level 1,150,7,1050,9,0.46,No,6:00-22:00,2019,7,Fast Charging,116.67,166,Unknown|Unknown
EVS01706,Unknown,Unknown,19.470373,-99.035416,Ionity,AC Level 1,150,1,150,1,0.27,No,9:00-18:00,2023,3,Fast Charging,150.0,156,Unknown|Unknown
EVS01707,Unknown,Unknown,34.132381,-118.292981,Greenlots,AC Level 1,50,3,150,5,0.4,No,6:00-22:00,2019,7,Fast Charging,30.0,177,Unknown|Unknown
EVS01708,Unknown,Unknown,18.976169,72.958751,ChargePoint,AC Level 2,150,3,450,6,0.26,Yes,9:00-18:00,2018,8,Fast Charging,75.0,165,Unknown|Unknown
EVS01709,Unknown,Unknown,19.027291,72.881427,EVgo,AC Level 2,22,6,132,10,0.23,Yes,6:00-22:00,2016,10,Destination/AC,13.2,55,Unknown|Unknown
EVS01710,Unknown,Unknown,41.937812,-87.747491,Ionity,AC Level 2,22,3,66,5,0.35,Yes,6:00-22:00,2016,10,Destination/AC,13.2,50,Unknown|Unknown
EVS01711,Unknown,Unknown,-37.190364,21.155325,Tesla,AC Level 1,22,7,154,9,0.24,No,6:00-22:00,2013,13,Destination/AC,17.11,71,Unknown|Unknown
EVS01712,Unknown,Unknown,34.017385,-118.391113,EVgo,AC Level 2,350,3,1050,5,0.15,Yes,9:00-18:00,2020,6,Ultra-Fast Charging,210.0,92,Unknown|Unknown
EVS01713,Unknown,Unknown,-23.699997,-46.674976,EVgo,AC Level 2,350,1,350,1,0.11,Yes,9:00-18:00,2021,5,Ultra-Fast Charging,350.0,160,Unknown|Unknown
EVS01714,Unknown,Unknown,19.189171,72.983519,Ionity,AC Level 1,22,1,22,2,0.19,Yes,9:00-18:00,2019,7,Destination/AC,11.0,136,Unknown|Unknown
EVS01715,Unknown,Unknown,34.126648,-118.312594,Tesla,AC Level 1,150,4,600,6,0.39,No,6:00-22:00,2013,13,Fast Charging,100.0,121,Unknown|Unknown
EVS01716,Unknown,Unknown,-33.864094,151.292708,Ionity,AC Level 2,22,5,110,9,0.25,No,6:00-22:00,2019,7,Destination/AC,12.22,159,Unknown|Unknown
EVS01717,Unknown,Unknown,34.159162,-118.383219,Greenlots,AC Level 1,150,3,450,4,0.12,No,24/7,2010,16,Fast Charging,112.5,121,Unknown|Unknown
EVS01718,Unknown,Unknown,41.924232,-87.753317,Tesla,AC Level 2,50,3,150,6,0.27,Yes,9:00-18:00,2016,10,Fast Charging,25.0,77,Unknown|Unknown
EVS01719,Unknown,Unknown,52.504188,13.411853,EVgo,AC Level 1,22,1,22,1,0.18,No,6:00-22:00,2023,3,Destination/AC,22.0,83,Unknown|Unknown
EVS01720,Unknown,Unknown,19.562396,-99.165524,Ionity,AC Level 1,350,3,1050,4,0.42,Yes,6:00-22:00,2020,6,Ultra-Fast Charging,262.5,100,Unknown|Unknown
EVS01721,Unknown,Unknown,-69.103934,127.550134,Ionity,DC Fast Charger,150,2,300,4,0.32,Yes,9:00-18:00,2020,6,Fast Charging,75.0,29,Unknown|Unknown
EVS01722,Unknown,Unknown,34.006596,-118.237901,Ionity,AC Level 2,350,2,700,5,0.22,Yes,24/7,2014,12,Ultra-Fast Charging,140.0,137,Unknown|Unknown
EVS01723,Unknown,Unknown,19.186502,72.966655,Ionity,AC Level 2,50,5,250,8,0.31,No,24/7,2019,7,Fast Charging,31.25,122,Unknown|Unknown
EVS01724,Unknown,Unknown,19.014543,72.846304,ChargePoint,AC Level 2,350,5,1750,10,0.26,Yes,6:00-22:00,2019,7,Ultra-Fast Charging,175.0,135,Unknown|Unknown
EVS01725,Unknown,Unknown,13.79701,100.545907,ChargePoint,AC Level 2,150,2,300,3,0.39,No,9:00-18:00,2023,3,Fast Charging,100.0,103,Unknown|Unknown
EVS01726,Unknown,Unknown,25.201664,55.358268,Tesla,DC Fast Charger,350,3,1050,4,0.4,No,6:00-22:00,2022,4,Ultra-Fast Charging,262.5,144,Unknown|Unknown
EVS01727,Unknown,Unknown,37.592174,127.092261,ChargePoint,DC Fast Charger,22,6,132,9,0.28,No,24/7,2023,3,Destination/AC,14.67,171,Unknown|Unknown
EVS01728,Unknown,Unknown,19.135727,72.99177,Tesla,DC Fast Charger,350,4,1400,7,0.22,No,6:00-22:00,2015,11,Ultra-Fast Charging,200.0,109,Unknown|Unknown
EVS01729,Unknown,Unknown,19.494896,-99.140978,EVgo,AC Level 2,22,5,110,8,0.3,No,6:00-22:00,2013,13,Destination/AC,13.75,88,Unknown|Unknown
EVS01730,Unknown,Unknown,37.619779,126.915206,Tesla,AC Level 2,150,4,600,8,0.21,Yes,6:00-22:00,2014,12,Fast Charging,75.0,32,Unknown|Unknown
EVS01731,Unknown,Unknown,-79.496518,-133.894791,EVgo,AC Level 2,150,8,1200,9,0.31,No,9:00-18:00,2011,15,Fast Charging,133.33,143,Unknown|Unknown
EVS01732,Unknown,Unknown,19.508011,-99.172675,Tesla,DC Fast Charger,50,1,50,2,0.32,Yes,24/7,2023,3,Fast Charging,25.0,164,Unknown|Unknown
EVS01733,Unknown,Unknown,37.848814,-122.351406,EVgo,AC Level 1,350,4,1400,6,0.29,Yes,24/7,2016,10,Ultra-Fast Charging,233.33,130,Unknown|Unknown
EVS01734,Unknown,Unknown,13.814622,100.50194,Ionity,AC Level 1,350,2,700,3,0.24,No,24/7,2010,16,Ultra-Fast Charging,233.33,157,Unknown|Unknown
EVS01735,Unknown,Unknown,41.855205,-87.669745,Ionity,AC Level 2,50,3,150,6,0.13,No,24/7,2013,13,Fast Charging,25.0,157,Unknown|Unknown
EVS01736,Unknown,Unknown,19.559476,-99.181481,Tesla,AC Level 1,22,1,22,1,0.12,Yes,9:00-18:00,2022,4,Destination/AC,22.0,146,Unknown|Unknown
EVS01737,Unknown,Unknown,19.481024,-99.011304,ChargePoint,AC Level 1,150,4,600,7,0.32,No,9:00-18:00,2022,4,Fast Charging,85.71,97,Unknown|Unknown
EVS01738,Unknown,Unknown,19.412566,-99.126749,Greenlots,DC Fast Charger,350,7,2450,9,0.28,Yes,9:00-18:00,2022,4,Ultra-Fast Charging,272.22,31,Unknown|Unknown
EVS01739,Unknown,Unknown,43.760173,-79.32281,Greenlots,AC Level 2,350,4,1400,6,0.33,No,9:00-18:00,2021,5,Ultra-Fast Charging,233.33,15,Unknown|Unknown
EVS01740,Unknown,Unknown,19.463456,-99.001542,Greenlots,AC Level 1,350,6,2100,8,0.27,No,24/7,2019,7,Ultra-Fast Charging,262.5,48,Unknown|Unknown
EVS01741,Unknown,Unknown,2.434672,-10.520062,EVgo,AC Level 2,350,6,2100,8,0.11,Yes,6:00-22:00,2018,8,Ultra-Fast Charging,262.5,86,Unknown|Unknown
EVS01742,Unknown,Unknown,-23.510484,-46.5021,ChargePoint,AC Level 2,150,5,750,6,0.31,No,24/7,2012,14,Fast Charging,125.0,137,Unknown|Unknown
EVS01743,Unknown,Unknown,-33.808026,18.441845,Greenlots,DC Fast Charger,50,1,50,1,0.11,No,9:00-18:00,2023,3,Fast Charging,50.0,90,Unknown|Unknown
EVS01744,Unknown,Unknown,37.79553,-122.370901,Greenlots,DC Fast Charger,22,6,132,9,0.32,No,24/7,2015,11,Destination/AC,14.67,18,Unknown|Unknown
EVS01745,Unknown,Unknown,-23.535981,-46.528496,EVgo,AC Level 2,350,1,350,1,0.2,Yes,24/7,2018,8,Ultra-Fast Charging,350.0,49,Unknown|Unknown
EVS01746,Unknown,Unknown,25.355926,55.273791,Tesla,AC Level 2,150,4,600,7,0.45,No,9:00-18:00,2010,16,Fast Charging,85.71,176,Unknown|Unknown
EVS01747,Unknown,Unknown,-23.633354,-46.64057,Greenlots,DC Fast Charger,50,6,300,8,0.41,Yes,24/7,2021,5,Fast Charging,37.5,178,Unknown|Unknown
EVS01748,Unknown,Unknown,19.43903,-99.149436,Ionity,DC Fast Charger,150,2,300,4,0.19,Yes,24/7,2010,16,Fast Charging,75.0,77,Unknown|Unknown
EVS01749,Unknown,Unknown,-33.816343,18.401523,EVgo,AC Level 2,150,5,750,10,0.22,No,9:00-18:00,2011,15,Fast Charging,75.0,147,Unknown|Unknown
EVS01750,Unknown,Unknown,52.461955,13.490878,Greenlots,DC Fast Charger,22,8,176,10,0.48,No,9:00-18:00,2022,4,Destination/AC,17.6,133,Unknown|Unknown
EVS01751,Unknown,Unknown,-15.797864,129.086441,Ionity,AC Level 1,22,4,88,6,0.23,Yes,24/7,2015,11,Destination/AC,14.67,168,Unknown|Unknown
EVS01752,Unknown,Unknown,52.577535,13.363431,ChargePoint,AC Level 1,350,2,700,3,0.45,Yes,24/7,2015,11,Ultra-Fast Charging,233.33,161,Unknown|Unknown
EVS01753,Unknown,Unknown,-23.566775,-46.519272,Tesla,AC Level 2,150,4,600,7,0.34,Yes,24/7,2019,7,Fast Charging,85.71,118,Unknown|Unknown
EVS01754,Unknown,Unknown,41.99416,-87.657356,Tesla,DC Fast Charger,22,6,132,9,0.23,No,6:00-22:00,2010,16,Destination/AC,14.67,80,Unknown|Unknown
EVS01755,Unknown,Unknown,19.593428,-99.165564,Tesla,AC Level 2,350,6,2100,7,0.34,No,24/7,2021,5,Ultra-Fast Charging,300.0,118,Unknown|Unknown
EVS01756,Unknown,Unknown,19.044419,72.841814,ChargePoint,AC Level 1,150,3,450,7,0.22,Yes,6:00-22:00,2023,3,Fast Charging,64.29,67,Unknown|Unknown
EVS01757,Unknown,Unknown,19.520961,-99.100961,EVgo,DC Fast Charger,22,4,88,8,0.13,Yes,24/7,2017,9,Destination/AC,11.0,72,Unknown|Unknown
EVS01758,Unknown,Unknown,-23.531573,-46.519453,Ionity,AC Level 1,150,5,750,8,0.37,No,24/7,2010,16,Fast Charging,93.75,115,Unknown|Unknown
EVS01759,Unknown,Unknown,-23.602123,-46.594723,Greenlots,AC Level 1,350,4,1400,5,0.48,Yes,6:00-22:00,2015,11,Ultra-Fast Charging,280.0,109,Unknown|Unknown
EVS01760,Unknown,Unknown,19.508543,-99.055316,ChargePoint,DC Fast Charger,22,2,44,3,0.45,Yes,6:00-22:00,2020,6,Destination/AC,14.67,110,Unknown|Unknown
EVS01761,Unknown,Unknown,-26.022753,-45.473038,ChargePoint,DC Fast Charger,50,2,100,2,0.49,No,24/7,2021,5,Fast Charging,50.0,78,Unknown|Unknown
EVS01762,Unknown,Unknown,37.547895,126.913078,Tesla,DC Fast Charger,150,2,300,2,0.19,Yes,9:00-18:00,2015,11,Fast Charging,150.0,82,Unknown|Unknown
EVS01763,Unknown,Unknown,19.51408,-99.101405,Greenlots,AC Level 2,150,3,450,5,0.21,Yes,6:00-22:00,2023,3,Fast Charging,90.0,16,Unknown|Unknown
EVS01764,Unknown,Unknown,43.70302,-79.474314,EVgo,AC Level 2,350,7,2450,9,0.49,Yes,9:00-18:00,2023,3,Ultra-Fast Charging,272.22,114,Unknown|Unknown
EVS01765,Unknown,Unknown,41.962887,-87.648809,ChargePoint,AC Level 2,150,1,150,1,0.3,No,6:00-22:00,2011,15,Fast Charging,150.0,110,Unknown|Unknown
EVS01766,Unknown,Unknown,39.977304,116.400302,Greenlots,AC Level 2,150,5,750,7,0.38,No,24/7,2015,11,Fast Charging,107.14,169,Unknown|Unknown
EVS01767,Unknown,Unknown,-33.813838,151.360337,Greenlots,AC Level 1,150,1,150,2,0.12,No,24/7,2015,11,Fast Charging,75.0,98,Unknown|Unknown
EVS01768,Unknown,Unknown,19.400058,-99.128606,Greenlots,AC Level 2,50,3,150,4,0.4,No,6:00-22:00,2012,14,Fast Charging,37.5,92,Unknown|Unknown
EVS01769,Unknown,Unknown,55.817463,37.64595,Ionity,AC Level 1,350,8,2800,10,0.27,No,6:00-22:00,2011,15,Ultra-Fast Charging,280.0,26,Unknown|Unknown
EVS01770,Unknown,Unknown,37.643646,126.902204,Tesla,AC Level 2,150,8,1200,10,0.41,No,24/7,2010,16,Fast Charging,120.0,47,Unknown|Unknown
EVS01771,Unknown,Unknown,-16.479485,-134.782139,ChargePoint,DC Fast Charger,22,3,66,3,0.29,Yes,24/7,2013,13,Destination/AC,22.0,70,Unknown|Unknown
EVS01772,Unknown,Unknown,43.607699,-79.308372,ChargePoint,AC Level 2,350,4,1400,6,0.25,No,6:00-22:00,2011,15,Ultra-Fast Charging,233.33,77,Unknown|Unknown
EVS01773,Unknown,Unknown,37.527207,126.940033,Tesla,AC Level 1,50,2,100,3,0.37,No,6:00-22:00,2015,11,Fast Charging,33.33,74,Unknown|Unknown
EVS01774,Unknown,Unknown,55.826864,37.546157,Tesla,DC Fast Charger,350,1,350,1,0.32,No,24/7,2015,11,Ultra-Fast Charging,350.0,80,Unknown|Unknown
EVS01775,Unknown,Unknown,-23.521676,-46.501531,ChargePoint,AC Level 1,50,5,250,9,0.43,No,9:00-18:00,2017,9,Fast Charging,27.78,141,Unknown|Unknown
EVS01776,Unknown,Unknown,37.806306,-122.41531,Ionity,AC Level 2,350,4,1400,8,0.14,No,9:00-18:00,2018,8,Ultra-Fast Charging,175.0,36,Unknown|Unknown
EVS01777,Unknown,Unknown,41.951822,-87.712888,Greenlots,AC Level 2,22,6,132,9,0.24,Yes,24/7,2017,9,Destination/AC,14.67,69,Unknown|Unknown
EVS01778,Unknown,Unknown,-33.753264,18.585625,Tesla,DC Fast Charger,50,2,100,2,0.2,No,6:00-22:00,2014,12,Fast Charging,50.0,41,Unknown|Unknown
EVS01779,Unknown,Unknown,-23.505336,-46.666383,Ionity,AC Level 1,50,3,150,6,0.4,No,6:00-22:00,2017,9,Fast Charging,25.0,65,Unknown|Unknown
EVS01780,Unknown,Unknown,25.345934,55.234076,Greenlots,DC Fast Charger,50,7,350,10,0.33,Yes,24/7,2019,7,Fast Charging,35.0,127,Unknown|Unknown
EVS01781,Unknown,Unknown,-42.45117,-27.168164,Ionity,DC Fast Charger,22,5,110,10,0.26,No,9:00-18:00,2019,7,Destination/AC,11.0,22,Unknown|Unknown
EVS01782,Unknown,Unknown,18.923066,72.912287,Ionity,AC Level 2,350,2,700,3,0.43,Yes,24/7,2022,4,Ultra-Fast Charging,233.33,71,Unknown|Unknown
EVS01783,Unknown,Unknown,13.796134,100.472952,Tesla,AC Level 2,50,7,350,10,0.19,No,6:00-22:00,2018,8,Fast Charging,35.0,18,Unknown|Unknown
EVS01784,Unknown,Unknown,13.899589,100.580309,Ionity,DC Fast Charger,350,3,1050,5,0.45,Yes,6:00-22:00,2022,4,Ultra-Fast Charging,210.0,172,Unknown|Unknown
EVS01785,Unknown,Unknown,19.096876,72.829076,Ionity,AC Level 1,150,5,750,6,0.17,Yes,9:00-18:00,2021,5,Fast Charging,125.0,134,Unknown|Unknown
EVS01786,Unknown,Unknown,-33.723116,151.330463,EVgo,AC Level 2,50,4,200,8,0.41,Yes,24/7,2013,13,Fast Charging,25.0,55,Unknown|Unknown
EVS01787,Unknown,Unknown,39.83221,116.246731,ChargePoint,AC Level 2,50,7,350,9,0.19,Yes,9:00-18:00,2010,16,Fast Charging,38.89,47,Unknown|Unknown
EVS01788,Unknown,Unknown,52.511966,13.320892,Tesla,AC Level 1,150,2,300,3,0.16,No,6:00-22:00,2015,11,Fast Charging,100.0,31,Unknown|Unknown
EVS01789,Unknown,Unknown,-23.56336,-46.541731,Ionity,DC Fast Charger,150,8,1200,9,0.4,No,9:00-18:00,2011,15,Fast Charging,133.33,93,Unknown|Unknown
EVS01790,Unknown,Unknown,37.835327,-122.342091,Greenlots,AC Level 1,22,5,110,7,0.47,No,9:00-18:00,2017,9,Destination/AC,15.71,139,Unknown|Unknown
EVS01791,Unknown,Unknown,45.691345,-144.770002,ChargePoint,AC Level 2,150,1,150,2,0.46,Yes,24/7,2014,12,Fast Charging,75.0,111,Unknown|Unknown
EVS01792,Unknown,Unknown,37.64068,126.955507,Tesla,AC Level 2,50,4,200,9,0.23,Yes,9:00-18:00,2019,7,Fast Charging,22.22,160,Unknown|Unknown
EVS01793,Unknown,Unknown,37.804631,-122.414739,Tesla,AC Level 2,50,2,100,5,0.17,Yes,6:00-22:00,2021,5,Fast Charging,20.0,71,Unknown|Unknown
EVS01794,Unknown,Unknown,25.32215,55.361314,Ionity,DC Fast Charger,50,3,150,4,0.34,No,9:00-18:00,2022,4,Fast Charging,37.5,60,Unknown|Unknown
EVS01795,Unknown,Unknown,34.073201,-118.260451,Tesla,AC Level 2,150,1,150,1,0.34,Yes,24/7,2018,8,Fast Charging,150.0,93,Unknown|Unknown
EVS01796,Unknown,Unknown,13.85982,100.582815,Ionity,AC Level 2,350,6,2100,9,0.47,Yes,6:00-22:00,2015,11,Ultra-Fast Charging,233.33,48,Unknown|Unknown
EVS01797,Unknown,Unknown,-23.640027,-46.624963,Greenlots,AC Level 2,150,6,900,9,0.34,No,9:00-18:00,2018,8,Fast Charging,100.0,175,Unknown|Unknown
EVS01798,Unknown,Unknown,43.769634,-79.39433,Ionity,AC Level 1,22,4,88,6,0.14,Yes,9:00-18:00,2020,6,Destination/AC,14.67,45,Unknown|Unknown
EVS01799,Unknown,Unknown,52.510309,13.47519,Tesla,AC Level 2,50,3,150,4,0.32,Yes,24/7,2019,7,Fast Charging,37.5,94,Unknown|Unknown
EVS01800,Unknown,Unknown,-23.678082,-46.500836,Ionity,AC Level 2,22,4,88,6,0.22,No,6:00-22:00,2021,5,Destination/AC,14.67,101,Unknown|Unknown
EVS01801,Unknown,Unknown,79.523831,107.918483,ChargePoint,DC Fast Charger,350,1,350,1,0.13,No,6:00-22:00,2018,8,Ultra-Fast Charging,350.0,24,Unknown|Unknown
EVS01802,Unknown,Unknown,34.11292,-118.389654,Greenlots,DC Fast Charger,22,7,154,10,0.39,No,24/7,2022,4,Destination/AC,15.4,92,Unknown|Unknown
EVS01803,Unknown,Unknown,37.653803,127.008783,Ionity,AC Level 1,350,6,2100,7,0.5,Yes,6:00-22:00,2015,11,Ultra-Fast Charging,300.0,90,Unknown|Unknown
EVS01804,Unknown,Unknown,19.184291,72.960379,ChargePoint,DC Fast Charger,50,5,250,9,0.23,No,9:00-18:00,2017,9,Fast Charging,27.78,57,Unknown|Unknown
EVS01805,Unknown,Unknown,-23.563124,-46.622628,EVgo,AC Level 2,50,3,150,7,0.29,No,24/7,2016,10,Fast Charging,21.43,36,Unknown|Unknown
EVS01806,Unknown,Unknown,18.987467,72.978719,Tesla,AC Level 2,50,1,50,2,0.24,No,6:00-22:00,2015,11,Fast Charging,25.0,22,Unknown|Unknown
EVS01807,Unknown,Unknown,18.974258,72.976611,ChargePoint,DC Fast Charger,150,5,750,8,0.31,Yes,6:00-22:00,2023,3,Fast Charging,93.75,16,Unknown|Unknown
EVS01808,Unknown,Unknown,52.554068,13.450507,EVgo,AC Level 1,22,3,66,5,0.25,Yes,24/7,2021,5,Destination/AC,13.2,94,Unknown|Unknown
EVS01809,Unknown,Unknown,52.524684,13.406159,ChargePoint,AC Level 2,22,1,22,1,0.34,No,9:00-18:00,2023,3,Destination/AC,22.0,29,Unknown|Unknown
EVS01810,Unknown,Unknown,-33.856244,18.555892,Greenlots,AC Level 1,22,5,110,7,0.11,No,24/7,2022,4,Destination/AC,15.71,173,Unknown|Unknown
EVS01811,Unknown,Unknown,38.842119,-139.757442,Greenlots,DC Fast Charger,50,3,150,5,0.11,Yes,9:00-18:00,2018,8,Fast Charging,30.0,55,Unknown|Unknown
EVS01812,Unknown,Unknown,55.828424,37.698848,Tesla,AC Level 1,50,5,250,6,0.44,Yes,9:00-18:00,2016,10,Fast Charging,41.67,122,Unknown|Unknown
EVS01813,Unknown,Unknown,18.996544,72.98844,Tesla,AC Level 2,150,4,600,7,0.35,Yes,24/7,2012,14,Fast Charging,85.71,126,Unknown|Unknown
EVS01814,Unknown,Unknown,25.25431,55.319876,Tesla,AC Level 2,350,3,1050,4,0.22,No,24/7,2021,5,Ultra-Fast Charging,262.5,96,Unknown|Unknown
EVS01815,Unknown,Unknown,39.977083,116.301894,Greenlots,AC Level 2,350,4,1400,8,0.4,Yes,24/7,2019,7,Ultra-Fast Charging,175.0,160,Unknown|Unknown
EVS01816,Unknown,Unknown,37.806436,-122.44719,Greenlots,DC Fast Charger,150,7,1050,10,0.48,No,9:00-18:00,2010,16,Fast Charging,105.0,33,Unknown|Unknown
EVS01817,Unknown,Unknown,39.891366,116.273915,Tesla,AC Level 2,350,7,2450,9,0.19,No,9:00-18:00,2019,7,Ultra-Fast Charging,272.22,53,Unknown|Unknown
EVS01818,Unknown,Unknown,13.778737,100.534317,Greenlots,AC Level 2,150,4,600,5,0.49,Yes,9:00-18:00,2019,7,Fast Charging,120.0,56,Unknown|Unknown
EVS01819,Unknown,Unknown,55.720719,37.597735,EVgo,DC Fast Charger,50,1,50,1,0.42,No,9:00-18:00,2022,4,Fast Charging,50.0,37,Unknown|Unknown
EVS01820,Unknown,Unknown,41.915881,-87.624418,Tesla,DC Fast Charger,350,2,700,4,0.43,No,9:00-18:00,2022,4,Ultra-Fast Charging,175.0,63,Unknown|Unknown
EVS01821,Unknown,Unknown,-26.655435,30.252572,Greenlots,DC Fast Charger,350,5,1750,6,0.27,No,6:00-22:00,2016,10,Ultra-Fast Charging,291.67,66,Unknown|Unknown
EVS01822,Unknown,Unknown,19.444782,-99.044962,Greenlots,AC Level 1,350,1,350,1,0.39,No,9:00-18:00,2011,15,Ultra-Fast Charging,350.0,141,Unknown|Unknown
EVS01823,Unknown,Unknown,55.891066,37.604052,Tesla,DC Fast Charger,150,1,150,2,0.25,Yes,9:00-18:00,2018,8,Fast Charging,75.0,64,Unknown|Unknown
EVS01824,Unknown,Unknown,37.775026,-122.329341,Ionity,AC Level 2,22,4,88,8,0.21,No,24/7,2021,5,Destination/AC,11.0,159,Unknown|Unknown
EVS01825,Unknown,Unknown,25.31629,55.300839,ChargePoint,AC Level 1,350,1,350,1,0.47,No,24/7,2016,10,Ultra-Fast Charging,350.0,142,Unknown|Unknown
EVS01826,Unknown,Unknown,52.523713,13.3198,EVgo,AC Level 2,350,3,1050,5,0.25,No,24/7,2021,5,Ultra-Fast Charging,210.0,163,Unknown|Unknown
EVS01827,Unknown,Unknown,52.523624,13.417644,Greenlots,AC Level 1,350,4,1400,8,0.15,Yes,24/7,2013,13,Ultra-Fast Charging,175.0,32,Unknown|Unknown
EVS01828,Unknown,Unknown,37.776633,-122.438711,ChargePoint,AC Level 1,350,4,1400,5,0.28,No,24/7,2021,5,Ultra-Fast Charging,280.0,177,Unknown|Unknown
EVS01829,Unknown,Unknown,34.086143,-118.246255,Ionity,AC Level 2,22,3,66,4,0.41,No,24/7,2023,3,Destination/AC,16.5,116,Unknown|Unknown
EVS01830,Unknown,Unknown,34.079717,-118.326908,Tesla,AC Level 2,50,2,100,3,0.35,No,9:00-18:00,2021,5,Fast Charging,33.33,177,Unknown|Unknown
EVS01831,Unknown,Unknown,-87.862196,121.52313,ChargePoint,AC Level 1,350,5,1750,10,0.25,Yes,24/7,2020,6,Ultra-Fast Charging,175.0,73,Unknown|Unknown
EVS01832,Unknown,Unknown,41.913442,-87.789412,Ionity,DC Fast Charger,22,7,154,8,0.49,No,6:00-22:00,2022,4,Destination/AC,19.25,172,Unknown|Unknown
EVS01833,Unknown,Unknown,-33.7308,151.383245,Tesla,AC Level 2,150,2,300,4,0.14,Yes,24/7,2015,11,Fast Charging,75.0,112,Unknown|Unknown
EVS01834,Unknown,Unknown,37.626421,127.088187,Greenlots,AC Level 1,22,3,66,5,0.2,No,6:00-22:00,2020,6,Destination/AC,13.2,26,Unknown|Unknown
EVS01835,Unknown,Unknown,19.51328,-99.037935,Tesla,AC Level 2,350,6,2100,8,0.14,No,9:00-18:00,2022,4,Ultra-Fast Charging,262.5,82,Unknown|Unknown
EVS01836,Unknown,Unknown,25.298775,55.366653,EVgo,AC Level 1,150,2,300,4,0.17,Yes,24/7,2023,3,Fast Charging,75.0,37,Unknown|Unknown
EVS01837,Unknown,Unknown,19.112952,72.807135,Ionity,AC Level 1,150,1,150,3,0.36,No,9:00-18:00,2021,5,Fast Charging,50.0,170,Unknown|Unknown
EVS01838,Unknown,Unknown,19.057296,72.969746,Tesla,AC Level 2,350,3,1050,7,0.32,No,6:00-22:00,2010,16,Ultra-Fast Charging,150.0,65,Unknown|Unknown
EVS01839,Unknown,Unknown,34.069134,-118.305763,Greenlots,AC Level 2,150,7,1050,10,0.13,No,9:00-18:00,2021,5,Fast Charging,105.0,51,Unknown|Unknown
EVS01840,Unknown,Unknown,25.258077,55.254746,ChargePoint,AC Level 2,50,8,400,10,0.4,No,9:00-18:00,2023,3,Fast Charging,40.0,106,Unknown|Unknown
EVS01841,Unknown,Unknown,-70.600354,-51.379576,Ionity,AC Level 1,350,4,1400,7,0.24,No,24/7,2017,9,Ultra-Fast Charging,200.0,85,Unknown|Unknown
EVS01842,Unknown,Unknown,19.502512,-99.089944,Tesla,DC Fast Charger,50,2,100,4,0.25,No,24/7,2021,5,Fast Charging,25.0,31,Unknown|Unknown
EVS01843,Unknown,Unknown,39.982644,116.492273,Tesla,AC Level 1,50,5,250,7,0.43,Yes,6:00-22:00,2015,11,Fast Charging,35.71,149,Unknown|Unknown
EVS01844,Unknown,Unknown,34.007711,-118.245084,Greenlots,DC Fast Charger,50,4,200,8,0.31,No,24/7,2015,11,Fast Charging,25.0,154,Unknown|Unknown
EVS01845,Unknown,Unknown,52.412687,13.337342,Ionity,AC Level 2,150,1,150,2,0.49,Yes,6:00-22:00,2018,8,Fast Charging,75.0,137,Unknown|Unknown
EVS01846,Unknown,Unknown,25.310958,55.308165,ChargePoint,DC Fast Charger,150,6,900,7,0.23,Yes,24/7,2016,10,Fast Charging,128.57,116,Unknown|Unknown
EVS01847,Unknown,Unknown,13.871553,100.452858,Ionity,DC Fast Charger,50,4,200,5,0.42,No,24/7,2018,8,Fast Charging,40.0,81,Unknown|Unknown
EVS01848,Unknown,Unknown,55.838961,37.543793,Ionity,AC Level 1,150,6,900,7,0.12,No,9:00-18:00,2022,4,Fast Charging,128.57,104,Unknown|Unknown
EVS01849,Unknown,Unknown,37.663588,127.083885,ChargePoint,DC Fast Charger,150,3,450,4,0.42,Yes,24/7,2017,9,Fast Charging,112.5,100,Unknown|Unknown
EVS01850,Unknown,Unknown,52.42666,13.449793,EVgo,DC Fast Charger,150,2,300,2,0.35,Yes,6:00-22:00,2010,16,Fast Charging,150.0,42,Unknown|Unknown
EVS01851,Unknown,Unknown,-33.795433,12.864741,ChargePoint,DC Fast Charger,150,1,150,1,0.34,No,24/7,2013,13,Fast Charging,150.0,28,Unknown|Unknown
EVS01852,Unknown,Unknown,19.416332,-99.098338,EVgo,DC Fast Charger,150,5,750,10,0.45,No,6:00-22:00,2023,3,Fast Charging,75.0,56,Unknown|Unknown
EVS01853,Unknown,Unknown,-33.891575,151.322292,ChargePoint,AC Level 2,350,4,1400,5,0.17,No,6:00-22:00,2012,14,Ultra-Fast Charging,280.0,89,Unknown|Unknown
EVS01854,Unknown,Unknown,37.606798,127.002723,ChargePoint,AC Level 2,50,2,100,5,0.31,No,24/7,2013,13,Fast Charging,20.0,41,Unknown|Unknown
EVS01855,Unknown,Unknown,41.907597,-87.680938,Greenlots,DC Fast Charger,150,6,900,8,0.33,No,24/7,2023,3,Fast Charging,112.5,32,Unknown|Unknown
EVS01856,Unknown,Unknown,52.494792,13.47117,ChargePoint,AC Level 2,150,5,750,7,0.14,Yes,6:00-22:00,2023,3,Fast Charging,107.14,155,Unknown|Unknown
EVS01857,Unknown,Unknown,52.446237,13.398836,Greenlots,AC Level 2,350,7,2450,8,0.41,Yes,9:00-18:00,2019,7,Ultra-Fast Charging,306.25,76,Unknown|Unknown
EVS01858,Unknown,Unknown,-33.828238,18.577357,EVgo,DC Fast Charger,350,3,1050,5,0.1,No,6:00-22:00,2013,13,Ultra-Fast Charging,210.0,111,Unknown|Unknown
EVS01859,Unknown,Unknown,41.901076,-87.741745,Greenlots,AC Level 1,50,5,250,8,0.48,No,9:00-18:00,2011,15,Fast Charging,31.25,101,Unknown|Unknown
EVS01860,Unknown,Unknown,-33.774518,18.566507,Ionity,AC Level 2,150,7,1050,9,0.35,Yes,6:00-22:00,2014,12,Fast Charging,116.67,136,Unknown|Unknown
EVS01861,Unknown,Unknown,-37.899292,155.263677,Ionity,AC Level 1,350,5,1750,9,0.29,No,9:00-18:00,2014,12,Ultra-Fast Charging,194.44,137,Unknown|Unknown
EVS01862,Unknown,Unknown,43.668766,-79.451889,EVgo,DC Fast Charger,150,4,600,6,0.2,No,24/7,2015,11,Fast Charging,100.0,63,Unknown|Unknown
EVS01863,Unknown,Unknown,55.744539,37.632358,Ionity,AC Level 1,22,1,22,1,0.39,No,6:00-22:00,2019,7,Destination/AC,22.0,154,Unknown|Unknown
EVS01864,Unknown,Unknown,52.573924,13.40758,Greenlots,DC Fast Charger,350,4,1400,5,0.16,Yes,6:00-22:00,2018,8,Ultra-Fast Charging,280.0,76,Unknown|Unknown
EVS01865,Unknown,Unknown,55.719082,37.540593,Tesla,AC Level 2,350,6,2100,8,0.29,No,24/7,2013,13,Ultra-Fast Charging,262.5,152,Unknown|Unknown
EVS01866,Unknown,Unknown,25.345043,55.223107,EVgo,AC Level 1,22,4,88,9,0.15,Yes,24/7,2020,6,Destination/AC,9.78,81,Unknown|Unknown
EVS01867,Unknown,Unknown,39.885191,116.272424,ChargePoint,AC Level 2,350,6,2100,9,0.21,No,24/7,2020,6,Ultra-Fast Charging,233.33,33,Unknown|Unknown
EVS01868,Unknown,Unknown,25.248935,55.244181,Greenlots,AC Level 1,50,3,150,4,0.16,Yes,9:00-18:00,2013,13,Fast Charging,37.5,140,Unknown|Unknown
EVS01869,Unknown,Unknown,41.921339,-87.649747,ChargePoint,AC Level 1,22,3,66,6,0.31,No,9:00-18:00,2017,9,Destination/AC,11.0,19,Unknown|Unknown
EVS01870,Unknown,Unknown,34.199939,-118.254367,Greenlots,AC Level 2,22,1,22,2,0.41,Yes,6:00-22:00,2022,4,Destination/AC,11.0,142,Unknown|Unknown
EVS01871,Unknown,Unknown,-33.501204,131.952677,EVgo,AC Level 2,50,1,50,1,0.25,Yes,9:00-18:00,2013,13,Fast Charging,50.0,22,Unknown|Unknown
EVS01872,Unknown,Unknown,-33.787642,151.380505,EVgo,DC Fast Charger,150,4,600,9,0.43,Yes,6:00-22:00,2018,8,Fast Charging,66.67,49,Unknown|Unknown
EVS01873,Unknown,Unknown,41.881697,-87.65812,Greenlots,AC Level 2,22,1,22,1,0.44,Yes,9:00-18:00,2010,16,Destination/AC,22.0,114,Unknown|Unknown
EVS01874,Unknown,Unknown,37.801461,-122.341573,Greenlots,AC Level 1,350,5,1750,10,0.25,No,24/7,2020,6,Ultra-Fast Charging,175.0,170,Unknown|Unknown
EVS01875,Unknown,Unknown,-33.883588,151.28434,Ionity,DC Fast Charger,150,5,750,7,0.47,No,24/7,2013,13,Fast Charging,107.14,82,Unknown|Unknown
EVS01876,Unknown,Unknown,19.032933,72.876521,Tesla,DC Fast Charger,150,4,600,7,0.43,No,6:00-22:00,2016,10,Fast Charging,85.71,34,Unknown|Unknown
EVS01877,Unknown,Unknown,-33.773538,18.568503,EVgo,AC Level 1,50,1,50,1,0.27,Yes,24/7,2012,14,Fast Charging,50.0,53,Unknown|Unknown
EVS01878,Unknown,Unknown,-33.778575,18.521783,ChargePoint,DC Fast Charger,50,4,200,8,0.2,No,6:00-22:00,2015,11,Fast Charging,25.0,162,Unknown|Unknown
EVS01879,Unknown,Unknown,-23.507698,-46.697672,Ionity,DC Fast Charger,350,8,2800,10,0.41,Yes,6:00-22:00,2013,13,Ultra-Fast Charging,280.0,134,Unknown|Unknown
EVS01880,Unknown,Unknown,13.892102,100.456028,Greenlots,DC Fast Charger,50,3,150,7,0.3,No,24/7,2019,7,Fast Charging,21.43,31,Unknown|Unknown
EVS01881,Unknown,Unknown,58.785804,-121.064465,ChargePoint,AC Level 2,350,6,2100,9,0.5,No,6:00-22:00,2013,13,Ultra-Fast Charging,233.33,78,Unknown|Unknown
EVS01882,Unknown,Unknown,13.741488,100.528934,Tesla,AC Level 1,150,4,600,7,0.38,Yes,24/7,2016,10,Fast Charging,85.71,58,Unknown|Unknown
EVS01883,Unknown,Unknown,19.563302,-99.14224,Greenlots,AC Level 2,150,1,150,1,0.37,Yes,9:00-18:00,2019,7,Fast Charging,150.0,44,Unknown|Unknown
EVS01884,Unknown,Unknown,52.479794,13.389988,Greenlots,AC Level 2,150,6,900,10,0.45,No,9:00-18:00,2012,14,Fast Charging,90.0,154,Unknown|Unknown
EVS01885,Unknown,Unknown,37.590407,126.98484,Tesla,AC Level 1,50,2,100,2,0.24,Yes,6:00-22:00,2011,15,Fast Charging,50.0,116,Unknown|Unknown
EVS01886,Unknown,Unknown,19.092648,72.887988,EVgo,AC Level 1,50,2,100,2,0.16,Yes,24/7,2023,3,Fast Charging,50.0,44,Unknown|Unknown
EVS01887,Unknown,Unknown,19.445856,-99.124191,EVgo,AC Level 1,350,1,350,2,0.19,No,9:00-18:00,2017,9,Ultra-Fast Charging,175.0,122,Unknown|Unknown
EVS01888,Unknown,Unknown,52.494949,13.300743,ChargePoint,AC Level 2,150,2,300,4,0.33,No,6:00-22:00,2016,10,Fast Charging,75.0,83,Unknown|Unknown
EVS01889,Unknown,Unknown,34.075931,-118.335678,EVgo,AC Level 2,350,1,350,1,0.36,Yes,9:00-18:00,2021,5,Ultra-Fast Charging,350.0,25,Unknown|Unknown
EVS01890,Unknown,Unknown,25.230951,55.331334,Tesla,AC Level 1,350,2,700,3,0.39,Yes,24/7,2023,3,Ultra-Fast Charging,233.33,89,Unknown|Unknown
EVS01891,Unknown,Unknown,-2.638197,-161.600309,Tesla,AC Level 2,150,1,150,2,0.24,Yes,6:00-22:00,2015,11,Fast Charging,75.0,45,Unknown|Unknown
EVS01892,Unknown,Unknown,13.760914,100.460876,Greenlots,DC Fast Charger,150,7,1050,9,0.19,No,24/7,2014,12,Fast Charging,116.67,55,Unknown|Unknown
EVS01893,Unknown,Unknown,34.135642,-118.368525,Tesla,AC Level 2,22,1,22,1,0.36,Yes,9:00-18:00,2011,15,Destination/AC,22.0,160,Unknown|Unknown
EVS01894,Unknown,Unknown,19.156718,72.986851,EVgo,AC Level 1,22,1,22,1,0.45,No,9:00-18:00,2021,5,Destination/AC,22.0,132,Unknown|Unknown
EVS01895,Unknown,Unknown,-23.569265,-46.600731,EVgo,DC Fast Charger,22,2,44,3,0.43,Yes,6:00-22:00,2020,6,Destination/AC,14.67,37,Unknown|Unknown
EVS01896,Unknown,Unknown,25.303845,55.263103,Greenlots,AC Level 2,22,1,22,2,0.25,No,9:00-18:00,2011,15,Destination/AC,11.0,155,Unknown|Unknown
EVS01897,Unknown,Unknown,39.893785,116.347485,ChargePoint,AC Level 1,150,3,450,5,0.48,Yes,24/7,2016,10,Fast Charging,90.0,109,Unknown|Unknown
EVS01898,Unknown,Unknown,19.46523,-99.1034,Ionity,DC Fast Charger,50,6,300,8,0.12,Yes,9:00-18:00,2019,7,Fast Charging,37.5,159,Unknown|Unknown
EVS01899,Unknown,Unknown,-23.554147,-46.630297,Greenlots,DC Fast Charger,350,2,700,4,0.48,Yes,9:00-18:00,2023,3,Ultra-Fast Charging,175.0,138,Unknown|Unknown
EVS01900,Unknown,Unknown,39.901139,116.324506,EVgo,AC Level 2,50,5,250,7,0.34,Yes,24/7,2023,3,Fast Charging,35.71,70,Unknown|Unknown
EVS01901,Unknown,Unknown,-14.465456,81.379726,ChargePoint,AC Level 1,22,8,176,10,0.37,No,24/7,2016,10,Destination/AC,17.6,103,Unknown|Unknown
EVS01902,Unknown,Unknown,-33.718033,18.411009,Tesla,DC Fast Charger,22,4,88,5,0.19,No,6:00-22:00,2012,14,Destination/AC,17.6,102,Unknown|Unknown
EVS01903,Unknown,Unknown,-33.889752,18.498218,Ionity,AC Level 1,22,2,44,4,0.3,No,24/7,2021,5,Destination/AC,11.0,133,Unknown|Unknown
EVS01904,Unknown,Unknown,-33.755571,18.468507,ChargePoint,AC Level 2,150,3,450,5,0.43,No,9:00-18:00,2020,6,Fast Charging,90.0,55,Unknown|Unknown
EVS01905,Unknown,Unknown,41.979379,-87.701408,Ionity,AC Level 1,150,1,150,1,0.22,Yes,9:00-18:00,2018,8,Fast Charging,150.0,69,Unknown|Unknown
EVS01906,Unknown,Unknown,25.361641,55.226195,EVgo,AC Level 2,22,5,110,7,0.46,No,9:00-18:00,2012,14,Destination/AC,15.71,55,Unknown|Unknown
EVS01907,Unknown,Unknown,18.958268,72.932208,Tesla,AC Level 2,50,7,350,9,0.41,No,24/7,2016,10,Fast Charging,38.89,63,Unknown|Unknown
EVS01908,Unknown,Unknown,-23.676881,-46.602436,Tesla,DC Fast Charger,22,1,22,1,0.22,No,6:00-22:00,2020,6,Destination/AC,22.0,41,Unknown|Unknown
EVS01909,Unknown,Unknown,37.783103,-122.416748,Greenlots,AC Level 2,22,6,132,8,0.49,No,24/7,2014,12,Destination/AC,16.5,21,Unknown|Unknown
EVS01910,Unknown,Unknown,19.590122,-99.109541,Greenlots,AC Level 2,150,5,750,9,0.32,Yes,24/7,2017,9,Fast Charging,83.33,170,Unknown|Unknown
EVS01911,Unknown,Unknown,52.18593,-86.255032,Ionity,DC Fast Charger,350,5,1750,8,0.17,No,6:00-22:00,2021,5,Ultra-Fast Charging,218.75,27,Unknown|Unknown
EVS01912,Unknown,Unknown,19.125694,72.917815,Greenlots,AC Level 2,150,1,150,1,0.12,Yes,24/7,2022,4,Fast Charging,150.0,161,Unknown|Unknown
EVS01913,Unknown,Unknown,-33.882233,151.320784,EVgo,AC Level 2,350,6,2100,8,0.42,Yes,6:00-22:00,2023,3,Ultra-Fast Charging,262.5,15,Unknown|Unknown
EVS01914,Unknown,Unknown,-33.75452,18.476355,Ionity,AC Level 1,22,4,88,8,0.14,No,9:00-18:00,2014,12,Destination/AC,11.0,143,Unknown|Unknown
EVS01915,Unknown,Unknown,-33.733571,18.419187,ChargePoint,DC Fast Charger,150,1,150,1,0.26,Yes,6:00-22:00,2011,15,Fast Charging,150.0,69,Unknown|Unknown
EVS01916,Unknown,Unknown,-33.795627,18.590561,Tesla,AC Level 1,22,8,176,10,0.43,No,9:00-18:00,2020,6,Destination/AC,17.6,100,Unknown|Unknown
EVS01917,Unknown,Unknown,19.102745,72.908679,EVgo,AC Level 2,150,3,450,5,0.48,No,6:00-22:00,2012,14,Fast Charging,90.0,61,Unknown|Unknown
EVS01918,Unknown,Unknown,39.971434,116.326205,Ionity,AC Level 1,22,2,44,4,0.42,No,6:00-22:00,2010,16,Destination/AC,11.0,95,Unknown|Unknown
EVS01919,Unknown,Unknown,19.40119,-99.053938,Tesla,AC Level 2,150,4,600,8,0.22,No,24/7,2015,11,Fast Charging,75.0,89,Unknown|Unknown
EVS01920,Unknown,Unknown,39.954683,116.463636,EVgo,AC Level 1,50,1,50,1,0.27,Yes,24/7,2019,7,Fast Charging,50.0,102,Unknown|Unknown
EVS01921,Unknown,Unknown,-19.312192,-83.844483,Greenlots,DC Fast Charger,22,5,110,8,0.5,No,9:00-18:00,2016,10,Destination/AC,13.75,79,Unknown|Unknown
EVS01922,Unknown,Unknown,19.058914,72.994324,EVgo,AC Level 2,22,5,110,9,0.46,Yes,6:00-22:00,2010,16,Destination/AC,12.22,103,Unknown|Unknown
EVS01923,Unknown,Unknown,-33.849463,18.448372,Greenlots,AC Level 1,50,5,250,7,0.23,No,6:00-22:00,2020,6,Fast Charging,35.71,151,Unknown|Unknown
EVS01924,Unknown,Unknown,-23.61757,-46.658128,ChargePoint,AC Level 2,150,2,300,4,0.19,No,6:00-22:00,2019,7,Fast Charging,75.0,86,Unknown|Unknown
EVS01925,Unknown,Unknown,52.449627,13.383864,Greenlots,AC Level 2,150,3,450,5,0.27,No,6:00-22:00,2015,11,Fast Charging,90.0,74,Unknown|Unknown
EVS01926,Unknown,Unknown,25.285352,55.231044,Tesla,AC Level 1,22,4,88,6,0.49,No,9:00-18:00,2021,5,Destination/AC,14.67,36,Unknown|Unknown
EVS01927,Unknown,Unknown,41.903549,-87.739524,EVgo,AC Level 2,350,4,1400,7,0.24,Yes,9:00-18:00,2022,4,Ultra-Fast Charging,200.0,74,Unknown|Unknown
EVS01928,Unknown,Unknown,13.822447,100.454493,Tesla,AC Level 2,22,5,110,10,0.39,Yes,6:00-22:00,2020,6,Destination/AC,11.0,35,Unknown|Unknown
EVS01929,Unknown,Unknown,25.388156,55.241441,ChargePoint,AC Level 2,22,3,66,5,0.33,Yes,6:00-22:00,2020,6,Destination/AC,13.2,45,Unknown|Unknown
EVS01930,Unknown,Unknown,41.932348,-87.703397,Tesla,DC Fast Charger,350,1,350,1,0.22,Yes,6:00-22:00,2010,16,Ultra-Fast Charging,350.0,172,Unknown|Unknown
EVS01931,Unknown,Unknown,-80.775083,104.526138,Tesla,DC Fast Charger,22,4,88,7,0.24,No,9:00-18:00,2010,16,Destination/AC,12.57,29,Unknown|Unknown
EVS01932,Unknown,Unknown,-33.78385,18.524704,Tesla,DC Fast Charger,150,8,1200,10,0.3,Yes,24/7,2022,4,Fast Charging,120.0,94,Unknown|Unknown
EVS01933,Unknown,Unknown,-23.62056,-46.522293,EVgo,AC Level 1,150,2,300,3,0.18,No,6:00-22:00,2015,11,Fast Charging,100.0,152,Unknown|Unknown
EVS01934,Unknown,Unknown,19.168384,72.826931,ChargePoint,DC Fast Charger,150,1,150,1,0.32,No,24/7,2020,6,Fast Charging,150.0,172,Unknown|Unknown
EVS01935,Unknown,Unknown,52.581639,13.481304,Ionity,AC Level 2,350,6,2100,9,0.41,No,24/7,2010,16,Ultra-Fast Charging,233.33,39,Unknown|Unknown
EVS01936,Unknown,Unknown,43.743732,-79.354107,EVgo,DC Fast Charger,350,1,350,1,0.1,Yes,6:00-22:00,2017,9,Ultra-Fast Charging,350.0,41,Unknown|Unknown
EVS01937,Unknown,Unknown,39.939747,116.464916,EVgo,AC Level 2,150,4,600,5,0.44,Yes,6:00-22:00,2022,4,Fast Charging,120.0,76,Unknown|Unknown
EVS01938,Unknown,Unknown,43.788786,-79.353118,Ionity,AC Level 2,50,2,100,3,0.38,No,9:00-18:00,2021,5,Fast Charging,33.33,106,Unknown|Unknown
EVS01939,Unknown,Unknown,39.853846,116.364804,EVgo,DC Fast Charger,150,3,450,6,0.3,Yes,24/7,2021,5,Fast Charging,75.0,173,Unknown|Unknown
EVS01940,Unknown,Unknown,37.802881,-122.453186,ChargePoint,DC Fast Charger,22,3,66,5,0.26,No,24/7,2016,10,Destination/AC,13.2,49,Unknown|Unknown
EVS01941,Unknown,Unknown,-50.11544,-70.213321,Tesla,AC Level 2,350,3,1050,7,0.44,No,6:00-22:00,2023,3,Ultra-Fast Charging,150.0,42,Unknown|Unknown
EVS01942,Unknown,Unknown,19.071618,72.844368,ChargePoint,AC Level 2,50,4,200,7,0.48,Yes,9:00-18:00,2010,16,Fast Charging,28.57,56,Unknown|Unknown
EVS01943,Unknown,Unknown,13.826212,100.53465,Tesla,AC Level 1,150,8,1200,10,0.38,No,6:00-22:00,2021,5,Fast Charging,120.0,159,Unknown|Unknown
EVS01944,Unknown,Unknown,25.237243,55.351518,Ionity,AC Level 2,150,3,450,4,0.5,Yes,24/7,2016,10,Fast Charging,112.5,19,Unknown|Unknown
EVS01945,Unknown,Unknown,52.50679,13.337591,Tesla,AC Level 1,150,1,150,3,0.26,No,24/7,2014,12,Fast Charging,50.0,77,Unknown|Unknown
EVS01946,Unknown,Unknown,13.803702,100.409319,Tesla,DC Fast Charger,22,3,66,5,0.45,Yes,9:00-18:00,2012,14,Destination/AC,13.2,34,Unknown|Unknown
EVS01947,Unknown,Unknown,52.495176,13.359021,ChargePoint,DC Fast Charger,150,2,300,4,0.44,No,6:00-22:00,2016,10,Fast Charging,75.0,40,Unknown|Unknown
EVS01948,Unknown,Unknown,19.544642,-99.089706,EVgo,AC Level 2,22,5,110,8,0.11,Yes,6:00-22:00,2011,15,Destination/AC,13.75,166,Unknown|Unknown
EVS01949,Unknown,Unknown,34.099776,-118.218593,EVgo,AC Level 1,350,5,1750,7,0.48,Yes,6:00-22:00,2016,10,Ultra-Fast Charging,250.0,15,Unknown|Unknown
EVS01950,Unknown,Unknown,37.875903,-122.470069,Tesla,DC Fast Charger,22,1,22,3,0.19,Yes,6:00-22:00,2018,8,Destination/AC,7.33,68,Unknown|Unknown
EVS01951,Unknown,Unknown,-30.286654,-143.015699,Tesla,AC Level 2,350,6,2100,8,0.4,No,24/7,2013,13,Ultra-Fast Charging,262.5,166,Unknown|Unknown
EVS01952,Unknown,Unknown,18.958095,72.806026,ChargePoint,DC Fast Charger,150,8,1200,9,0.39,No,9:00-18:00,2013,13,Fast Charging,133.33,115,Unknown|Unknown
EVS01953,Unknown,Unknown,-33.833168,151.321275,Tesla,AC Level 1,22,4,88,6,0.34,No,24/7,2015,11,Destination/AC,14.67,26,Unknown|Unknown
EVS01954,Unknown,Unknown,55.772101,37.633408,ChargePoint,AC Level 2,50,6,300,9,0.34,No,9:00-18:00,2021,5,Fast Charging,33.33,91,Unknown|Unknown
EVS01955,Unknown,Unknown,52.597085,13.325891,ChargePoint,AC Level 1,50,4,200,6,0.19,Yes,24/7,2021,5,Fast Charging,33.33,175,Unknown|Unknown
EVS01956,Unknown,Unknown,52.430911,13.311072,Tesla,AC Level 1,50,4,200,7,0.13,No,9:00-18:00,2017,9,Fast Charging,28.57,81,Unknown|Unknown
EVS01957,Unknown,Unknown,41.849058,-87.625291,Tesla,AC Level 2,22,3,66,5,0.44,No,24/7,2018,8,Destination/AC,13.2,102,Unknown|Unknown
EVS01958,Unknown,Unknown,19.015508,72.879277,Ionity,AC Level 2,150,6,900,9,0.13,Yes,24/7,2012,14,Fast Charging,100.0,102,Unknown|Unknown
EVS01959,Unknown,Unknown,37.617947,126.98931,Greenlots,DC Fast Charger,50,2,100,5,0.17,Yes,24/7,2017,9,Fast Charging,20.0,123,Unknown|Unknown
EVS01960,Unknown,Unknown,52.466803,13.313666,Tesla,AC Level 1,350,5,1750,6,0.46,No,24/7,2013,13,Ultra-Fast Charging,291.67,45,Unknown|Unknown
EVS01961,Unknown,Unknown,-24.578696,-23.715804,EVgo,AC Level 1,150,4,600,7,0.45,No,24/7,2015,11,Fast Charging,85.71,153,Unknown|Unknown
EVS01962,Unknown,Unknown,43.608066,-79.470911,ChargePoint,AC Level 2,150,2,300,4,0.17,Yes,9:00-18:00,2019,7,Fast Charging,75.0,178,Unknown|Unknown
EVS01963,Unknown,Unknown,19.506846,-99.049846,Greenlots,AC Level 1,150,2,300,3,0.46,Yes,24/7,2015,11,Fast Charging,100.0,38,Unknown|Unknown
EVS01964,Unknown,Unknown,18.956088,72.924838,Tesla,DC Fast Charger,50,3,150,4,0.29,Yes,6:00-22:00,2010,16,Fast Charging,37.5,150,Unknown|Unknown
EVS01965,Unknown,Unknown,13.81283,100.589945,ChargePoint,AC Level 1,150,3,450,5,0.31,No,6:00-22:00,2014,12,Fast Charging,90.0,149,Unknown|Unknown
EVS01966,Unknown,Unknown,43.7804,-79.441032,EVgo,DC Fast Charger,22,4,88,8,0.2,No,9:00-18:00,2010,16,Destination/AC,11.0,137,Unknown|Unknown
EVS01967,Unknown,Unknown,41.807225,-87.640377,Tesla,DC Fast Charger,150,1,150,2,0.12,Yes,9:00-18:00,2021,5,Fast Charging,75.0,76,Unknown|Unknown
EVS01968,Unknown,Unknown,43.744685,-79.448258,EVgo,DC Fast Charger,50,5,250,7,0.2,Yes,24/7,2016,10,Fast Charging,35.71,92,Unknown|Unknown
EVS01969,Unknown,Unknown,37.872636,-122.443985,ChargePoint,DC Fast Charger,350,1,350,1,0.16,Yes,9:00-18:00,2017,9,Ultra-Fast Charging,350.0,153,Unknown|Unknown
EVS01970,Unknown,Unknown,19.506951,-99.059577,EVgo,AC Level 2,350,2,700,4,0.5,Yes,9:00-18:00,2018,8,Ultra-Fast Charging,175.0,40,Unknown|Unknown
EVS01971,Unknown,Unknown,28.984955,-139.219526,Tesla,DC Fast Charger,350,8,2800,10,0.4,Yes,24/7,2015,11,Ultra-Fast Charging,280.0,151,Unknown|Unknown
EVS01972,Unknown,Unknown,25.340436,55.341621,EVgo,DC Fast Charger,22,4,88,8,0.14,Yes,24/7,2013,13,Destination/AC,11.0,166,Unknown|Unknown
EVS01973,Unknown,Unknown,37.666021,126.92881,EVgo,AC Level 1,350,6,2100,9,0.38,No,6:00-22:00,2015,11,Ultra-Fast Charging,233.33,127,Unknown|Unknown
EVS01974,Unknown,Unknown,13.767731,100.472258,Ionity,DC Fast Charger,50,4,200,9,0.47,No,6:00-22:00,2010,16,Fast Charging,22.22,71,Unknown|Unknown
EVS01975,Unknown,Unknown,37.691174,126.975288,Ionity,AC Level 2,22,6,132,10,0.31,No,6:00-22:00,2014,12,Destination/AC,13.2,107,Unknown|Unknown
EVS01976,Unknown,Unknown,39.932494,116.218735,Tesla,AC Level 1,150,6,900,9,0.33,Yes,24/7,2010,16,Fast Charging,100.0,23,Unknown|Unknown
EVS01977,Unknown,Unknown,41.891211,-87.616725,Tesla,AC Level 1,350,5,1750,7,0.4,No,24/7,2016,10,Ultra-Fast Charging,250.0,168,Unknown|Unknown
EVS01978,Unknown,Unknown,52.448014,13.406008,Greenlots,AC Level 2,350,2,700,3,0.31,Yes,9:00-18:00,2022,4,Ultra-Fast Charging,233.33,71,Unknown|Unknown
EVS01979,Unknown,Unknown,43.75227,-79.311044,Ionity,AC Level 1,150,8,1200,10,0.31,Yes,6:00-22:00,2011,15,Fast Charging,120.0,24,Unknown|Unknown
EVS01980,Unknown,Unknown,52.447262,13.364036,Greenlots,AC Level 2,50,2,100,2,0.27,Yes,24/7,2016,10,Fast Charging,50.0,146,Unknown|Unknown
EVS01981,Unknown,Unknown,-5.248134,3.125933,Tesla,DC Fast Charger,150,6,900,9,0.46,No,24/7,2023,3,Fast Charging,100.0,123,Unknown|Unknown
EVS01982,Unknown,Unknown,37.690029,127.090396,Ionity,AC Level 2,50,5,250,7,0.25,No,9:00-18:00,2019,7,Fast Charging,35.71,117,Unknown|Unknown
EVS01983,Unknown,Unknown,55.765216,37.672979,ChargePoint,AC Level 2,350,3,1050,4,0.41,No,9:00-18:00,2023,3,Ultra-Fast Charging,262.5,23,Unknown|Unknown
EVS01984,Unknown,Unknown,41.939742,-87.795553,Ionity,AC Level 2,50,4,200,7,0.26,No,9:00-18:00,2022,4,Fast Charging,28.57,138,Unknown|Unknown
EVS01985,Unknown,Unknown,19.506975,-99.165252,Greenlots,AC Level 2,22,4,88,5,0.42,Yes,9:00-18:00,2019,7,Destination/AC,17.6,120,Unknown|Unknown
EVS01986,Unknown,Unknown,37.858428,-122.47224,Ionity,AC Level 2,350,1,350,2,0.27,No,6:00-22:00,2019,7,Ultra-Fast Charging,175.0,145,Unknown|Unknown
EVS01987,Unknown,Unknown,-33.828338,151.216354,Greenlots,AC Level 2,350,7,2450,9,0.38,No,24/7,2017,9,Ultra-Fast Charging,272.22,151,Unknown|Unknown
EVS01988,Unknown,Unknown,-23.648345,-46.578218,ChargePoint,AC Level 2,150,5,750,10,0.42,No,6:00-22:00,2021,5,Fast Charging,75.0,49,Unknown|Unknown
EVS01989,Unknown,Unknown,25.335844,55.367395,Tesla,AC Level 2,350,2,700,3,0.22,No,9:00-18:00,2015,11,Ultra-Fast Charging,233.33,49,Unknown|Unknown
EVS01990,Unknown,Unknown,-33.822494,18.54291,ChargePoint,AC Level 2,350,1,350,2,0.25,No,24/7,2018,8,Ultra-Fast Charging,175.0,167,Unknown|Unknown
EVS01991,Unknown,Unknown,86.536065,4.301195,EVgo,DC Fast Charger,50,1,50,1,0.3,No,24/7,2018,8,Fast Charging,50.0,102,Unknown|Unknown
EVS01992,Unknown,Unknown,52.5776,13.323787,Greenlots,AC Level 1,150,7,1050,9,0.47,No,24/7,2011,15,Fast Charging,116.67,87,Unknown|Unknown
EVS01993,Unknown,Unknown,-33.744172,151.274062,ChargePoint,AC Level 2,350,6,2100,7,0.45,Yes,6:00-22:00,2022,4,Ultra-Fast Charging,300.0,62,Unknown|Unknown
EVS01994,Unknown,Unknown,13.866888,100.475147,EVgo,AC Level 2,150,3,450,6,0.34,No,24/7,2013,13,Fast Charging,75.0,120,Unknown|Unknown
EVS01995,Unknown,Unknown,-33.719691,18.405456,EVgo,DC Fast Charger,22,2,44,4,0.38,Yes,9:00-18:00,2010,16,Destination/AC,11.0,139,Unknown|Unknown
EVS01996,Unknown,Unknown,41.951732,-87.781661,Greenlots,DC Fast Charger,22,1,22,2,0.19,Yes,6:00-22:00,2012,14,Destination/AC,11.0,15,Unknown|Unknown
EVS01997,Unknown,Unknown,43.777042,-79.421694,Greenlots,AC Level 1,22,5,110,8,0.31,No,9:00-18:00,2016,10,Destination/AC,13.75,106,Unknown|Unknown
EVS01998,Unknown,Unknown,-33.766492,18.51061,ChargePoint,DC Fast Charger,50,6,300,10,0.32,No,9:00-18:00,2014,12,Fast Charging,30.0,178,Unknown|Unknown
EVS01999,Unknown,Unknown,43.638272,-79.334146,Greenlots,AC Level 2,350,4,1400,5,0.47,No,6:00-22:00,2012,14,Ultra-Fast Charging,280.0,61,Unknown|Unknown
EVS02000,Unknown,Unknown,19.537385,-99.109572,ChargePoint,AC Level 1,150,6,900,8,0.43,No,6:00-22:00,2017,9,Fast Charging,112.5,61,Unknown|Unknown
EVS02001,Unknown,Unknown,-36.888828,-135.247314,ChargePoint,DC Fast Charger,22,2,44,5,0.29,No,9:00-18:00,2021,5,Destination/AC,8.8,159,Unknown|Unknown
EVS02002,Unknown,Unknown,37.804266,-122.447538,ChargePoint,AC Level 1,22,2,44,3,0.46,Yes,24/7,2017,9,Destination/AC,14.67,25,Unknown|Unknown
EVS02003,Unknown,Unknown,-23.552833,-46.559562,Ionity,AC Level 1,150,1,150,2,0.32,Yes,24/7,2017,9,Fast Charging,75.0,80,Unknown|Unknown
EVS02004,Unknown,Unknown,25.265021,55.284404,Greenlots,AC Level 1,150,1,150,1,0.12,No,6:00-22:00,2021,5,Fast Charging,150.0,90,Unknown|Unknown
EVS02005,Unknown,Unknown,19.475706,-99.053211,Ionity,AC Level 1,350,2,700,4,0.43,No,24/7,2022,4,Ultra-Fast Charging,175.0,146,Unknown|Unknown
EVS02006,Unknown,Unknown,39.857075,116.408467,Tesla,AC Level 1,50,6,300,10,0.3,No,24/7,2016,10,Fast Charging,30.0,36,Unknown|Unknown
EVS02007,Unknown,Unknown,52.502102,13.374867,Tesla,DC Fast Charger,22,6,132,9,0.42,No,24/7,2016,10,Destination/AC,14.67,86,Unknown|Unknown
EVS02008,Unknown,Unknown,34.068104,-118.324505,Greenlots,AC Level 1,350,3,1050,6,0.5,No,9:00-18:00,2012,14,Ultra-Fast Charging,175.0,40,Unknown|Unknown
EVS02009,Unknown,Unknown,13.767882,100.504667,Greenlots,DC Fast Charger,150,1,150,1,0.27,Yes,6:00-22:00,2019,7,Fast Charging,150.0,144,Unknown|Unknown
EVS02010,Unknown,Unknown,34.045233,-118.252505,Tesla,AC Level 1,150,1,150,1,0.23,Yes,9:00-18:00,2016,10,Fast Charging,150.0,119,Unknown|Unknown
EVS02011,Unknown,Unknown,-65.268368,110.236242,Greenlots,AC Level 1,350,2,700,3,0.31,Yes,9:00-18:00,2020,6,Ultra-Fast Charging,233.33,96,Unknown|Unknown
EVS02012,Unknown,Unknown,37.534929,126.937102,Greenlots,AC Level 2,150,1,150,2,0.4,Yes,24/7,2013,13,Fast Charging,75.0,79,Unknown|Unknown
EVS02013,Unknown,Unknown,34.174501,-118.386442,ChargePoint,AC Level 2,22,3,66,4,0.17,No,24/7,2011,15,Destination/AC,16.5,40,Unknown|Unknown
EVS02014,Unknown,Unknown,39.88537,116.268579,Ionity,DC Fast Charger,50,2,100,5,0.43,No,9:00-18:00,2022,4,Fast Charging,20.0,167,Unknown|Unknown
EVS02015,Unknown,Unknown,-33.794759,18.55363,Greenlots,AC Level 1,50,5,250,10,0.27,Yes,24/7,2011,15,Fast Charging,25.0,121,Unknown|Unknown
EVS02016,Unknown,Unknown,-33.833121,18.424703,ChargePoint,DC Fast Charger,150,6,900,10,0.44,No,6:00-22:00,2019,7,Fast Charging,90.0,67,Unknown|Unknown
EVS02017,Unknown,Unknown,39.97047,116.454885,Ionity,AC Level 2,150,1,150,1,0.49,No,24/7,2020,6,Fast Charging,150.0,83,Unknown|Unknown
EVS02018,Unknown,Unknown,34.012008,-118.33404,EVgo,DC Fast Charger,50,6,300,10,0.29,No,6:00-22:00,2020,6,Fast Charging,30.0,134,Unknown|Unknown
EVS02019,Unknown,Unknown,34.004018,-118.354384,Greenlots,DC Fast Charger,150,3,450,4,0.32,Yes,9:00-18:00,2015,11,Fast Charging,112.5,133,Unknown|Unknown
EVS02020,Unknown,Unknown,34.175349,-118.202418,EVgo,AC Level 2,50,5,250,10,0.16,Yes,24/7,2023,3,Fast Charging,25.0,91,Unknown|Unknown
EVS02021,Unknown,Unknown,66.858607,-112.218349,Greenlots,DC Fast Charger,22,2,44,5,0.18,Yes,24/7,2014,12,Destination/AC,8.8,64,Unknown|Unknown
EVS02022,Unknown,Unknown,-33.877693,18.495879,ChargePoint,DC Fast Charger,350,4,1400,7,0.15,Yes,6:00-22:00,2015,11,Ultra-Fast Charging,200.0,123,Unknown|Unknown
EVS02023,Unknown,Unknown,-23.523922,-46.698197,Greenlots,AC Level 2,150,2,300,2,0.4,Yes,6:00-22:00,2020,6,Fast Charging,150.0,123,Unknown|Unknown
EVS02024,Unknown,Unknown,41.993319,-87.791751,Tesla,DC Fast Charger,150,6,900,8,0.34,Yes,24/7,2010,16,Fast Charging,112.5,113,Unknown|Unknown
EVS02025,Unknown,Unknown,13.831057,100.533306,EVgo,DC Fast Charger,350,3,1050,4,0.1,No,9:00-18:00,2022,4,Ultra-Fast Charging,262.5,27,Unknown|Unknown
EVS02026,Unknown,Unknown,41.943392,-87.734082,EVgo,DC Fast Charger,350,3,1050,5,0.45,Yes,24/7,2022,4,Ultra-Fast Charging,210.0,93,Unknown|Unknown
EVS02027,Unknown,Unknown,-23.680789,-46.585292,Ionity,DC Fast Charger,350,6,2100,8,0.21,No,9:00-18:00,2023,3,Ultra-Fast Charging,262.5,116,Unknown|Unknown
EVS02028,Unknown,Unknown,37.747911,-122.363305,EVgo,DC Fast Charger,50,7,350,9,0.15,Yes,9:00-18:00,2010,16,Fast Charging,38.89,171,Unknown|Unknown
EVS02029,Unknown,Unknown,52.458294,13.412194,Ionity,AC Level 2,150,2,300,4,0.37,Yes,6:00-22:00,2015,11,Fast Charging,75.0,101,Unknown|Unknown
EVS02030,Unknown,Unknown,18.900976,72.89079,Greenlots,AC Level 2,50,1,50,2,0.38,Yes,9:00-18:00,2014,12,Fast Charging,25.0,71,Unknown|Unknown
EVS02031,Unknown,Unknown,58.571392,95.218911,EVgo,AC Level 1,150,2,300,2,0.21,Yes,24/7,2015,11,Fast Charging,150.0,106,Unknown|Unknown
EVS02032,Unknown,Unknown,37.800877,-122.307271,EVgo,AC Level 2,350,2,700,4,0.46,Yes,6:00-22:00,2014,12,Ultra-Fast Charging,175.0,44,Unknown|Unknown
EVS02033,Unknown,Unknown,52.414195,13.319507,Ionity,DC Fast Charger,50,1,50,1,0.22,No,9:00-18:00,2016,10,Fast Charging,50.0,29,Unknown|Unknown
EVS02034,Unknown,Unknown,-33.851963,151.251169,Ionity,AC Level 1,150,4,600,6,0.14,Yes,6:00-22:00,2013,13,Fast Charging,100.0,126,Unknown|Unknown
EVS02035,Unknown,Unknown,55.703896,37.600262,Tesla,AC Level 1,350,3,1050,4,0.2,Yes,9:00-18:00,2017,9,Ultra-Fast Charging,262.5,177,Unknown|Unknown
EVS02036,Unknown,Unknown,52.517586,13.482408,ChargePoint,DC Fast Charger,150,3,450,7,0.46,No,9:00-18:00,2010,16,Fast Charging,64.29,154,Unknown|Unknown
EVS02037,Unknown,Unknown,37.867618,-122.323357,EVgo,AC Level 1,50,3,150,4,0.46,Yes,24/7,2016,10,Fast Charging,37.5,111,Unknown|Unknown
EVS02038,Unknown,Unknown,-23.641121,-46.63984,Ionity,DC Fast Charger,350,4,1400,5,0.4,No,24/7,2023,3,Ultra-Fast Charging,280.0,21,Unknown|Unknown
EVS02039,Unknown,Unknown,37.838478,-122.493588,EVgo,AC Level 2,22,2,44,3,0.2,No,9:00-18:00,2016,10,Destination/AC,14.67,178,Unknown|Unknown
EVS02040,Unknown,Unknown,-33.860406,151.377378,Ionity,AC Level 1,150,3,450,5,0.27,Yes,24/7,2022,4,Fast Charging,90.0,89,Unknown|Unknown
EVS02041,Unknown,Unknown,45.071967,-109.908475,EVgo,AC Level 2,22,3,66,7,0.37,No,24/7,2013,13,Destination/AC,9.43,62,Unknown|Unknown
EVS02042,Unknown,Unknown,13.772779,100.463462,Tesla,AC Level 2,22,3,66,7,0.49,Yes,6:00-22:00,2023,3,Destination/AC,9.43,162,Unknown|Unknown
EVS02043,Unknown,Unknown,37.626296,127.018147,Greenlots,AC Level 2,50,3,150,4,0.15,No,6:00-22:00,2013,13,Fast Charging,37.5,138,Unknown|Unknown
EVS02044,Unknown,Unknown,-33.793584,151.331552,EVgo,DC Fast Charger,22,3,66,4,0.12,Yes,24/7,2022,4,Destination/AC,16.5,138,Unknown|Unknown
EVS02045,Unknown,Unknown,-33.810787,18.453621,ChargePoint,AC Level 1,150,3,450,5,0.32,Yes,24/7,2023,3,Fast Charging,90.0,60,Unknown|Unknown
EVS02046,Unknown,Unknown,34.000594,-118.213155,Greenlots,AC Level 1,350,2,700,3,0.24,Yes,6:00-22:00,2021,5,Ultra-Fast Charging,233.33,178,Unknown|Unknown
EVS02047,Unknown,Unknown,37.781615,-122.405928,ChargePoint,AC Level 1,150,3,450,3,0.24,No,24/7,2013,13,Fast Charging,150.0,89,Unknown|Unknown
EVS02048,Unknown,Unknown,19.455758,-99.170307,Ionity,AC Level 1,150,5,750,9,0.19,Yes,24/7,2017,9,Fast Charging,83.33,102,Unknown|Unknown
EVS02049,Unknown,Unknown,19.46376,-99.067254,Greenlots,AC Level 1,150,4,600,6,0.48,No,9:00-18:00,2021,5,Fast Charging,100.0,138,Unknown|Unknown
EVS02050,Unknown,Unknown,-33.886676,151.379635,EVgo,AC Level 2,150,5,750,8,0.37,No,6:00-22:00,2011,15,Fast Charging,93.75,123,Unknown|Unknown
EVS02051,Unknown,Unknown,71.508746,-6.429733,ChargePoint,AC Level 1,22,2,44,5,0.44,No,24/7,2013,13,Destination/AC,8.8,43,Unknown|Unknown
EVS02052,Unknown,Unknown,55.758091,37.681309,ChargePoint,DC Fast Charger,350,6,2100,8,0.17,No,6:00-22:00,2019,7,Ultra-Fast Charging,262.5,64,Unknown|Unknown
EVS02053,Unknown,Unknown,52.570647,13.46395,Ionity,AC Level 2,22,3,66,7,0.26,No,6:00-22:00,2014,12,Destination/AC,9.43,74,Unknown|Unknown
EVS02054,Unknown,Unknown,37.607025,126.961993,Tesla,AC Level 2,50,5,250,7,0.47,Yes,6:00-22:00,2016,10,Fast Charging,35.71,171,Unknown|Unknown
EVS02055,Unknown,Unknown,37.709658,-122.445952,Tesla,AC Level 2,22,2,44,4,0.19,Yes,24/7,2017,9,Destination/AC,11.0,132,Unknown|Unknown
EVS02056,Unknown,Unknown,-33.733309,151.265792,ChargePoint,AC Level 1,350,7,2450,9,0.48,Yes,24/7,2017,9,Ultra-Fast Charging,272.22,75,Unknown|Unknown
EVS02057,Unknown,Unknown,39.93047,116.369779,Tesla,AC Level 1,150,2,300,2,0.19,No,6:00-22:00,2023,3,Fast Charging,150.0,136,Unknown|Unknown
EVS02058,Unknown,Unknown,41.873025,-87.641849,Greenlots,DC Fast Charger,50,6,300,8,0.17,No,24/7,2022,4,Fast Charging,37.5,136,Unknown|Unknown
EVS02059,Unknown,Unknown,19.586221,-99.101099,Greenlots,AC Level 2,350,3,1050,7,0.43,Yes,6:00-22:00,2022,4,Ultra-Fast Charging,150.0,80,Unknown|Unknown
EVS02060,Unknown,Unknown,13.758533,100.42061,ChargePoint,DC Fast Charger,50,7,350,9,0.4,Yes,6:00-22:00,2021,5,Fast Charging,38.89,81,Unknown|Unknown
EVS02061,Unknown,Unknown,-26.303618,-22.298148,EVgo,DC Fast Charger,50,6,300,7,0.32,Yes,6:00-22:00,2015,11,Fast Charging,42.86,162,Unknown|Unknown
EVS02062,Unknown,Unknown,43.630734,-79.348404,Greenlots,DC Fast Charger,50,5,250,9,0.12,Yes,6:00-22:00,2014,12,Fast Charging,27.78,107,Unknown|Unknown
EVS02063,Unknown,Unknown,52.435186,13.308561,ChargePoint,AC Level 2,50,5,250,9,0.19,Yes,9:00-18:00,2022,4,Fast Charging,27.78,39,Unknown|Unknown
EVS02064,Unknown,Unknown,43.684986,-79.348871,Ionity,DC Fast Charger,22,7,154,9,0.19,No,24/7,2021,5,Destination/AC,17.11,133,Unknown|Unknown
EVS02065,Unknown,Unknown,55.803057,37.698354,Ionity,AC Level 2,50,2,100,4,0.12,Yes,24/7,2012,14,Fast Charging,25.0,112,Unknown|Unknown
EVS02066,Unknown,Unknown,-23.572552,-46.686605,Ionity,DC Fast Charger,150,1,150,1,0.12,No,9:00-18:00,2023,3,Fast Charging,150.0,98,Unknown|Unknown
EVS02067,Unknown,Unknown,13.767928,100.500652,Greenlots,AC Level 2,22,6,132,8,0.15,No,24/7,2012,14,Destination/AC,16.5,134,Unknown|Unknown
EVS02068,Unknown,Unknown,19.513851,-99.128946,EVgo,AC Level 1,150,1,150,1,0.44,Yes,6:00-22:00,2018,8,Fast Charging,150.0,164,Unknown|Unknown
EVS02069,Unknown,Unknown,37.688723,126.971433,ChargePoint,AC Level 2,350,5,1750,8,0.14,No,9:00-18:00,2021,5,Ultra-Fast Charging,218.75,69,Unknown|Unknown
EVS02070,Unknown,Unknown,19.410378,-99.160319,ChargePoint,AC Level 2,50,7,350,10,0.29,Yes,6:00-22:00,2019,7,Fast Charging,35.0,84,Unknown|Unknown
EVS02071,Unknown,Unknown,5.285067,81.24223,ChargePoint,AC Level 1,350,2,700,3,0.35,No,6:00-22:00,2016,10,Ultra-Fast Charging,233.33,46,Unknown|Unknown
EVS02072,Unknown,Unknown,41.843091,-87.753234,Tesla,AC Level 2,22,3,66,4,0.31,No,24/7,2012,14,Destination/AC,16.5,121,Unknown|Unknown
EVS02073,Unknown,Unknown,37.876611,-122.482333,Greenlots,AC Level 1,350,4,1400,7,0.13,No,24/7,2011,15,Ultra-Fast Charging,200.0,81,Unknown|Unknown
EVS02074,Unknown,Unknown,55.723117,37.676859,EVgo,AC Level 1,50,4,200,6,0.18,Yes,6:00-22:00,2020,6,Fast Charging,33.33,71,Unknown|Unknown
EVS02075,Unknown,Unknown,19.043693,72.84801,Ionity,AC Level 1,50,1,50,1,0.47,No,6:00-22:00,2010,16,Fast Charging,50.0,129,Unknown|Unknown
EVS02076,Unknown,Unknown,52.578696,13.484521,ChargePoint,DC Fast Charger,50,4,200,8,0.45,Yes,9:00-18:00,2021,5,Fast Charging,25.0,82,Unknown|Unknown
EVS02077,Unknown,Unknown,37.834326,-122.333311,Ionity,AC Level 2,22,8,176,10,0.2,Yes,9:00-18:00,2023,3,Destination/AC,17.6,91,Unknown|Unknown
EVS02078,Unknown,Unknown,41.899939,-87.790167,Ionity,AC Level 2,350,3,1050,6,0.19,Yes,9:00-18:00,2016,10,Ultra-Fast Charging,175.0,87,Unknown|Unknown
EVS02079,Unknown,Unknown,52.542547,13.396391,Ionity,DC Fast Charger,150,1,150,1,0.48,No,6:00-22:00,2021,5,Fast Charging,150.0,57,Unknown|Unknown
EVS02080,Unknown,Unknown,43.798142,-79.369069,Tesla,AC Level 1,22,5,110,10,0.17,No,6:00-22:00,2019,7,Destination/AC,11.0,35,Unknown|Unknown
EVS02081,Unknown,Unknown,44.092179,-59.142655,Greenlots,AC Level 1,150,4,600,5,0.3,Yes,9:00-18:00,2015,11,Fast Charging,120.0,151,Unknown|Unknown
EVS02082,Unknown,Unknown,-33.833044,18.448885,Tesla,AC Level 1,350,1,350,1,0.2,No,24/7,2013,13,Ultra-Fast Charging,350.0,30,Unknown|Unknown
EVS02083,Unknown,Unknown,25.223891,55.330167,EVgo,AC Level 2,150,1,150,1,0.44,No,24/7,2010,16,Fast Charging,150.0,68,Unknown|Unknown
EVS02084,Unknown,Unknown,-33.812375,151.312366,EVgo,AC Level 2,150,3,450,3,0.22,Yes,9:00-18:00,2011,15,Fast Charging,150.0,125,Unknown|Unknown
EVS02085,Unknown,Unknown,19.154032,72.929498,Ionity,AC Level 1,50,7,350,10,0.37,No,6:00-22:00,2015,11,Fast Charging,35.0,36,Unknown|Unknown
EVS02086,Unknown,Unknown,25.251219,55.333725,Ionity,AC Level 2,50,5,250,7,0.33,Yes,6:00-22:00,2018,8,Fast Charging,35.71,123,Unknown|Unknown
EVS02087,Unknown,Unknown,39.824971,116.359824,Tesla,AC Level 1,22,1,22,2,0.16,No,24/7,2019,7,Destination/AC,11.0,135,Unknown|Unknown
EVS02088,Unknown,Unknown,37.893347,-122.409799,EVgo,DC Fast Charger,50,4,200,5,0.36,No,9:00-18:00,2020,6,Fast Charging,40.0,124,Unknown|Unknown
EVS02089,Unknown,Unknown,43.714493,-79.379398,Ionity,DC Fast Charger,50,5,250,7,0.41,No,6:00-22:00,2020,6,Fast Charging,35.71,65,Unknown|Unknown
EVS02090,Unknown,Unknown,41.894245,-87.712264,Ionity,AC Level 2,22,8,176,10,0.49,Yes,9:00-18:00,2014,12,Destination/AC,17.6,18,Unknown|Unknown
EVS02091,Unknown,Unknown,-34.448053,-155.65398,Greenlots,DC Fast Charger,22,2,44,4,0.28,Yes,6:00-22:00,2023,3,Destination/AC,11.0,161,Unknown|Unknown
EVS02092,Unknown,Unknown,43.633996,-79.375878,ChargePoint,AC Level 1,150,1,150,2,0.14,No,6:00-22:00,2015,11,Fast Charging,75.0,68,Unknown|Unknown
EVS02093,Unknown,Unknown,25.208639,55.279486,Tesla,AC Level 2,50,5,250,7,0.41,No,24/7,2016,10,Fast Charging,35.71,147,Unknown|Unknown
EVS02094,Unknown,Unknown,37.730029,-122.441392,EVgo,AC Level 2,150,2,300,3,0.19,No,24/7,2018,8,Fast Charging,100.0,47,Unknown|Unknown
EVS02095,Unknown,Unknown,41.89322,-87.697338,ChargePoint,DC Fast Charger,350,2,700,4,0.13,No,6:00-22:00,2022,4,Ultra-Fast Charging,175.0,41,Unknown|Unknown
EVS02096,Unknown,Unknown,18.996577,72.99152,EVgo,DC Fast Charger,50,4,200,5,0.15,No,24/7,2019,7,Fast Charging,40.0,143,Unknown|Unknown
EVS02097,Unknown,Unknown,-23.632054,-46.604636,EVgo,AC Level 2,150,5,750,8,0.14,Yes,24/7,2013,13,Fast Charging,93.75,170,Unknown|Unknown
EVS02098,Unknown,Unknown,43.788999,-79.314916,Ionity,DC Fast Charger,150,4,600,8,0.2,No,6:00-22:00,2019,7,Fast Charging,75.0,157,Unknown|Unknown
EVS02099,Unknown,Unknown,-33.76619,151.267462,EVgo,DC Fast Charger,150,2,300,4,0.16,Yes,9:00-18:00,2023,3,Fast Charging,75.0,138,Unknown|Unknown
EVS02100,Unknown,Unknown,39.875806,116.368722,Tesla,DC Fast Charger,50,1,50,2,0.42,No,9:00-18:00,2013,13,Fast Charging,25.0,55,Unknown|Unknown
EVS02101,Unknown,Unknown,77.69797,7.530159,Greenlots,AC Level 1,50,1,50,2,0.18,Yes,24/7,2015,11,Fast Charging,25.0,165,Unknown|Unknown
EVS02102,Unknown,Unknown,25.258702,55.291192,Tesla,AC Level 2,150,5,750,6,0.1,Yes,24/7,2021,5,Fast Charging,125.0,125,Unknown|Unknown
EVS02103,Unknown,Unknown,43.622055,-79.356262,ChargePoint,AC Level 1,50,3,150,3,0.49,Yes,6:00-22:00,2016,10,Fast Charging,50.0,43,Unknown|Unknown
EVS02104,Unknown,Unknown,-33.893006,18.501049,Tesla,AC Level 1,150,3,450,4,0.37,Yes,24/7,2010,16,Fast Charging,112.5,36,Unknown|Unknown
EVS02105,Unknown,Unknown,13.830034,100.436242,EVgo,AC Level 2,350,1,350,2,0.34,Yes,9:00-18:00,2017,9,Ultra-Fast Charging,175.0,158,Unknown|Unknown
EVS02106,Unknown,Unknown,39.828925,116.290029,EVgo,DC Fast Charger,50,5,250,8,0.11,Yes,9:00-18:00,2019,7,Fast Charging,31.25,60,Unknown|Unknown
EVS02107,Unknown,Unknown,19.075273,72.816549,ChargePoint,DC Fast Charger,150,8,1200,10,0.5,No,9:00-18:00,2014,12,Fast Charging,120.0,141,Unknown|Unknown
EVS02108,Unknown,Unknown,19.502877,-99.073097,Ionity,DC Fast Charger,50,1,50,1,0.33,Yes,24/7,2011,15,Fast Charging,50.0,37,Unknown|Unknown
EVS02109,Unknown,Unknown,41.927905,-87.670318,Greenlots,DC Fast Charger,150,4,600,8,0.32,No,9:00-18:00,2021,5,Fast Charging,75.0,61,Unknown|Unknown
EVS02110,Unknown,Unknown,-33.773953,18.507263,EVgo,DC Fast Charger,350,5,1750,6,0.38,No,9:00-18:00,2022,4,Ultra-Fast Charging,291.67,61,Unknown|Unknown
EVS02111,Unknown,Unknown,-45.979321,128.015637,Greenlots,AC Level 2,350,1,350,1,0.34,No,6:00-22:00,2013,13,Ultra-Fast Charging,350.0,61,Unknown|Unknown
EVS02112,Unknown,Unknown,39.860172,116.213982,Ionity,AC Level 2,350,4,1400,7,0.19,Yes,6:00-22:00,2012,14,Ultra-Fast Charging,200.0,126,Unknown|Unknown
EVS02113,Unknown,Unknown,39.849689,116.41561,Tesla,AC Level 2,50,6,300,8,0.34,Yes,24/7,2010,16,Fast Charging,37.5,165,Unknown|Unknown
EVS02114,Unknown,Unknown,19.510836,-99.114536,Ionity,AC Level 1,350,2,700,3,0.23,Yes,6:00-22:00,2016,10,Ultra-Fast Charging,233.33,165,Unknown|Unknown
EVS02115,Unknown,Unknown,-23.533458,-46.592058,EVgo,AC Level 1,150,2,300,3,0.31,Yes,6:00-22:00,2012,14,Fast Charging,100.0,137,Unknown|Unknown
EVS02116,Unknown,Unknown,55.833012,37.628191,Greenlots,AC Level 2,150,1,150,1,0.28,No,6:00-22:00,2018,8,Fast Charging,150.0,48,Unknown|Unknown
EVS02117,Unknown,Unknown,-23.547529,-46.690043,Tesla,AC Level 1,150,4,600,7,0.22,Yes,24/7,2017,9,Fast Charging,85.71,173,Unknown|Unknown
EVS02118,Unknown,Unknown,-33.86167,151.366043,Ionity,AC Level 2,22,2,44,3,0.2,No,6:00-22:00,2010,16,Destination/AC,14.67,104,Unknown|Unknown
EVS02119,Unknown,Unknown,41.848775,-87.651803,Greenlots,DC Fast Charger,150,3,450,4,0.32,Yes,24/7,2014,12,Fast Charging,112.5,105,Unknown|Unknown
EVS02120,Unknown,Unknown,34.034549,-118.310049,Tesla,AC Level 1,50,3,150,5,0.4,Yes,24/7,2017,9,Fast Charging,30.0,130,Unknown|Unknown
EVS02121,Unknown,Unknown,-68.615556,157.746197,ChargePoint,AC Level 1,350,2,700,3,0.34,No,24/7,2014,12,Ultra-Fast Charging,233.33,141,Unknown|Unknown
EVS02122,Unknown,Unknown,55.709106,37.683762,Greenlots,DC Fast Charger,350,6,2100,7,0.29,Yes,24/7,2016,10,Ultra-Fast Charging,300.0,172,Unknown|Unknown
EVS02123,Unknown,Unknown,41.898736,-87.624445,Greenlots,DC Fast Charger,22,4,88,5,0.13,Yes,24/7,2021,5,Destination/AC,17.6,111,Unknown|Unknown
EVS02124,Unknown,Unknown,37.612818,127.099023,Tesla,DC Fast Charger,150,6,900,7,0.34,No,6:00-22:00,2022,4,Fast Charging,128.57,115,Unknown|Unknown
EVS02125,Unknown,Unknown,-33.777468,18.519338,Tesla,AC Level 2,22,3,66,6,0.38,No,6:00-22:00,2013,13,Destination/AC,11.0,138,Unknown|Unknown
EVS02126,Unknown,Unknown,34.078532,-118.28411,Greenlots,DC Fast Charger,150,3,450,4,0.29,Yes,24/7,2013,13,Fast Charging,112.5,57,Unknown|Unknown
EVS02127,Unknown,Unknown,13.863776,100.426269,EVgo,AC Level 1,350,3,1050,4,0.19,Yes,9:00-18:00,2013,13,Ultra-Fast Charging,262.5,65,Unknown|Unknown
EVS02128,Unknown,Unknown,37.618684,126.941967,EVgo,AC Level 2,350,2,700,3,0.13,No,24/7,2023,3,Ultra-Fast Charging,233.33,118,Unknown|Unknown
EVS02129,Unknown,Unknown,13.776158,100.441693,Tesla,AC Level 1,50,3,150,6,0.21,No,9:00-18:00,2020,6,Fast Charging,25.0,25,Unknown|Unknown
EVS02130,Unknown,Unknown,19.495732,-99.042167,Tesla,AC Level 1,350,2,700,4,0.39,Yes,24/7,2020,6,Ultra-Fast Charging,175.0,67,Unknown|Unknown
EVS02131,Unknown,Unknown,66.571816,163.237302,Ionity,AC Level 1,22,2,44,3,0.39,Yes,6:00-22:00,2013,13,Destination/AC,14.67,133,Unknown|Unknown
EVS02132,Unknown,Unknown,55.851838,37.596495,ChargePoint,DC Fast Charger,150,6,900,9,0.11,Yes,6:00-22:00,2013,13,Fast Charging,100.0,176,Unknown|Unknown
EVS02133,Unknown,Unknown,41.867158,-87.622396,Greenlots,AC Level 2,150,6,900,10,0.25,No,24/7,2014,12,Fast Charging,90.0,100,Unknown|Unknown
EVS02134,Unknown,Unknown,-33.877974,151.343515,ChargePoint,AC Level 2,150,2,300,3,0.4,Yes,6:00-22:00,2017,9,Fast Charging,100.0,80,Unknown|Unknown
EVS02135,Unknown,Unknown,55.830541,37.622768,ChargePoint,AC Level 2,350,5,1750,7,0.3,No,6:00-22:00,2014,12,Ultra-Fast Charging,250.0,87,Unknown|Unknown
EVS02136,Unknown,Unknown,37.786465,-122.476907,ChargePoint,AC Level 1,22,5,110,10,0.41,Yes,24/7,2016,10,Destination/AC,11.0,128,Unknown|Unknown
EVS02137,Unknown,Unknown,41.849506,-87.701808,Greenlots,AC Level 2,150,4,600,6,0.33,Yes,24/7,2011,15,Fast Charging,100.0,104,Unknown|Unknown
EVS02138,Unknown,Unknown,-33.812729,18.403442,Greenlots,AC Level 2,150,1,150,1,0.3,No,24/7,2020,6,Fast Charging,150.0,18,Unknown|Unknown
EVS02139,Unknown,Unknown,39.830853,116.327888,Ionity,DC Fast Charger,150,2,300,3,0.21,Yes,9:00-18:00,2023,3,Fast Charging,100.0,103,Unknown|Unknown
EVS02140,Unknown,Unknown,13.786705,100.422589,EVgo,AC Level 2,350,3,1050,6,0.38,No,6:00-22:00,2012,14,Ultra-Fast Charging,175.0,81,Unknown|Unknown
EVS02141,Unknown,Unknown,30.77854,115.754788,EVgo,DC Fast Charger,150,1,150,2,0.11,No,6:00-22:00,2015,11,Fast Charging,75.0,130,Unknown|Unknown
EVS02142,Unknown,Unknown,34.067128,-118.373431,Ionity,DC Fast Charger,22,1,22,3,0.16,No,9:00-18:00,2010,16,Destination/AC,7.33,159,Unknown|Unknown
EVS02143,Unknown,Unknown,-33.762278,151.248608,Ionity,AC Level 2,50,3,150,4,0.23,Yes,9:00-18:00,2023,3,Fast Charging,37.5,173,Unknown|Unknown
EVS02144,Unknown,Unknown,52.476957,13.397412,Greenlots,AC Level 2,50,4,200,9,0.5,No,6:00-22:00,2012,14,Fast Charging,22.22,115,Unknown|Unknown
EVS02145,Unknown,Unknown,34.066201,-118.205749,Tesla,DC Fast Charger,150,6,900,10,0.33,Yes,24/7,2011,15,Fast Charging,90.0,74,Unknown|Unknown
EVS02146,Unknown,Unknown,-23.510241,-46.53965,Tesla,AC Level 1,350,8,2800,9,0.28,No,6:00-22:00,2023,3,Ultra-Fast Charging,311.11,88,Unknown|Unknown
EVS02147,Unknown,Unknown,19.034273,72.856091,ChargePoint,AC Level 2,350,7,2450,9,0.36,Yes,6:00-22:00,2018,8,Ultra-Fast Charging,272.22,44,Unknown|Unknown
EVS02148,Unknown,Unknown,37.541174,127.029231,Ionity,DC Fast Charger,350,2,700,4,0.32,No,9:00-18:00,2021,5,Ultra-Fast Charging,175.0,169,Unknown|Unknown
EVS02149,Unknown,Unknown,37.777201,-122.317353,Ionity,AC Level 1,150,2,300,4,0.49,Yes,24/7,2014,12,Fast Charging,75.0,154,Unknown|Unknown
EVS02150,Unknown,Unknown,-33.892509,151.204578,EVgo,AC Level 1,50,6,300,9,0.44,No,9:00-18:00,2018,8,Fast Charging,33.33,155,Unknown|Unknown
EVS02151,Unknown,Unknown,39.25577,8.051824,Greenlots,DC Fast Charger,50,7,350,9,0.15,Yes,6:00-22:00,2023,3,Fast Charging,38.89,69,Unknown|Unknown
EVS02152,Unknown,Unknown,19.066147,72.999507,Ionity,DC Fast Charger,50,5,250,7,0.15,Yes,9:00-18:00,2022,4,Fast Charging,35.71,68,Unknown|Unknown
EVS02153,Unknown,Unknown,13.763466,100.463093,Tesla,AC Level 1,22,5,110,9,0.16,Yes,24/7,2022,4,Destination/AC,12.22,156,Unknown|Unknown
EVS02154,Unknown,Unknown,37.617477,126.976838,Ionity,AC Level 2,50,2,100,5,0.24,Yes,6:00-22:00,2013,13,Fast Charging,20.0,104,Unknown|Unknown
EVS02155,Unknown,Unknown,19.085227,72.87726,ChargePoint,AC Level 1,50,6,300,9,0.49,No,9:00-18:00,2018,8,Fast Charging,33.33,131,Unknown|Unknown
EVS02156,Unknown,Unknown,55.832442,37.529945,ChargePoint,DC Fast Charger,150,3,450,4,0.42,No,24/7,2010,16,Fast Charging,112.5,95,Unknown|Unknown
EVS02157,Unknown,Unknown,18.92514,72.813741,Tesla,AC Level 2,350,6,2100,7,0.27,No,9:00-18:00,2015,11,Ultra-Fast Charging,300.0,88,Unknown|Unknown
EVS02158,Unknown,Unknown,-33.722899,151.312898,Greenlots,DC Fast Charger,350,4,1400,9,0.45,Yes,6:00-22:00,2023,3,Ultra-Fast Charging,155.56,119,Unknown|Unknown
EVS02159,Unknown,Unknown,41.889072,-87.700144,EVgo,AC Level 2,50,5,250,7,0.33,Yes,9:00-18:00,2023,3,Fast Charging,35.71,149,Unknown|Unknown
EVS02160,Unknown,Unknown,13.74465,100.428086,ChargePoint,DC Fast Charger,350,4,1400,7,0.32,No,9:00-18:00,2023,3,Ultra-Fast Charging,200.0,70,Unknown|Unknown
EVS02161,Unknown,Unknown,33.129827,-16.659356,ChargePoint,AC Level 2,350,1,350,1,0.31,No,6:00-22:00,2018,8,Ultra-Fast Charging,350.0,148,Unknown|Unknown
EVS02162,Unknown,Unknown,-33.769983,151.292477,Greenlots,AC Level 2,22,1,22,1,0.49,Yes,9:00-18:00,2016,10,Destination/AC,22.0,55,Unknown|Unknown
EVS02163,Unknown,Unknown,19.06055,72.921875,Ionity,DC Fast Charger,350,3,1050,5,0.4,Yes,24/7,2013,13,Ultra-Fast Charging,210.0,81,Unknown|Unknown
EVS02164,Unknown,Unknown,39.964342,116.392444,ChargePoint,AC Level 2,50,2,100,5,0.42,No,24/7,2021,5,Fast Charging,20.0,165,Unknown|Unknown
EVS02165,Unknown,Unknown,19.015867,72.895599,Ionity,AC Level 2,50,1,50,1,0.33,Yes,6:00-22:00,2012,14,Fast Charging,50.0,172,Unknown|Unknown
EVS02166,Unknown,Unknown,55.720676,37.524602,Ionity,AC Level 2,22,4,88,7,0.17,Yes,6:00-22:00,2022,4,Destination/AC,12.57,167,Unknown|Unknown
EVS02167,Unknown,Unknown,39.920314,116.335806,EVgo,DC Fast Charger,350,5,1750,7,0.11,Yes,24/7,2014,12,Ultra-Fast Charging,250.0,67,Unknown|Unknown
EVS02168,Unknown,Unknown,-23.681795,-46.599843,Ionity,AC Level 2,50,4,200,6,0.18,Yes,9:00-18:00,2021,5,Fast Charging,33.33,154,Unknown|Unknown
EVS02169,Unknown,Unknown,39.845364,116.31697,EVgo,AC Level 1,350,8,2800,10,0.25,No,24/7,2014,12,Ultra-Fast Charging,280.0,169,Unknown|Unknown
EVS02170,Unknown,Unknown,18.944468,72.879558,EVgo,AC Level 1,22,3,66,6,0.1,Yes,9:00-18:00,2010,16,Destination/AC,11.0,176,Unknown|Unknown
EVS02171,Unknown,Unknown,27.867645,-156.393546,EVgo,AC Level 2,350,4,1400,7,0.17,No,9:00-18:00,2014,12,Ultra-Fast Charging,200.0,18,Unknown|Unknown
EVS02172,Unknown,Unknown,55.878822,37.689769,ChargePoint,DC Fast Charger,50,1,50,1,0.46,No,6:00-22:00,2014,12,Fast Charging,50.0,137,Unknown|Unknown
EVS02173,Unknown,Unknown,-33.889428,18.580431,Greenlots,AC Level 2,50,1,50,3,0.38,No,24/7,2022,4,Fast Charging,16.67,179,Unknown|Unknown
EVS02174,Unknown,Unknown,37.784671,-122.424967,Greenlots,AC Level 2,50,3,150,6,0.23,Yes,24/7,2021,5,Fast Charging,25.0,141,Unknown|Unknown
EVS02175,Unknown,Unknown,52.412519,13.311344,Tesla,AC Level 1,350,6,2100,8,0.37,No,9:00-18:00,2018,8,Ultra-Fast Charging,262.5,53,Unknown|Unknown
EVS02176,Unknown,Unknown,34.172134,-118.255968,EVgo,AC Level 1,22,1,22,2,0.19,Yes,9:00-18:00,2022,4,Destination/AC,11.0,140,Unknown|Unknown
EVS02177,Unknown,Unknown,-33.82437,18.487566,ChargePoint,DC Fast Charger,22,1,22,3,0.11,No,9:00-18:00,2014,12,Destination/AC,7.33,32,Unknown|Unknown
EVS02178,Unknown,Unknown,55.789526,37.610672,Greenlots,AC Level 2,150,1,150,1,0.44,Yes,24/7,2016,10,Fast Charging,150.0,94,Unknown|Unknown
EVS02179,Unknown,Unknown,52.402962,13.493079,EVgo,DC Fast Charger,150,5,750,10,0.47,Yes,24/7,2016,10,Fast Charging,75.0,118,Unknown|Unknown
EVS02180,Unknown,Unknown,39.964878,116.433926,ChargePoint,AC Level 1,150,8,1200,10,0.18,Yes,6:00-22:00,2015,11,Fast Charging,120.0,90,Unknown|Unknown
EVS02181,Unknown,Unknown,-64.584674,-18.725536,EVgo,AC Level 1,150,5,750,6,0.29,Yes,6:00-22:00,2018,8,Fast Charging,125.0,130,Unknown|Unknown
EVS02182,Unknown,Unknown,-33.851825,18.52916,ChargePoint,DC Fast Charger,350,2,700,5,0.28,No,24/7,2015,11,Ultra-Fast Charging,140.0,54,Unknown|Unknown
EVS02183,Unknown,Unknown,13.843255,100.506276,ChargePoint,AC Level 1,350,5,1750,6,0.33,No,9:00-18:00,2016,10,Ultra-Fast Charging,291.67,115,Unknown|Unknown
EVS02184,Unknown,Unknown,25.390814,55.23179,EVgo,DC Fast Charger,50,3,150,4,0.31,No,6:00-22:00,2019,7,Fast Charging,37.5,121,Unknown|Unknown
EVS02185,Unknown,Unknown,39.989834,116.388558,EVgo,AC Level 2,50,6,300,7,0.28,No,9:00-18:00,2013,13,Fast Charging,42.86,119,Unknown|Unknown
EVS02186,Unknown,Unknown,18.926557,72.875567,Ionity,AC Level 1,22,4,88,7,0.49,No,24/7,2016,10,Destination/AC,12.57,62,Unknown|Unknown
EVS02187,Unknown,Unknown,39.89538,116.271776,ChargePoint,AC Level 1,22,2,44,3,0.15,Yes,9:00-18:00,2014,12,Destination/AC,14.67,65,Unknown|Unknown
EVS02188,Unknown,Unknown,-33.858253,18.516859,EVgo,AC Level 1,50,1,50,1,0.24,No,9:00-18:00,2011,15,Fast Charging,50.0,57,Unknown|Unknown
EVS02189,Unknown,Unknown,-33.840925,151.302741,Ionity,AC Level 1,150,4,600,5,0.44,Yes,9:00-18:00,2022,4,Fast Charging,120.0,91,Unknown|Unknown
EVS02190,Unknown,Unknown,34.001646,-118.387858,Tesla,AC Level 1,22,4,88,6,0.11,No,9:00-18:00,2010,16,Destination/AC,14.67,111,Unknown|Unknown
EVS02191,Unknown,Unknown,15.956701,-84.823817,Ionity,AC Level 2,350,4,1400,6,0.1,No,9:00-18:00,2010,16,Ultra-Fast Charging,233.33,74,Unknown|Unknown
EVS02192,Unknown,Unknown,-23.653051,-46.668996,EVgo,DC Fast Charger,150,1,150,1,0.27,No,9:00-18:00,2017,9,Fast Charging,150.0,82,Unknown|Unknown
EVS02193,Unknown,Unknown,37.592551,127.044948,Tesla,DC Fast Charger,350,4,1400,6,0.5,Yes,24/7,2019,7,Ultra-Fast Charging,233.33,62,Unknown|Unknown
EVS02194,Unknown,Unknown,37.700621,-122.452007,Tesla,AC Level 1,22,8,176,10,0.24,Yes,6:00-22:00,2011,15,Destination/AC,17.6,51,Unknown|Unknown
EVS02195,Unknown,Unknown,-23.667432,-46.637902,Greenlots,DC Fast Charger,50,6,300,10,0.5,No,6:00-22:00,2012,14,Fast Charging,30.0,123,Unknown|Unknown
EVS02196,Unknown,Unknown,37.548116,126.954216,EVgo,AC Level 1,150,3,450,4,0.17,No,24/7,2010,16,Fast Charging,112.5,149,Unknown|Unknown
EVS02197,Unknown,Unknown,-33.896156,18.552825,EVgo,AC Level 2,150,5,750,9,0.3,Yes,9:00-18:00,2023,3,Fast Charging,83.33,62,Unknown|Unknown
EVS02198,Unknown,Unknown,41.871455,-87.73428,Greenlots,AC Level 2,50,4,200,6,0.15,No,6:00-22:00,2014,12,Fast Charging,33.33,156,Unknown|Unknown
EVS02199,Unknown,Unknown,34.008569,-118.37629,EVgo,DC Fast Charger,22,1,22,2,0.43,No,9:00-18:00,2021,5,Destination/AC,11.0,109,Unknown|Unknown
EVS02200,Unknown,Unknown,52.572057,13.36038,Tesla,AC Level 1,50,3,150,4,0.15,Yes,24/7,2014,12,Fast Charging,37.5,42,Unknown|Unknown
EVS02201,Unknown,Unknown,-36.706213,179.526528,EVgo,AC Level 2,50,8,400,9,0.23,Yes,9:00-18:00,2012,14,Fast Charging,44.44,75,Unknown|Unknown
EVS02202,Unknown,Unknown,55.820962,37.633149,EVgo,DC Fast Charger,50,4,200,6,0.14,Yes,24/7,2012,14,Fast Charging,33.33,16,Unknown|Unknown
EVS02203,Unknown,Unknown,13.730102,100.483406,Tesla,AC Level 2,50,4,200,6,0.38,No,24/7,2015,11,Fast Charging,33.33,21,Unknown|Unknown
EVS02204,Unknown,Unknown,13.768702,100.594101,Greenlots,AC Level 1,22,3,66,5,0.2,Yes,24/7,2019,7,Destination/AC,13.2,70,Unknown|Unknown
EVS02205,Unknown,Unknown,34.174725,-118.263046,ChargePoint,DC Fast Charger,22,5,110,9,0.16,No,6:00-22:00,2012,14,Destination/AC,12.22,89,Unknown|Unknown
EVS02206,Unknown,Unknown,-23.520579,-46.582508,EVgo,AC Level 1,150,4,600,7,0.15,Yes,9:00-18:00,2017,9,Fast Charging,85.71,146,Unknown|Unknown
EVS02207,Unknown,Unknown,-33.720381,151.243987,Ionity,AC Level 2,150,2,300,5,0.18,Yes,9:00-18:00,2011,15,Fast Charging,60.0,37,Unknown|Unknown
EVS02208,Unknown,Unknown,19.574372,-99.113269,ChargePoint,AC Level 2,150,1,150,2,0.28,Yes,9:00-18:00,2016,10,Fast Charging,75.0,153,Unknown|Unknown
EVS02209,Unknown,Unknown,41.939178,-87.624963,ChargePoint,DC Fast Charger,22,1,22,2,0.16,No,6:00-22:00,2013,13,Destination/AC,11.0,53,Unknown|Unknown
EVS02210,Unknown,Unknown,55.892942,37.580533,Tesla,AC Level 1,350,1,350,2,0.12,Yes,9:00-18:00,2010,16,Ultra-Fast Charging,175.0,37,Unknown|Unknown
EVS02211,Unknown,Unknown,77.52269,-86.390697,ChargePoint,AC Level 1,150,8,1200,10,0.27,No,24/7,2016,10,Fast Charging,120.0,130,Unknown|Unknown
EVS02212,Unknown,Unknown,-23.552252,-46.636778,Tesla,AC Level 1,22,2,44,3,0.18,No,9:00-18:00,2013,13,Destination/AC,14.67,142,Unknown|Unknown
EVS02213,Unknown,Unknown,25.329666,55.23595,Greenlots,AC Level 2,350,2,700,3,0.47,No,24/7,2013,13,Ultra-Fast Charging,233.33,114,Unknown|Unknown
EVS02214,Unknown,Unknown,25.231045,55.275015,EVgo,AC Level 2,50,4,200,5,0.11,No,6:00-22:00,2020,6,Fast Charging,40.0,34,Unknown|Unknown
EVS02215,Unknown,Unknown,19.184043,72.806213,Tesla,AC Level 1,150,6,900,9,0.38,No,9:00-18:00,2021,5,Fast Charging,100.0,34,Unknown|Unknown
EVS02216,Unknown,Unknown,43.637797,-79.426896,Ionity,AC Level 1,150,3,450,5,0.11,No,9:00-18:00,2010,16,Fast Charging,90.0,79,Unknown|Unknown
EVS02217,Unknown,Unknown,41.968214,-87.781926,Tesla,AC Level 2,50,5,250,8,0.19,Yes,6:00-22:00,2014,12,Fast Charging,31.25,89,Unknown|Unknown
EVS02218,Unknown,Unknown,37.560469,126.951356,Tesla,DC Fast Charger,22,5,110,8,0.28,Yes,9:00-18:00,2022,4,Destination/AC,13.75,179,Unknown|Unknown
EVS02219,Unknown,Unknown,37.773616,-122.420028,ChargePoint,DC Fast Charger,150,3,450,5,0.17,Yes,6:00-22:00,2013,13,Fast Charging,90.0,62,Unknown|Unknown
EVS02220,Unknown,Unknown,52.594258,13.440439,Greenlots,AC Level 2,22,3,66,5,0.33,No,24/7,2012,14,Destination/AC,13.2,46,Unknown|Unknown
EVS02221,Unknown,Unknown,-47.515372,-149.394009,ChargePoint,DC Fast Charger,22,6,132,10,0.14,Yes,24/7,2019,7,Destination/AC,13.2,171,Unknown|Unknown
EVS02222,Unknown,Unknown,39.967875,116.28829,Greenlots,AC Level 2,150,3,450,4,0.46,No,24/7,2018,8,Fast Charging,112.5,40,Unknown|Unknown
EVS02223,Unknown,Unknown,41.812465,-87.679352,Greenlots,AC Level 2,350,1,350,2,0.35,No,9:00-18:00,2021,5,Ultra-Fast Charging,175.0,19,Unknown|Unknown
EVS02224,Unknown,Unknown,19.460105,-99.049825,Ionity,AC Level 2,150,5,750,7,0.15,Yes,9:00-18:00,2021,5,Fast Charging,107.14,84,Unknown|Unknown
EVS02225,Unknown,Unknown,37.714207,-122.421923,ChargePoint,DC Fast Charger,350,4,1400,8,0.42,No,24/7,2016,10,Ultra-Fast Charging,175.0,81,Unknown|Unknown
EVS02226,Unknown,Unknown,37.792027,-122.466234,EVgo,DC Fast Charger,50,5,250,8,0.46,No,24/7,2016,10,Fast Charging,31.25,117,Unknown|Unknown
EVS02227,Unknown,Unknown,37.664447,126.955326,Ionity,DC Fast Charger,350,6,2100,8,0.31,Yes,9:00-18:00,2014,12,Ultra-Fast Charging,262.5,159,Unknown|Unknown
EVS02228,Unknown,Unknown,-23.569934,-46.528993,Greenlots,AC Level 1,50,5,250,9,0.11,Yes,9:00-18:00,2020,6,Fast Charging,27.78,168,Unknown|Unknown
EVS02229,Unknown,Unknown,37.577625,127.061975,Tesla,AC Level 1,350,1,350,1,0.47,Yes,9:00-18:00,2012,14,Ultra-Fast Charging,350.0,62,Unknown|Unknown
EVS02230,Unknown,Unknown,13.7745,100.596072,Ionity,AC Level 2,22,1,22,2,0.45,No,6:00-22:00,2013,13,Destination/AC,11.0,176,Unknown|Unknown
EVS02231,Unknown,Unknown,32.421551,55.599267,ChargePoint,AC Level 1,150,1,150,2,0.48,No,9:00-18:00,2012,14,Fast Charging,75.0,119,Unknown|Unknown
EVS02232,Unknown,Unknown,18.932855,72.983662,Tesla,AC Level 1,350,5,1750,6,0.5,No,9:00-18:00,2014,12,Ultra-Fast Charging,291.67,26,Unknown|Unknown
EVS02233,Unknown,Unknown,13.836379,100.53937,EVgo,AC Level 1,150,3,450,5,0.44,No,6:00-22:00,2020,6,Fast Charging,90.0,169,Unknown|Unknown
EVS02234,Unknown,Unknown,13.818379,100.409355,Greenlots,AC Level 2,350,5,1750,10,0.33,Yes,6:00-22:00,2017,9,Ultra-Fast Charging,175.0,37,Unknown|Unknown
EVS02235,Unknown,Unknown,43.675507,-79.359823,EVgo,AC Level 1,150,2,300,2,0.34,Yes,9:00-18:00,2022,4,Fast Charging,150.0,112,Unknown|Unknown
EVS02236,Unknown,Unknown,25.372483,55.37029,Tesla,AC Level 2,150,5,750,7,0.46,Yes,6:00-22:00,2016,10,Fast Charging,107.14,145,Unknown|Unknown
EVS02237,Unknown,Unknown,13.827982,100.539727,Greenlots,AC Level 1,50,7,350,10,0.28,Yes,24/7,2017,9,Fast Charging,35.0,56,Unknown|Unknown
EVS02238,Unknown,Unknown,13.769152,100.498341,Greenlots,AC Level 2,50,3,150,6,0.23,No,24/7,2011,15,Fast Charging,25.0,59,Unknown|Unknown
EVS02239,Unknown,Unknown,43.775222,-79.488395,EVgo,AC Level 1,350,2,700,3,0.31,No,6:00-22:00,2019,7,Ultra-Fast Charging,233.33,93,Unknown|Unknown
EVS02240,Unknown,Unknown,-23.511383,-46.561085,Tesla,AC Level 1,22,1,22,1,0.17,Yes,6:00-22:00,2018,8,Destination/AC,22.0,161,Unknown|Unknown
EVS02241,Unknown,Unknown,-29.437558,169.085987,ChargePoint,AC Level 1,22,5,110,10,0.22,Yes,9:00-18:00,2020,6,Destination/AC,11.0,51,Unknown|Unknown
EVS02242,Unknown,Unknown,19.467043,-99.112334,Greenlots,AC Level 2,150,1,150,2,0.28,Yes,9:00-18:00,2012,14,Fast Charging,75.0,124,Unknown|Unknown
EVS02243,Unknown,Unknown,39.867298,116.371994,Greenlots,AC Level 2,350,1,350,1,0.38,No,24/7,2023,3,Ultra-Fast Charging,350.0,89,Unknown|Unknown
EVS02244,Unknown,Unknown,37.77672,-122.492685,Greenlots,AC Level 2,22,5,110,8,0.14,No,9:00-18:00,2014,12,Destination/AC,13.75,33,Unknown|Unknown
EVS02245,Unknown,Unknown,13.731866,100.53159,ChargePoint,DC Fast Charger,22,4,88,9,0.26,Yes,6:00-22:00,2023,3,Destination/AC,9.78,132,Unknown|Unknown
EVS02246,Unknown,Unknown,52.40522,13.384545,ChargePoint,DC Fast Charger,150,1,150,1,0.38,No,9:00-18:00,2020,6,Fast Charging,150.0,152,Unknown|Unknown
EVS02247,Unknown,Unknown,41.890053,-87.78926,Ionity,DC Fast Charger,350,4,1400,7,0.43,No,24/7,2016,10,Ultra-Fast Charging,200.0,109,Unknown|Unknown
EVS02248,Unknown,Unknown,37.814093,-122.473207,Ionity,DC Fast Charger,150,1,150,1,0.49,Yes,6:00-22:00,2013,13,Fast Charging,150.0,44,Unknown|Unknown
EVS02249,Unknown,Unknown,37.559306,127.038024,Greenlots,AC Level 1,22,6,132,7,0.15,Yes,24/7,2019,7,Destination/AC,18.86,40,Unknown|Unknown
EVS02250,Unknown,Unknown,55.882018,37.574776,EVgo,AC Level 2,350,3,1050,7,0.23,No,24/7,2023,3,Ultra-Fast Charging,150.0,84,Unknown|Unknown
EVS02251,Unknown,Unknown,-14.624514,107.402422,Greenlots,AC Level 2,22,1,22,1,0.36,No,6:00-22:00,2021,5,Destination/AC,22.0,98,Unknown|Unknown
EVS02252,Unknown,Unknown,37.776269,-122.421206,Ionity,AC Level 2,350,4,1400,6,0.32,Yes,6:00-22:00,2023,3,Ultra-Fast Charging,233.33,106,Unknown|Unknown
EVS02253,Unknown,Unknown,52.403838,13.408544,Tesla,DC Fast Charger,350,1,350,2,0.3,No,24/7,2018,8,Ultra-Fast Charging,175.0,55,Unknown|Unknown
EVS02254,Unknown,Unknown,19.538088,-99.001289,Tesla,DC Fast Charger,22,3,66,4,0.4,Yes,9:00-18:00,2010,16,Destination/AC,16.5,97,Unknown|Unknown
EVS02255,Unknown,Unknown,37.558628,127.063381,ChargePoint,AC Level 1,350,6,2100,7,0.39,No,9:00-18:00,2018,8,Ultra-Fast Charging,300.0,63,Unknown|Unknown
EVS02256,Unknown,Unknown,-33.839262,18.49103,Tesla,DC Fast Charger,50,4,200,6,0.25,No,6:00-22:00,2021,5,Fast Charging,33.33,128,Unknown|Unknown
EVS02257,Unknown,Unknown,25.361615,55.354471,ChargePoint,AC Level 2,50,1,50,1,0.45,Yes,6:00-22:00,2015,11,Fast Charging,50.0,146,Unknown|Unknown
EVS02258,Unknown,Unknown,37.647837,126.91445,Tesla,AC Level 1,22,8,176,9,0.3,Yes,24/7,2011,15,Destination/AC,19.56,122,Unknown|Unknown
EVS02259,Unknown,Unknown,-23.69118,-46.62939,EVgo,AC Level 2,22,2,44,4,0.16,Yes,24/7,2020,6,Destination/AC,11.0,15,Unknown|Unknown
EVS02260,Unknown,Unknown,13.771828,100.511446,Greenlots,AC Level 2,50,4,200,5,0.13,No,6:00-22:00,2020,6,Fast Charging,40.0,178,Unknown|Unknown
EVS02261,Unknown,Unknown,-78.709273,38.896409,Greenlots,DC Fast Charger,350,4,1400,6,0.14,Yes,24/7,2013,13,Ultra-Fast Charging,233.33,18,Unknown|Unknown
EVS02262,Unknown,Unknown,-33.744876,151.32431,ChargePoint,DC Fast Charger,22,1,22,1,0.32,No,6:00-22:00,2021,5,Destination/AC,22.0,179,Unknown|Unknown
EVS02263,Unknown,Unknown,34.052811,-118.214318,Ionity,AC Level 2,22,5,110,6,0.24,Yes,6:00-22:00,2014,12,Destination/AC,18.33,20,Unknown|Unknown
EVS02264,Unknown,Unknown,-33.761628,18.450495,EVgo,DC Fast Charger,150,6,900,9,0.23,Yes,9:00-18:00,2021,5,Fast Charging,100.0,100,Unknown|Unknown
EVS02265,Unknown,Unknown,-33.859816,151.356277,Greenlots,AC Level 2,150,6,900,10,0.47,No,9:00-18:00,2015,11,Fast Charging,90.0,32,Unknown|Unknown
EVS02266,Unknown,Unknown,18.994635,72.959369,Greenlots,AC Level 1,150,1,150,2,0.36,Yes,24/7,2020,6,Fast Charging,75.0,30,Unknown|Unknown
EVS02267,Unknown,Unknown,-23.550044,-46.572297,Tesla,AC Level 2,150,3,450,4,0.4,Yes,6:00-22:00,2016,10,Fast Charging,112.5,127,Unknown|Unknown
EVS02268,Unknown,Unknown,41.975884,-87.747021,ChargePoint,AC Level 1,350,3,1050,4,0.42,Yes,9:00-18:00,2012,14,Ultra-Fast Charging,262.5,135,Unknown|Unknown
EVS02269,Unknown,Unknown,41.99732,-87.691292,EVgo,DC Fast Charger,150,2,300,3,0.11,Yes,24/7,2010,16,Fast Charging,100.0,34,Unknown|Unknown
EVS02270,Unknown,Unknown,13.896897,100.597293,Greenlots,AC Level 2,22,3,66,4,0.17,Yes,6:00-22:00,2013,13,Destination/AC,16.5,176,Unknown|Unknown
EVS02271,Unknown,Unknown,-77.501066,6.246864,EVgo,DC Fast Charger,22,1,22,1,0.32,Yes,9:00-18:00,2015,11,Destination/AC,22.0,67,Unknown|Unknown
EVS02272,Unknown,Unknown,55.833432,37.576945,Tesla,DC Fast Charger,50,5,250,8,0.41,No,9:00-18:00,2014,12,Fast Charging,31.25,67,Unknown|Unknown
EVS02273,Unknown,Unknown,37.893016,-122.471361,EVgo,AC Level 1,150,3,450,7,0.38,Yes,24/7,2011,15,Fast Charging,64.29,64,Unknown|Unknown
EVS02274,Unknown,Unknown,-23.59348,-46.542071,Ionity,AC Level 2,350,4,1400,7,0.43,No,9:00-18:00,2021,5,Ultra-Fast Charging,200.0,91,Unknown|Unknown
EVS02275,Unknown,Unknown,-33.884796,18.504937,ChargePoint,DC Fast Charger,350,4,1400,9,0.25,No,24/7,2015,11,Ultra-Fast Charging,155.56,44,Unknown|Unknown
EVS02276,Unknown,Unknown,43.717287,-79.492982,Tesla,DC Fast Charger,150,3,450,6,0.27,Yes,24/7,2016,10,Fast Charging,75.0,85,Unknown|Unknown
EVS02277,Unknown,Unknown,37.619343,126.988934,Tesla,DC Fast Charger,22,3,66,5,0.31,Yes,24/7,2016,10,Destination/AC,13.2,49,Unknown|Unknown
EVS02278,Unknown,Unknown,52.577274,13.46458,Tesla,AC Level 1,350,2,700,5,0.15,Yes,9:00-18:00,2010,16,Ultra-Fast Charging,140.0,23,Unknown|Unknown
EVS02279,Unknown,Unknown,52.469322,13.355992,Tesla,AC Level 2,22,5,110,9,0.23,No,9:00-18:00,2021,5,Destination/AC,12.22,75,Unknown|Unknown
EVS02280,Unknown,Unknown,43.616659,-79.384158,Greenlots,DC Fast Charger,150,4,600,5,0.21,No,9:00-18:00,2022,4,Fast Charging,120.0,125,Unknown|Unknown
EVS02281,Unknown,Unknown,8.860373,100.526221,Tesla,DC Fast Charger,150,3,450,6,0.3,No,24/7,2017,9,Fast Charging,75.0,140,Unknown|Unknown
EVS02282,Unknown,Unknown,19.408299,-99.078877,ChargePoint,AC Level 1,350,8,2800,10,0.32,No,9:00-18:00,2019,7,Ultra-Fast Charging,280.0,73,Unknown|Unknown
EVS02283,Unknown,Unknown,41.830916,-87.785109,ChargePoint,AC Level 2,22,5,110,6,0.49,No,6:00-22:00,2019,7,Destination/AC,18.33,68,Unknown|Unknown
EVS02284,Unknown,Unknown,43.754544,-79.441204,Ionity,AC Level 2,50,5,250,8,0.17,No,24/7,2010,16,Fast Charging,31.25,144,Unknown|Unknown
EVS02285,Unknown,Unknown,43.681249,-79.398947,Greenlots,DC Fast Charger,50,8,400,10,0.3,Yes,24/7,2021,5,Fast Charging,40.0,127,Unknown|Unknown
EVS02286,Unknown,Unknown,43.686931,-79.428576,Greenlots,AC Level 1,22,4,88,5,0.24,No,6:00-22:00,2014,12,Destination/AC,17.6,152,Unknown|Unknown
EVS02287,Unknown,Unknown,18.987269,72.872088,Ionity,AC Level 2,350,3,1050,5,0.21,Yes,24/7,2019,7,Ultra-Fast Charging,210.0,164,Unknown|Unknown
EVS02288,Unknown,Unknown,25.385603,55.356659,Greenlots,AC Level 1,22,1,22,1,0.29,Yes,24/7,2020,6,Destination/AC,22.0,150,Unknown|Unknown
EVS02289,Unknown,Unknown,25.302693,55.220103,Tesla,AC Level 2,22,4,88,8,0.16,No,6:00-22:00,2013,13,Destination/AC,11.0,169,Unknown|Unknown
EVS02290,Unknown,Unknown,37.680141,126.957296,Tesla,AC Level 1,22,6,132,8,0.2,No,9:00-18:00,2021,5,Destination/AC,16.5,83,Unknown|Unknown
EVS02291,Unknown,Unknown,-22.995698,-150.045541,Greenlots,DC Fast Charger,22,1,22,1,0.16,Yes,24/7,2022,4,Destination/AC,22.0,80,Unknown|Unknown
EVS02292,Unknown,Unknown,43.767193,-79.403714,Greenlots,DC Fast Charger,50,2,100,5,0.39,No,9:00-18:00,2015,11,Fast Charging,20.0,68,Unknown|Unknown
EVS02293,Unknown,Unknown,52.457085,13.368895,Tesla,DC Fast Charger,22,2,44,4,0.3,No,9:00-18:00,2017,9,Destination/AC,11.0,53,Unknown|Unknown
EVS02294,Unknown,Unknown,43.749039,-79.43467,ChargePoint,AC Level 2,50,2,100,2,0.22,No,9:00-18:00,2016,10,Fast Charging,50.0,138,Unknown|Unknown
EVS02295,Unknown,Unknown,-33.782422,151.236196,ChargePoint,AC Level 1,350,3,1050,5,0.22,No,6:00-22:00,2022,4,Ultra-Fast Charging,210.0,132,Unknown|Unknown
EVS02296,Unknown,Unknown,34.017028,-118.388909,Tesla,DC Fast Charger,22,4,88,7,0.4,No,6:00-22:00,2015,11,Destination/AC,12.57,147,Unknown|Unknown
EVS02297,Unknown,Unknown,34.128377,-118.22625,ChargePoint,AC Level 2,150,2,300,4,0.17,No,24/7,2012,14,Fast Charging,75.0,42,Unknown|Unknown
EVS02298,Unknown,Unknown,55.759965,37.694202,Greenlots,AC Level 1,50,2,100,3,0.41,No,9:00-18:00,2021,5,Fast Charging,33.33,96,Unknown|Unknown
EVS02299,Unknown,Unknown,37.726816,-122.322626,Ionity,AC Level 2,150,2,300,2,0.22,No,24/7,2015,11,Fast Charging,150.0,51,Unknown|Unknown
EVS02300,Unknown,Unknown,13.823421,100.490012,Tesla,AC Level 2,150,4,600,5,0.16,Yes,24/7,2022,4,Fast Charging,120.0,162,Unknown|Unknown
EVS02301,Unknown,Unknown,-24.837212,117.885315,Tesla,AC Level 2,350,1,350,2,0.3,Yes,24/7,2021,5,Ultra-Fast Charging,175.0,59,Unknown|Unknown
EVS02302,Unknown,Unknown,43.687844,-79.48974,EVgo,AC Level 2,150,4,600,7,0.43,No,24/7,2016,10,Fast Charging,85.71,38,Unknown|Unknown
EVS02303,Unknown,Unknown,37.562308,126.948342,EVgo,DC Fast Charger,350,1,350,2,0.37,Yes,24/7,2012,14,Ultra-Fast Charging,175.0,109,Unknown|Unknown
EVS02304,Unknown,Unknown,13.809459,100.52358,Tesla,AC Level 2,22,1,22,1,0.14,No,24/7,2017,9,Destination/AC,22.0,160,Unknown|Unknown
EVS02305,Unknown,Unknown,25.328955,55.271544,ChargePoint,AC Level 2,350,6,2100,8,0.11,No,9:00-18:00,2021,5,Ultra-Fast Charging,262.5,166,Unknown|Unknown
EVS02306,Unknown,Unknown,-33.857431,18.454915,ChargePoint,DC Fast Charger,50,5,250,7,0.3,Yes,6:00-22:00,2022,4,Fast Charging,35.71,30,Unknown|Unknown
EVS02307,Unknown,Unknown,19.082821,72.881363,ChargePoint,DC Fast Charger,50,4,200,6,0.31,No,6:00-22:00,2022,4,Fast Charging,33.33,68,Unknown|Unknown
EVS02308,Unknown,Unknown,41.825672,-87.645615,Tesla,AC Level 1,350,4,1400,6,0.17,No,6:00-22:00,2016,10,Ultra-Fast Charging,233.33,40,Unknown|Unknown
EVS02309,Unknown,Unknown,-33.803988,18.407219,Tesla,AC Level 2,50,6,300,10,0.19,Yes,9:00-18:00,2017,9,Fast Charging,30.0,65,Unknown|Unknown
EVS02310,Unknown,Unknown,34.013409,-118.356071,Ionity,AC Level 2,150,5,750,8,0.14,Yes,24/7,2013,13,Fast Charging,93.75,103,Unknown|Unknown
EVS02311,Unknown,Unknown,-19.020507,-145.974947,ChargePoint,DC Fast Charger,350,4,1400,6,0.43,Yes,9:00-18:00,2023,3,Ultra-Fast Charging,233.33,61,Unknown|Unknown
EVS02312,Unknown,Unknown,37.858137,-122.449667,Ionity,DC Fast Charger,350,3,1050,4,0.26,No,24/7,2014,12,Ultra-Fast Charging,262.5,26,Unknown|Unknown
EVS02313,Unknown,Unknown,13.73125,100.586963,Tesla,AC Level 2,150,5,750,8,0.28,Yes,6:00-22:00,2020,6,Fast Charging,93.75,99,Unknown|Unknown
EVS02314,Unknown,Unknown,52.519363,13.412737,Tesla,DC Fast Charger,350,3,1050,4,0.13,Yes,6:00-22:00,2022,4,Ultra-Fast Charging,262.5,23,Unknown|Unknown
EVS02315,Unknown,Unknown,19.565025,-99.090255,Greenlots,AC Level 1,350,4,1400,6,0.24,Yes,9:00-18:00,2023,3,Ultra-Fast Charging,233.33,52,Unknown|Unknown
EVS02316,Unknown,Unknown,19.088399,72.807035,ChargePoint,AC Level 2,50,1,50,3,0.22,Yes,9:00-18:00,2015,11,Fast Charging,16.67,15,Unknown|Unknown
EVS02317,Unknown,Unknown,-23.674895,-46.617381,ChargePoint,AC Level 2,350,5,1750,9,0.23,Yes,24/7,2011,15,Ultra-Fast Charging,194.44,29,Unknown|Unknown
EVS02318,Unknown,Unknown,55.865368,37.631303,Tesla,AC Level 1,50,1,50,1,0.38,Yes,6:00-22:00,2019,7,Fast Charging,50.0,86,Unknown|Unknown
EVS02319,Unknown,Unknown,39.870108,116.419911,ChargePoint,DC Fast Charger,22,1,22,2,0.43,Yes,24/7,2012,14,Destination/AC,11.0,155,Unknown|Unknown
EVS02320,Unknown,Unknown,19.577444,-99.030236,EVgo,AC Level 2,22,4,88,6,0.18,Yes,6:00-22:00,2010,16,Destination/AC,14.67,142,Unknown|Unknown
EVS02321,Unknown,Unknown,51.187496,-112.925241,ChargePoint,AC Level 2,50,7,350,9,0.13,Yes,24/7,2012,14,Fast Charging,38.89,31,Unknown|Unknown
EVS02322,Unknown,Unknown,34.176136,-118.227094,Tesla,AC Level 2,50,1,50,1,0.42,Yes,6:00-22:00,2022,4,Fast Charging,50.0,20,Unknown|Unknown
EVS02323,Unknown,Unknown,-23.511513,-46.649329,ChargePoint,AC Level 1,350,6,2100,8,0.13,Yes,9:00-18:00,2019,7,Ultra-Fast Charging,262.5,70,Unknown|Unknown
EVS02324,Unknown,Unknown,37.856504,-122.372369,ChargePoint,DC Fast Charger,350,3,1050,4,0.2,Yes,9:00-18:00,2017,9,Ultra-Fast Charging,262.5,122,Unknown|Unknown
EVS02325,Unknown,Unknown,37.885623,-122.408402,ChargePoint,DC Fast Charger,50,6,300,9,0.15,No,9:00-18:00,2012,14,Fast Charging,33.33,138,Unknown|Unknown
EVS02326,Unknown,Unknown,25.307255,55.33434,ChargePoint,DC Fast Charger,50,5,250,8,0.19,Yes,9:00-18:00,2014,12,Fast Charging,31.25,150,Unknown|Unknown
EVS02327,Unknown,Unknown,39.814473,116.307661,Tesla,DC Fast Charger,22,5,110,9,0.47,No,24/7,2023,3,Destination/AC,12.22,71,Unknown|Unknown
EVS02328,Unknown,Unknown,39.990756,116.261433,EVgo,AC Level 2,350,4,1400,7,0.22,No,6:00-22:00,2012,14,Ultra-Fast Charging,200.0,42,Unknown|Unknown
EVS02329,Unknown,Unknown,43.780151,-79.437135,Greenlots,AC Level 2,50,5,250,7,0.1,No,9:00-18:00,2016,10,Fast Charging,35.71,19,Unknown|Unknown
EVS02330,Unknown,Unknown,37.869724,-122.484462,Tesla,AC Level 2,350,5,1750,6,0.16,No,9:00-18:00,2020,6,Ultra-Fast Charging,291.67,39,Unknown|Unknown
EVS02331,Unknown,Unknown,-43.969002,21.297632,Tesla,DC Fast Charger,350,2,700,3,0.46,Yes,9:00-18:00,2018,8,Ultra-Fast Charging,233.33,25,Unknown|Unknown
EVS02332,Unknown,Unknown,-23.632667,-46.514116,EVgo,AC Level 1,22,1,22,1,0.42,Yes,24/7,2014,12,Destination/AC,22.0,157,Unknown|Unknown
EVS02333,Unknown,Unknown,25.361589,55.278236,ChargePoint,AC Level 1,22,6,132,8,0.15,Yes,24/7,2010,16,Destination/AC,16.5,59,Unknown|Unknown
EVS02334,Unknown,Unknown,37.753875,-122.367783,Tesla,AC Level 2,150,7,1050,10,0.23,Yes,9:00-18:00,2021,5,Fast Charging,105.0,150,Unknown|Unknown
EVS02335,Unknown,Unknown,37.696572,126.97673,EVgo,AC Level 2,150,1,150,1,0.25,No,6:00-22:00,2023,3,Fast Charging,150.0,106,Unknown|Unknown
EVS02336,Unknown,Unknown,25.250736,55.358906,Greenlots,AC Level 2,22,7,154,9,0.44,Yes,24/7,2017,9,Destination/AC,17.11,103,Unknown|Unknown
EVS02337,Unknown,Unknown,34.141568,-118.378158,Ionity,AC Level 2,150,1,150,2,0.23,Yes,6:00-22:00,2020,6,Fast Charging,75.0,90,Unknown|Unknown
EVS02338,Unknown,Unknown,19.512012,-99.020671,Tesla,AC Level 2,22,4,88,8,0.41,Yes,24/7,2016,10,Destination/AC,11.0,150,Unknown|Unknown
EVS02339,Unknown,Unknown,41.827721,-87.776562,Ionity,DC Fast Charger,350,1,350,1,0.44,Yes,24/7,2012,14,Ultra-Fast Charging,350.0,22,Unknown|Unknown
EVS02340,Unknown,Unknown,19.563128,-99.086213,Tesla,AC Level 1,22,1,22,1,0.1,Yes,24/7,2012,14,Destination/AC,22.0,30,Unknown|Unknown
EVS02341,Unknown,Unknown,-40.96053,-172.467276,Tesla,AC Level 1,50,1,50,1,0.48,No,24/7,2021,5,Fast Charging,50.0,84,Unknown|Unknown
EVS02342,Unknown,Unknown,-33.718421,151.302019,Greenlots,AC Level 2,22,6,132,9,0.33,No,24/7,2013,13,Destination/AC,14.67,80,Unknown|Unknown
EVS02343,Unknown,Unknown,52.446377,13.349482,ChargePoint,DC Fast Charger,50,2,100,3,0.17,No,9:00-18:00,2015,11,Fast Charging,33.33,105,Unknown|Unknown
EVS02344,Unknown,Unknown,-33.702867,151.246004,Greenlots,DC Fast Charger,22,6,132,9,0.24,Yes,6:00-22:00,2010,16,Destination/AC,14.67,136,Unknown|Unknown
EVS02345,Unknown,Unknown,-33.708221,151.35476,EVgo,AC Level 1,350,6,2100,10,0.42,Yes,24/7,2019,7,Ultra-Fast Charging,210.0,111,Unknown|Unknown
EVS02346,Unknown,Unknown,41.847814,-87.62581,Ionity,AC Level 1,22,4,88,7,0.11,No,6:00-22:00,2013,13,Destination/AC,12.57,57,Unknown|Unknown
EVS02347,Unknown,Unknown,34.089528,-118.263115,ChargePoint,AC Level 1,22,2,44,3,0.36,No,24/7,2017,9,Destination/AC,14.67,69,Unknown|Unknown
EVS02348,Unknown,Unknown,41.975276,-87.635673,ChargePoint,DC Fast Charger,22,6,132,9,0.38,No,6:00-22:00,2013,13,Destination/AC,14.67,139,Unknown|Unknown
EVS02349,Unknown,Unknown,-33.706283,18.507054,Ionity,AC Level 1,350,1,350,1,0.42,No,9:00-18:00,2012,14,Ultra-Fast Charging,350.0,48,Unknown|Unknown
EVS02350,Unknown,Unknown,34.043339,-118.285125,EVgo,AC Level 1,150,5,750,6,0.24,Yes,6:00-22:00,2011,15,Fast Charging,125.0,98,Unknown|Unknown
EVS02351,Unknown,Unknown,-19.675855,-119.574952,EVgo,DC Fast Charger,22,2,44,3,0.13,Yes,9:00-18:00,2011,15,Destination/AC,14.67,103,Unknown|Unknown
EVS02352,Unknown,Unknown,-23.692845,-46.686125,ChargePoint,DC Fast Charger,22,4,88,6,0.26,No,24/7,2015,11,Destination/AC,14.67,138,Unknown|Unknown
EVS02353,Unknown,Unknown,25.393882,55.290329,Ionity,AC Level 1,150,3,450,4,0.24,Yes,9:00-18:00,2018,8,Fast Charging,112.5,132,Unknown|Unknown
EVS02354,Unknown,Unknown,-33.835095,18.526967,EVgo,DC Fast Charger,22,2,44,4,0.2,Yes,9:00-18:00,2022,4,Destination/AC,11.0,91,Unknown|Unknown
EVS02355,Unknown,Unknown,43.674678,-79.322328,EVgo,AC Level 2,22,4,88,9,0.1,Yes,9:00-18:00,2011,15,Destination/AC,9.78,66,Unknown|Unknown
EVS02356,Unknown,Unknown,52.582358,13.487854,EVgo,AC Level 2,50,7,350,8,0.23,No,24/7,2018,8,Fast Charging,43.75,75,Unknown|Unknown
EVS02357,Unknown,Unknown,25.303123,55.397703,Tesla,DC Fast Charger,150,4,600,6,0.16,Yes,9:00-18:00,2014,12,Fast Charging,100.0,82,Unknown|Unknown
EVS02358,Unknown,Unknown,39.919243,116.366057,Tesla,DC Fast Charger,50,6,300,8,0.3,Yes,6:00-22:00,2013,13,Fast Charging,37.5,51,Unknown|Unknown
EVS02359,Unknown,Unknown,37.688237,127.074942,Greenlots,AC Level 1,22,1,22,3,0.44,Yes,6:00-22:00,2013,13,Destination/AC,7.33,118,Unknown|Unknown
EVS02360,Unknown,Unknown,-33.851933,151.380479,Ionity,AC Level 2,350,4,1400,8,0.42,No,9:00-18:00,2016,10,Ultra-Fast Charging,175.0,49,Unknown|Unknown
EVS02361,Unknown,Unknown,-56.116557,-26.028591,Greenlots,AC Level 1,350,1,350,2,0.46,No,6:00-22:00,2021,5,Ultra-Fast Charging,175.0,122,Unknown|Unknown
EVS02362,Unknown,Unknown,19.56864,-99.187348,EVgo,AC Level 2,50,2,100,2,0.44,Yes,24/7,2017,9,Fast Charging,50.0,138,Unknown|Unknown
EVS02363,Unknown,Unknown,25.207237,55.382495,Ionity,AC Level 2,22,1,22,2,0.19,No,9:00-18:00,2015,11,Destination/AC,11.0,173,Unknown|Unknown
EVS02364,Unknown,Unknown,43.765941,-79.464561,EVgo,DC Fast Charger,350,4,1400,5,0.3,Yes,6:00-22:00,2011,15,Ultra-Fast Charging,280.0,34,Unknown|Unknown
EVS02365,Unknown,Unknown,25.381529,55.246347,ChargePoint,AC Level 2,150,4,600,5,0.17,Yes,9:00-18:00,2020,6,Fast Charging,120.0,140,Unknown|Unknown
EVS02366,Unknown,Unknown,19.472826,-99.015959,Tesla,AC Level 1,350,2,700,5,0.37,No,9:00-18:00,2010,16,Ultra-Fast Charging,140.0,29,Unknown|Unknown
EVS02367,Unknown,Unknown,34.071681,-118.263493,EVgo,DC Fast Charger,22,2,44,4,0.23,Yes,6:00-22:00,2016,10,Destination/AC,11.0,70,Unknown|Unknown
EVS02368,Unknown,Unknown,-33.779752,18.573632,Tesla,AC Level 1,22,5,110,10,0.22,No,6:00-22:00,2015,11,Destination/AC,11.0,44,Unknown|Unknown
EVS02369,Unknown,Unknown,52.52941,13.390464,EVgo,DC Fast Charger,50,2,100,3,0.33,No,6:00-22:00,2015,11,Fast Charging,33.33,41,Unknown|Unknown
EVS02370,Unknown,Unknown,55.872506,37.536765,Greenlots,DC Fast Charger,22,3,66,4,0.4,No,24/7,2021,5,Destination/AC,16.5,43,Unknown|Unknown
EVS02371,Unknown,Unknown,-21.531911,-128.303588,EVgo,AC Level 1,150,1,150,1,0.38,Yes,24/7,2021,5,Fast Charging,150.0,22,Unknown|Unknown
EVS02372,Unknown,Unknown,55.876451,37.510874,ChargePoint,AC Level 1,22,1,22,1,0.13,Yes,6:00-22:00,2016,10,Destination/AC,22.0,150,Unknown|Unknown
EVS02373,Unknown,Unknown,13.723347,100.453612,Ionity,DC Fast Charger,150,3,450,4,0.2,Yes,24/7,2012,14,Fast Charging,112.5,25,Unknown|Unknown
EVS02374,Unknown,Unknown,52.415444,13.42854,ChargePoint,AC Level 1,350,1,350,1,0.15,No,6:00-22:00,2010,16,Ultra-Fast Charging,350.0,80,Unknown|Unknown
EVS02375,Unknown,Unknown,-33.864996,18.485928,Tesla,DC Fast Charger,50,3,150,4,0.15,No,9:00-18:00,2014,12,Fast Charging,37.5,130,Unknown|Unknown
EVS02376,Unknown,Unknown,13.801592,100.572689,Ionity,DC Fast Charger,150,3,450,4,0.42,Yes,24/7,2018,8,Fast Charging,112.5,178,Unknown|Unknown
EVS02377,Unknown,Unknown,43.788586,-79.329459,Tesla,AC Level 1,350,3,1050,6,0.3,No,6:00-22:00,2021,5,Ultra-Fast Charging,175.0,155,Unknown|Unknown
EVS02378,Unknown,Unknown,52.422403,13.3145,EVgo,AC Level 1,50,4,200,5,0.14,No,24/7,2010,16,Fast Charging,40.0,37,Unknown|Unknown
EVS02379,Unknown,Unknown,37.73867,-122.485199,ChargePoint,DC Fast Charger,350,6,2100,10,0.47,No,6:00-22:00,2014,12,Ultra-Fast Charging,210.0,177,Unknown|Unknown
EVS02380,Unknown,Unknown,43.617869,-79.398508,Tesla,DC Fast Charger,150,4,600,6,0.35,Yes,6:00-22:00,2014,12,Fast Charging,100.0,122,Unknown|Unknown
EVS02381,Unknown,Unknown,56.03461,86.340955,EVgo,DC Fast Charger,350,4,1400,7,0.16,Yes,24/7,2010,16,Ultra-Fast Charging,200.0,44,Unknown|Unknown
EVS02382,Unknown,Unknown,19.176731,72.824159,Tesla,AC Level 2,150,2,300,3,0.37,Yes,6:00-22:00,2015,11,Fast Charging,100.0,89,Unknown|Unknown
EVS02383,Unknown,Unknown,-33.867701,18.427016,EVgo,DC Fast Charger,22,2,44,3,0.15,Yes,6:00-22:00,2018,8,Destination/AC,14.67,166,Unknown|Unknown
EVS02384,Unknown,Unknown,55.899682,37.679246,ChargePoint,DC Fast Charger,150,2,300,4,0.42,No,6:00-22:00,2010,16,Fast Charging,75.0,79,Unknown|Unknown
EVS02385,Unknown,Unknown,52.585174,13.362706,ChargePoint,AC Level 2,22,8,176,10,0.39,Yes,24/7,2020,6,Destination/AC,17.6,45,Unknown|Unknown
EVS02386,Unknown,Unknown,34.170136,-118.243383,ChargePoint,AC Level 2,350,2,700,3,0.45,No,6:00-22:00,2013,13,Ultra-Fast Charging,233.33,159,Unknown|Unknown
EVS02387,Unknown,Unknown,19.013708,72.912187,Ionity,AC Level 1,22,5,110,10,0.21,No,9:00-18:00,2015,11,Destination/AC,11.0,172,Unknown|Unknown
EVS02388,Unknown,Unknown,41.931442,-87.684803,ChargePoint,AC Level 2,50,3,150,4,0.48,Yes,24/7,2012,14,Fast Charging,37.5,175,Unknown|Unknown
EVS02389,Unknown,Unknown,13.84979,100.45652,Tesla,AC Level 1,22,4,88,7,0.42,Yes,9:00-18:00,2022,4,Destination/AC,12.57,172,Unknown|Unknown
EVS02390,Unknown,Unknown,39.972864,116.273023,Greenlots,AC Level 2,22,5,110,6,0.28,No,9:00-18:00,2018,8,Destination/AC,18.33,159,Unknown|Unknown
EVS02391,Unknown,Unknown,79.364641,68.701067,Ionity,DC Fast Charger,50,2,100,3,0.1,Yes,9:00-18:00,2016,10,Fast Charging,33.33,89,Unknown|Unknown
EVS02392,Unknown,Unknown,41.967394,-87.745724,EVgo,AC Level 2,350,1,350,1,0.2,Yes,24/7,2012,14,Ultra-Fast Charging,350.0,46,Unknown|Unknown
EVS02393,Unknown,Unknown,55.704277,37.583266,EVgo,AC Level 1,350,1,350,1,0.41,Yes,24/7,2011,15,Ultra-Fast Charging,350.0,116,Unknown|Unknown
EVS02394,Unknown,Unknown,18.983657,72.858559,EVgo,AC Level 2,22,4,88,7,0.39,No,6:00-22:00,2015,11,Destination/AC,12.57,51,Unknown|Unknown
EVS02395,Unknown,Unknown,-33.740927,151.241791,Ionity,AC Level 2,22,1,22,1,0.31,Yes,6:00-22:00,2018,8,Destination/AC,22.0,93,Unknown|Unknown
EVS02396,Unknown,Unknown,37.548627,127.009078,Ionity,DC Fast Charger,50,6,300,9,0.5,Yes,6:00-22:00,2010,16,Fast Charging,33.33,123,Unknown|Unknown
EVS02397,Unknown,Unknown,25.339403,55.354535,ChargePoint,DC Fast Charger,50,3,150,6,0.42,Yes,6:00-22:00,2011,15,Fast Charging,25.0,171,Unknown|Unknown
EVS02398,Unknown,Unknown,25.315946,55.259231,EVgo,AC Level 1,350,5,1750,8,0.44,No,9:00-18:00,2011,15,Ultra-Fast Charging,218.75,62,Unknown|Unknown
EVS02399,Unknown,Unknown,37.797171,-122.496192,Greenlots,DC Fast Charger,50,6,300,7,0.13,No,6:00-22:00,2019,7,Fast Charging,42.86,56,Unknown|Unknown
EVS02400,Unknown,Unknown,37.501545,127.082667,ChargePoint,AC Level 1,150,3,450,4,0.43,Yes,6:00-22:00,2022,4,Fast Charging,112.5,136,Unknown|Unknown
EVS02401,Unknown,Unknown,-20.74123,25.747125,Tesla,AC Level 2,150,1,150,1,0.37,Yes,6:00-22:00,2022,4,Fast Charging,150.0,16,Unknown|Unknown
EVS02402,Unknown,Unknown,37.600483,126.901517,Ionity,AC Level 2,350,1,350,2,0.47,Yes,6:00-22:00,2018,8,Ultra-Fast Charging,175.0,108,Unknown|Unknown
EVS02403,Unknown,Unknown,55.859237,37.602004,EVgo,AC Level 1,150,2,300,3,0.33,Yes,24/7,2012,14,Fast Charging,100.0,138,Unknown|Unknown
EVS02404,Unknown,Unknown,-23.622822,-46.692399,ChargePoint,DC Fast Charger,150,7,1050,9,0.43,No,24/7,2020,6,Fast Charging,116.67,105,Unknown|Unknown
EVS02405,Unknown,Unknown,-23.678169,-46.577917,Tesla,DC Fast Charger,50,1,50,2,0.19,Yes,9:00-18:00,2010,16,Fast Charging,25.0,78,Unknown|Unknown
EVS02406,Unknown,Unknown,41.860176,-87.646016,EVgo,AC Level 1,150,5,750,8,0.26,No,24/7,2015,11,Fast Charging,93.75,151,Unknown|Unknown
EVS02407,Unknown,Unknown,41.839618,-87.777404,EVgo,AC Level 1,150,3,450,4,0.3,Yes,24/7,2019,7,Fast Charging,112.5,76,Unknown|Unknown
EVS02408,Unknown,Unknown,19.496801,-99.075822,ChargePoint,AC Level 1,150,2,300,4,0.17,No,9:00-18:00,2014,12,Fast Charging,75.0,132,Unknown|Unknown
EVS02409,Unknown,Unknown,-33.736775,151.2672,ChargePoint,DC Fast Charger,150,6,900,8,0.32,No,24/7,2015,11,Fast Charging,112.5,91,Unknown|Unknown
EVS02410,Unknown,Unknown,41.946956,-87.778989,ChargePoint,DC Fast Charger,22,5,110,10,0.4,Yes,6:00-22:00,2010,16,Destination/AC,11.0,19,Unknown|Unknown
EVS02411,Unknown,Unknown,36.373001,120.606079,EVgo,AC Level 2,350,3,1050,6,0.14,No,6:00-22:00,2013,13,Ultra-Fast Charging,175.0,102,Unknown|Unknown
EVS02412,Unknown,Unknown,-33.765254,151.270901,ChargePoint,DC Fast Charger,22,3,66,4,0.37,No,9:00-18:00,2019,7,Destination/AC,16.5,23,Unknown|Unknown
EVS02413,Unknown,Unknown,55.739251,37.658043,Tesla,AC Level 1,350,1,350,1,0.48,No,6:00-22:00,2018,8,Ultra-Fast Charging,350.0,168,Unknown|Unknown
EVS02414,Unknown,Unknown,39.906754,116.208743,Ionity,DC Fast Charger,150,7,1050,9,0.3,Yes,6:00-22:00,2014,12,Fast Charging,116.67,114,Unknown|Unknown
EVS02415,Unknown,Unknown,39.840977,116.268466,Ionity,DC Fast Charger,50,3,150,5,0.39,No,9:00-18:00,2015,11,Fast Charging,30.0,76,Unknown|Unknown
EVS02416,Unknown,Unknown,19.403056,-99.077852,ChargePoint,DC Fast Charger,150,1,150,1,0.42,Yes,9:00-18:00,2019,7,Fast Charging,150.0,95,Unknown|Unknown
EVS02417,Unknown,Unknown,25.207833,55.320243,Ionity,AC Level 2,150,7,1050,10,0.48,No,6:00-22:00,2015,11,Fast Charging,105.0,117,Unknown|Unknown
EVS02418,Unknown,Unknown,41.929357,-87.620295,Ionity,AC Level 2,50,6,300,8,0.27,No,24/7,2016,10,Fast Charging,37.5,57,Unknown|Unknown
EVS02419,Unknown,Unknown,-23.681767,-46.667218,Greenlots,AC Level 2,150,7,1050,8,0.32,Yes,6:00-22:00,2014,12,Fast Charging,131.25,62,Unknown|Unknown
EVS02420,Unknown,Unknown,34.138421,-118.364527,ChargePoint,AC Level 2,50,6,300,10,0.2,Yes,9:00-18:00,2015,11,Fast Charging,30.0,84,Unknown|Unknown
EVS02421,Unknown,Unknown,-55.527516,136.297399,Ionity,AC Level 2,350,1,350,2,0.19,Yes,6:00-22:00,2018,8,Ultra-Fast Charging,175.0,57,Unknown|Unknown
EVS02422,Unknown,Unknown,39.890239,116.267186,ChargePoint,AC Level 1,350,3,1050,5,0.38,Yes,9:00-18:00,2020,6,Ultra-Fast Charging,210.0,140,Unknown|Unknown
EVS02423,Unknown,Unknown,34.027761,-118.229588,Tesla,DC Fast Charger,22,1,22,2,0.22,Yes,9:00-18:00,2012,14,Destination/AC,11.0,32,Unknown|Unknown
EVS02424,Unknown,Unknown,19.473869,-99.099365,ChargePoint,AC Level 1,350,8,2800,10,0.34,Yes,24/7,2020,6,Ultra-Fast Charging,280.0,151,Unknown|Unknown
EVS02425,Unknown,Unknown,34.085448,-118.252281,Ionity,DC Fast Charger,350,4,1400,7,0.37,Yes,6:00-22:00,2022,4,Ultra-Fast Charging,200.0,72,Unknown|Unknown
EVS02426,Unknown,Unknown,34.03234,-118.274036,Greenlots,AC Level 2,50,6,300,10,0.23,Yes,24/7,2022,4,Fast Charging,30.0,107,Unknown|Unknown
EVS02427,Unknown,Unknown,41.979642,-87.718219,Greenlots,AC Level 2,150,4,600,8,0.25,Yes,24/7,2011,15,Fast Charging,75.0,41,Unknown|Unknown
EVS02428,Unknown,Unknown,25.343728,55.24814,ChargePoint,DC Fast Charger,150,6,900,10,0.24,Yes,9:00-18:00,2010,16,Fast Charging,90.0,78,Unknown|Unknown
EVS02429,Unknown,Unknown,52.526023,13.434875,Tesla,AC Level 1,150,4,600,5,0.24,No,9:00-18:00,2019,7,Fast Charging,120.0,139,Unknown|Unknown
EVS02430,Unknown,Unknown,37.7469,-122.331887,ChargePoint,AC Level 1,350,3,1050,6,0.3,Yes,24/7,2016,10,Ultra-Fast Charging,175.0,59,Unknown|Unknown
EVS02431,Unknown,Unknown,60.58781,-2.445996,Greenlots,DC Fast Charger,22,5,110,6,0.11,Yes,24/7,2016,10,Destination/AC,18.33,36,Unknown|Unknown
EVS02432,Unknown,Unknown,-23.576572,-46.654924,Tesla,DC Fast Charger,350,4,1400,5,0.27,No,6:00-22:00,2018,8,Ultra-Fast Charging,280.0,101,Unknown|Unknown
EVS02433,Unknown,Unknown,41.97029,-87.702265,Tesla,AC Level 2,50,2,100,2,0.26,No,6:00-22:00,2014,12,Fast Charging,50.0,41,Unknown|Unknown
EVS02434,Unknown,Unknown,43.620912,-79.397266,Greenlots,DC Fast Charger,22,3,66,5,0.22,No,6:00-22:00,2023,3,Destination/AC,13.2,66,Unknown|Unknown
EVS02435,Unknown,Unknown,43.65642,-79.491329,ChargePoint,DC Fast Charger,350,1,350,1,0.35,Yes,9:00-18:00,2013,13,Ultra-Fast Charging,350.0,89,Unknown|Unknown
EVS02436,Unknown,Unknown,13.881011,100.502916,ChargePoint,DC Fast Charger,350,3,1050,5,0.39,No,9:00-18:00,2015,11,Ultra-Fast Charging,210.0,108,Unknown|Unknown
EVS02437,Unknown,Unknown,55.821311,37.506545,Greenlots,AC Level 2,150,4,600,7,0.43,Yes,6:00-22:00,2018,8,Fast Charging,85.71,120,Unknown|Unknown
EVS02438,Unknown,Unknown,34.191166,-118.320472,Ionity,DC Fast Charger,150,6,900,8,0.15,No,6:00-22:00,2015,11,Fast Charging,112.5,126,Unknown|Unknown
EVS02439,Unknown,Unknown,52.441638,13.333771,Tesla,AC Level 1,22,4,88,6,0.16,Yes,24/7,2011,15,Destination/AC,14.67,154,Unknown|Unknown
EVS02440,Unknown,Unknown,43.687378,-79.394476,Ionity,AC Level 1,150,5,750,9,0.23,No,24/7,2018,8,Fast Charging,83.33,25,Unknown|Unknown
EVS02441,Unknown,Unknown,53.363303,-117.780742,Greenlots,AC Level 1,50,6,300,7,0.24,No,24/7,2014,12,Fast Charging,42.86,74,Unknown|Unknown
EVS02442,Unknown,Unknown,43.601006,-79.319498,EVgo,AC Level 2,50,5,250,10,0.49,No,6:00-22:00,2017,9,Fast Charging,25.0,15,Unknown|Unknown
EVS02443,Unknown,Unknown,37.792013,-122.327547,ChargePoint,AC Level 1,350,1,350,2,0.15,No,24/7,2016,10,Ultra-Fast Charging,175.0,16,Unknown|Unknown
EVS02444,Unknown,Unknown,-33.71968,151.362139,EVgo,AC Level 2,50,3,150,3,0.13,No,6:00-22:00,2012,14,Fast Charging,50.0,50,Unknown|Unknown
EVS02445,Unknown,Unknown,19.565944,-99.037388,Greenlots,DC Fast Charger,150,3,450,4,0.38,No,24/7,2019,7,Fast Charging,112.5,113,Unknown|Unknown
EVS02446,Unknown,Unknown,39.889631,116.415039,Tesla,AC Level 2,150,6,900,8,0.45,No,6:00-22:00,2014,12,Fast Charging,112.5,162,Unknown|Unknown
EVS02447,Unknown,Unknown,19.177619,72.931034,EVgo,AC Level 2,350,3,1050,5,0.18,No,24/7,2018,8,Ultra-Fast Charging,210.0,142,Unknown|Unknown
EVS02448,Unknown,Unknown,19.435015,-99.135979,Greenlots,AC Level 2,22,8,176,10,0.29,No,24/7,2013,13,Destination/AC,17.6,121,Unknown|Unknown
EVS02449,Unknown,Unknown,25.388259,55.25299,Greenlots,DC Fast Charger,350,7,2450,10,0.15,Yes,6:00-22:00,2012,14,Ultra-Fast Charging,245.0,143,Unknown|Unknown
EVS02450,Unknown,Unknown,52.425389,13.302849,Ionity,DC Fast Charger,350,7,2450,9,0.28,Yes,9:00-18:00,2011,15,Ultra-Fast Charging,272.22,43,Unknown|Unknown
EVS02451,Unknown,Unknown,83.925964,20.855163,Ionity,AC Level 1,350,5,1750,10,0.35,Yes,6:00-22:00,2015,11,Ultra-Fast Charging,175.0,153,Unknown|Unknown
EVS02452,Unknown,Unknown,34.024178,-118.229981,Greenlots,DC Fast Charger,350,4,1400,6,0.48,Yes,24/7,2015,11,Ultra-Fast Charging,233.33,161,Unknown|Unknown
EVS02453,Unknown,Unknown,-33.754768,151.213681,EVgo,AC Level 1,50,2,100,4,0.32,No,24/7,2022,4,Fast Charging,25.0,30,Unknown|Unknown
EVS02454,Unknown,Unknown,25.390033,55.261458,EVgo,DC Fast Charger,50,6,300,7,0.12,Yes,9:00-18:00,2010,16,Fast Charging,42.86,92,Unknown|Unknown
EVS02455,Unknown,Unknown,19.575519,-99.035698,Ionity,DC Fast Charger,50,1,50,1,0.37,No,9:00-18:00,2019,7,Fast Charging,50.0,151,Unknown|Unknown
EVS02456,Unknown,Unknown,-33.743796,18.490105,Ionity,AC Level 1,50,5,250,10,0.12,Yes,24/7,2020,6,Fast Charging,25.0,93,Unknown|Unknown
EVS02457,Unknown,Unknown,55.748355,37.508417,EVgo,DC Fast Charger,150,2,300,2,0.29,Yes,9:00-18:00,2015,11,Fast Charging,150.0,153,Unknown|Unknown
EVS02458,Unknown,Unknown,37.583932,126.979465,ChargePoint,AC Level 1,22,5,110,9,0.13,Yes,6:00-22:00,2011,15,Destination/AC,12.22,169,Unknown|Unknown
EVS02459,Unknown,Unknown,37.50984,127.040723,EVgo,DC Fast Charger,22,1,22,2,0.22,Yes,24/7,2019,7,Destination/AC,11.0,93,Unknown|Unknown
EVS02460,Unknown,Unknown,-33.757512,18.554436,Ionity,AC Level 1,150,4,600,5,0.37,Yes,9:00-18:00,2012,14,Fast Charging,120.0,24,Unknown|Unknown
EVS02461,Unknown,Unknown,-31.963893,-123.009556,Ionity,AC Level 2,350,4,1400,8,0.43,No,9:00-18:00,2022,4,Ultra-Fast Charging,175.0,71,Unknown|Unknown
EVS02462,Unknown,Unknown,37.892735,-122.333197,ChargePoint,AC Level 2,350,4,1400,7,0.47,No,24/7,2014,12,Ultra-Fast Charging,200.0,50,Unknown|Unknown
EVS02463,Unknown,Unknown,37.805514,-122.347084,Ionity,AC Level 1,50,4,200,6,0.28,No,24/7,2019,7,Fast Charging,33.33,93,Unknown|Unknown
EVS02464,Unknown,Unknown,43.776975,-79.483454,ChargePoint,AC Level 2,350,1,350,2,0.29,No,9:00-18:00,2011,15,Ultra-Fast Charging,175.0,111,Unknown|Unknown
EVS02465,Unknown,Unknown,55.894134,37.571663,EVgo,DC Fast Charger,50,5,250,9,0.24,Yes,6:00-22:00,2011,15,Fast Charging,27.78,91,Unknown|Unknown
EVS02466,Unknown,Unknown,-33.844785,151.365926,Greenlots,AC Level 1,350,5,1750,10,0.27,No,24/7,2014,12,Ultra-Fast Charging,175.0,47,Unknown|Unknown
EVS02467,Unknown,Unknown,39.881485,116.36674,ChargePoint,AC Level 2,50,4,200,7,0.1,No,9:00-18:00,2020,6,Fast Charging,28.57,64,Unknown|Unknown
EVS02468,Unknown,Unknown,41.850184,-87.627692,Ionity,DC Fast Charger,50,5,250,8,0.21,Yes,9:00-18:00,2011,15,Fast Charging,31.25,127,Unknown|Unknown
EVS02469,Unknown,Unknown,25.255466,55.203241,Ionity,AC Level 2,150,4,600,9,0.1,No,9:00-18:00,2019,7,Fast Charging,66.67,19,Unknown|Unknown
EVS02470,Unknown,Unknown,37.662134,126.950977,Ionity,AC Level 2,150,6,900,9,0.48,Yes,24/7,2014,12,Fast Charging,100.0,50,Unknown|Unknown
EVS02471,Unknown,Unknown,50.77864,-28.940249,ChargePoint,AC Level 1,22,7,154,10,0.11,No,9:00-18:00,2017,9,Destination/AC,15.4,162,Unknown|Unknown
EVS02472,Unknown,Unknown,39.931777,116.434965,EVgo,DC Fast Charger,50,4,200,9,0.22,Yes,9:00-18:00,2012,14,Fast Charging,22.22,31,Unknown|Unknown
EVS02473,Unknown,Unknown,39.842042,116.383288,ChargePoint,DC Fast Charger,50,5,250,9,0.21,Yes,6:00-22:00,2021,5,Fast Charging,27.78,83,Unknown|Unknown
EVS02474,Unknown,Unknown,13.844829,100.425216,Greenlots,AC Level 2,22,1,22,1,0.28,Yes,6:00-22:00,2015,11,Destination/AC,22.0,49,Unknown|Unknown
EVS02475,Unknown,Unknown,34.057973,-118.368862,Ionity,AC Level 1,50,7,350,10,0.25,Yes,6:00-22:00,2020,6,Fast Charging,35.0,32,Unknown|Unknown
EVS02476,Unknown,Unknown,19.068394,72.82461,ChargePoint,AC Level 2,50,4,200,6,0.15,Yes,9:00-18:00,2014,12,Fast Charging,33.33,84,Unknown|Unknown
EVS02477,Unknown,Unknown,39.835019,116.260984,Tesla,AC Level 2,150,3,450,5,0.29,Yes,24/7,2012,14,Fast Charging,90.0,101,Unknown|Unknown
EVS02478,Unknown,Unknown,55.796279,37.625872,Tesla,DC Fast Charger,150,1,150,2,0.3,No,9:00-18:00,2017,9,Fast Charging,75.0,44,Unknown|Unknown
EVS02479,Unknown,Unknown,25.249454,55.346665,Ionity,DC Fast Charger,150,4,600,5,0.39,Yes,9:00-18:00,2023,3,Fast Charging,120.0,27,Unknown|Unknown
EVS02480,Unknown,Unknown,41.904141,-87.793473,Tesla,DC Fast Charger,150,8,1200,10,0.26,Yes,6:00-22:00,2023,3,Fast Charging,120.0,37,Unknown|Unknown
EVS02481,Unknown,Unknown,27.51296,155.230278,Greenlots,AC Level 1,22,3,66,4,0.19,Yes,9:00-18:00,2013,13,Destination/AC,16.5,122,Unknown|Unknown
EVS02482,Unknown,Unknown,52.452533,13.4398,EVgo,DC Fast Charger,22,5,110,10,0.42,No,9:00-18:00,2021,5,Destination/AC,11.0,156,Unknown|Unknown
EVS02483,Unknown,Unknown,39.957654,116.259556,Ionity,DC Fast Charger,50,2,100,4,0.45,No,6:00-22:00,2018,8,Fast Charging,25.0,44,Unknown|Unknown
EVS02484,Unknown,Unknown,34.158459,-118.218587,EVgo,DC Fast Charger,50,4,200,7,0.23,No,6:00-22:00,2012,14,Fast Charging,28.57,67,Unknown|Unknown
EVS02485,Unknown,Unknown,13.841206,100.507256,ChargePoint,DC Fast Charger,150,4,600,7,0.41,No,9:00-18:00,2012,14,Fast Charging,85.71,71,Unknown|Unknown
EVS02486,Unknown,Unknown,55.801562,37.682504,EVgo,AC Level 2,22,1,22,2,0.11,No,6:00-22:00,2016,10,Destination/AC,11.0,74,Unknown|Unknown
EVS02487,Unknown,Unknown,41.913832,-87.743705,Ionity,DC Fast Charger,50,4,200,5,0.36,Yes,6:00-22:00,2020,6,Fast Charging,40.0,55,Unknown|Unknown
EVS02488,Unknown,Unknown,41.938688,-87.705428,Ionity,DC Fast Charger,150,2,300,4,0.21,No,24/7,2010,16,Fast Charging,75.0,24,Unknown|Unknown
EVS02489,Unknown,Unknown,43.669751,-79.452887,EVgo,AC Level 1,150,4,600,5,0.37,Yes,6:00-22:00,2016,10,Fast Charging,120.0,101,Unknown|Unknown
EVS02490,Unknown,Unknown,-33.750859,18.423237,Tesla,AC Level 1,350,1,350,3,0.2,Yes,6:00-22:00,2017,9,Ultra-Fast Charging,116.67,73,Unknown|Unknown
EVS02491,Unknown,Unknown,74.560342,-73.85973,Greenlots,AC Level 2,350,3,1050,6,0.33,No,6:00-22:00,2019,7,Ultra-Fast Charging,175.0,71,Unknown|Unknown
EVS02492,Unknown,Unknown,52.452026,13.378263,EVgo,AC Level 1,50,7,350,9,0.3,Yes,24/7,2022,4,Fast Charging,38.89,58,Unknown|Unknown
EVS02493,Unknown,Unknown,25.326692,55.323912,ChargePoint,AC Level 2,350,7,2450,10,0.25,Yes,24/7,2011,15,Ultra-Fast Charging,245.0,168,Unknown|Unknown
EVS02494,Unknown,Unknown,43.788298,-79.419992,Ionity,AC Level 1,350,1,350,1,0.22,Yes,6:00-22:00,2022,4,Ultra-Fast Charging,350.0,115,Unknown|Unknown
EVS02495,Unknown,Unknown,19.40935,-99.057654,Tesla,AC Level 2,350,1,350,2,0.26,Yes,9:00-18:00,2011,15,Ultra-Fast Charging,175.0,84,Unknown|Unknown
EVS02496,Unknown,Unknown,41.918758,-87.643545,Greenlots,AC Level 1,50,2,100,3,0.36,Yes,24/7,2023,3,Fast Charging,33.33,48,Unknown|Unknown
EVS02497,Unknown,Unknown,37.867835,-122.456926,Ionity,AC Level 1,50,5,250,10,0.23,No,9:00-18:00,2021,5,Fast Charging,25.0,147,Unknown|Unknown
EVS02498,Unknown,Unknown,19.596346,-99.00922,ChargePoint,AC Level 2,22,6,132,10,0.1,Yes,6:00-22:00,2012,14,Destination/AC,13.2,161,Unknown|Unknown
EVS02499,Unknown,Unknown,55.873449,37.559093,ChargePoint,DC Fast Charger,22,5,110,9,0.33,Yes,24/7,2022,4,Destination/AC,12.22,20,Unknown|Unknown
EVS02500,Unknown,Unknown,52.513608,13.448534,Greenlots,DC Fast Charger,50,6,300,8,0.14,No,9:00-18:00,2023,3,Fast Charging,37.5,168,Unknown|Unknown
EVS02501,Unknown,Unknown,69.69755,50.983861,EVgo,AC Level 2,50,4,200,8,0.47,No,24/7,2020,6,Fast Charging,25.0,130,Unknown|Unknown
EVS02502,Unknown,Unknown,-33.855156,18.506932,EVgo,AC Level 1,22,7,154,10,0.26,Yes,9:00-18:00,2020,6,Destination/AC,15.4,31,Unknown|Unknown
EVS02503,Unknown,Unknown,-33.866857,151.326771,EVgo,AC Level 1,22,3,66,4,0.26,Yes,24/7,2013,13,Destination/AC,16.5,139,Unknown|Unknown
EVS02504,Unknown,Unknown,37.675429,126.913549,ChargePoint,DC Fast Charger,50,4,200,7,0.11,Yes,6:00-22:00,2017,9,Fast Charging,28.57,32,Unknown|Unknown
EVS02505,Unknown,Unknown,37.818826,-122.362237,Ionity,AC Level 1,350,1,350,1,0.19,No,9:00-18:00,2020,6,Ultra-Fast Charging,350.0,23,Unknown|Unknown
EVS02506,Unknown,Unknown,52.553803,13.331293,EVgo,DC Fast Charger,150,2,300,3,0.41,No,6:00-22:00,2016,10,Fast Charging,100.0,34,Unknown|Unknown
EVS02507,Unknown,Unknown,-23.527318,-46.538302,Greenlots,AC Level 2,22,2,44,2,0.37,No,24/7,2022,4,Destination/AC,22.0,90,Unknown|Unknown
EVS02508,Unknown,Unknown,55.890208,37.617184,Ionity,AC Level 1,350,2,700,3,0.26,No,9:00-18:00,2023,3,Ultra-Fast Charging,233.33,117,Unknown|Unknown
EVS02509,Unknown,Unknown,-33.70412,151.250782,EVgo,AC Level 2,350,4,1400,5,0.36,No,6:00-22:00,2013,13,Ultra-Fast Charging,280.0,82,Unknown|Unknown
EVS02510,Unknown,Unknown,37.584491,126.941527,EVgo,DC Fast Charger,150,6,900,9,0.36,No,24/7,2012,14,Fast Charging,100.0,35,Unknown|Unknown
EVS02511,Unknown,Unknown,-25.333987,-101.031643,Ionity,AC Level 1,22,4,88,7,0.27,No,6:00-22:00,2021,5,Destination/AC,12.57,47,Unknown|Unknown
EVS02512,Unknown,Unknown,-23.578823,-46.517233,Tesla,AC Level 1,50,1,50,2,0.14,Yes,24/7,2017,9,Fast Charging,25.0,155,Unknown|Unknown
EVS02513,Unknown,Unknown,-23.536656,-46.504114,Greenlots,AC Level 1,50,1,50,1,0.21,Yes,9:00-18:00,2011,15,Fast Charging,50.0,173,Unknown|Unknown
EVS02514,Unknown,Unknown,41.93815,-87.780582,EVgo,AC Level 1,150,1,150,2,0.31,No,6:00-22:00,2013,13,Fast Charging,75.0,139,Unknown|Unknown
EVS02515,Unknown,Unknown,19.421171,-99.130868,Greenlots,DC Fast Charger,150,1,150,1,0.48,Yes,9:00-18:00,2011,15,Fast Charging,150.0,32,Unknown|Unknown
EVS02516,Unknown,Unknown,55.730889,37.621046,Greenlots,DC Fast Charger,150,6,900,10,0.32,Yes,24/7,2020,6,Fast Charging,90.0,150,Unknown|Unknown
EVS02517,Unknown,Unknown,55.820724,37.610758,EVgo,DC Fast Charger,50,1,50,2,0.4,No,24/7,2021,5,Fast Charging,25.0,129,Unknown|Unknown
EVS02518,Unknown,Unknown,19.59654,-99.112866,Ionity,AC Level 2,150,4,600,6,0.44,Yes,9:00-18:00,2014,12,Fast Charging,100.0,101,Unknown|Unknown
EVS02519,Unknown,Unknown,39.967601,116.450916,Ionity,DC Fast Charger,350,1,350,2,0.4,Yes,6:00-22:00,2012,14,Ultra-Fast Charging,175.0,38,Unknown|Unknown
EVS02520,Unknown,Unknown,-23.500481,-46.507842,Tesla,AC Level 2,150,5,750,8,0.26,Yes,9:00-18:00,2016,10,Fast Charging,93.75,179,Unknown|Unknown
EVS02521,Unknown,Unknown,41.802944,56.674542,Ionity,DC Fast Charger,150,8,1200,10,0.21,No,24/7,2020,6,Fast Charging,120.0,88,Unknown|Unknown
EVS02522,Unknown,Unknown,25.205124,55.203537,ChargePoint,AC Level 2,22,3,66,4,0.42,Yes,9:00-18:00,2017,9,Destination/AC,16.5,22,Unknown|Unknown
EVS02523,Unknown,Unknown,-23.57213,-46.662197,Tesla,AC Level 2,150,1,150,1,0.12,Yes,6:00-22:00,2011,15,Fast Charging,150.0,49,Unknown|Unknown
EVS02524,Unknown,Unknown,-33.73696,18.416272,Ionity,AC Level 1,350,2,700,3,0.44,Yes,6:00-22:00,2018,8,Ultra-Fast Charging,233.33,81,Unknown|Unknown
EVS02525,Unknown,Unknown,13.847833,100.436311,ChargePoint,DC Fast Charger,150,6,900,8,0.47,Yes,6:00-22:00,2011,15,Fast Charging,112.5,25,Unknown|Unknown
EVS02526,Unknown,Unknown,41.996411,-87.616624,Greenlots,DC Fast Charger,50,6,300,9,0.33,Yes,6:00-22:00,2022,4,Fast Charging,33.33,68,Unknown|Unknown
EVS02527,Unknown,Unknown,55.81775,37.676919,EVgo,AC Level 1,50,4,200,7,0.42,No,6:00-22:00,2017,9,Fast Charging,28.57,92,Unknown|Unknown
EVS02528,Unknown,Unknown,39.843829,116.468908,Ionity,AC Level 2,50,5,250,9,0.28,No,6:00-22:00,2013,13,Fast Charging,27.78,171,Unknown|Unknown
EVS02529,Unknown,Unknown,37.878602,-122.418729,Tesla,AC Level 1,50,2,100,3,0.41,Yes,9:00-18:00,2014,12,Fast Charging,33.33,29,Unknown|Unknown
EVS02530,Unknown,Unknown,41.866464,-87.633572,Ionity,AC Level 1,350,3,1050,6,0.32,No,24/7,2023,3,Ultra-Fast Charging,175.0,110,Unknown|Unknown
EVS02531,Unknown,Unknown,-11.91313,98.023145,EVgo,AC Level 2,22,5,110,10,0.23,No,24/7,2023,3,Destination/AC,11.0,166,Unknown|Unknown
EVS02532,Unknown,Unknown,34.007216,-118.267135,ChargePoint,AC Level 1,150,6,900,8,0.12,No,9:00-18:00,2010,16,Fast Charging,112.5,148,Unknown|Unknown
EVS02533,Unknown,Unknown,41.933516,-87.675304,Tesla,AC Level 2,50,3,150,7,0.21,Yes,6:00-22:00,2018,8,Fast Charging,21.43,167,Unknown|Unknown
EVS02534,Unknown,Unknown,19.536005,-99.085137,EVgo,DC Fast Charger,22,4,88,6,0.26,Yes,6:00-22:00,2014,12,Destination/AC,14.67,43,Unknown|Unknown
EVS02535,Unknown,Unknown,37.583706,126.905294,Greenlots,DC Fast Charger,350,4,1400,6,0.21,No,24/7,2020,6,Ultra-Fast Charging,233.33,147,Unknown|Unknown
EVS02536,Unknown,Unknown,43.674506,-79.38886,EVgo,AC Level 2,50,3,150,5,0.49,Yes,24/7,2014,12,Fast Charging,30.0,176,Unknown|Unknown
EVS02537,Unknown,Unknown,19.050884,72.88135,Greenlots,DC Fast Charger,22,2,44,2,0.2,Yes,6:00-22:00,2020,6,Destination/AC,22.0,68,Unknown|Unknown
EVS02538,Unknown,Unknown,18.99141,72.989093,ChargePoint,AC Level 2,22,4,88,8,0.1,No,24/7,2010,16,Destination/AC,11.0,97,Unknown|Unknown
EVS02539,Unknown,Unknown,-23.604111,-46.536747,Ionity,AC Level 1,350,8,2800,10,0.23,No,9:00-18:00,2015,11,Ultra-Fast Charging,280.0,102,Unknown|Unknown
EVS02540,Unknown,Unknown,19.19886,72.85683,ChargePoint,AC Level 1,50,4,200,5,0.18,No,24/7,2019,7,Fast Charging,40.0,96,Unknown|Unknown
EVS02541,Unknown,Unknown,-66.409171,128.77468,EVgo,DC Fast Charger,22,5,110,10,0.15,No,6:00-22:00,2012,14,Destination/AC,11.0,62,Unknown|Unknown
EVS02542,Unknown,Unknown,-23.526652,-46.613282,Ionity,AC Level 2,50,4,200,8,0.18,Yes,24/7,2011,15,Fast Charging,25.0,175,Unknown|Unknown
EVS02543,Unknown,Unknown,19.519314,-99.018526,Greenlots,DC Fast Charger,350,2,700,4,0.23,No,9:00-18:00,2010,16,Ultra-Fast Charging,175.0,172,Unknown|Unknown
EVS02544,Unknown,Unknown,19.467466,-99.072437,ChargePoint,AC Level 1,22,5,110,9,0.19,No,6:00-22:00,2013,13,Destination/AC,12.22,77,Unknown|Unknown
EVS02545,Unknown,Unknown,-33.881687,151.252459,Tesla,DC Fast Charger,150,5,750,9,0.49,Yes,24/7,2023,3,Fast Charging,83.33,147,Unknown|Unknown
EVS02546,Unknown,Unknown,-23.513974,-46.556175,EVgo,DC Fast Charger,350,7,2450,8,0.25,No,24/7,2018,8,Ultra-Fast Charging,306.25,80,Unknown|Unknown
EVS02547,Unknown,Unknown,39.906232,116.367663,Tesla,AC Level 1,22,4,88,7,0.39,Yes,9:00-18:00,2018,8,Destination/AC,12.57,146,Unknown|Unknown
EVS02548,Unknown,Unknown,43.687377,-79.389335,EVgo,AC Level 1,22,1,22,1,0.45,No,24/7,2023,3,Destination/AC,22.0,111,Unknown|Unknown
EVS02549,Unknown,Unknown,43.689464,-79.339497,EVgo,DC Fast Charger,350,4,1400,8,0.48,Yes,9:00-18:00,2014,12,Ultra-Fast Charging,175.0,92,Unknown|Unknown
EVS02550,Unknown,Unknown,25.297934,55.215476,Ionity,AC Level 1,150,4,600,5,0.18,No,24/7,2010,16,Fast Charging,120.0,36,Unknown|Unknown
EVS02551,Unknown,Unknown,-77.037941,58.231179,Ionity,AC Level 1,350,4,1400,8,0.15,No,24/7,2023,3,Ultra-Fast Charging,175.0,123,Unknown|Unknown
EVS02552,Unknown,Unknown,-33.794323,18.542635,EVgo,DC Fast Charger,150,6,900,10,0.23,Yes,9:00-18:00,2011,15,Fast Charging,90.0,67,Unknown|Unknown
EVS02553,Unknown,Unknown,52.436726,13.308279,ChargePoint,AC Level 2,150,3,450,4,0.21,No,24/7,2014,12,Fast Charging,112.5,50,Unknown|Unknown
EVS02554,Unknown,Unknown,18.995188,72.899837,ChargePoint,DC Fast Charger,22,1,22,3,0.46,No,6:00-22:00,2018,8,Destination/AC,7.33,46,Unknown|Unknown
EVS02555,Unknown,Unknown,25.27086,55.338429,EVgo,AC Level 1,150,1,150,1,0.39,No,24/7,2012,14,Fast Charging,150.0,177,Unknown|Unknown
EVS02556,Unknown,Unknown,37.798682,-122.304017,EVgo,DC Fast Charger,150,6,900,10,0.11,No,24/7,2010,16,Fast Charging,90.0,32,Unknown|Unknown
EVS02557,Unknown,Unknown,-23.509708,-46.525276,EVgo,DC Fast Charger,150,5,750,7,0.13,Yes,6:00-22:00,2010,16,Fast Charging,107.14,146,Unknown|Unknown
EVS02558,Unknown,Unknown,13.751672,100.462077,Ionity,DC Fast Charger,50,4,200,6,0.39,Yes,9:00-18:00,2012,14,Fast Charging,33.33,157,Unknown|Unknown
EVS02559,Unknown,Unknown,34.056791,-118.316865,ChargePoint,AC Level 2,350,3,1050,5,0.24,Yes,9:00-18:00,2015,11,Ultra-Fast Charging,210.0,20,Unknown|Unknown
EVS02560,Unknown,Unknown,-33.801902,151.385589,EVgo,AC Level 2,50,1,50,3,0.38,Yes,9:00-18:00,2020,6,Fast Charging,16.67,112,Unknown|Unknown
EVS02561,Unknown,Unknown,45.80685,51.129518,Greenlots,AC Level 1,350,3,1050,5,0.39,No,6:00-22:00,2015,11,Ultra-Fast Charging,210.0,110,Unknown|Unknown
EVS02562,Unknown,Unknown,37.751101,-122.37777,EVgo,AC Level 1,50,2,100,3,0.3,Yes,9:00-18:00,2011,15,Fast Charging,33.33,74,Unknown|Unknown
EVS02563,Unknown,Unknown,55.736343,37.62206,EVgo,AC Level 1,22,6,132,10,0.25,Yes,6:00-22:00,2022,4,Destination/AC,13.2,125,Unknown|Unknown
EVS02564,Unknown,Unknown,34.075577,-118.329887,ChargePoint,DC Fast Charger,350,2,700,3,0.16,Yes,24/7,2019,7,Ultra-Fast Charging,233.33,82,Unknown|Unknown
EVS02565,Unknown,Unknown,37.890969,-122.435209,Ionity,AC Level 1,50,7,350,9,0.3,Yes,24/7,2011,15,Fast Charging,38.89,87,Unknown|Unknown
EVS02566,Unknown,Unknown,37.852155,-122.486372,Greenlots,AC Level 1,150,1,150,2,0.48,Yes,24/7,2020,6,Fast Charging,75.0,86,Unknown|Unknown
EVS02567,Unknown,Unknown,-23.508357,-46.522198,EVgo,AC Level 1,350,3,1050,4,0.12,Yes,6:00-22:00,2013,13,Ultra-Fast Charging,262.5,147,Unknown|Unknown
EVS02568,Unknown,Unknown,43.788617,-79.358171,EVgo,AC Level 1,22,6,132,10,0.46,Yes,6:00-22:00,2019,7,Destination/AC,13.2,119,Unknown|Unknown
EVS02569,Unknown,Unknown,34.045422,-118.306958,Tesla,DC Fast Charger,150,3,450,6,0.28,No,6:00-22:00,2016,10,Fast Charging,75.0,77,Unknown|Unknown
EVS02570,Unknown,Unknown,55.74916,37.545801,ChargePoint,DC Fast Charger,350,5,1750,8,0.36,Yes,9:00-18:00,2021,5,Ultra-Fast Charging,218.75,167,Unknown|Unknown
EVS02571,Unknown,Unknown,85.29544,94.230223,Ionity,DC Fast Charger,150,5,750,9,0.33,No,6:00-22:00,2021,5,Fast Charging,83.33,147,Unknown|Unknown
EVS02572,Unknown,Unknown,41.962369,-87.609396,Ionity,DC Fast Charger,50,2,100,3,0.29,No,9:00-18:00,2015,11,Fast Charging,33.33,168,Unknown|Unknown
EVS02573,Unknown,Unknown,-33.76155,18.501761,Tesla,DC Fast Charger,22,3,66,5,0.12,No,24/7,2010,16,Destination/AC,13.2,135,Unknown|Unknown
EVS02574,Unknown,Unknown,19.443806,-99.07646,EVgo,AC Level 2,150,3,450,5,0.37,No,24/7,2016,10,Fast Charging,90.0,79,Unknown|Unknown
EVS02575,Unknown,Unknown,25.386251,55.357438,Ionity,DC Fast Charger,150,4,600,5,0.38,No,9:00-18:00,2012,14,Fast Charging,120.0,142,Unknown|Unknown
EVS02576,Unknown,Unknown,-23.689576,-46.521834,Tesla,AC Level 2,150,5,750,9,0.35,Yes,9:00-18:00,2014,12,Fast Charging,83.33,69,Unknown|Unknown
EVS02577,Unknown,Unknown,19.006405,72.962758,Tesla,AC Level 1,50,6,300,9,0.49,No,6:00-22:00,2016,10,Fast Charging,33.33,59,Unknown|Unknown
EVS02578,Unknown,Unknown,52.50455,13.455619,Greenlots,AC Level 1,350,1,350,2,0.21,Yes,6:00-22:00,2014,12,Ultra-Fast Charging,175.0,89,Unknown|Unknown
EVS02579,Unknown,Unknown,-33.737092,18.554684,EVgo,AC Level 2,150,4,600,7,0.26,No,6:00-22:00,2010,16,Fast Charging,85.71,174,Unknown|Unknown
EVS02580,Unknown,Unknown,-33.856454,151.236,ChargePoint,AC Level 2,50,2,100,3,0.12,No,9:00-18:00,2014,12,Fast Charging,33.33,108,Unknown|Unknown
EVS02581,Unknown,Unknown,46.390185,45.946489,ChargePoint,AC Level 2,50,3,150,6,0.14,No,9:00-18:00,2021,5,Fast Charging,25.0,78,Unknown|Unknown
EVS02582,Unknown,Unknown,55.747304,37.551948,Ionity,AC Level 2,50,1,50,1,0.43,No,6:00-22:00,2017,9,Fast Charging,50.0,91,Unknown|Unknown
EVS02583,Unknown,Unknown,25.376581,55.362643,EVgo,AC Level 2,22,1,22,1,0.36,No,24/7,2020,6,Destination/AC,22.0,63,Unknown|Unknown
EVS02584,Unknown,Unknown,19.482269,-99.05963,ChargePoint,AC Level 2,22,1,22,2,0.29,No,9:00-18:00,2011,15,Destination/AC,11.0,123,Unknown|Unknown
EVS02585,Unknown,Unknown,55.845791,37.637532,ChargePoint,AC Level 1,50,1,50,1,0.36,Yes,6:00-22:00,2017,9,Fast Charging,50.0,72,Unknown|Unknown
EVS02586,Unknown,Unknown,-33.873926,18.43019,Ionity,DC Fast Charger,150,4,600,7,0.33,No,24/7,2017,9,Fast Charging,85.71,106,Unknown|Unknown
EVS02587,Unknown,Unknown,37.82193,-122.307442,Greenlots,AC Level 1,350,3,1050,4,0.37,No,9:00-18:00,2017,9,Ultra-Fast Charging,262.5,76,Unknown|Unknown
EVS02588,Unknown,Unknown,-23.69936,-46.547927,EVgo,DC Fast Charger,50,6,300,9,0.22,Yes,9:00-18:00,2012,14,Fast Charging,33.33,67,Unknown|Unknown
EVS02589,Unknown,Unknown,37.560812,127.011997,Ionity,AC Level 1,50,7,350,8,0.41,No,24/7,2019,7,Fast Charging,43.75,175,Unknown|Unknown
EVS02590,Unknown,Unknown,19.597872,-99.165746,EVgo,AC Level 2,22,4,88,7,0.28,No,9:00-18:00,2015,11,Destination/AC,12.57,72,Unknown|Unknown
EVS02591,Unknown,Unknown,59.516572,124.573671,Tesla,AC Level 1,150,6,900,9,0.33,No,6:00-22:00,2012,14,Fast Charging,100.0,26,Unknown|Unknown
EVS02592,Unknown,Unknown,34.191407,-118.224371,Greenlots,DC Fast Charger,22,3,66,4,0.42,Yes,6:00-22:00,2017,9,Destination/AC,16.5,77,Unknown|Unknown
EVS02593,Unknown,Unknown,34.123212,-118.337057,Ionity,AC Level 2,150,4,600,6,0.45,No,6:00-22:00,2011,15,Fast Charging,100.0,102,Unknown|Unknown
EVS02594,Unknown,Unknown,19.574896,-99.192634,Ionity,DC Fast Charger,350,5,1750,9,0.28,Yes,6:00-22:00,2023,3,Ultra-Fast Charging,194.44,30,Unknown|Unknown
EVS02595,Unknown,Unknown,18.921501,72.87407,ChargePoint,DC Fast Charger,22,2,44,2,0.11,No,24/7,2022,4,Destination/AC,22.0,65,Unknown|Unknown
EVS02596,Unknown,Unknown,52.503527,13.448241,EVgo,AC Level 2,50,4,200,6,0.42,No,9:00-18:00,2020,6,Fast Charging,33.33,42,Unknown|Unknown
EVS02597,Unknown,Unknown,39.940994,116.487864,Ionity,DC Fast Charger,150,6,900,8,0.33,Yes,9:00-18:00,2015,11,Fast Charging,112.5,97,Unknown|Unknown
EVS02598,Unknown,Unknown,-23.54774,-46.663342,EVgo,DC Fast Charger,150,6,900,9,0.16,Yes,9:00-18:00,2019,7,Fast Charging,100.0,134,Unknown|Unknown
EVS02599,Unknown,Unknown,55.862238,37.60346,Greenlots,AC Level 1,350,3,1050,4,0.16,Yes,9:00-18:00,2013,13,Ultra-Fast Charging,262.5,174,Unknown|Unknown
EVS02600,Unknown,Unknown,19.193898,72.986721,ChargePoint,AC Level 2,22,6,132,7,0.29,Yes,9:00-18:00,2022,4,Destination/AC,18.86,79,Unknown|Unknown
EVS02601,Unknown,Unknown,-36.836528,-176.308215,Ionity,AC Level 1,22,1,22,1,0.42,Yes,6:00-22:00,2011,15,Destination/AC,22.0,157,Unknown|Unknown
EVS02602,Unknown,Unknown,41.949525,-87.723222,Tesla,DC Fast Charger,22,6,132,10,0.17,Yes,6:00-22:00,2017,9,Destination/AC,13.2,50,Unknown|Unknown
EVS02603,Unknown,Unknown,25.30705,55.250546,Greenlots,AC Level 1,22,4,88,9,0.12,Yes,24/7,2015,11,Destination/AC,9.78,143,Unknown|Unknown
EVS02604,Unknown,Unknown,-33.817272,18.419608,ChargePoint,AC Level 1,22,5,110,7,0.18,Yes,9:00-18:00,2017,9,Destination/AC,15.71,107,Unknown|Unknown
EVS02605,Unknown,Unknown,39.867912,116.361106,ChargePoint,AC Level 1,350,4,1400,5,0.12,No,6:00-22:00,2017,9,Ultra-Fast Charging,280.0,140,Unknown|Unknown
EVS02606,Unknown,Unknown,55.801781,37.576129,EVgo,AC Level 2,50,1,50,1,0.45,Yes,24/7,2020,6,Fast Charging,50.0,139,Unknown|Unknown
EVS02607,Unknown,Unknown,19.573121,-99.044992,Ionity,AC Level 2,350,4,1400,7,0.39,Yes,9:00-18:00,2021,5,Ultra-Fast Charging,200.0,102,Unknown|Unknown
EVS02608,Unknown,Unknown,-23.648099,-46.630205,ChargePoint,AC Level 2,50,3,150,5,0.37,Yes,6:00-22:00,2021,5,Fast Charging,30.0,57,Unknown|Unknown
EVS02609,Unknown,Unknown,13.734868,100.528896,EVgo,AC Level 1,22,5,110,8,0.47,Yes,6:00-22:00,2022,4,Destination/AC,13.75,101,Unknown|Unknown
EVS02610,Unknown,Unknown,13.858132,100.44154,EVgo,AC Level 1,350,2,700,3,0.41,No,24/7,2017,9,Ultra-Fast Charging,233.33,151,Unknown|Unknown
EVS02611,Unknown,Unknown,-78.430443,-168.490758,ChargePoint,DC Fast Charger,50,3,150,6,0.18,No,6:00-22:00,2021,5,Fast Charging,25.0,175,Unknown|Unknown
EVS02612,Unknown,Unknown,34.043484,-118.294949,Ionity,AC Level 1,150,6,900,8,0.44,Yes,9:00-18:00,2019,7,Fast Charging,112.5,168,Unknown|Unknown
EVS02613,Unknown,Unknown,34.135453,-118.220543,Ionity,AC Level 1,22,5,110,7,0.22,Yes,9:00-18:00,2021,5,Destination/AC,15.71,44,Unknown|Unknown
EVS02614,Unknown,Unknown,19.487343,-99.072782,Greenlots,AC Level 2,22,8,176,10,0.19,Yes,24/7,2020,6,Destination/AC,17.6,113,Unknown|Unknown
EVS02615,Unknown,Unknown,13.891777,100.53055,ChargePoint,DC Fast Charger,22,1,22,2,0.33,Yes,24/7,2019,7,Destination/AC,11.0,32,Unknown|Unknown
EVS02616,Unknown,Unknown,13.849225,100.588592,Tesla,DC Fast Charger,50,4,200,5,0.24,Yes,6:00-22:00,2022,4,Fast Charging,40.0,125,Unknown|Unknown
EVS02617,Unknown,Unknown,43.697546,-79.424434,Tesla,AC Level 2,50,1,50,2,0.15,No,6:00-22:00,2011,15,Fast Charging,25.0,178,Unknown|Unknown
EVS02618,Unknown,Unknown,13.760792,100.410281,ChargePoint,AC Level 1,22,3,66,4,0.46,Yes,24/7,2012,14,Destination/AC,16.5,23,Unknown|Unknown
EVS02619,Unknown,Unknown,18.925489,72.879735,ChargePoint,AC Level 1,150,3,450,7,0.29,No,6:00-22:00,2023,3,Fast Charging,64.29,123,Unknown|Unknown
EVS02620,Unknown,Unknown,18.948919,72.810526,EVgo,AC Level 1,350,1,350,2,0.26,Yes,9:00-18:00,2022,4,Ultra-Fast Charging,175.0,171,Unknown|Unknown
EVS02621,Unknown,Unknown,89.125584,-154.313444,Tesla,DC Fast Charger,50,6,300,9,0.21,Yes,24/7,2012,14,Fast Charging,33.33,154,Unknown|Unknown
EVS02622,Unknown,Unknown,39.813649,116.265252,Greenlots,AC Level 1,50,3,150,6,0.45,Yes,6:00-22:00,2012,14,Fast Charging,25.0,79,Unknown|Unknown
EVS02623,Unknown,Unknown,41.897385,-87.74385,Ionity,DC Fast Charger,22,6,132,10,0.29,No,9:00-18:00,2010,16,Destination/AC,13.2,32,Unknown|Unknown
EVS02624,Unknown,Unknown,37.548905,127.049229,Ionity,DC Fast Charger,22,4,88,6,0.2,No,24/7,2010,16,Destination/AC,14.67,167,Unknown|Unknown
EVS02625,Unknown,Unknown,19.145011,72.832136,Tesla,AC Level 1,22,5,110,7,0.38,Yes,9:00-18:00,2015,11,Destination/AC,15.71,167,Unknown|Unknown
EVS02626,Unknown,Unknown,34.199505,-118.26694,Tesla,AC Level 2,22,3,66,6,0.38,Yes,9:00-18:00,2023,3,Destination/AC,11.0,110,Unknown|Unknown
EVS02627,Unknown,Unknown,-33.791217,151.316863,ChargePoint,AC Level 2,350,3,1050,5,0.14,No,9:00-18:00,2013,13,Ultra-Fast Charging,210.0,176,Unknown|Unknown
EVS02628,Unknown,Unknown,52.529862,13.326848,Tesla,AC Level 1,22,2,44,3,0.44,No,24/7,2015,11,Destination/AC,14.67,15,Unknown|Unknown
EVS02629,Unknown,Unknown,25.375908,55.325643,Ionity,AC Level 2,50,2,100,3,0.49,Yes,24/7,2018,8,Fast Charging,33.33,116,Unknown|Unknown
EVS02630,Unknown,Unknown,19.570657,-99.177709,EVgo,AC Level 1,50,8,400,9,0.18,No,9:00-18:00,2012,14,Fast Charging,44.44,21,Unknown|Unknown
EVS02631,Unknown,Unknown,-12.052111,147.036563,Greenlots,AC Level 2,150,5,750,9,0.4,Yes,24/7,2016,10,Fast Charging,83.33,169,Unknown|Unknown
EVS02632,Unknown,Unknown,13.865033,100.573934,Greenlots,AC Level 1,22,4,88,8,0.17,No,24/7,2013,13,Destination/AC,11.0,127,Unknown|Unknown
EVS02633,Unknown,Unknown,19.452194,-99.043097,Tesla,AC Level 1,22,3,66,5,0.23,Yes,9:00-18:00,2015,11,Destination/AC,13.2,165,Unknown|Unknown
EVS02634,Unknown,Unknown,41.918357,-87.615282,Greenlots,DC Fast Charger,50,4,200,6,0.36,Yes,9:00-18:00,2014,12,Fast Charging,33.33,107,Unknown|Unknown
EVS02635,Unknown,Unknown,55.859129,37.609111,Ionity,AC Level 1,50,2,100,2,0.28,Yes,24/7,2012,14,Fast Charging,50.0,28,Unknown|Unknown
EVS02636,Unknown,Unknown,37.584157,127.080997,ChargePoint,DC Fast Charger,22,5,110,8,0.45,Yes,24/7,2010,16,Destination/AC,13.75,19,Unknown|Unknown
EVS02637,Unknown,Unknown,13.732232,100.507869,Ionity,DC Fast Charger,150,2,300,4,0.39,No,9:00-18:00,2018,8,Fast Charging,75.0,70,Unknown|Unknown
EVS02638,Unknown,Unknown,39.932119,116.331168,ChargePoint,DC Fast Charger,50,3,150,6,0.3,Yes,24/7,2022,4,Fast Charging,25.0,137,Unknown|Unknown
EVS02639,Unknown,Unknown,39.88938,116.217418,ChargePoint,DC Fast Charger,50,3,150,5,0.17,No,9:00-18:00,2018,8,Fast Charging,30.0,39,Unknown|Unknown
EVS02640,Unknown,Unknown,19.032405,72.985122,Tesla,AC Level 1,50,6,300,8,0.15,Yes,24/7,2020,6,Fast Charging,37.5,155,Unknown|Unknown
EVS02641,Unknown,Unknown,48.338966,123.603412,ChargePoint,DC Fast Charger,350,4,1400,6,0.18,No,24/7,2022,4,Ultra-Fast Charging,233.33,54,Unknown|Unknown
EVS02642,Unknown,Unknown,39.883402,116.222248,Tesla,AC Level 1,150,2,300,3,0.42,Yes,6:00-22:00,2014,12,Fast Charging,100.0,96,Unknown|Unknown
EVS02643,Unknown,Unknown,19.528501,-99.010729,Tesla,DC Fast Charger,22,5,110,8,0.12,Yes,24/7,2019,7,Destination/AC,13.75,48,Unknown|Unknown
EVS02644,Unknown,Unknown,-33.825118,151.211647,EVgo,AC Level 1,22,4,88,5,0.2,Yes,9:00-18:00,2017,9,Destination/AC,17.6,91,Unknown|Unknown
EVS02645,Unknown,Unknown,13.864272,100.533747,ChargePoint,AC Level 1,150,2,300,4,0.13,Yes,6:00-22:00,2017,9,Fast Charging,75.0,89,Unknown|Unknown
EVS02646,Unknown,Unknown,52.45752,13.369259,EVgo,AC Level 1,350,4,1400,5,0.25,No,9:00-18:00,2016,10,Ultra-Fast Charging,280.0,15,Unknown|Unknown
EVS02647,Unknown,Unknown,41.972551,-87.689397,Tesla,AC Level 2,50,8,400,10,0.25,No,24/7,2018,8,Fast Charging,40.0,108,Unknown|Unknown
EVS02648,Unknown,Unknown,34.007028,-118.281007,EVgo,AC Level 2,50,3,150,4,0.38,Yes,6:00-22:00,2011,15,Fast Charging,37.5,144,Unknown|Unknown
EVS02649,Unknown,Unknown,25.325723,55.398528,Ionity,AC Level 2,350,2,700,2,0.37,Yes,6:00-22:00,2018,8,Ultra-Fast Charging,350.0,169,Unknown|Unknown
EVS02650,Unknown,Unknown,52.531784,13.41951,EVgo,AC Level 1,350,1,350,1,0.39,Yes,9:00-18:00,2016,10,Ultra-Fast Charging,350.0,69,Unknown|Unknown
EVS02651,Unknown,Unknown,6.552775,65.418301,Ionity,DC Fast Charger,50,6,300,9,0.43,Yes,24/7,2012,14,Fast Charging,33.33,160,Unknown|Unknown
EVS02652,Unknown,Unknown,41.994634,-87.658839,Greenlots,AC Level 2,350,3,1050,6,0.44,Yes,9:00-18:00,2017,9,Ultra-Fast Charging,175.0,159,Unknown|Unknown
EVS02653,Unknown,Unknown,-33.728227,18.529816,Ionity,AC Level 1,150,3,450,4,0.42,Yes,24/7,2015,11,Fast Charging,112.5,178,Unknown|Unknown
EVS02654,Unknown,Unknown,13.86227,100.547796,Tesla,AC Level 2,350,1,350,2,0.3,Yes,24/7,2016,10,Ultra-Fast Charging,175.0,76,Unknown|Unknown
EVS02655,Unknown,Unknown,19.568779,-99.060375,Greenlots,AC Level 1,50,2,100,5,0.44,No,9:00-18:00,2018,8,Fast Charging,20.0,155,Unknown|Unknown
EVS02656,Unknown,Unknown,37.638423,127.062864,Greenlots,AC Level 1,350,3,1050,7,0.36,Yes,6:00-22:00,2012,14,Ultra-Fast Charging,150.0,108,Unknown|Unknown
EVS02657,Unknown,Unknown,37.868889,-122.415315,Ionity,DC Fast Charger,22,3,66,5,0.46,No,9:00-18:00,2014,12,Destination/AC,13.2,24,Unknown|Unknown
EVS02658,Unknown,Unknown,37.664382,126.917192,Greenlots,DC Fast Charger,150,1,150,1,0.42,Yes,24/7,2012,14,Fast Charging,150.0,59,Unknown|Unknown
EVS02659,Unknown,Unknown,37.728534,-122.46249,ChargePoint,DC Fast Charger,50,4,200,6,0.45,No,24/7,2021,5,Fast Charging,33.33,125,Unknown|Unknown
EVS02660,Unknown,Unknown,37.785171,-122.301361,ChargePoint,AC Level 1,350,1,350,2,0.37,No,6:00-22:00,2019,7,Ultra-Fast Charging,175.0,41,Unknown|Unknown
EVS02661,Unknown,Unknown,-57.8332,-177.210504,Tesla,AC Level 1,50,8,400,9,0.43,Yes,9:00-18:00,2018,8,Fast Charging,44.44,86,Unknown|Unknown
EVS02662,Unknown,Unknown,13.785891,100.542165,Greenlots,AC Level 2,22,7,154,9,0.3,No,6:00-22:00,2013,13,Destination/AC,17.11,142,Unknown|Unknown
EVS02663,Unknown,Unknown,37.526636,126.991521,ChargePoint,DC Fast Charger,22,3,66,5,0.46,Yes,24/7,2018,8,Destination/AC,13.2,39,Unknown|Unknown
EVS02664,Unknown,Unknown,25.271938,55.227238,Tesla,AC Level 2,350,2,700,4,0.21,Yes,9:00-18:00,2019,7,Ultra-Fast Charging,175.0,96,Unknown|Unknown
EVS02665,Unknown,Unknown,19.525616,-99.020481,Greenlots,AC Level 1,50,6,300,9,0.26,No,9:00-18:00,2021,5,Fast Charging,33.33,50,Unknown|Unknown
EVS02666,Unknown,Unknown,37.77896,-122.327024,ChargePoint,AC Level 2,350,1,350,2,0.28,No,9:00-18:00,2023,3,Ultra-Fast Charging,175.0,103,Unknown|Unknown
EVS02667,Unknown,Unknown,41.882683,-87.758088,Tesla,DC Fast Charger,350,2,700,3,0.18,Yes,9:00-18:00,2023,3,Ultra-Fast Charging,233.33,54,Unknown|Unknown
EVS02668,Unknown,Unknown,-23.623786,-46.635339,Greenlots,DC Fast Charger,22,6,132,8,0.33,No,9:00-18:00,2021,5,Destination/AC,16.5,174,Unknown|Unknown
EVS02669,Unknown,Unknown,-33.863547,151.37532,Ionity,AC Level 1,150,4,600,8,0.23,Yes,9:00-18:00,2023,3,Fast Charging,75.0,27,Unknown|Unknown
EVS02670,Unknown,Unknown,39.991493,116.455231,EVgo,DC Fast Charger,150,5,750,8,0.22,Yes,24/7,2019,7,Fast Charging,93.75,173,Unknown|Unknown
EVS02671,Unknown,Unknown,-84.928431,-102.590482,Greenlots,DC Fast Charger,350,6,2100,8,0.24,Yes,9:00-18:00,2019,7,Ultra-Fast Charging,262.5,145,Unknown|Unknown
EVS02672,Unknown,Unknown,13.738371,100.431601,ChargePoint,AC Level 2,350,1,350,2,0.16,Yes,24/7,2010,16,Ultra-Fast Charging,175.0,156,Unknown|Unknown
EVS02673,Unknown,Unknown,34.152461,-118.388389,Greenlots,DC Fast Charger,150,3,450,4,0.38,No,24/7,2021,5,Fast Charging,112.5,155,Unknown|Unknown
EVS02674,Unknown,Unknown,13.897581,100.561277,Tesla,AC Level 1,50,4,200,8,0.32,No,6:00-22:00,2023,3,Fast Charging,25.0,45,Unknown|Unknown
EVS02675,Unknown,Unknown,41.896206,-87.693921,EVgo,DC Fast Charger,22,3,66,6,0.3,No,24/7,2015,11,Destination/AC,11.0,168,Unknown|Unknown
EVS02676,Unknown,Unknown,34.066844,-118.224774,Greenlots,DC Fast Charger,350,3,1050,6,0.11,No,6:00-22:00,2015,11,Ultra-Fast Charging,175.0,113,Unknown|Unknown
EVS02677,Unknown,Unknown,39.82127,116.233021,Ionity,AC Level 2,50,4,200,8,0.35,No,6:00-22:00,2019,7,Fast Charging,25.0,173,Unknown|Unknown
EVS02678,Unknown,Unknown,39.970714,116.283807,Ionity,AC Level 1,22,4,88,8,0.13,No,24/7,2013,13,Destination/AC,11.0,159,Unknown|Unknown
EVS02679,Unknown,Unknown,41.808146,-87.673592,EVgo,DC Fast Charger,50,6,300,9,0.29,Yes,9:00-18:00,2021,5,Fast Charging,33.33,110,Unknown|Unknown
EVS02680,Unknown,Unknown,39.839807,116.2788,ChargePoint,AC Level 1,150,5,750,7,0.15,Yes,24/7,2011,15,Fast Charging,107.14,76,Unknown|Unknown
EVS02681,Unknown,Unknown,69.579798,67.836432,Greenlots,AC Level 1,50,4,200,6,0.18,No,24/7,2015,11,Fast Charging,33.33,34,Unknown|Unknown
EVS02682,Unknown,Unknown,-33.850151,151.342024,ChargePoint,DC Fast Charger,150,3,450,5,0.35,Yes,6:00-22:00,2017,9,Fast Charging,90.0,31,Unknown|Unknown
EVS02683,Unknown,Unknown,19.111609,72.802396,ChargePoint,AC Level 2,50,1,50,2,0.24,Yes,9:00-18:00,2018,8,Fast Charging,25.0,79,Unknown|Unknown
EVS02684,Unknown,Unknown,52.530203,13.398759,Tesla,DC Fast Charger,150,4,600,5,0.18,Yes,24/7,2022,4,Fast Charging,120.0,148,Unknown|Unknown
EVS02685,Unknown,Unknown,52.423077,13.489325,ChargePoint,DC Fast Charger,50,3,150,6,0.33,No,6:00-22:00,2021,5,Fast Charging,25.0,98,Unknown|Unknown
EVS02686,Unknown,Unknown,34.120588,-118.333809,Tesla,AC Level 1,50,5,250,6,0.35,Yes,9:00-18:00,2020,6,Fast Charging,41.67,94,Unknown|Unknown
EVS02687,Unknown,Unknown,19.482316,-99.166951,ChargePoint,AC Level 1,150,1,150,1,0.14,Yes,6:00-22:00,2019,7,Fast Charging,150.0,55,Unknown|Unknown
EVS02688,Unknown,Unknown,25.319742,55.354312,Tesla,AC Level 1,350,1,350,2,0.47,Yes,6:00-22:00,2019,7,Ultra-Fast Charging,175.0,108,Unknown|Unknown
EVS02689,Unknown,Unknown,37.732186,-122.357309,ChargePoint,DC Fast Charger,150,1,150,1,0.2,Yes,9:00-18:00,2023,3,Fast Charging,150.0,120,Unknown|Unknown
EVS02690,Unknown,Unknown,37.521839,127.020694,EVgo,AC Level 1,50,1,50,1,0.36,No,24/7,2015,11,Fast Charging,50.0,177,Unknown|Unknown
EVS02691,Unknown,Unknown,42.399035,167.358269,Greenlots,AC Level 1,350,1,350,1,0.17,No,9:00-18:00,2017,9,Ultra-Fast Charging,350.0,135,Unknown|Unknown
EVS02692,Unknown,Unknown,19.043711,72.833042,EVgo,AC Level 1,22,5,110,7,0.17,Yes,24/7,2021,5,Destination/AC,15.71,115,Unknown|Unknown
EVS02693,Unknown,Unknown,25.327177,55.345398,Tesla,AC Level 2,50,2,100,4,0.36,Yes,9:00-18:00,2016,10,Fast Charging,25.0,165,Unknown|Unknown
EVS02694,Unknown,Unknown,-33.836682,18.558822,EVgo,AC Level 2,350,3,1050,4,0.34,Yes,9:00-18:00,2011,15,Ultra-Fast Charging,262.5,85,Unknown|Unknown
EVS02695,Unknown,Unknown,19.417633,-99.126659,EVgo,DC Fast Charger,350,7,2450,9,0.12,Yes,9:00-18:00,2015,11,Ultra-Fast Charging,272.22,169,Unknown|Unknown
EVS02696,Unknown,Unknown,-33.880106,18.570584,Tesla,DC Fast Charger,350,5,1750,6,0.31,No,6:00-22:00,2017,9,Ultra-Fast Charging,291.67,76,Unknown|Unknown
EVS02697,Unknown,Unknown,25.278031,55.314874,Greenlots,AC Level 1,350,6,2100,10,0.29,Yes,6:00-22:00,2014,12,Ultra-Fast Charging,210.0,36,Unknown|Unknown
EVS02698,Unknown,Unknown,-33.797771,151.262757,Greenlots,AC Level 2,22,4,88,6,0.48,Yes,24/7,2011,15,Destination/AC,14.67,83,Unknown|Unknown
EVS02699,Unknown,Unknown,39.988848,116.373184,Greenlots,AC Level 2,50,8,400,10,0.48,No,24/7,2014,12,Fast Charging,40.0,36,Unknown|Unknown
EVS02700,Unknown,Unknown,39.99785,116.435888,Ionity,AC Level 1,22,5,110,8,0.24,No,9:00-18:00,2020,6,Destination/AC,13.75,34,Unknown|Unknown
EVS02701,Unknown,Unknown,-12.3762,-107.627193,Tesla,AC Level 2,350,2,700,4,0.13,No,24/7,2021,5,Ultra-Fast Charging,175.0,160,Unknown|Unknown
EVS02702,Unknown,Unknown,43.644424,-79.383024,Tesla,DC Fast Charger,350,2,700,4,0.11,No,9:00-18:00,2015,11,Ultra-Fast Charging,175.0,146,Unknown|Unknown
EVS02703,Unknown,Unknown,55.704134,37.610069,EVgo,AC Level 2,350,4,1400,7,0.24,Yes,24/7,2018,8,Ultra-Fast Charging,200.0,51,Unknown|Unknown
EVS02704,Unknown,Unknown,43.769529,-79.310357,EVgo,AC Level 2,50,3,150,4,0.46,Yes,6:00-22:00,2022,4,Fast Charging,37.5,153,Unknown|Unknown
EVS02705,Unknown,Unknown,41.85322,-87.665414,Ionity,AC Level 1,50,4,200,8,0.44,No,24/7,2023,3,Fast Charging,25.0,26,Unknown|Unknown
EVS02706,Unknown,Unknown,19.060951,72.971799,Greenlots,AC Level 2,350,5,1750,10,0.49,No,6:00-22:00,2022,4,Ultra-Fast Charging,175.0,61,Unknown|Unknown
EVS02707,Unknown,Unknown,19.425228,-99.011938,Tesla,AC Level 2,50,1,50,2,0.37,Yes,6:00-22:00,2022,4,Fast Charging,25.0,131,Unknown|Unknown
EVS02708,Unknown,Unknown,43.647295,-79.340196,Tesla,AC Level 2,150,6,900,7,0.37,Yes,6:00-22:00,2019,7,Fast Charging,128.57,65,Unknown|Unknown
EVS02709,Unknown,Unknown,55.880682,37.527291,Ionity,DC Fast Charger,350,2,700,4,0.24,No,9:00-18:00,2023,3,Ultra-Fast Charging,175.0,135,Unknown|Unknown
EVS02710,Unknown,Unknown,13.774311,100.459458,Tesla,AC Level 1,50,3,150,6,0.31,Yes,9:00-18:00,2018,8,Fast Charging,25.0,159,Unknown|Unknown
EVS02711,Unknown,Unknown,85.83885,-20.557566,Tesla,AC Level 2,50,6,300,9,0.31,Yes,24/7,2012,14,Fast Charging,33.33,25,Unknown|Unknown
EVS02712,Unknown,Unknown,-33.825283,151.320503,Tesla,AC Level 1,350,2,700,3,0.26,Yes,9:00-18:00,2017,9,Ultra-Fast Charging,233.33,18,Unknown|Unknown
EVS02713,Unknown,Unknown,52.450462,13.455457,Tesla,DC Fast Charger,150,1,150,1,0.14,No,6:00-22:00,2015,11,Fast Charging,150.0,170,Unknown|Unknown
EVS02714,Unknown,Unknown,43.789058,-79.308323,ChargePoint,DC Fast Charger,22,2,44,2,0.29,No,9:00-18:00,2015,11,Destination/AC,22.0,100,Unknown|Unknown
EVS02715,Unknown,Unknown,-23.588105,-46.602042,Greenlots,AC Level 1,350,4,1400,6,0.35,No,24/7,2017,9,Ultra-Fast Charging,233.33,98,Unknown|Unknown
EVS02716,Unknown,Unknown,41.920798,-87.638483,Ionity,AC Level 1,22,1,22,2,0.47,No,6:00-22:00,2017,9,Destination/AC,11.0,91,Unknown|Unknown
EVS02717,Unknown,Unknown,43.708172,-79.377304,ChargePoint,AC Level 2,50,2,100,4,0.2,Yes,24/7,2015,11,Fast Charging,25.0,86,Unknown|Unknown
EVS02718,Unknown,Unknown,19.099519,72.887058,ChargePoint,AC Level 2,50,3,150,6,0.16,No,6:00-22:00,2018,8,Fast Charging,25.0,128,Unknown|Unknown
EVS02719,Unknown,Unknown,19.042063,72.903978,Ionity,AC Level 1,350,2,700,3,0.21,Yes,6:00-22:00,2017,9,Ultra-Fast Charging,233.33,110,Unknown|Unknown
EVS02720,Unknown,Unknown,37.596661,126.998039,Ionity,AC Level 2,50,3,150,6,0.29,Yes,9:00-18:00,2020,6,Fast Charging,25.0,41,Unknown|Unknown
EVS02721,Unknown,Unknown,49.397561,19.124434,Greenlots,AC Level 2,50,1,50,2,0.36,No,9:00-18:00,2014,12,Fast Charging,25.0,118,Unknown|Unknown
EVS02722,Unknown,Unknown,37.707204,-122.335839,Greenlots,AC Level 1,22,5,110,7,0.34,Yes,6:00-22:00,2017,9,Destination/AC,15.71,125,Unknown|Unknown
EVS02723,Unknown,Unknown,19.527973,-99.143439,Tesla,DC Fast Charger,22,4,88,9,0.33,No,9:00-18:00,2013,13,Destination/AC,9.78,33,Unknown|Unknown
EVS02724,Unknown,Unknown,34.012019,-118.378173,Ionity,AC Level 2,50,1,50,2,0.15,Yes,6:00-22:00,2021,5,Fast Charging,25.0,77,Unknown|Unknown
EVS02725,Unknown,Unknown,37.688535,127.040722,ChargePoint,AC Level 2,22,6,132,9,0.15,Yes,24/7,2016,10,Destination/AC,14.67,145,Unknown|Unknown
EVS02726,Unknown,Unknown,-33.821623,151.257006,Tesla,AC Level 1,350,3,1050,4,0.22,No,9:00-18:00,2016,10,Ultra-Fast Charging,262.5,117,Unknown|Unknown
EVS02727,Unknown,Unknown,19.451327,-99.154668,ChargePoint,AC Level 2,50,1,50,1,0.14,Yes,9:00-18:00,2011,15,Fast Charging,50.0,37,Unknown|Unknown
EVS02728,Unknown,Unknown,25.303551,55.375302,Ionity,AC Level 1,150,4,600,8,0.24,Yes,24/7,2015,11,Fast Charging,75.0,21,Unknown|Unknown
EVS02729,Unknown,Unknown,19.487627,-99.167719,ChargePoint,DC Fast Charger,50,2,100,3,0.34,No,24/7,2020,6,Fast Charging,33.33,110,Unknown|Unknown
EVS02730,Unknown,Unknown,52.518097,13.41521,ChargePoint,AC Level 2,150,2,300,3,0.31,Yes,9:00-18:00,2021,5,Fast Charging,100.0,91,Unknown|Unknown
EVS02731,Unknown,Unknown,-31.249815,-87.293159,ChargePoint,AC Level 2,50,3,150,4,0.32,Yes,6:00-22:00,2010,16,Fast Charging,37.5,173,Unknown|Unknown
EVS02732,Unknown,Unknown,39.985628,116.246473,Greenlots,AC Level 2,22,7,154,8,0.26,Yes,6:00-22:00,2012,14,Destination/AC,19.25,101,Unknown|Unknown
EVS02733,Unknown,Unknown,37.805558,-122.430231,Greenlots,AC Level 1,150,6,900,10,0.19,Yes,24/7,2011,15,Fast Charging,90.0,168,Unknown|Unknown
EVS02734,Unknown,Unknown,13.878634,100.540261,Greenlots,AC Level 1,22,2,44,3,0.36,Yes,24/7,2017,9,Destination/AC,14.67,50,Unknown|Unknown
EVS02735,Unknown,Unknown,52.587271,13.378568,EVgo,AC Level 1,350,7,2450,9,0.34,No,6:00-22:00,2011,15,Ultra-Fast Charging,272.22,88,Unknown|Unknown
EVS02736,Unknown,Unknown,37.624233,127.031669,EVgo,AC Level 1,22,4,88,6,0.45,No,6:00-22:00,2014,12,Destination/AC,14.67,38,Unknown|Unknown
EVS02737,Unknown,Unknown,41.864241,-87.635425,ChargePoint,AC Level 1,350,3,1050,6,0.13,Yes,24/7,2023,3,Ultra-Fast Charging,175.0,109,Unknown|Unknown
EVS02738,Unknown,Unknown,52.425926,13.434868,Ionity,AC Level 2,22,5,110,10,0.48,Yes,24/7,2010,16,Destination/AC,11.0,46,Unknown|Unknown
EVS02739,Unknown,Unknown,43.703846,-79.495852,Tesla,AC Level 2,50,4,200,6,0.12,Yes,24/7,2020,6,Fast Charging,33.33,96,Unknown|Unknown
EVS02740,Unknown,Unknown,-33.85145,151.303011,Ionity,AC Level 2,150,3,450,4,0.45,No,6:00-22:00,2018,8,Fast Charging,112.5,71,Unknown|Unknown
EVS02741,Unknown,Unknown,24.142931,-152.540456,Tesla,AC Level 2,50,1,50,2,0.46,Yes,6:00-22:00,2018,8,Fast Charging,25.0,45,Unknown|Unknown
EVS02742,Unknown,Unknown,-33.842599,18.548623,ChargePoint,AC Level 1,350,5,1750,8,0.48,No,24/7,2016,10,Ultra-Fast Charging,218.75,30,Unknown|Unknown
EVS02743,Unknown,Unknown,25.339972,55.271814,EVgo,AC Level 1,22,5,110,8,0.15,Yes,24/7,2014,12,Destination/AC,13.75,99,Unknown|Unknown
EVS02744,Unknown,Unknown,34.014062,-118.357959,Greenlots,AC Level 2,50,2,100,4,0.16,Yes,9:00-18:00,2014,12,Fast Charging,25.0,171,Unknown|Unknown
EVS02745,Unknown,Unknown,-33.791339,18.541475,Tesla,AC Level 1,350,6,2100,9,0.43,Yes,6:00-22:00,2023,3,Ultra-Fast Charging,233.33,47,Unknown|Unknown
EVS02746,Unknown,Unknown,34.176741,-118.265168,EVgo,DC Fast Charger,150,1,150,1,0.45,Yes,6:00-22:00,2018,8,Fast Charging,150.0,81,Unknown|Unknown
EVS02747,Unknown,Unknown,55.746901,37.654278,ChargePoint,DC Fast Charger,50,1,50,2,0.12,Yes,9:00-18:00,2020,6,Fast Charging,25.0,52,Unknown|Unknown
EVS02748,Unknown,Unknown,55.704496,37.694043,Greenlots,AC Level 2,350,3,1050,5,0.48,Yes,6:00-22:00,2011,15,Ultra-Fast Charging,210.0,148,Unknown|Unknown
EVS02749,Unknown,Unknown,41.965624,-87.64942,Tesla,DC Fast Charger,50,3,150,6,0.23,No,9:00-18:00,2023,3,Fast Charging,25.0,83,Unknown|Unknown
EVS02750,Unknown,Unknown,52.469946,13.324478,EVgo,AC Level 1,150,4,600,5,0.37,Yes,24/7,2013,13,Fast Charging,120.0,175,Unknown|Unknown
EVS02751,Unknown,Unknown,-45.095138,-130.298281,Ionity,AC Level 1,22,3,66,4,0.39,No,6:00-22:00,2022,4,Destination/AC,16.5,55,Unknown|Unknown
EVS02752,Unknown,Unknown,19.478857,-99.109402,Ionity,DC Fast Charger,50,3,150,6,0.27,No,6:00-22:00,2014,12,Fast Charging,25.0,28,Unknown|Unknown
EVS02753,Unknown,Unknown,55.864838,37.582799,Greenlots,DC Fast Charger,150,1,150,2,0.33,No,9:00-18:00,2023,3,Fast Charging,75.0,111,Unknown|Unknown
EVS02754,Unknown,Unknown,52.579252,13.375561,Tesla,DC Fast Charger,50,5,250,6,0.45,Yes,24/7,2012,14,Fast Charging,41.67,122,Unknown|Unknown
EVS02755,Unknown,Unknown,41.845065,-87.749012,EVgo,AC Level 1,22,3,66,4,0.4,Yes,24/7,2017,9,Destination/AC,16.5,178,Unknown|Unknown
EVS02756,Unknown,Unknown,13.75625,100.505501,ChargePoint,AC Level 2,50,6,300,7,0.5,Yes,24/7,2014,12,Fast Charging,42.86,158,Unknown|Unknown
EVS02757,Unknown,Unknown,37.535666,127.059336,Tesla,DC Fast Charger,50,3,150,5,0.48,No,6:00-22:00,2011,15,Fast Charging,30.0,160,Unknown|Unknown
EVS02758,Unknown,Unknown,37.609987,127.005702,Greenlots,DC Fast Charger,22,4,88,7,0.48,No,24/7,2013,13,Destination/AC,12.57,119,Unknown|Unknown
EVS02759,Unknown,Unknown,13.733526,100.431991,EVgo,AC Level 1,350,2,700,4,0.26,No,6:00-22:00,2018,8,Ultra-Fast Charging,175.0,74,Unknown|Unknown
EVS02760,Unknown,Unknown,43.783081,-79.460419,EVgo,AC Level 2,150,5,750,10,0.42,Yes,24/7,2010,16,Fast Charging,75.0,85,Unknown|Unknown
EVS02761,Unknown,Unknown,-25.151506,-127.128006,Ionity,AC Level 2,50,3,150,4,0.37,Yes,24/7,2013,13,Fast Charging,37.5,37,Unknown|Unknown
EVS02762,Unknown,Unknown,43.753659,-79.488654,EVgo,AC Level 2,150,6,900,9,0.22,No,24/7,2019,7,Fast Charging,100.0,86,Unknown|Unknown
EVS02763,Unknown,Unknown,55.800185,37.650016,EVgo,AC Level 2,50,4,200,8,0.22,Yes,9:00-18:00,2017,9,Fast Charging,25.0,75,Unknown|Unknown
EVS02764,Unknown,Unknown,52.48321,13.359725,Ionity,AC Level 1,150,2,300,2,0.23,No,24/7,2023,3,Fast Charging,150.0,20,Unknown|Unknown
EVS02765,Unknown,Unknown,43.692899,-79.491993,Greenlots,DC Fast Charger,150,1,150,2,0.16,Yes,24/7,2011,15,Fast Charging,75.0,48,Unknown|Unknown
EVS02766,Unknown,Unknown,19.580243,-99.165155,Tesla,AC Level 1,150,2,300,5,0.27,No,6:00-22:00,2019,7,Fast Charging,60.0,103,Unknown|Unknown
EVS02767,Unknown,Unknown,43.730304,-79.499383,Ionity,AC Level 1,50,3,150,6,0.15,No,24/7,2021,5,Fast Charging,25.0,75,Unknown|Unknown
EVS02768,Unknown,Unknown,13.891242,100.44532,EVgo,AC Level 2,350,5,1750,6,0.17,No,6:00-22:00,2018,8,Ultra-Fast Charging,291.67,178,Unknown|Unknown
EVS02769,Unknown,Unknown,37.86257,-122.451621,Ionity,AC Level 1,50,7,350,9,0.49,Yes,24/7,2014,12,Fast Charging,38.89,93,Unknown|Unknown
EVS02770,Unknown,Unknown,37.793172,-122.322576,Ionity,DC Fast Charger,150,1,150,2,0.26,Yes,24/7,2022,4,Fast Charging,75.0,173,Unknown|Unknown
EVS02771,Unknown,Unknown,-32.738014,30.094633,Greenlots,AC Level 2,150,2,300,2,0.43,Yes,6:00-22:00,2019,7,Fast Charging,150.0,124,Unknown|Unknown
EVS02772,Unknown,Unknown,37.648708,126.957589,Greenlots,AC Level 1,50,7,350,9,0.36,Yes,6:00-22:00,2021,5,Fast Charging,38.89,21,Unknown|Unknown
EVS02773,Unknown,Unknown,-23.668166,-46.653419,ChargePoint,DC Fast Charger,50,4,200,5,0.3,No,24/7,2010,16,Fast Charging,40.0,48,Unknown|Unknown
EVS02774,Unknown,Unknown,39.919882,116.201388,Ionity,AC Level 1,350,7,2450,9,0.22,Yes,9:00-18:00,2013,13,Ultra-Fast Charging,272.22,131,Unknown|Unknown
EVS02775,Unknown,Unknown,-33.7207,151.27605,Tesla,AC Level 1,350,5,1750,9,0.15,Yes,9:00-18:00,2012,14,Ultra-Fast Charging,194.44,104,Unknown|Unknown
EVS02776,Unknown,Unknown,-33.736026,151.241441,ChargePoint,DC Fast Charger,22,2,44,3,0.29,No,9:00-18:00,2017,9,Destination/AC,14.67,64,Unknown|Unknown
EVS02777,Unknown,Unknown,43.697639,-79.397607,Tesla,AC Level 1,150,3,450,4,0.48,No,9:00-18:00,2012,14,Fast Charging,112.5,101,Unknown|Unknown
EVS02778,Unknown,Unknown,37.891533,-122.30546,Tesla,DC Fast Charger,150,7,1050,10,0.34,Yes,24/7,2023,3,Fast Charging,105.0,163,Unknown|Unknown
EVS02779,Unknown,Unknown,-23.651575,-46.553116,EVgo,AC Level 2,350,2,700,4,0.17,No,6:00-22:00,2020,6,Ultra-Fast Charging,175.0,79,Unknown|Unknown
EVS02780,Unknown,Unknown,37.706908,-122.390673,Ionity,AC Level 2,50,6,300,8,0.47,Yes,24/7,2021,5,Fast Charging,37.5,22,Unknown|Unknown
EVS02781,Unknown,Unknown,81.182997,115.551929,ChargePoint,DC Fast Charger,150,3,450,4,0.28,Yes,24/7,2010,16,Fast Charging,112.5,66,Unknown|Unknown
EVS02782,Unknown,Unknown,19.027997,72.873618,Ionity,AC Level 2,150,2,300,3,0.26,No,6:00-22:00,2014,12,Fast Charging,100.0,169,Unknown|Unknown
EVS02783,Unknown,Unknown,-23.678769,-46.536427,ChargePoint,AC Level 1,150,4,600,5,0.4,No,9:00-18:00,2015,11,Fast Charging,120.0,140,Unknown|Unknown
EVS02784,Unknown,Unknown,13.799726,100.409579,Ionity,AC Level 2,150,3,450,5,0.2,No,9:00-18:00,2017,9,Fast Charging,90.0,153,Unknown|Unknown
EVS02785,Unknown,Unknown,37.569677,126.939872,ChargePoint,DC Fast Charger,150,5,750,10,0.16,Yes,24/7,2014,12,Fast Charging,75.0,165,Unknown|Unknown
EVS02786,Unknown,Unknown,37.666959,127.05326,ChargePoint,AC Level 2,50,2,100,5,0.27,Yes,24/7,2015,11,Fast Charging,20.0,34,Unknown|Unknown
EVS02787,Unknown,Unknown,34.129832,-118.354167,Tesla,AC Level 2,50,7,350,9,0.29,No,9:00-18:00,2023,3,Fast Charging,38.89,61,Unknown|Unknown
EVS02788,Unknown,Unknown,37.845919,-122.390363,EVgo,AC Level 2,350,5,1750,8,0.35,Yes,24/7,2021,5,Ultra-Fast Charging,218.75,24,Unknown|Unknown
EVS02789,Unknown,Unknown,41.879058,-87.68153,EVgo,AC Level 1,50,6,300,10,0.28,Yes,24/7,2010,16,Fast Charging,30.0,15,Unknown|Unknown
EVS02790,Unknown,Unknown,37.818996,-122.339918,Ionity,DC Fast Charger,22,7,154,10,0.17,Yes,9:00-18:00,2019,7,Destination/AC,15.4,152,Unknown|Unknown
EVS02791,Unknown,Unknown,-6.163765,93.162571,EVgo,DC Fast Charger,350,6,2100,10,0.37,Yes,24/7,2018,8,Ultra-Fast Charging,210.0,169,Unknown|Unknown
EVS02792,Unknown,Unknown,13.87732,100.476308,Tesla,DC Fast Charger,50,1,50,1,0.2,Yes,24/7,2015,11,Fast Charging,50.0,40,Unknown|Unknown
EVS02793,Unknown,Unknown,-33.788811,151.337524,Ionity,AC Level 1,350,6,2100,8,0.18,No,24/7,2019,7,Ultra-Fast Charging,262.5,134,Unknown|Unknown
EVS02794,Unknown,Unknown,19.000524,72.871898,Greenlots,AC Level 2,150,1,150,1,0.39,Yes,9:00-18:00,2022,4,Fast Charging,150.0,103,Unknown|Unknown
EVS02795,Unknown,Unknown,-33.895933,151.286278,Greenlots,AC Level 1,350,2,700,2,0.4,No,24/7,2014,12,Ultra-Fast Charging,350.0,26,Unknown|Unknown
EVS02796,Unknown,Unknown,55.735607,37.529295,ChargePoint,AC Level 1,350,6,2100,9,0.25,No,6:00-22:00,2010,16,Ultra-Fast Charging,233.33,166,Unknown|Unknown
EVS02797,Unknown,Unknown,-23.606598,-46.595036,Ionity,AC Level 2,22,6,132,7,0.44,Yes,24/7,2012,14,Destination/AC,18.86,158,Unknown|Unknown
EVS02798,Unknown,Unknown,-23.579721,-46.602462,EVgo,DC Fast Charger,22,2,44,3,0.32,Yes,9:00-18:00,2020,6,Destination/AC,14.67,108,Unknown|Unknown
EVS02799,Unknown,Unknown,39.881783,116.314113,Tesla,AC Level 2,50,2,100,4,0.44,No,6:00-22:00,2015,11,Fast Charging,25.0,131,Unknown|Unknown
EVS02800,Unknown,Unknown,39.822343,116.201813,EVgo,AC Level 2,150,4,600,8,0.38,Yes,6:00-22:00,2020,6,Fast Charging,75.0,80,Unknown|Unknown
EVS02801,Unknown,Unknown,-58.485289,-85.370754,Ionity,DC Fast Charger,22,5,110,7,0.49,Yes,6:00-22:00,2019,7,Destination/AC,15.71,145,Unknown|Unknown
EVS02802,Unknown,Unknown,19.431754,-99.195537,ChargePoint,AC Level 1,50,3,150,5,0.28,No,6:00-22:00,2022,4,Fast Charging,30.0,88,Unknown|Unknown
EVS02803,Unknown,Unknown,19.5924,-99.199261,EVgo,AC Level 2,50,2,100,3,0.15,No,6:00-22:00,2014,12,Fast Charging,33.33,178,Unknown|Unknown
EVS02804,Unknown,Unknown,39.936149,116.426654,Ionity,AC Level 2,350,5,1750,8,0.12,No,9:00-18:00,2022,4,Ultra-Fast Charging,218.75,25,Unknown|Unknown
EVS02805,Unknown,Unknown,41.9431,-87.666256,Greenlots,DC Fast Charger,50,1,50,1,0.32,No,24/7,2021,5,Fast Charging,50.0,43,Unknown|Unknown
EVS02806,Unknown,Unknown,41.99907,-87.69745,Ionity,AC Level 1,150,6,900,9,0.5,No,6:00-22:00,2018,8,Fast Charging,100.0,174,Unknown|Unknown
EVS02807,Unknown,Unknown,19.442453,-99.14218,EVgo,AC Level 1,22,7,154,8,0.14,No,9:00-18:00,2020,6,Destination/AC,19.25,62,Unknown|Unknown
EVS02808,Unknown,Unknown,34.053518,-118.278827,Tesla,AC Level 2,150,2,300,3,0.44,No,6:00-22:00,2015,11,Fast Charging,100.0,66,Unknown|Unknown
EVS02809,Unknown,Unknown,39.836289,116.202836,Greenlots,AC Level 1,350,1,350,1,0.41,No,9:00-18:00,2018,8,Ultra-Fast Charging,350.0,145,Unknown|Unknown
EVS02810,Unknown,Unknown,25.321597,55.256801,Ionity,DC Fast Charger,350,5,1750,8,0.17,No,24/7,2017,9,Ultra-Fast Charging,218.75,46,Unknown|Unknown
EVS02811,Unknown,Unknown,-49.602663,-140.652595,Tesla,AC Level 1,350,6,2100,10,0.3,Yes,6:00-22:00,2015,11,Ultra-Fast Charging,210.0,99,Unknown|Unknown
EVS02812,Unknown,Unknown,25.21469,55.369,Ionity,AC Level 1,22,3,66,6,0.24,Yes,24/7,2023,3,Destination/AC,11.0,62,Unknown|Unknown
EVS02813,Unknown,Unknown,-23.541446,-46.639559,EVgo,DC Fast Charger,22,2,44,3,0.24,No,6:00-22:00,2015,11,Destination/AC,14.67,47,Unknown|Unknown
EVS02814,Unknown,Unknown,52.403158,13.396794,EVgo,AC Level 1,150,5,750,7,0.2,No,6:00-22:00,2022,4,Fast Charging,107.14,174,Unknown|Unknown
EVS02815,Unknown,Unknown,-23.690368,-46.583342,Greenlots,AC Level 2,350,2,700,4,0.11,Yes,6:00-22:00,2015,11,Ultra-Fast Charging,175.0,47,Unknown|Unknown
EVS02816,Unknown,Unknown,19.48881,-99.155964,Ionity,DC Fast Charger,350,4,1400,7,0.25,No,24/7,2013,13,Ultra-Fast Charging,200.0,30,Unknown|Unknown
EVS02817,Unknown,Unknown,-33.888782,18.533366,Ionity,DC Fast Charger,350,3,1050,7,0.37,Yes,24/7,2010,16,Ultra-Fast Charging,150.0,126,Unknown|Unknown
EVS02818,Unknown,Unknown,19.046258,72.846275,Greenlots,AC Level 2,150,2,300,3,0.23,No,6:00-22:00,2023,3,Fast Charging,100.0,158,Unknown|Unknown
EVS02819,Unknown,Unknown,-33.793578,151.342163,Tesla,AC Level 2,22,2,44,3,0.35,Yes,24/7,2022,4,Destination/AC,14.67,36,Unknown|Unknown
EVS02820,Unknown,Unknown,43.718562,-79.35091,Tesla,AC Level 2,150,5,750,9,0.29,Yes,9:00-18:00,2017,9,Fast Charging,83.33,131,Unknown|Unknown
EVS02821,Unknown,Unknown,-19.019488,159.040846,Tesla,DC Fast Charger,150,3,450,7,0.32,No,24/7,2019,7,Fast Charging,64.29,104,Unknown|Unknown
EVS02822,Unknown,Unknown,52.555002,13.411144,Greenlots,AC Level 1,22,3,66,4,0.33,Yes,6:00-22:00,2010,16,Destination/AC,16.5,151,Unknown|Unknown
EVS02823,Unknown,Unknown,41.992042,-87.76288,Greenlots,AC Level 2,50,2,100,2,0.37,Yes,24/7,2017,9,Fast Charging,50.0,35,Unknown|Unknown
EVS02824,Unknown,Unknown,-33.70136,151.214449,ChargePoint,AC Level 2,350,4,1400,9,0.37,Yes,9:00-18:00,2014,12,Ultra-Fast Charging,155.56,176,Unknown|Unknown
EVS02825,Unknown,Unknown,-33.895214,151.242782,ChargePoint,AC Level 2,50,2,100,3,0.12,No,6:00-22:00,2020,6,Fast Charging,33.33,117,Unknown|Unknown
EVS02826,Unknown,Unknown,37.557429,127.076876,EVgo,DC Fast Charger,50,3,150,5,0.39,No,6:00-22:00,2019,7,Fast Charging,30.0,153,Unknown|Unknown
EVS02827,Unknown,Unknown,37.873532,-122.309796,Greenlots,AC Level 2,350,6,2100,8,0.17,Yes,24/7,2015,11,Ultra-Fast Charging,262.5,74,Unknown|Unknown
EVS02828,Unknown,Unknown,25.357442,55.37078,Ionity,AC Level 2,50,7,350,9,0.11,Yes,6:00-22:00,2016,10,Fast Charging,38.89,170,Unknown|Unknown
EVS02829,Unknown,Unknown,-33.830503,18.538735,EVgo,DC Fast Charger,150,3,450,5,0.25,Yes,9:00-18:00,2012,14,Fast Charging,90.0,118,Unknown|Unknown
EVS02830,Unknown,Unknown,39.947274,116.323064,Greenlots,AC Level 2,350,1,350,1,0.32,No,6:00-22:00,2022,4,Ultra-Fast Charging,350.0,35,Unknown|Unknown
EVS02831,Unknown,Unknown,14.725139,-49.221185,Ionity,AC Level 1,350,1,350,1,0.5,Yes,24/7,2016,10,Ultra-Fast Charging,350.0,167,Unknown|Unknown
EVS02832,Unknown,Unknown,52.511534,13.460257,Tesla,AC Level 2,150,7,1050,10,0.38,Yes,24/7,2015,11,Fast Charging,105.0,146,Unknown|Unknown
EVS02833,Unknown,Unknown,37.524641,126.947204,Ionity,AC Level 2,350,5,1750,9,0.11,No,9:00-18:00,2011,15,Ultra-Fast Charging,194.44,64,Unknown|Unknown
EVS02834,Unknown,Unknown,39.93906,116.353437,Ionity,AC Level 1,150,3,450,6,0.31,No,9:00-18:00,2021,5,Fast Charging,75.0,105,Unknown|Unknown
EVS02835,Unknown,Unknown,19.53562,-99.152266,Ionity,AC Level 2,22,4,88,6,0.4,No,6:00-22:00,2019,7,Destination/AC,14.67,79,Unknown|Unknown
EVS02836,Unknown,Unknown,52.477576,13.368034,Tesla,AC Level 1,22,1,22,1,0.15,No,24/7,2019,7,Destination/AC,22.0,104,Unknown|Unknown
EVS02837,Unknown,Unknown,19.51086,-99.024166,EVgo,AC Level 2,22,3,66,4,0.21,Yes,6:00-22:00,2022,4,Destination/AC,16.5,174,Unknown|Unknown
EVS02838,Unknown,Unknown,-33.79214,151.327678,ChargePoint,DC Fast Charger,350,3,1050,4,0.23,No,6:00-22:00,2021,5,Ultra-Fast Charging,262.5,163,Unknown|Unknown
EVS02839,Unknown,Unknown,39.967891,116.36284,Tesla,AC Level 1,150,5,750,7,0.15,Yes,9:00-18:00,2013,13,Fast Charging,107.14,50,Unknown|Unknown
EVS02840,Unknown,Unknown,19.598095,-99.058316,EVgo,AC Level 2,150,4,600,7,0.26,Yes,24/7,2016,10,Fast Charging,85.71,175,Unknown|Unknown
EVS02841,Unknown,Unknown,-87.120774,41.186122,EVgo,DC Fast Charger,350,1,350,2,0.35,Yes,24/7,2022,4,Ultra-Fast Charging,175.0,87,Unknown|Unknown
EVS02842,Unknown,Unknown,-33.772316,18.5384,Tesla,AC Level 1,150,4,600,8,0.34,No,24/7,2018,8,Fast Charging,75.0,131,Unknown|Unknown
EVS02843,Unknown,Unknown,34.051702,-118.223218,ChargePoint,DC Fast Charger,22,5,110,6,0.13,Yes,9:00-18:00,2017,9,Destination/AC,18.33,141,Unknown|Unknown
EVS02844,Unknown,Unknown,37.505538,126.927501,Greenlots,DC Fast Charger,22,2,44,3,0.37,Yes,6:00-22:00,2020,6,Destination/AC,14.67,94,Unknown|Unknown
EVS02845,Unknown,Unknown,13.736149,100.428981,Tesla,DC Fast Charger,22,2,44,4,0.32,No,24/7,2012,14,Destination/AC,11.0,90,Unknown|Unknown
EVS02846,Unknown,Unknown,52.560723,13.423979,Ionity,DC Fast Charger,150,2,300,4,0.39,No,6:00-22:00,2013,13,Fast Charging,75.0,90,Unknown|Unknown
EVS02847,Unknown,Unknown,13.809622,100.502306,Greenlots,DC Fast Charger,22,1,22,2,0.3,No,6:00-22:00,2015,11,Destination/AC,11.0,157,Unknown|Unknown
EVS02848,Unknown,Unknown,13.860483,100.472167,Ionity,DC Fast Charger,50,6,300,8,0.12,No,6:00-22:00,2017,9,Fast Charging,37.5,78,Unknown|Unknown
EVS02849,Unknown,Unknown,37.506439,126.992994,EVgo,AC Level 2,150,3,450,4,0.42,No,9:00-18:00,2011,15,Fast Charging,112.5,61,Unknown|Unknown
EVS02850,Unknown,Unknown,37.897749,-122.452949,ChargePoint,AC Level 1,150,3,450,6,0.18,Yes,24/7,2014,12,Fast Charging,75.0,74,Unknown|Unknown
EVS02851,Unknown,Unknown,34.359099,140.657909,EVgo,AC Level 2,150,8,1200,10,0.48,No,24/7,2016,10,Fast Charging,120.0,47,Unknown|Unknown
EVS02852,Unknown,Unknown,19.070917,72.928405,EVgo,AC Level 2,150,2,300,2,0.26,No,9:00-18:00,2012,14,Fast Charging,150.0,79,Unknown|Unknown
EVS02853,Unknown,Unknown,34.175665,-118.348241,Ionity,DC Fast Charger,150,1,150,1,0.34,No,6:00-22:00,2011,15,Fast Charging,150.0,33,Unknown|Unknown
EVS02854,Unknown,Unknown,-23.682334,-46.661415,ChargePoint,AC Level 1,50,5,250,7,0.13,No,9:00-18:00,2020,6,Fast Charging,35.71,29,Unknown|Unknown
EVS02855,Unknown,Unknown,-23.589585,-46.571731,Ionity,AC Level 1,150,1,150,1,0.23,No,24/7,2017,9,Fast Charging,150.0,134,Unknown|Unknown
EVS02856,Unknown,Unknown,52.448223,13.381922,Ionity,AC Level 2,50,7,350,8,0.22,No,6:00-22:00,2020,6,Fast Charging,43.75,27,Unknown|Unknown
EVS02857,Unknown,Unknown,-33.726404,18.550076,Tesla,AC Level 2,22,5,110,7,0.3,Yes,24/7,2016,10,Destination/AC,15.71,108,Unknown|Unknown
EVS02858,Unknown,Unknown,39.855462,116.213597,Greenlots,DC Fast Charger,150,4,600,6,0.2,Yes,6:00-22:00,2023,3,Fast Charging,100.0,143,Unknown|Unknown
EVS02859,Unknown,Unknown,52.463791,13.329107,Tesla,DC Fast Charger,22,1,22,2,0.43,Yes,6:00-22:00,2015,11,Destination/AC,11.0,134,Unknown|Unknown
EVS02860,Unknown,Unknown,37.83494,-122.414159,Tesla,AC Level 2,150,6,900,8,0.1,No,24/7,2016,10,Fast Charging,112.5,88,Unknown|Unknown
EVS02861,Unknown,Unknown,26.08869,3.102426,Tesla,AC Level 2,350,4,1400,5,0.12,No,24/7,2017,9,Ultra-Fast Charging,280.0,46,Unknown|Unknown
EVS02862,Unknown,Unknown,-23.540555,-46.521269,Tesla,AC Level 1,150,3,450,7,0.15,No,24/7,2017,9,Fast Charging,64.29,168,Unknown|Unknown
EVS02863,Unknown,Unknown,41.832259,-87.633741,Greenlots,AC Level 1,150,2,300,4,0.43,Yes,9:00-18:00,2019,7,Fast Charging,75.0,152,Unknown|Unknown
EVS02864,Unknown,Unknown,37.804119,-122.457923,ChargePoint,AC Level 2,22,2,44,3,0.2,Yes,9:00-18:00,2014,12,Destination/AC,14.67,116,Unknown|Unknown
EVS02865,Unknown,Unknown,43.730207,-79.421024,EVgo,AC Level 2,150,2,300,3,0.41,Yes,6:00-22:00,2019,7,Fast Charging,100.0,29,Unknown|Unknown
EVS02866,Unknown,Unknown,13.754547,100.505318,Greenlots,AC Level 2,150,7,1050,8,0.41,No,6:00-22:00,2016,10,Fast Charging,131.25,20,Unknown|Unknown
EVS02867,Unknown,Unknown,13.803982,100.429739,Ionity,AC Level 1,350,1,350,1,0.16,No,6:00-22:00,2010,16,Ultra-Fast Charging,350.0,67,Unknown|Unknown
EVS02868,Unknown,Unknown,19.416045,-99.019455,Greenlots,AC Level 2,350,5,1750,7,0.18,No,24/7,2019,7,Ultra-Fast Charging,250.0,40,Unknown|Unknown
EVS02869,Unknown,Unknown,39.881745,116.311487,Ionity,AC Level 1,350,1,350,1,0.47,No,6:00-22:00,2021,5,Ultra-Fast Charging,350.0,156,Unknown|Unknown
EVS02870,Unknown,Unknown,19.523674,-99.068127,Greenlots,AC Level 1,350,2,700,3,0.38,Yes,6:00-22:00,2014,12,Ultra-Fast Charging,233.33,48,Unknown|Unknown
EVS02871,Unknown,Unknown,-53.684803,-164.605256,ChargePoint,AC Level 1,350,3,1050,5,0.35,Yes,6:00-22:00,2015,11,Ultra-Fast Charging,210.0,61,Unknown|Unknown
EVS02872,Unknown,Unknown,25.248485,55.218664,Greenlots,DC Fast Charger,150,8,1200,9,0.43,Yes,24/7,2021,5,Fast Charging,133.33,175,Unknown|Unknown
EVS02873,Unknown,Unknown,19.446148,-99.010135,ChargePoint,AC Level 1,50,1,50,2,0.39,Yes,24/7,2013,13,Fast Charging,25.0,150,Unknown|Unknown
EVS02874,Unknown,Unknown,-33.702932,151.377848,Greenlots,AC Level 2,350,1,350,1,0.18,Yes,24/7,2021,5,Ultra-Fast Charging,350.0,51,Unknown|Unknown
EVS02875,Unknown,Unknown,37.886195,-122.378599,EVgo,DC Fast Charger,150,4,600,5,0.42,Yes,6:00-22:00,2017,9,Fast Charging,120.0,78,Unknown|Unknown
EVS02876,Unknown,Unknown,-23.602055,-46.59828,ChargePoint,DC Fast Charger,50,4,200,6,0.19,No,6:00-22:00,2010,16,Fast Charging,33.33,100,Unknown|Unknown
EVS02877,Unknown,Unknown,41.872889,-87.663077,Tesla,AC Level 2,150,5,750,9,0.41,No,6:00-22:00,2022,4,Fast Charging,83.33,124,Unknown|Unknown
EVS02878,Unknown,Unknown,13.812222,100.579551,Ionity,AC Level 2,50,3,150,4,0.22,Yes,9:00-18:00,2016,10,Fast Charging,37.5,169,Unknown|Unknown
EVS02879,Unknown,Unknown,13.832495,100.437911,ChargePoint,DC Fast Charger,350,5,1750,9,0.47,Yes,24/7,2017,9,Ultra-Fast Charging,194.44,158,Unknown|Unknown
EVS02880,Unknown,Unknown,52.494773,13.300301,ChargePoint,AC Level 1,350,2,700,3,0.27,No,6:00-22:00,2022,4,Ultra-Fast Charging,233.33,176,Unknown|Unknown
EVS02881,Unknown,Unknown,-13.927406,64.080549,Ionity,DC Fast Charger,350,3,1050,5,0.11,Yes,9:00-18:00,2022,4,Ultra-Fast Charging,210.0,21,Unknown|Unknown
EVS02882,Unknown,Unknown,37.873671,-122.356754,Ionity,AC Level 2,350,4,1400,5,0.15,Yes,9:00-18:00,2010,16,Ultra-Fast Charging,280.0,53,Unknown|Unknown
EVS02883,Unknown,Unknown,19.100966,72.977784,ChargePoint,DC Fast Charger,350,5,1750,7,0.29,Yes,24/7,2016,10,Ultra-Fast Charging,250.0,107,Unknown|Unknown
EVS02884,Unknown,Unknown,25.259316,55.371761,Greenlots,AC Level 1,350,2,700,4,0.23,Yes,24/7,2020,6,Ultra-Fast Charging,175.0,23,Unknown|Unknown
EVS02885,Unknown,Unknown,19.40519,-99.121455,ChargePoint,AC Level 1,22,3,66,6,0.48,No,9:00-18:00,2015,11,Destination/AC,11.0,73,Unknown|Unknown
EVS02886,Unknown,Unknown,43.707481,-79.305065,ChargePoint,AC Level 1,350,4,1400,5,0.37,No,24/7,2019,7,Ultra-Fast Charging,280.0,40,Unknown|Unknown
EVS02887,Unknown,Unknown,-33.785832,151.209496,Greenlots,AC Level 2,150,1,150,2,0.32,No,9:00-18:00,2022,4,Fast Charging,75.0,168,Unknown|Unknown
EVS02888,Unknown,Unknown,25.308162,55.255179,ChargePoint,DC Fast Charger,350,4,1400,7,0.17,No,24/7,2010,16,Ultra-Fast Charging,200.0,25,Unknown|Unknown
EVS02889,Unknown,Unknown,34.144202,-118.276221,EVgo,AC Level 1,22,4,88,6,0.3,Yes,6:00-22:00,2011,15,Destination/AC,14.67,39,Unknown|Unknown
EVS02890,Unknown,Unknown,55.898463,37.6571,ChargePoint,DC Fast Charger,350,5,1750,6,0.18,Yes,24/7,2016,10,Ultra-Fast Charging,291.67,47,Unknown|Unknown
EVS02891,Unknown,Unknown,-57.55445,-99.772216,ChargePoint,AC Level 2,22,6,132,9,0.46,No,9:00-18:00,2022,4,Destination/AC,14.67,39,Unknown|Unknown
EVS02892,Unknown,Unknown,19.10297,72.824128,EVgo,DC Fast Charger,150,4,600,7,0.21,Yes,6:00-22:00,2014,12,Fast Charging,85.71,108,Unknown|Unknown
EVS02893,Unknown,Unknown,37.776087,-122.393445,Greenlots,AC Level 2,22,1,22,1,0.14,Yes,24/7,2016,10,Destination/AC,22.0,75,Unknown|Unknown
EVS02894,Unknown,Unknown,19.456192,-99.067915,Ionity,AC Level 1,350,1,350,2,0.33,No,6:00-22:00,2021,5,Ultra-Fast Charging,175.0,165,Unknown|Unknown
EVS02895,Unknown,Unknown,34.056743,-118.29187,ChargePoint,AC Level 2,22,4,88,7,0.42,No,6:00-22:00,2013,13,Destination/AC,12.57,58,Unknown|Unknown
EVS02896,Unknown,Unknown,52.524837,13.314652,ChargePoint,DC Fast Charger,350,6,2100,10,0.13,No,24/7,2022,4,Ultra-Fast Charging,210.0,103,Unknown|Unknown
EVS02897,Unknown,Unknown,-33.714069,151.360647,Ionity,DC Fast Charger,50,4,200,7,0.45,Yes,9:00-18:00,2014,12,Fast Charging,28.57,123,Unknown|Unknown
EVS02898,Unknown,Unknown,34.032624,-118.236854,EVgo,DC Fast Charger,22,5,110,9,0.15,Yes,9:00-18:00,2022,4,Destination/AC,12.22,118,Unknown|Unknown
EVS02899,Unknown,Unknown,-33.718697,18.533714,Greenlots,AC Level 1,150,4,600,5,0.12,Yes,6:00-22:00,2012,14,Fast Charging,120.0,146,Unknown|Unknown
EVS02900,Unknown,Unknown,-23.632414,-46.649074,Greenlots,AC Level 1,22,1,22,1,0.26,Yes,9:00-18:00,2020,6,Destination/AC,22.0,48,Unknown|Unknown
EVS02901,Unknown,Unknown,80.867134,135.087824,ChargePoint,AC Level 2,22,4,88,5,0.44,Yes,24/7,2012,14,Destination/AC,17.6,98,Unknown|Unknown
EVS02902,Unknown,Unknown,19.155191,72.913148,Ionity,AC Level 1,150,4,600,7,0.24,No,6:00-22:00,2011,15,Fast Charging,85.71,147,Unknown|Unknown
EVS02903,Unknown,Unknown,39.874636,116.471294,Greenlots,AC Level 1,50,4,200,6,0.16,Yes,24/7,2021,5,Fast Charging,33.33,157,Unknown|Unknown
EVS02904,Unknown,Unknown,39.995599,116.278405,EVgo,AC Level 2,50,3,150,6,0.21,Yes,9:00-18:00,2022,4,Fast Charging,25.0,116,Unknown|Unknown
EVS02905,Unknown,Unknown,55.793975,37.549101,EVgo,AC Level 1,150,6,900,9,0.25,Yes,9:00-18:00,2021,5,Fast Charging,100.0,122,Unknown|Unknown
EVS02906,Unknown,Unknown,52.564074,13.31659,ChargePoint,DC Fast Charger,50,2,100,3,0.28,No,24/7,2014,12,Fast Charging,33.33,157,Unknown|Unknown
EVS02907,Unknown,Unknown,37.811374,-122.450998,EVgo,AC Level 1,22,5,110,9,0.33,Yes,9:00-18:00,2018,8,Destination/AC,12.22,118,Unknown|Unknown
EVS02908,Unknown,Unknown,37.576071,126.959767,Tesla,AC Level 2,350,3,1050,5,0.42,Yes,6:00-22:00,2021,5,Ultra-Fast Charging,210.0,171,Unknown|Unknown
EVS02909,Unknown,Unknown,37.834814,-122.471975,EVgo,AC Level 1,22,4,88,7,0.44,No,6:00-22:00,2012,14,Destination/AC,12.57,36,Unknown|Unknown
EVS02910,Unknown,Unknown,-33.887918,151.219939,EVgo,AC Level 1,50,5,250,7,0.25,No,6:00-22:00,2019,7,Fast Charging,35.71,72,Unknown|Unknown
EVS02911,Unknown,Unknown,-27.726957,27.934981,Ionity,DC Fast Charger,350,2,700,3,0.2,Yes,9:00-18:00,2011,15,Ultra-Fast Charging,233.33,33,Unknown|Unknown
EVS02912,Unknown,Unknown,37.844529,-122.303313,Greenlots,DC Fast Charger,50,7,350,9,0.27,No,24/7,2021,5,Fast Charging,38.89,29,Unknown|Unknown
EVS02913,Unknown,Unknown,-33.726874,151.352486,ChargePoint,AC Level 2,50,4,200,7,0.28,Yes,9:00-18:00,2017,9,Fast Charging,28.57,92,Unknown|Unknown
EVS02914,Unknown,Unknown,19.556248,-99.116437,Tesla,AC Level 1,22,1,22,2,0.24,Yes,24/7,2016,10,Destination/AC,11.0,52,Unknown|Unknown
EVS02915,Unknown,Unknown,19.141691,72.863646,Greenlots,DC Fast Charger,22,4,88,5,0.43,No,6:00-22:00,2021,5,Destination/AC,17.6,82,Unknown|Unknown
EVS02916,Unknown,Unknown,25.294066,55.386408,ChargePoint,AC Level 1,150,5,750,8,0.39,Yes,6:00-22:00,2022,4,Fast Charging,93.75,87,Unknown|Unknown
EVS02917,Unknown,Unknown,19.086784,72.986044,Ionity,AC Level 2,350,1,350,3,0.2,No,24/7,2017,9,Ultra-Fast Charging,116.67,117,Unknown|Unknown
EVS02918,Unknown,Unknown,52.519974,13.402568,Tesla,AC Level 1,50,4,200,5,0.39,Yes,24/7,2018,8,Fast Charging,40.0,171,Unknown|Unknown
EVS02919,Unknown,Unknown,13.899196,100.560332,Ionity,AC Level 2,350,5,1750,10,0.19,Yes,9:00-18:00,2018,8,Ultra-Fast Charging,175.0,155,Unknown|Unknown
EVS02920,Unknown,Unknown,34.019908,-118.226671,ChargePoint,AC Level 1,350,4,1400,7,0.32,Yes,6:00-22:00,2014,12,Ultra-Fast Charging,200.0,77,Unknown|Unknown
EVS02921,Unknown,Unknown,-74.465142,53.40124,EVgo,DC Fast Charger,50,6,300,10,0.32,No,9:00-18:00,2013,13,Fast Charging,30.0,68,Unknown|Unknown
EVS02922,Unknown,Unknown,25.282096,55.399379,Greenlots,AC Level 1,22,6,132,9,0.12,No,24/7,2011,15,Destination/AC,14.67,142,Unknown|Unknown
EVS02923,Unknown,Unknown,37.743042,-122.372452,ChargePoint,AC Level 1,22,2,44,2,0.3,No,9:00-18:00,2016,10,Destination/AC,22.0,35,Unknown|Unknown
EVS02924,Unknown,Unknown,25.357875,55.36309,Ionity,AC Level 1,22,5,110,10,0.16,No,24/7,2016,10,Destination/AC,11.0,104,Unknown|Unknown
EVS02925,Unknown,Unknown,52.480682,13.439427,EVgo,AC Level 1,150,2,300,3,0.32,Yes,6:00-22:00,2016,10,Fast Charging,100.0,84,Unknown|Unknown
EVS02926,Unknown,Unknown,-23.506447,-46.508968,Greenlots,AC Level 2,150,2,300,3,0.1,No,24/7,2010,16,Fast Charging,100.0,45,Unknown|Unknown
EVS02927,Unknown,Unknown,25.375464,55.202492,ChargePoint,AC Level 1,22,3,66,4,0.2,Yes,6:00-22:00,2011,15,Destination/AC,16.5,116,Unknown|Unknown
EVS02928,Unknown,Unknown,19.452196,-99.008359,Greenlots,AC Level 2,22,4,88,5,0.36,Yes,24/7,2022,4,Destination/AC,17.6,67,Unknown|Unknown
EVS02929,Unknown,Unknown,25.351218,55.37583,Ionity,DC Fast Charger,22,2,44,3,0.23,No,6:00-22:00,2017,9,Destination/AC,14.67,45,Unknown|Unknown
EVS02930,Unknown,Unknown,19.527348,-99.072393,Ionity,DC Fast Charger,350,1,350,2,0.32,No,6:00-22:00,2014,12,Ultra-Fast Charging,175.0,122,Unknown|Unknown
EVS02931,Unknown,Unknown,70.682263,-176.38866,EVgo,AC Level 1,350,4,1400,6,0.37,Yes,6:00-22:00,2013,13,Ultra-Fast Charging,233.33,43,Unknown|Unknown
EVS02932,Unknown,Unknown,19.583335,-99.12183,EVgo,AC Level 1,22,6,132,10,0.16,Yes,9:00-18:00,2020,6,Destination/AC,13.2,126,Unknown|Unknown
EVS02933,Unknown,Unknown,52.563057,13.302412,EVgo,AC Level 2,50,7,350,10,0.23,No,24/7,2017,9,Fast Charging,35.0,41,Unknown|Unknown
EVS02934,Unknown,Unknown,39.80659,116.295308,Ionity,DC Fast Charger,22,5,110,8,0.42,Yes,24/7,2015,11,Destination/AC,13.75,86,Unknown|Unknown
EVS02935,Unknown,Unknown,37.60654,126.9453,EVgo,AC Level 1,350,2,700,3,0.35,No,24/7,2021,5,Ultra-Fast Charging,233.33,148,Unknown|Unknown
EVS02936,Unknown,Unknown,41.84466,-87.688516,ChargePoint,AC Level 2,50,4,200,9,0.45,Yes,6:00-22:00,2012,14,Fast Charging,22.22,52,Unknown|Unknown
EVS02937,Unknown,Unknown,13.78013,100.452182,EVgo,AC Level 2,150,8,1200,10,0.25,No,9:00-18:00,2019,7,Fast Charging,120.0,141,Unknown|Unknown
EVS02938,Unknown,Unknown,43.676038,-79.370588,ChargePoint,AC Level 1,50,2,100,4,0.3,Yes,6:00-22:00,2020,6,Fast Charging,25.0,134,Unknown|Unknown
EVS02939,Unknown,Unknown,39.985816,116.483171,EVgo,AC Level 2,50,2,100,2,0.27,No,6:00-22:00,2015,11,Fast Charging,50.0,163,Unknown|Unknown
EVS02940,Unknown,Unknown,-33.736884,18.441344,ChargePoint,DC Fast Charger,150,2,300,4,0.42,No,6:00-22:00,2021,5,Fast Charging,75.0,42,Unknown|Unknown
EVS02941,Unknown,Unknown,35.2894,115.418365,ChargePoint,AC Level 1,350,2,700,4,0.13,No,6:00-22:00,2010,16,Ultra-Fast Charging,175.0,132,Unknown|Unknown
EVS02942,Unknown,Unknown,39.947679,116.399489,Ionity,AC Level 2,350,8,2800,10,0.32,Yes,24/7,2022,4,Ultra-Fast Charging,280.0,169,Unknown|Unknown
EVS02943,Unknown,Unknown,43.69675,-79.465155,Greenlots,AC Level 1,22,6,132,8,0.25,No,24/7,2021,5,Destination/AC,16.5,140,Unknown|Unknown
EVS02944,Unknown,Unknown,39.86628,116.364344,EVgo,AC Level 2,350,2,700,3,0.37,Yes,9:00-18:00,2019,7,Ultra-Fast Charging,233.33,46,Unknown|Unknown
EVS02945,Unknown,Unknown,34.04009,-118.257521,ChargePoint,AC Level 1,350,8,2800,9,0.49,Yes,24/7,2013,13,Ultra-Fast Charging,311.11,150,Unknown|Unknown
EVS02946,Unknown,Unknown,34.120671,-118.273923,EVgo,AC Level 1,50,2,100,4,0.47,Yes,6:00-22:00,2023,3,Fast Charging,25.0,32,Unknown|Unknown
EVS02947,Unknown,Unknown,25.271849,55.370511,Ionity,AC Level 2,50,4,200,5,0.22,Yes,24/7,2023,3,Fast Charging,40.0,112,Unknown|Unknown
EVS02948,Unknown,Unknown,43.698653,-79.350843,Greenlots,AC Level 1,50,2,100,4,0.37,No,24/7,2017,9,Fast Charging,25.0,97,Unknown|Unknown
EVS02949,Unknown,Unknown,19.434992,-99.015879,Tesla,AC Level 1,350,6,2100,9,0.42,Yes,24/7,2014,12,Ultra-Fast Charging,233.33,102,Unknown|Unknown
EVS02950,Unknown,Unknown,25.28741,55.201449,Ionity,DC Fast Charger,150,6,900,10,0.23,Yes,9:00-18:00,2015,11,Fast Charging,90.0,100,Unknown|Unknown
EVS02951,Unknown,Unknown,67.116649,-92.772923,ChargePoint,AC Level 1,150,1,150,2,0.36,Yes,9:00-18:00,2010,16,Fast Charging,75.0,20,Unknown|Unknown
EVS02952,Unknown,Unknown,-33.782545,18.598681,EVgo,DC Fast Charger,350,1,350,1,0.25,Yes,24/7,2013,13,Ultra-Fast Charging,350.0,98,Unknown|Unknown
EVS02953,Unknown,Unknown,34.116271,-118.332876,Tesla,AC Level 1,150,4,600,6,0.48,No,6:00-22:00,2011,15,Fast Charging,100.0,169,Unknown|Unknown
EVS02954,Unknown,Unknown,-33.814319,18.431449,Tesla,AC Level 1,150,2,300,4,0.34,No,24/7,2010,16,Fast Charging,75.0,87,Unknown|Unknown
EVS02955,Unknown,Unknown,-33.773951,151.234477,EVgo,DC Fast Charger,350,3,1050,4,0.49,Yes,6:00-22:00,2015,11,Ultra-Fast Charging,262.5,60,Unknown|Unknown
EVS02956,Unknown,Unknown,37.594104,126.910253,Tesla,AC Level 2,350,2,700,3,0.13,No,24/7,2011,15,Ultra-Fast Charging,233.33,179,Unknown|Unknown
EVS02957,Unknown,Unknown,25.306982,55.298746,EVgo,AC Level 1,50,4,200,8,0.23,Yes,6:00-22:00,2011,15,Fast Charging,25.0,31,Unknown|Unknown
EVS02958,Unknown,Unknown,39.860294,116.493959,Greenlots,AC Level 1,22,7,154,10,0.15,Yes,24/7,2011,15,Destination/AC,15.4,95,Unknown|Unknown
EVS02959,Unknown,Unknown,18.992162,72.88508,Greenlots,AC Level 1,350,1,350,2,0.43,Yes,6:00-22:00,2023,3,Ultra-Fast Charging,175.0,99,Unknown|Unknown
EVS02960,Unknown,Unknown,37.875075,-122.3561,Tesla,AC Level 2,50,3,150,6,0.37,Yes,6:00-22:00,2010,16,Fast Charging,25.0,93,Unknown|Unknown
EVS02961,Unknown,Unknown,20.17853,162.410193,ChargePoint,AC Level 2,50,1,50,2,0.4,Yes,6:00-22:00,2014,12,Fast Charging,25.0,167,Unknown|Unknown
EVS02962,Unknown,Unknown,13.879762,100.430921,Ionity,AC Level 2,50,3,150,7,0.47,No,24/7,2022,4,Fast Charging,21.43,84,Unknown|Unknown
EVS02963,Unknown,Unknown,37.834657,-122.451219,Greenlots,AC Level 2,50,3,150,7,0.4,Yes,9:00-18:00,2019,7,Fast Charging,21.43,175,Unknown|Unknown
EVS02964,Unknown,Unknown,18.973282,72.9795,Ionity,AC Level 1,150,1,150,2,0.16,Yes,24/7,2022,4,Fast Charging,75.0,26,Unknown|Unknown
EVS02965,Unknown,Unknown,19.106665,72.807521,Greenlots,AC Level 2,350,3,1050,7,0.19,Yes,6:00-22:00,2023,3,Ultra-Fast Charging,150.0,136,Unknown|Unknown
EVS02966,Unknown,Unknown,37.661949,126.967841,Tesla,AC Level 2,22,1,22,1,0.35,No,6:00-22:00,2010,16,Destination/AC,22.0,112,Unknown|Unknown
EVS02967,Unknown,Unknown,-33.806776,18.513158,Tesla,AC Level 2,50,2,100,3,0.46,No,24/7,2014,12,Fast Charging,33.33,54,Unknown|Unknown
EVS02968,Unknown,Unknown,37.65357,127.039597,EVgo,AC Level 1,350,2,700,3,0.36,Yes,9:00-18:00,2014,12,Ultra-Fast Charging,233.33,52,Unknown|Unknown
EVS02969,Unknown,Unknown,43.634727,-79.405874,Tesla,DC Fast Charger,50,6,300,9,0.17,No,9:00-18:00,2010,16,Fast Charging,33.33,133,Unknown|Unknown
EVS02970,Unknown,Unknown,37.858524,-122.396514,ChargePoint,AC Level 2,22,2,44,4,0.49,Yes,9:00-18:00,2013,13,Destination/AC,11.0,120,Unknown|Unknown
EVS02971,Unknown,Unknown,52.197965,105.383456,Tesla,DC Fast Charger,50,2,100,3,0.11,No,9:00-18:00,2012,14,Fast Charging,33.33,115,Unknown|Unknown
EVS02972,Unknown,Unknown,13.747582,100.552927,Ionity,AC Level 2,22,4,88,9,0.27,No,9:00-18:00,2012,14,Destination/AC,9.78,23,Unknown|Unknown
EVS02973,Unknown,Unknown,37.797181,-122.455829,Tesla,AC Level 1,150,5,750,6,0.25,Yes,9:00-18:00,2023,3,Fast Charging,125.0,113,Unknown|Unknown
EVS02974,Unknown,Unknown,41.92568,-87.776649,Tesla,AC Level 1,150,3,450,6,0.16,Yes,6:00-22:00,2023,3,Fast Charging,75.0,176,Unknown|Unknown
EVS02975,Unknown,Unknown,43.608186,-79.343177,ChargePoint,AC Level 1,22,1,22,1,0.13,No,24/7,2023,3,Destination/AC,22.0,17,Unknown|Unknown
EVS02976,Unknown,Unknown,-33.804249,151.397941,EVgo,AC Level 2,350,5,1750,9,0.24,Yes,6:00-22:00,2020,6,Ultra-Fast Charging,194.44,92,Unknown|Unknown
EVS02977,Unknown,Unknown,-33.868146,18.434608,Ionity,AC Level 2,22,4,88,8,0.35,No,6:00-22:00,2017,9,Destination/AC,11.0,96,Unknown|Unknown
EVS02978,Unknown,Unknown,-33.883867,18.447344,EVgo,DC Fast Charger,22,6,132,10,0.27,Yes,24/7,2014,12,Destination/AC,13.2,162,Unknown|Unknown
EVS02979,Unknown,Unknown,18.924656,72.902265,Tesla,AC Level 2,50,3,150,4,0.47,Yes,24/7,2016,10,Fast Charging,37.5,61,Unknown|Unknown
EVS02980,Unknown,Unknown,52.50173,13.442565,Ionity,AC Level 2,50,8,400,10,0.16,Yes,24/7,2010,16,Fast Charging,40.0,93,Unknown|Unknown
EVS02981,Unknown,Unknown,7.713454,-157.099,ChargePoint,AC Level 1,50,1,50,2,0.16,Yes,24/7,2020,6,Fast Charging,25.0,133,Unknown|Unknown
EVS02982,Unknown,Unknown,55.724844,37.515356,EVgo,AC Level 2,150,1,150,3,0.43,Yes,24/7,2017,9,Fast Charging,50.0,24,Unknown|Unknown
EVS02983,Unknown,Unknown,34.056122,-118.377217,ChargePoint,AC Level 1,50,1,50,2,0.13,Yes,6:00-22:00,2013,13,Fast Charging,25.0,147,Unknown|Unknown
EVS02984,Unknown,Unknown,-33.809724,151.283503,EVgo,DC Fast Charger,22,1,22,1,0.36,No,24/7,2023,3,Destination/AC,22.0,150,Unknown|Unknown
EVS02985,Unknown,Unknown,39.913785,116.382209,Ionity,AC Level 2,350,7,2450,9,0.14,Yes,6:00-22:00,2016,10,Ultra-Fast Charging,272.22,133,Unknown|Unknown
EVS02986,Unknown,Unknown,-33.734512,151.391344,Ionity,DC Fast Charger,350,4,1400,5,0.25,No,9:00-18:00,2022,4,Ultra-Fast Charging,280.0,121,Unknown|Unknown
EVS02987,Unknown,Unknown,13.701687,100.543533,EVgo,AC Level 2,22,1,22,1,0.14,Yes,6:00-22:00,2014,12,Destination/AC,22.0,138,Unknown|Unknown
EVS02988,Unknown,Unknown,13.879772,100.492712,ChargePoint,AC Level 2,22,2,44,4,0.16,Yes,24/7,2017,9,Destination/AC,11.0,143,Unknown|Unknown
EVS02989,Unknown,Unknown,19.192181,72.924082,Tesla,AC Level 2,22,3,66,5,0.4,No,9:00-18:00,2013,13,Destination/AC,13.2,164,Unknown|Unknown
EVS02990,Unknown,Unknown,55.853326,37.572081,Ionity,AC Level 2,150,6,900,8,0.44,No,6:00-22:00,2019,7,Fast Charging,112.5,85,Unknown|Unknown
EVS02991,Unknown,Unknown,-7.522381,67.999195,EVgo,AC Level 2,50,6,300,10,0.32,No,9:00-18:00,2022,4,Fast Charging,30.0,90,Unknown|Unknown
EVS02992,Unknown,Unknown,-33.729817,151.376172,Tesla,DC Fast Charger,350,2,700,3,0.19,No,6:00-22:00,2017,9,Ultra-Fast Charging,233.33,120,Unknown|Unknown
EVS02993,Unknown,Unknown,-33.837753,18.477908,EVgo,AC Level 2,22,1,22,1,0.2,No,24/7,2012,14,Destination/AC,22.0,46,Unknown|Unknown
EVS02994,Unknown,Unknown,37.55252,127.053277,Ionity,AC Level 2,22,1,22,2,0.45,Yes,24/7,2010,16,Destination/AC,11.0,156,Unknown|Unknown
EVS02995,Unknown,Unknown,34.156029,-118.276538,ChargePoint,AC Level 1,350,8,2800,10,0.1,No,24/7,2011,15,Ultra-Fast Charging,280.0,142,Unknown|Unknown
EVS02996,Unknown,Unknown,-33.810381,18.458368,EVgo,AC Level 2,22,1,22,1,0.11,Yes,6:00-22:00,2022,4,Destination/AC,22.0,119,Unknown|Unknown
EVS02997,Unknown,Unknown,19.503658,-99.144161,ChargePoint,DC Fast Charger,150,8,1200,10,0.44,No,9:00-18:00,2021,5,Fast Charging,120.0,64,Unknown|Unknown
EVS02998,Unknown,Unknown,-23.69824,-46.597463,Ionity,AC Level 2,150,4,600,7,0.46,No,24/7,2017,9,Fast Charging,85.71,72,Unknown|Unknown
EVS02999,Unknown,Unknown,39.938202,116.22417,Tesla,DC Fast Charger,350,3,1050,7,0.21,Yes,6:00-22:00,2011,15,Ultra-Fast Charging,150.0,86,Unknown|Unknown
EVS03000,Unknown,Unknown,37.58843,127.014079,ChargePoint,AC Level 2,150,3,450,6,0.13,Yes,9:00-18:00,2019,7,Fast Charging,75.0,124,Unknown|Unknown
EVS03001,Unknown,Unknown,27.599897,32.257895,EVgo,AC Level 1,50,2,100,4,0.34,No,9:00-18:00,2020,6,Fast Charging,25.0,143,Unknown|Unknown
EVS03002,Unknown,Unknown,-33.838043,151.286364,ChargePoint,DC Fast Charger,350,5,1750,7,0.41,No,9:00-18:00,2011,15,Ultra-Fast Charging,250.0,125,Unknown|Unknown
EVS03003,Unknown,Unknown,-33.774907,18.479083,ChargePoint,AC Level 2,50,1,50,1,0.17,Yes,6:00-22:00,2020,6,Fast Charging,50.0,168,Unknown|Unknown
EVS03004,Unknown,Unknown,41.89256,-87.605502,EVgo,AC Level 2,50,2,100,3,0.27,Yes,24/7,2017,9,Fast Charging,33.33,173,Unknown|Unknown
EVS03005,Unknown,Unknown,25.325498,55.282243,Tesla,AC Level 1,50,8,400,10,0.14,No,24/7,2022,4,Fast Charging,40.0,131,Unknown|Unknown
EVS03006,Unknown,Unknown,52.555041,13.454411,ChargePoint,DC Fast Charger,50,1,50,2,0.44,No,24/7,2012,14,Fast Charging,25.0,76,Unknown|Unknown
EVS03007,Unknown,Unknown,43.622197,-79.431623,Greenlots,AC Level 1,150,2,300,3,0.38,Yes,6:00-22:00,2018,8,Fast Charging,100.0,113,Unknown|Unknown
EVS03008,Unknown,Unknown,13.865257,100.572986,Greenlots,AC Level 1,150,1,150,2,0.31,Yes,9:00-18:00,2011,15,Fast Charging,75.0,85,Unknown|Unknown
EVS03009,Unknown,Unknown,52.555541,13.476949,Greenlots,AC Level 2,50,8,400,10,0.48,No,24/7,2010,16,Fast Charging,40.0,118,Unknown|Unknown
EVS03010,Unknown,Unknown,37.613577,126.939173,Tesla,AC Level 1,22,7,154,10,0.11,No,6:00-22:00,2018,8,Destination/AC,15.4,149,Unknown|Unknown
EVS03011,Unknown,Unknown,-46.467117,-48.037466,Ionity,DC Fast Charger,350,1,350,1,0.48,No,6:00-22:00,2010,16,Ultra-Fast Charging,350.0,75,Unknown|Unknown
EVS03012,Unknown,Unknown,41.929619,-87.755364,Greenlots,AC Level 2,22,1,22,1,0.12,Yes,9:00-18:00,2015,11,Destination/AC,22.0,98,Unknown|Unknown
EVS03013,Unknown,Unknown,18.907259,72.956628,Ionity,AC Level 2,50,5,250,8,0.41,Yes,9:00-18:00,2023,3,Fast Charging,31.25,22,Unknown|Unknown
EVS03014,Unknown,Unknown,52.496485,13.476028,EVgo,AC Level 1,22,3,66,6,0.37,No,24/7,2020,6,Destination/AC,11.0,136,Unknown|Unknown
EVS03015,Unknown,Unknown,34.14337,-118.390259,ChargePoint,AC Level 2,50,4,200,9,0.1,Yes,6:00-22:00,2012,14,Fast Charging,22.22,95,Unknown|Unknown
EVS03016,Unknown,Unknown,55.804483,37.663211,Tesla,AC Level 2,350,8,2800,10,0.1,Yes,6:00-22:00,2011,15,Ultra-Fast Charging,280.0,90,Unknown|Unknown
EVS03017,Unknown,Unknown,37.632883,127.070643,Tesla,AC Level 1,50,1,50,2,0.27,No,9:00-18:00,2012,14,Fast Charging,25.0,102,Unknown|Unknown
EVS03018,Unknown,Unknown,39.960804,116.433806,Greenlots,AC Level 2,350,5,1750,10,0.45,Yes,6:00-22:00,2013,13,Ultra-Fast Charging,175.0,50,Unknown|Unknown
EVS03019,Unknown,Unknown,34.168428,-118.391663,Tesla,AC Level 2,350,2,700,3,0.35,No,24/7,2018,8,Ultra-Fast Charging,233.33,113,Unknown|Unknown
EVS03020,Unknown,Unknown,43.719246,-79.408437,Tesla,DC Fast Charger,50,7,350,10,0.47,No,9:00-18:00,2017,9,Fast Charging,35.0,137,Unknown|Unknown
EVS03021,Unknown,Unknown,-15.83208,173.645478,ChargePoint,AC Level 1,350,6,2100,10,0.37,Yes,9:00-18:00,2014,12,Ultra-Fast Charging,210.0,72,Unknown|Unknown
EVS03022,Unknown,Unknown,41.857051,-87.731588,Greenlots,DC Fast Charger,50,2,100,4,0.16,Yes,6:00-22:00,2011,15,Fast Charging,25.0,36,Unknown|Unknown
EVS03023,Unknown,Unknown,55.842868,37.685456,ChargePoint,DC Fast Charger,22,5,110,8,0.17,No,9:00-18:00,2023,3,Destination/AC,13.75,78,Unknown|Unknown
EVS03024,Unknown,Unknown,19.092205,72.806552,ChargePoint,AC Level 2,22,6,132,9,0.48,Yes,9:00-18:00,2012,14,Destination/AC,14.67,47,Unknown|Unknown
EVS03025,Unknown,Unknown,37.856704,-122.353484,Greenlots,AC Level 2,22,3,66,6,0.44,Yes,9:00-18:00,2015,11,Destination/AC,11.0,76,Unknown|Unknown
EVS03026,Unknown,Unknown,-33.82082,18.431778,EVgo,AC Level 1,22,7,154,8,0.3,No,24/7,2020,6,Destination/AC,19.25,118,Unknown|Unknown
EVS03027,Unknown,Unknown,-23.545549,-46.609975,Ionity,DC Fast Charger,22,1,22,2,0.26,Yes,6:00-22:00,2013,13,Destination/AC,11.0,33,Unknown|Unknown
EVS03028,Unknown,Unknown,43.613331,-79.407653,Ionity,AC Level 2,150,2,300,4,0.36,No,24/7,2012,14,Fast Charging,75.0,138,Unknown|Unknown
EVS03029,Unknown,Unknown,41.826564,-87.734855,ChargePoint,AC Level 1,350,2,700,3,0.39,No,9:00-18:00,2020,6,Ultra-Fast Charging,233.33,52,Unknown|Unknown
EVS03030,Unknown,Unknown,37.869878,-122.35067,Tesla,AC Level 1,350,1,350,1,0.16,No,9:00-18:00,2012,14,Ultra-Fast Charging,350.0,162,Unknown|Unknown
EVS03031,Unknown,Unknown,-16.713395,-130.171244,Tesla,DC Fast Charger,150,2,300,4,0.27,No,6:00-22:00,2018,8,Fast Charging,75.0,135,Unknown|Unknown
EVS03032,Unknown,Unknown,39.887847,116.444073,Tesla,AC Level 2,350,2,700,3,0.33,Yes,6:00-22:00,2021,5,Ultra-Fast Charging,233.33,59,Unknown|Unknown
EVS03033,Unknown,Unknown,-33.709035,151.220449,EVgo,DC Fast Charger,22,1,22,2,0.25,No,6:00-22:00,2015,11,Destination/AC,11.0,107,Unknown|Unknown
EVS03034,Unknown,Unknown,39.980344,116.3038,Greenlots,DC Fast Charger,50,3,150,5,0.22,Yes,6:00-22:00,2017,9,Fast Charging,30.0,33,Unknown|Unknown
EVS03035,Unknown,Unknown,-33.816025,18.545695,Tesla,DC Fast Charger,22,8,176,10,0.32,No,6:00-22:00,2014,12,Destination/AC,17.6,31,Unknown|Unknown
EVS03036,Unknown,Unknown,34.166227,-118.34982,Greenlots,AC Level 1,150,1,150,1,0.22,Yes,24/7,2023,3,Fast Charging,150.0,172,Unknown|Unknown
EVS03037,Unknown,Unknown,55.717026,37.665556,Greenlots,AC Level 2,22,6,132,10,0.33,No,6:00-22:00,2016,10,Destination/AC,13.2,147,Unknown|Unknown
EVS03038,Unknown,Unknown,41.823383,-87.700629,Tesla,DC Fast Charger,350,6,2100,9,0.48,Yes,24/7,2023,3,Ultra-Fast Charging,233.33,40,Unknown|Unknown
EVS03039,Unknown,Unknown,55.898205,37.509138,EVgo,AC Level 1,50,3,150,5,0.17,No,24/7,2018,8,Fast Charging,30.0,61,Unknown|Unknown
EVS03040,Unknown,Unknown,25.291512,55.33418,Ionity,DC Fast Charger,50,1,50,3,0.38,Yes,9:00-18:00,2016,10,Fast Charging,16.67,47,Unknown|Unknown
EVS03041,Unknown,Unknown,-6.958097,-2.60083,Tesla,AC Level 2,50,1,50,1,0.3,No,24/7,2023,3,Fast Charging,50.0,80,Unknown|Unknown
EVS03042,Unknown,Unknown,52.430695,13.499543,Greenlots,AC Level 2,150,6,900,9,0.44,No,9:00-18:00,2011,15,Fast Charging,100.0,63,Unknown|Unknown
EVS03043,Unknown,Unknown,-33.715082,18.493575,Greenlots,DC Fast Charger,22,1,22,1,0.5,No,9:00-18:00,2015,11,Destination/AC,22.0,69,Unknown|Unknown
EVS03044,Unknown,Unknown,37.538512,127.090963,Tesla,DC Fast Charger,350,1,350,1,0.43,No,9:00-18:00,2021,5,Ultra-Fast Charging,350.0,102,Unknown|Unknown
EVS03045,Unknown,Unknown,39.968385,116.358077,Ionity,DC Fast Charger,350,3,1050,5,0.21,Yes,24/7,2012,14,Ultra-Fast Charging,210.0,46,Unknown|Unknown
EVS03046,Unknown,Unknown,43.726047,-79.496278,EVgo,AC Level 1,150,3,450,6,0.16,No,24/7,2013,13,Fast Charging,75.0,160,Unknown|Unknown
EVS03047,Unknown,Unknown,19.47277,-99.01705,Greenlots,AC Level 2,50,3,150,3,0.46,Yes,24/7,2021,5,Fast Charging,50.0,135,Unknown|Unknown
EVS03048,Unknown,Unknown,-33.756294,18.544251,Ionity,AC Level 2,350,3,1050,5,0.18,No,6:00-22:00,2022,4,Ultra-Fast Charging,210.0,140,Unknown|Unknown
EVS03049,Unknown,Unknown,43.679091,-79.381445,Tesla,AC Level 2,150,3,450,4,0.14,No,9:00-18:00,2017,9,Fast Charging,112.5,42,Unknown|Unknown
EVS03050,Unknown,Unknown,19.490343,-99.066385,Tesla,AC Level 2,150,4,600,6,0.4,Yes,24/7,2021,5,Fast Charging,100.0,131,Unknown|Unknown
EVS03051,Unknown,Unknown,-63.819347,-112.025271,EVgo,DC Fast Charger,150,6,900,10,0.48,Yes,9:00-18:00,2013,13,Fast Charging,90.0,152,Unknown|Unknown
EVS03052,Unknown,Unknown,55.745023,37.577208,ChargePoint,AC Level 1,50,1,50,1,0.37,No,6:00-22:00,2016,10,Fast Charging,50.0,43,Unknown|Unknown
EVS03053,Unknown,Unknown,37.560597,127.035747,ChargePoint,DC Fast Charger,150,4,600,6,0.42,Yes,9:00-18:00,2019,7,Fast Charging,100.0,138,Unknown|Unknown
EVS03054,Unknown,Unknown,39.937526,116.202052,Greenlots,AC Level 2,350,1,350,1,0.11,Yes,6:00-22:00,2010,16,Ultra-Fast Charging,350.0,74,Unknown|Unknown
EVS03055,Unknown,Unknown,55.835792,37.508116,Greenlots,AC Level 2,350,2,700,3,0.24,Yes,6:00-22:00,2023,3,Ultra-Fast Charging,233.33,144,Unknown|Unknown
EVS03056,Unknown,Unknown,34.023265,-118.26801,Greenlots,AC Level 2,50,8,400,10,0.33,Yes,9:00-18:00,2020,6,Fast Charging,40.0,93,Unknown|Unknown
EVS03057,Unknown,Unknown,-33.851043,18.484275,Greenlots,DC Fast Charger,50,5,250,8,0.14,No,6:00-22:00,2015,11,Fast Charging,31.25,147,Unknown|Unknown
EVS03058,Unknown,Unknown,-33.883962,151.309743,Greenlots,AC Level 1,50,3,150,5,0.37,Yes,9:00-18:00,2011,15,Fast Charging,30.0,39,Unknown|Unknown
EVS03059,Unknown,Unknown,19.072472,72.876445,Tesla,DC Fast Charger,50,5,250,7,0.36,No,6:00-22:00,2017,9,Fast Charging,35.71,79,Unknown|Unknown
EVS03060,Unknown,Unknown,25.279226,55.235413,ChargePoint,AC Level 1,150,4,600,7,0.19,Yes,24/7,2023,3,Fast Charging,85.71,60,Unknown|Unknown
EVS03061,Unknown,Unknown,-21.562677,-115.182177,Tesla,AC Level 1,150,7,1050,9,0.45,No,6:00-22:00,2016,10,Fast Charging,116.67,55,Unknown|Unknown
EVS03062,Unknown,Unknown,39.897845,116.340046,EVgo,DC Fast Charger,150,4,600,7,0.17,No,24/7,2020,6,Fast Charging,85.71,65,Unknown|Unknown
EVS03063,Unknown,Unknown,39.985366,116.230446,Tesla,DC Fast Charger,50,2,100,5,0.19,No,24/7,2011,15,Fast Charging,20.0,78,Unknown|Unknown
EVS03064,Unknown,Unknown,41.964004,-87.757969,EVgo,AC Level 1,50,2,100,3,0.35,Yes,6:00-22:00,2014,12,Fast Charging,33.33,36,Unknown|Unknown
EVS03065,Unknown,Unknown,37.51408,126.909302,Ionity,AC Level 1,50,7,350,8,0.24,Yes,9:00-18:00,2023,3,Fast Charging,43.75,131,Unknown|Unknown
EVS03066,Unknown,Unknown,-23.670042,-46.617479,Tesla,AC Level 2,50,3,150,5,0.18,No,24/7,2021,5,Fast Charging,30.0,105,Unknown|Unknown
EVS03067,Unknown,Unknown,55.845879,37.540372,Greenlots,AC Level 1,22,2,44,3,0.15,Yes,24/7,2015,11,Destination/AC,14.67,151,Unknown|Unknown
EVS03068,Unknown,Unknown,41.972503,-87.740962,ChargePoint,AC Level 1,50,3,150,6,0.41,No,24/7,2013,13,Fast Charging,25.0,131,Unknown|Unknown
EVS03069,Unknown,Unknown,18.937571,72.924802,Ionity,DC Fast Charger,22,5,110,9,0.23,No,6:00-22:00,2023,3,Destination/AC,12.22,39,Unknown|Unknown
EVS03070,Unknown,Unknown,39.877161,116.435007,Ionity,AC Level 1,22,6,132,7,0.28,Yes,6:00-22:00,2019,7,Destination/AC,18.86,26,Unknown|Unknown
EVS03071,Unknown,Unknown,-87.992041,152.361938,Greenlots,AC Level 2,350,1,350,1,0.34,No,6:00-22:00,2018,8,Ultra-Fast Charging,350.0,84,Unknown|Unknown
EVS03072,Unknown,Unknown,25.215159,55.212093,EVgo,AC Level 1,50,2,100,5,0.37,Yes,24/7,2015,11,Fast Charging,20.0,94,Unknown|Unknown
EVS03073,Unknown,Unknown,43.757642,-79.31361,EVgo,DC Fast Charger,22,3,66,5,0.47,No,9:00-18:00,2017,9,Destination/AC,13.2,54,Unknown|Unknown
EVS03074,Unknown,Unknown,41.926035,-87.779936,ChargePoint,DC Fast Charger,50,8,400,10,0.43,Yes,24/7,2021,5,Fast Charging,40.0,144,Unknown|Unknown
EVS03075,Unknown,Unknown,18.993229,72.987962,EVgo,AC Level 2,50,3,150,6,0.16,Yes,6:00-22:00,2019,7,Fast Charging,25.0,110,Unknown|Unknown
EVS03076,Unknown,Unknown,25.288025,55.317714,ChargePoint,AC Level 2,22,1,22,2,0.13,Yes,9:00-18:00,2011,15,Destination/AC,11.0,138,Unknown|Unknown
EVS03077,Unknown,Unknown,13.750825,100.462222,Greenlots,DC Fast Charger,22,8,176,10,0.39,Yes,24/7,2014,12,Destination/AC,17.6,32,Unknown|Unknown
EVS03078,Unknown,Unknown,-33.850841,18.416349,Ionity,AC Level 2,350,7,2450,10,0.4,Yes,6:00-22:00,2015,11,Ultra-Fast Charging,245.0,149,Unknown|Unknown
EVS03079,Unknown,Unknown,37.798602,-122.350631,ChargePoint,DC Fast Charger,350,6,2100,7,0.49,Yes,6:00-22:00,2013,13,Ultra-Fast Charging,300.0,49,Unknown|Unknown
EVS03080,Unknown,Unknown,-23.585855,-46.655426,Greenlots,AC Level 2,350,3,1050,4,0.29,Yes,9:00-18:00,2013,13,Ultra-Fast Charging,262.5,88,Unknown|Unknown
EVS03081,Unknown,Unknown,11.251358,22.531802,EVgo,AC Level 1,22,7,154,10,0.16,No,6:00-22:00,2018,8,Destination/AC,15.4,87,Unknown|Unknown
EVS03082,Unknown,Unknown,25.200146,55.263709,EVgo,DC Fast Charger,50,4,200,6,0.39,No,24/7,2023,3,Fast Charging,33.33,150,Unknown|Unknown
EVS03083,Unknown,Unknown,37.603555,126.906238,ChargePoint,DC Fast Charger,350,6,2100,10,0.19,No,9:00-18:00,2014,12,Ultra-Fast Charging,210.0,60,Unknown|Unknown
EVS03084,Unknown,Unknown,37.516163,126.991267,Greenlots,AC Level 1,350,3,1050,4,0.33,Yes,9:00-18:00,2019,7,Ultra-Fast Charging,262.5,54,Unknown|Unknown
EVS03085,Unknown,Unknown,-33.74213,18.562806,Tesla,DC Fast Charger,350,4,1400,5,0.4,Yes,9:00-18:00,2021,5,Ultra-Fast Charging,280.0,71,Unknown|Unknown
EVS03086,Unknown,Unknown,37.637421,127.001271,Ionity,DC Fast Charger,150,7,1050,8,0.28,Yes,6:00-22:00,2010,16,Fast Charging,131.25,74,Unknown|Unknown
EVS03087,Unknown,Unknown,13.748694,100.409741,EVgo,AC Level 1,50,7,350,10,0.17,No,24/7,2015,11,Fast Charging,35.0,44,Unknown|Unknown
EVS03088,Unknown,Unknown,25.311835,55.200336,Ionity,DC Fast Charger,350,3,1050,6,0.46,No,9:00-18:00,2012,14,Ultra-Fast Charging,175.0,44,Unknown|Unknown
EVS03089,Unknown,Unknown,19.021714,72.908762,Tesla,DC Fast Charger,22,2,44,3,0.34,No,9:00-18:00,2021,5,Destination/AC,14.67,53,Unknown|Unknown
EVS03090,Unknown,Unknown,52.507307,13.432992,ChargePoint,AC Level 1,150,1,150,1,0.36,No,6:00-22:00,2016,10,Fast Charging,150.0,92,Unknown|Unknown
EVS03091,Unknown,Unknown,51.632459,-103.111022,Greenlots,DC Fast Charger,150,1,150,1,0.45,No,6:00-22:00,2019,7,Fast Charging,150.0,71,Unknown|Unknown
EVS03092,Unknown,Unknown,25.368138,55.310412,Tesla,AC Level 1,150,2,300,2,0.49,No,6:00-22:00,2013,13,Fast Charging,150.0,79,Unknown|Unknown
EVS03093,Unknown,Unknown,-33.758907,151.255533,EVgo,AC Level 1,22,2,44,3,0.37,Yes,6:00-22:00,2018,8,Destination/AC,14.67,133,Unknown|Unknown
EVS03094,Unknown,Unknown,39.977016,116.382368,Ionity,AC Level 2,22,2,44,4,0.28,No,24/7,2017,9,Destination/AC,11.0,54,Unknown|Unknown
EVS03095,Unknown,Unknown,55.80887,37.671864,Tesla,AC Level 1,350,5,1750,7,0.36,No,24/7,2013,13,Ultra-Fast Charging,250.0,165,Unknown|Unknown
EVS03096,Unknown,Unknown,52.572734,13.422304,Ionity,AC Level 1,350,5,1750,7,0.33,Yes,24/7,2022,4,Ultra-Fast Charging,250.0,139,Unknown|Unknown
EVS03097,Unknown,Unknown,34.118028,-118.260206,ChargePoint,AC Level 2,22,8,176,10,0.41,Yes,9:00-18:00,2013,13,Destination/AC,17.6,43,Unknown|Unknown
EVS03098,Unknown,Unknown,19.080206,72.842908,Tesla,AC Level 2,350,6,2100,9,0.45,No,9:00-18:00,2017,9,Ultra-Fast Charging,233.33,66,Unknown|Unknown
EVS03099,Unknown,Unknown,13.811653,100.451271,ChargePoint,DC Fast Charger,22,7,154,10,0.4,No,24/7,2013,13,Destination/AC,15.4,45,Unknown|Unknown
EVS03100,Unknown,Unknown,41.839709,-87.791775,Tesla,AC Level 1,22,6,132,9,0.44,Yes,9:00-18:00,2015,11,Destination/AC,14.67,60,Unknown|Unknown
EVS03101,Unknown,Unknown,71.19371,76.275234,Ionity,AC Level 2,22,1,22,1,0.31,Yes,6:00-22:00,2019,7,Destination/AC,22.0,75,Unknown|Unknown
EVS03102,Unknown,Unknown,39.964942,116.418174,EVgo,AC Level 1,50,2,100,4,0.38,Yes,9:00-18:00,2018,8,Fast Charging,25.0,36,Unknown|Unknown
EVS03103,Unknown,Unknown,-23.582709,-46.500355,Greenlots,AC Level 2,350,3,1050,4,0.32,No,6:00-22:00,2018,8,Ultra-Fast Charging,262.5,17,Unknown|Unknown
EVS03104,Unknown,Unknown,13.807292,100.479018,Tesla,AC Level 1,50,4,200,5,0.4,Yes,6:00-22:00,2020,6,Fast Charging,40.0,87,Unknown|Unknown
EVS03105,Unknown,Unknown,55.865267,37.609647,EVgo,AC Level 1,350,6,2100,9,0.22,Yes,6:00-22:00,2016,10,Ultra-Fast Charging,233.33,130,Unknown|Unknown
EVS03106,Unknown,Unknown,-33.874634,18.586231,Greenlots,DC Fast Charger,150,7,1050,10,0.26,Yes,6:00-22:00,2019,7,Fast Charging,105.0,64,Unknown|Unknown
EVS03107,Unknown,Unknown,19.142981,72.887283,Greenlots,AC Level 1,22,1,22,3,0.5,Yes,9:00-18:00,2019,7,Destination/AC,7.33,156,Unknown|Unknown
EVS03108,Unknown,Unknown,19.594166,-99.170461,EVgo,AC Level 1,350,4,1400,6,0.18,Yes,24/7,2012,14,Ultra-Fast Charging,233.33,75,Unknown|Unknown
EVS03109,Unknown,Unknown,34.182577,-118.394449,Greenlots,DC Fast Charger,150,5,750,8,0.42,Yes,9:00-18:00,2020,6,Fast Charging,93.75,163,Unknown|Unknown
EVS03110,Unknown,Unknown,37.754898,-122.351781,EVgo,AC Level 1,22,3,66,4,0.39,No,9:00-18:00,2021,5,Destination/AC,16.5,53,Unknown|Unknown
EVS03111,Unknown,Unknown,3.720514,-110.888786,Greenlots,AC Level 1,350,3,1050,7,0.24,Yes,24/7,2014,12,Ultra-Fast Charging,150.0,103,Unknown|Unknown
EVS03112,Unknown,Unknown,-33.702219,18.598739,ChargePoint,AC Level 1,22,1,22,2,0.41,No,9:00-18:00,2012,14,Destination/AC,11.0,140,Unknown|Unknown
EVS03113,Unknown,Unknown,-23.591312,-46.537106,ChargePoint,AC Level 1,50,2,100,4,0.49,No,24/7,2022,4,Fast Charging,25.0,24,Unknown|Unknown
EVS03114,Unknown,Unknown,-23.606252,-46.54005,Ionity,DC Fast Charger,22,7,154,10,0.46,No,9:00-18:00,2010,16,Destination/AC,15.4,168,Unknown|Unknown
EVS03115,Unknown,Unknown,43.731092,-79.390702,Greenlots,AC Level 2,350,1,350,2,0.35,Yes,24/7,2010,16,Ultra-Fast Charging,175.0,75,Unknown|Unknown
EVS03116,Unknown,Unknown,19.147316,72.868608,Ionity,AC Level 1,50,4,200,7,0.43,No,9:00-18:00,2018,8,Fast Charging,28.57,97,Unknown|Unknown
EVS03117,Unknown,Unknown,52.487462,13.338153,Tesla,AC Level 2,22,3,66,5,0.43,Yes,9:00-18:00,2017,9,Destination/AC,13.2,118,Unknown|Unknown
EVS03118,Unknown,Unknown,-33.878585,18.407882,Ionity,AC Level 1,350,5,1750,6,0.25,Yes,9:00-18:00,2015,11,Ultra-Fast Charging,291.67,121,Unknown|Unknown
EVS03119,Unknown,Unknown,-33.812058,18.522012,Tesla,AC Level 2,350,7,2450,10,0.14,Yes,24/7,2016,10,Ultra-Fast Charging,245.0,18,Unknown|Unknown
EVS03120,Unknown,Unknown,19.504928,-99.136103,Greenlots,AC Level 1,150,3,450,7,0.39,No,6:00-22:00,2023,3,Fast Charging,64.29,158,Unknown|Unknown
EVS03121,Unknown,Unknown,-27.932897,18.009528,Tesla,AC Level 2,350,3,1050,5,0.39,Yes,9:00-18:00,2014,12,Ultra-Fast Charging,210.0,117,Unknown|Unknown
EVS03122,Unknown,Unknown,34.159967,-118.257837,Tesla,AC Level 2,350,6,2100,10,0.37,Yes,6:00-22:00,2015,11,Ultra-Fast Charging,210.0,179,Unknown|Unknown
EVS03123,Unknown,Unknown,37.665469,127.071764,Greenlots,AC Level 2,150,3,450,4,0.39,No,9:00-18:00,2018,8,Fast Charging,112.5,92,Unknown|Unknown
EVS03124,Unknown,Unknown,41.884121,-87.703235,ChargePoint,AC Level 2,350,6,2100,8,0.3,No,9:00-18:00,2012,14,Ultra-Fast Charging,262.5,116,Unknown|Unknown
EVS03125,Unknown,Unknown,52.599086,13.358336,Greenlots,AC Level 2,150,4,600,9,0.24,Yes,24/7,2012,14,Fast Charging,66.67,87,Unknown|Unknown
EVS03126,Unknown,Unknown,25.365836,55.342977,ChargePoint,AC Level 1,50,6,300,8,0.49,No,9:00-18:00,2011,15,Fast Charging,37.5,161,Unknown|Unknown
EVS03127,Unknown,Unknown,18.927312,72.810445,Greenlots,AC Level 1,22,1,22,1,0.3,No,9:00-18:00,2014,12,Destination/AC,22.0,152,Unknown|Unknown
EVS03128,Unknown,Unknown,37.541172,126.957733,ChargePoint,AC Level 2,350,5,1750,7,0.48,Yes,9:00-18:00,2014,12,Ultra-Fast Charging,250.0,164,Unknown|Unknown
EVS03129,Unknown,Unknown,55.846769,37.595022,EVgo,AC Level 2,22,1,22,1,0.41,Yes,6:00-22:00,2019,7,Destination/AC,22.0,98,Unknown|Unknown
EVS03130,Unknown,Unknown,55.762721,37.6341,Tesla,AC Level 2,22,6,132,10,0.36,No,9:00-18:00,2017,9,Destination/AC,13.2,145,Unknown|Unknown
EVS03131,Unknown,Unknown,17.916013,-143.905268,ChargePoint,AC Level 2,150,5,750,8,0.35,Yes,9:00-18:00,2010,16,Fast Charging,93.75,74,Unknown|Unknown
EVS03132,Unknown,Unknown,-33.80786,151.271832,Ionity,DC Fast Charger,350,1,350,1,0.3,No,6:00-22:00,2012,14,Ultra-Fast Charging,350.0,91,Unknown|Unknown
EVS03133,Unknown,Unknown,37.893189,-122.470623,Greenlots,DC Fast Charger,50,6,300,10,0.33,Yes,6:00-22:00,2012,14,Fast Charging,30.0,140,Unknown|Unknown
EVS03134,Unknown,Unknown,25.372153,55.264046,Ionity,AC Level 1,350,5,1750,10,0.41,No,6:00-22:00,2011,15,Ultra-Fast Charging,175.0,28,Unknown|Unknown
EVS03135,Unknown,Unknown,41.92287,-87.636892,Ionity,DC Fast Charger,50,1,50,3,0.36,No,6:00-22:00,2010,16,Fast Charging,16.67,132,Unknown|Unknown
EVS03136,Unknown,Unknown,34.061207,-118.310312,Tesla,AC Level 1,150,6,900,9,0.16,No,6:00-22:00,2023,3,Fast Charging,100.0,17,Unknown|Unknown
EVS03137,Unknown,Unknown,19.422827,-99.134455,Ionity,AC Level 1,150,4,600,8,0.26,Yes,24/7,2017,9,Fast Charging,75.0,110,Unknown|Unknown
EVS03138,Unknown,Unknown,41.955795,-87.785392,Tesla,AC Level 1,22,2,44,3,0.15,No,9:00-18:00,2014,12,Destination/AC,14.67,93,Unknown|Unknown
EVS03139,Unknown,Unknown,18.935914,72.808763,Ionity,DC Fast Charger,50,1,50,3,0.3,Yes,24/7,2010,16,Fast Charging,16.67,92,Unknown|Unknown
EVS03140,Unknown,Unknown,25.211784,55.268135,ChargePoint,AC Level 2,22,1,22,1,0.49,No,24/7,2019,7,Destination/AC,22.0,96,Unknown|Unknown
EVS03141,Unknown,Unknown,54.63608,-100.919367,Ionity,AC Level 1,22,3,66,5,0.19,Yes,9:00-18:00,2013,13,Destination/AC,13.2,96,Unknown|Unknown
EVS03142,Unknown,Unknown,52.469042,13.479773,ChargePoint,DC Fast Charger,350,6,2100,8,0.42,No,6:00-22:00,2013,13,Ultra-Fast Charging,262.5,82,Unknown|Unknown
EVS03143,Unknown,Unknown,52.543307,13.494427,Ionity,DC Fast Charger,50,5,250,6,0.39,No,6:00-22:00,2020,6,Fast Charging,41.67,89,Unknown|Unknown
EVS03144,Unknown,Unknown,41.973583,-87.691649,Ionity,AC Level 2,350,5,1750,9,0.44,No,24/7,2015,11,Ultra-Fast Charging,194.44,108,Unknown|Unknown
EVS03145,Unknown,Unknown,37.896912,-122.402622,ChargePoint,AC Level 1,150,5,750,7,0.21,No,24/7,2021,5,Fast Charging,107.14,140,Unknown|Unknown
EVS03146,Unknown,Unknown,34.047676,-118.275045,ChargePoint,AC Level 1,150,2,300,4,0.12,Yes,24/7,2022,4,Fast Charging,75.0,106,Unknown|Unknown
EVS03147,Unknown,Unknown,37.793338,-122.38324,Tesla,AC Level 1,350,3,1050,5,0.37,Yes,9:00-18:00,2018,8,Ultra-Fast Charging,210.0,121,Unknown|Unknown
EVS03148,Unknown,Unknown,55.725457,37.536718,EVgo,DC Fast Charger,22,3,66,7,0.21,No,6:00-22:00,2021,5,Destination/AC,9.43,153,Unknown|Unknown
EVS03149,Unknown,Unknown,37.597397,127.0358,Ionity,DC Fast Charger,150,2,300,3,0.16,Yes,9:00-18:00,2018,8,Fast Charging,100.0,178,Unknown|Unknown
EVS03150,Unknown,Unknown,13.701694,100.575355,Tesla,AC Level 1,22,2,44,3,0.31,Yes,24/7,2023,3,Destination/AC,14.67,32,Unknown|Unknown
EVS03151,Unknown,Unknown,64.377673,6.050466,Tesla,AC Level 1,150,2,300,3,0.18,Yes,24/7,2021,5,Fast Charging,100.0,132,Unknown|Unknown
EVS03152,Unknown,Unknown,-33.736109,18.525807,EVgo,DC Fast Charger,150,4,600,6,0.23,No,9:00-18:00,2017,9,Fast Charging,100.0,52,Unknown|Unknown
EVS03153,Unknown,Unknown,52.470756,13.487794,Ionity,DC Fast Charger,22,7,154,10,0.16,No,6:00-22:00,2023,3,Destination/AC,15.4,47,Unknown|Unknown
EVS03154,Unknown,Unknown,52.451215,13.3047,Greenlots,DC Fast Charger,50,1,50,2,0.24,Yes,9:00-18:00,2017,9,Fast Charging,25.0,145,Unknown|Unknown
EVS03155,Unknown,Unknown,-33.770181,151.338611,Ionity,DC Fast Charger,50,5,250,9,0.44,Yes,24/7,2022,4,Fast Charging,27.78,26,Unknown|Unknown
EVS03156,Unknown,Unknown,19.40436,-99.006037,Ionity,AC Level 2,22,2,44,4,0.44,Yes,6:00-22:00,2013,13,Destination/AC,11.0,154,Unknown|Unknown
EVS03157,Unknown,Unknown,19.567757,-99.189174,Greenlots,AC Level 2,22,4,88,5,0.26,Yes,6:00-22:00,2016,10,Destination/AC,17.6,142,Unknown|Unknown
EVS03158,Unknown,Unknown,-23.565636,-46.63447,Tesla,AC Level 2,350,6,2100,8,0.27,No,24/7,2014,12,Ultra-Fast Charging,262.5,179,Unknown|Unknown
EVS03159,Unknown,Unknown,39.803027,116.31605,Ionity,AC Level 1,150,1,150,1,0.34,Yes,9:00-18:00,2010,16,Fast Charging,150.0,125,Unknown|Unknown
EVS03160,Unknown,Unknown,-23.581981,-46.633778,Ionity,AC Level 2,50,4,200,6,0.38,Yes,24/7,2014,12,Fast Charging,33.33,159,Unknown|Unknown
EVS03161,Unknown,Unknown,-31.151785,-32.629663,EVgo,AC Level 2,350,5,1750,8,0.25,Yes,6:00-22:00,2016,10,Ultra-Fast Charging,218.75,34,Unknown|Unknown
EVS03162,Unknown,Unknown,37.641488,127.023796,EVgo,AC Level 1,150,1,150,2,0.14,No,6:00-22:00,2015,11,Fast Charging,75.0,161,Unknown|Unknown
EVS03163,Unknown,Unknown,37.789011,-122.439273,Tesla,AC Level 1,50,1,50,1,0.34,No,24/7,2020,6,Fast Charging,50.0,41,Unknown|Unknown
EVS03164,Unknown,Unknown,39.807233,116.212202,Greenlots,DC Fast Charger,150,4,600,8,0.27,Yes,6:00-22:00,2023,3,Fast Charging,75.0,66,Unknown|Unknown
EVS03165,Unknown,Unknown,19.120254,72.962312,ChargePoint,AC Level 1,150,3,450,6,0.48,No,6:00-22:00,2012,14,Fast Charging,75.0,36,Unknown|Unknown
EVS03166,Unknown,Unknown,52.410251,13.323201,Tesla,DC Fast Charger,150,4,600,6,0.21,No,24/7,2023,3,Fast Charging,100.0,81,Unknown|Unknown
EVS03167,Unknown,Unknown,37.591642,127.053352,EVgo,AC Level 2,350,6,2100,10,0.28,Yes,9:00-18:00,2021,5,Ultra-Fast Charging,210.0,138,Unknown|Unknown
EVS03168,Unknown,Unknown,13.873747,100.463257,Tesla,DC Fast Charger,350,4,1400,5,0.22,Yes,9:00-18:00,2021,5,Ultra-Fast Charging,280.0,59,Unknown|Unknown
EVS03169,Unknown,Unknown,25.218768,55.222108,EVgo,AC Level 1,150,3,450,4,0.2,Yes,9:00-18:00,2019,7,Fast Charging,112.5,150,Unknown|Unknown
EVS03170,Unknown,Unknown,-23.583653,-46.550653,EVgo,AC Level 1,50,2,100,3,0.17,Yes,24/7,2013,13,Fast Charging,33.33,115,Unknown|Unknown
EVS03171,Unknown,Unknown,68.453494,109.175544,Greenlots,AC Level 1,50,6,300,9,0.2,Yes,24/7,2023,3,Fast Charging,33.33,118,Unknown|Unknown
EVS03172,Unknown,Unknown,19.524601,-99.064131,EVgo,DC Fast Charger,350,1,350,1,0.38,Yes,24/7,2021,5,Ultra-Fast Charging,350.0,169,Unknown|Unknown
EVS03173,Unknown,Unknown,39.804212,116.268323,Tesla,AC Level 1,150,3,450,5,0.31,Yes,6:00-22:00,2017,9,Fast Charging,90.0,86,Unknown|Unknown
EVS03174,Unknown,Unknown,19.092783,72.957799,Ionity,DC Fast Charger,22,3,66,5,0.33,No,24/7,2010,16,Destination/AC,13.2,71,Unknown|Unknown
EVS03175,Unknown,Unknown,-33.864402,151.291719,EVgo,DC Fast Charger,350,7,2450,10,0.37,No,24/7,2023,3,Ultra-Fast Charging,245.0,179,Unknown|Unknown
EVS03176,Unknown,Unknown,39.849748,116.43814,Greenlots,AC Level 2,50,6,300,7,0.33,No,9:00-18:00,2022,4,Fast Charging,42.86,106,Unknown|Unknown
EVS03177,Unknown,Unknown,37.715816,-122.353641,Tesla,AC Level 2,150,4,600,7,0.32,Yes,9:00-18:00,2021,5,Fast Charging,85.71,116,Unknown|Unknown
EVS03178,Unknown,Unknown,-33.715382,18.554379,Greenlots,DC Fast Charger,150,5,750,8,0.44,No,24/7,2023,3,Fast Charging,93.75,63,Unknown|Unknown
EVS03179,Unknown,Unknown,37.875913,-122.446976,EVgo,AC Level 2,50,7,350,9,0.5,Yes,9:00-18:00,2021,5,Fast Charging,38.89,50,Unknown|Unknown
EVS03180,Unknown,Unknown,19.169105,72.843351,ChargePoint,DC Fast Charger,350,1,350,2,0.45,No,9:00-18:00,2010,16,Ultra-Fast Charging,175.0,43,Unknown|Unknown
EVS03181,Unknown,Unknown,34.157692,121.179647,Ionity,AC Level 2,350,2,700,2,0.29,Yes,6:00-22:00,2023,3,Ultra-Fast Charging,350.0,51,Unknown|Unknown
EVS03182,Unknown,Unknown,25.265182,55.362704,Ionity,DC Fast Charger,50,6,300,10,0.11,Yes,9:00-18:00,2010,16,Fast Charging,30.0,47,Unknown|Unknown
EVS03183,Unknown,Unknown,-23.608149,-46.555027,EVgo,AC Level 1,150,3,450,5,0.16,No,9:00-18:00,2020,6,Fast Charging,90.0,138,Unknown|Unknown
EVS03184,Unknown,Unknown,25.374507,55.271006,Tesla,DC Fast Charger,150,7,1050,10,0.45,Yes,6:00-22:00,2022,4,Fast Charging,105.0,24,Unknown|Unknown
EVS03185,Unknown,Unknown,39.99108,116.38596,Ionity,DC Fast Charger,150,1,150,1,0.41,Yes,24/7,2018,8,Fast Charging,150.0,118,Unknown|Unknown
EVS03186,Unknown,Unknown,19.421058,-99.197268,ChargePoint,AC Level 1,350,1,350,1,0.16,Yes,24/7,2015,11,Ultra-Fast Charging,350.0,171,Unknown|Unknown
EVS03187,Unknown,Unknown,13.859597,100.513305,ChargePoint,AC Level 1,150,1,150,1,0.37,Yes,6:00-22:00,2015,11,Fast Charging,150.0,141,Unknown|Unknown
EVS03188,Unknown,Unknown,-33.819789,18.424459,Greenlots,AC Level 2,22,5,110,9,0.41,No,24/7,2019,7,Destination/AC,12.22,81,Unknown|Unknown
EVS03189,Unknown,Unknown,-33.740785,18.48606,Tesla,AC Level 2,50,3,150,4,0.15,Yes,6:00-22:00,2017,9,Fast Charging,37.5,24,Unknown|Unknown
EVS03190,Unknown,Unknown,-23.647972,-46.657321,Greenlots,AC Level 1,50,6,300,8,0.24,Yes,24/7,2022,4,Fast Charging,37.5,152,Unknown|Unknown
EVS03191,Unknown,Unknown,61.039986,-63.718519,EVgo,AC Level 1,150,5,750,7,0.24,No,9:00-18:00,2013,13,Fast Charging,107.14,15,Unknown|Unknown
EVS03192,Unknown,Unknown,37.831545,-122.417423,Tesla,DC Fast Charger,150,4,600,9,0.27,No,24/7,2019,7,Fast Charging,66.67,127,Unknown|Unknown
EVS03193,Unknown,Unknown,-33.870194,18.510326,Tesla,AC Level 2,50,2,100,3,0.35,No,24/7,2018,8,Fast Charging,33.33,125,Unknown|Unknown
EVS03194,Unknown,Unknown,39.983369,116.31703,EVgo,AC Level 2,350,6,2100,8,0.4,No,24/7,2012,14,Ultra-Fast Charging,262.5,46,Unknown|Unknown
EVS03195,Unknown,Unknown,13.874038,100.405449,ChargePoint,AC Level 2,350,5,1750,7,0.2,No,24/7,2014,12,Ultra-Fast Charging,250.0,137,Unknown|Unknown
EVS03196,Unknown,Unknown,41.986973,-87.691502,ChargePoint,AC Level 2,150,1,150,2,0.4,Yes,9:00-18:00,2012,14,Fast Charging,75.0,43,Unknown|Unknown
EVS03197,Unknown,Unknown,-23.610887,-46.619099,EVgo,AC Level 1,150,2,300,4,0.36,Yes,24/7,2017,9,Fast Charging,75.0,52,Unknown|Unknown
EVS03198,Unknown,Unknown,37.602351,126.926082,Tesla,DC Fast Charger,22,2,44,3,0.2,No,6:00-22:00,2020,6,Destination/AC,14.67,148,Unknown|Unknown
EVS03199,Unknown,Unknown,-23.524334,-46.520095,ChargePoint,DC Fast Charger,350,3,1050,4,0.48,Yes,24/7,2011,15,Ultra-Fast Charging,262.5,176,Unknown|Unknown
EVS03200,Unknown,Unknown,41.944509,-87.636326,EVgo,AC Level 1,150,1,150,2,0.26,No,6:00-22:00,2011,15,Fast Charging,75.0,58,Unknown|Unknown
EVS03201,Unknown,Unknown,61.155472,-44.226931,ChargePoint,AC Level 1,350,4,1400,5,0.45,No,6:00-22:00,2019,7,Ultra-Fast Charging,280.0,167,Unknown|Unknown
EVS03202,Unknown,Unknown,19.069509,72.809429,Ionity,DC Fast Charger,150,1,150,2,0.4,Yes,24/7,2011,15,Fast Charging,75.0,165,Unknown|Unknown
EVS03203,Unknown,Unknown,-23.562312,-46.692687,Ionity,AC Level 1,350,1,350,1,0.45,No,9:00-18:00,2018,8,Ultra-Fast Charging,350.0,141,Unknown|Unknown
EVS03204,Unknown,Unknown,34.189639,-118.380686,Greenlots,AC Level 1,50,3,150,4,0.26,No,6:00-22:00,2022,4,Fast Charging,37.5,38,Unknown|Unknown
EVS03205,Unknown,Unknown,37.740644,-122.434554,Greenlots,AC Level 2,350,6,2100,9,0.43,Yes,9:00-18:00,2011,15,Ultra-Fast Charging,233.33,64,Unknown|Unknown
EVS03206,Unknown,Unknown,43.694652,-79.422817,Tesla,AC Level 1,50,5,250,8,0.49,Yes,9:00-18:00,2013,13,Fast Charging,31.25,126,Unknown|Unknown
EVS03207,Unknown,Unknown,19.558824,-99.049271,Ionity,DC Fast Charger,22,3,66,4,0.15,No,9:00-18:00,2012,14,Destination/AC,16.5,179,Unknown|Unknown
EVS03208,Unknown,Unknown,52.415668,13.32781,Greenlots,DC Fast Charger,150,3,450,4,0.49,No,24/7,2011,15,Fast Charging,112.5,149,Unknown|Unknown
EVS03209,Unknown,Unknown,-33.8206,18.508623,Greenlots,AC Level 2,350,3,1050,7,0.34,No,24/7,2017,9,Ultra-Fast Charging,150.0,84,Unknown|Unknown
EVS03210,Unknown,Unknown,19.576076,-99.02999,Greenlots,AC Level 1,22,4,88,6,0.23,Yes,9:00-18:00,2010,16,Destination/AC,14.67,53,Unknown|Unknown
EVS03211,Unknown,Unknown,87.316635,136.24782,ChargePoint,DC Fast Charger,150,4,600,5,0.45,No,9:00-18:00,2010,16,Fast Charging,120.0,173,Unknown|Unknown
EVS03212,Unknown,Unknown,37.550633,126.902091,EVgo,DC Fast Charger,150,4,600,6,0.14,No,6:00-22:00,2018,8,Fast Charging,100.0,60,Unknown|Unknown
EVS03213,Unknown,Unknown,-33.899081,151.354666,EVgo,AC Level 2,350,8,2800,9,0.14,No,9:00-18:00,2015,11,Ultra-Fast Charging,311.11,71,Unknown|Unknown
EVS03214,Unknown,Unknown,25.331563,55.233838,Tesla,AC Level 2,22,5,110,7,0.28,Yes,9:00-18:00,2011,15,Destination/AC,15.71,174,Unknown|Unknown
EVS03215,Unknown,Unknown,13.70698,100.549473,Greenlots,AC Level 2,150,3,450,7,0.18,Yes,24/7,2023,3,Fast Charging,64.29,107,Unknown|Unknown
EVS03216,Unknown,Unknown,-23.694982,-46.525287,EVgo,AC Level 2,350,2,700,4,0.15,No,9:00-18:00,2018,8,Ultra-Fast Charging,175.0,58,Unknown|Unknown
EVS03217,Unknown,Unknown,25.36468,55.289986,Greenlots,AC Level 2,22,2,44,2,0.16,Yes,9:00-18:00,2016,10,Destination/AC,22.0,15,Unknown|Unknown
EVS03218,Unknown,Unknown,-33.860566,18.569641,Ionity,AC Level 1,150,5,750,6,0.37,No,9:00-18:00,2023,3,Fast Charging,125.0,85,Unknown|Unknown
EVS03219,Unknown,Unknown,37.554408,127.093911,Tesla,AC Level 2,22,1,22,2,0.49,Yes,9:00-18:00,2021,5,Destination/AC,11.0,177,Unknown|Unknown
EVS03220,Unknown,Unknown,52.454822,13.412634,Greenlots,AC Level 1,150,1,150,1,0.49,Yes,6:00-22:00,2023,3,Fast Charging,150.0,86,Unknown|Unknown
EVS03221,Unknown,Unknown,48.609982,73.795317,Ionity,AC Level 1,150,3,450,4,0.49,Yes,9:00-18:00,2012,14,Fast Charging,112.5,130,Unknown|Unknown
EVS03222,Unknown,Unknown,19.150826,72.838779,ChargePoint,AC Level 2,350,5,1750,10,0.39,Yes,6:00-22:00,2010,16,Ultra-Fast Charging,175.0,56,Unknown|Unknown
EVS03223,Unknown,Unknown,37.612719,127.076864,ChargePoint,DC Fast Charger,50,1,50,2,0.29,No,9:00-18:00,2020,6,Fast Charging,25.0,142,Unknown|Unknown
EVS03224,Unknown,Unknown,19.480737,-99.14611,EVgo,DC Fast Charger,50,2,100,3,0.22,No,24/7,2019,7,Fast Charging,33.33,143,Unknown|Unknown
EVS03225,Unknown,Unknown,-33.833284,18.552628,Greenlots,AC Level 2,350,3,1050,4,0.43,Yes,24/7,2019,7,Ultra-Fast Charging,262.5,115,Unknown|Unknown
EVS03226,Unknown,Unknown,37.832085,-122.323797,ChargePoint,AC Level 1,50,7,350,9,0.33,Yes,6:00-22:00,2018,8,Fast Charging,38.89,142,Unknown|Unknown
EVS03227,Unknown,Unknown,19.118172,72.888302,Tesla,AC Level 1,150,5,750,7,0.35,Yes,24/7,2016,10,Fast Charging,107.14,110,Unknown|Unknown
EVS03228,Unknown,Unknown,39.857246,116.36527,ChargePoint,AC Level 2,350,1,350,2,0.29,No,9:00-18:00,2016,10,Ultra-Fast Charging,175.0,77,Unknown|Unknown
EVS03229,Unknown,Unknown,19.461157,-99.063283,Tesla,AC Level 2,50,5,250,6,0.28,No,9:00-18:00,2014,12,Fast Charging,41.67,136,Unknown|Unknown
EVS03230,Unknown,Unknown,19.013629,72.883028,EVgo,AC Level 2,22,4,88,7,0.11,No,6:00-22:00,2014,12,Destination/AC,12.57,152,Unknown|Unknown
EVS03231,Unknown,Unknown,9.255252,-11.835365,Greenlots,AC Level 1,22,2,44,4,0.26,Yes,24/7,2011,15,Destination/AC,11.0,153,Unknown|Unknown
EVS03232,Unknown,Unknown,37.715479,-122.358687,Ionity,AC Level 1,150,1,150,1,0.18,No,6:00-22:00,2015,11,Fast Charging,150.0,50,Unknown|Unknown
EVS03233,Unknown,Unknown,25.227234,55.284223,EVgo,DC Fast Charger,150,7,1050,9,0.19,No,9:00-18:00,2018,8,Fast Charging,116.67,126,Unknown|Unknown
EVS03234,Unknown,Unknown,-23.56971,-46.531266,Greenlots,DC Fast Charger,350,3,1050,4,0.13,No,6:00-22:00,2012,14,Ultra-Fast Charging,262.5,15,Unknown|Unknown
EVS03235,Unknown,Unknown,52.474536,13.317308,Tesla,AC Level 2,350,5,1750,9,0.41,Yes,24/7,2014,12,Ultra-Fast Charging,194.44,109,Unknown|Unknown
EVS03236,Unknown,Unknown,43.670254,-79.451767,ChargePoint,DC Fast Charger,22,4,88,5,0.3,Yes,24/7,2019,7,Destination/AC,17.6,109,Unknown|Unknown
EVS03237,Unknown,Unknown,55.839083,37.681926,Ionity,AC Level 1,150,2,300,3,0.22,No,9:00-18:00,2015,11,Fast Charging,100.0,74,Unknown|Unknown
EVS03238,Unknown,Unknown,43.711181,-79.381759,Ionity,DC Fast Charger,50,3,150,4,0.16,No,24/7,2013,13,Fast Charging,37.5,179,Unknown|Unknown
EVS03239,Unknown,Unknown,37.849016,-122.386634,EVgo,AC Level 2,350,5,1750,6,0.21,Yes,6:00-22:00,2012,14,Ultra-Fast Charging,291.67,160,Unknown|Unknown
EVS03240,Unknown,Unknown,-33.847956,151.271392,EVgo,DC Fast Charger,50,5,250,8,0.36,Yes,9:00-18:00,2016,10,Fast Charging,31.25,21,Unknown|Unknown
EVS03241,Unknown,Unknown,-0.058825,141.52983,Greenlots,AC Level 1,22,4,88,5,0.2,No,9:00-18:00,2022,4,Destination/AC,17.6,49,Unknown|Unknown
EVS03242,Unknown,Unknown,19.572231,-99.038206,Ionity,DC Fast Charger,22,1,22,1,0.1,No,24/7,2013,13,Destination/AC,22.0,49,Unknown|Unknown
EVS03243,Unknown,Unknown,13.890256,100.403039,Greenlots,AC Level 2,350,7,2450,9,0.21,Yes,6:00-22:00,2012,14,Ultra-Fast Charging,272.22,163,Unknown|Unknown
EVS03244,Unknown,Unknown,25.309531,55.323591,ChargePoint,DC Fast Charger,150,5,750,6,0.17,No,9:00-18:00,2017,9,Fast Charging,125.0,100,Unknown|Unknown
EVS03245,Unknown,Unknown,13.88922,100.571073,Ionity,DC Fast Charger,50,6,300,9,0.5,No,9:00-18:00,2010,16,Fast Charging,33.33,135,Unknown|Unknown
EVS03246,Unknown,Unknown,19.569416,-99.019255,Tesla,DC Fast Charger,50,3,150,7,0.22,No,9:00-18:00,2010,16,Fast Charging,21.43,148,Unknown|Unknown
EVS03247,Unknown,Unknown,55.885153,37.516751,EVgo,AC Level 1,150,2,300,4,0.3,Yes,6:00-22:00,2022,4,Fast Charging,75.0,141,Unknown|Unknown
EVS03248,Unknown,Unknown,13.737575,100.545573,ChargePoint,AC Level 1,22,7,154,8,0.43,No,6:00-22:00,2019,7,Destination/AC,19.25,29,Unknown|Unknown
EVS03249,Unknown,Unknown,-33.722223,151.250624,Tesla,DC Fast Charger,22,2,44,2,0.15,No,9:00-18:00,2015,11,Destination/AC,22.0,38,Unknown|Unknown
EVS03250,Unknown,Unknown,-33.768835,151.337614,Ionity,AC Level 1,150,5,750,6,0.19,No,9:00-18:00,2018,8,Fast Charging,125.0,80,Unknown|Unknown
EVS03251,Unknown,Unknown,64.122184,161.73579,Tesla,DC Fast Charger,22,2,44,4,0.19,No,24/7,2022,4,Destination/AC,11.0,70,Unknown|Unknown
EVS03252,Unknown,Unknown,37.784535,-122.378858,Tesla,AC Level 1,50,1,50,1,0.49,Yes,9:00-18:00,2010,16,Fast Charging,50.0,138,Unknown|Unknown
EVS03253,Unknown,Unknown,-33.736702,18.456898,Tesla,AC Level 2,150,5,750,7,0.48,No,6:00-22:00,2021,5,Fast Charging,107.14,40,Unknown|Unknown
EVS03254,Unknown,Unknown,34.0228,-118.297063,ChargePoint,AC Level 2,50,6,300,8,0.27,Yes,9:00-18:00,2010,16,Fast Charging,37.5,76,Unknown|Unknown
EVS03255,Unknown,Unknown,52.490454,13.474868,EVgo,DC Fast Charger,22,2,44,4,0.43,No,9:00-18:00,2012,14,Destination/AC,11.0,54,Unknown|Unknown
EVS03256,Unknown,Unknown,43.639491,-79.305894,Ionity,DC Fast Charger,50,4,200,6,0.4,No,9:00-18:00,2020,6,Fast Charging,33.33,46,Unknown|Unknown
EVS03257,Unknown,Unknown,37.762618,-122.37719,ChargePoint,DC Fast Charger,50,3,150,6,0.17,Yes,9:00-18:00,2021,5,Fast Charging,25.0,43,Unknown|Unknown
EVS03258,Unknown,Unknown,41.96166,-87.776243,Tesla,AC Level 1,50,3,150,5,0.12,No,6:00-22:00,2014,12,Fast Charging,30.0,47,Unknown|Unknown
EVS03259,Unknown,Unknown,37.701537,-122.446175,Ionity,AC Level 2,350,2,700,4,0.16,No,24/7,2019,7,Ultra-Fast Charging,175.0,108,Unknown|Unknown
EVS03260,Unknown,Unknown,43.707405,-79.33357,Greenlots,DC Fast Charger,150,1,150,1,0.16,Yes,24/7,2021,5,Fast Charging,150.0,82,Unknown|Unknown
EVS03261,Unknown,Unknown,44.431795,70.865133,Greenlots,AC Level 2,50,2,100,4,0.19,Yes,6:00-22:00,2023,3,Fast Charging,25.0,86,Unknown|Unknown
EVS03262,Unknown,Unknown,37.606224,126.956279,Tesla,AC Level 1,350,3,1050,4,0.2,No,6:00-22:00,2022,4,Ultra-Fast Charging,262.5,94,Unknown|Unknown
EVS03263,Unknown,Unknown,13.853162,100.526895,ChargePoint,DC Fast Charger,150,1,150,1,0.42,No,24/7,2011,15,Fast Charging,150.0,137,Unknown|Unknown
EVS03264,Unknown,Unknown,55.805048,37.549206,Tesla,AC Level 1,50,2,100,3,0.28,No,9:00-18:00,2014,12,Fast Charging,33.33,157,Unknown|Unknown
EVS03265,Unknown,Unknown,-33.78182,151.31633,ChargePoint,AC Level 2,22,5,110,8,0.1,Yes,24/7,2017,9,Destination/AC,13.75,101,Unknown|Unknown
EVS03266,Unknown,Unknown,19.145943,72.813608,Ionity,AC Level 1,150,6,900,9,0.2,No,6:00-22:00,2017,9,Fast Charging,100.0,120,Unknown|Unknown
EVS03267,Unknown,Unknown,13.824199,100.574205,Tesla,DC Fast Charger,22,1,22,2,0.47,No,9:00-18:00,2021,5,Destination/AC,11.0,136,Unknown|Unknown
EVS03268,Unknown,Unknown,37.85687,-122.492006,EVgo,DC Fast Charger,150,5,750,7,0.45,Yes,24/7,2019,7,Fast Charging,107.14,128,Unknown|Unknown
EVS03269,Unknown,Unknown,43.607311,-79.455133,Greenlots,AC Level 2,50,4,200,6,0.25,No,9:00-18:00,2013,13,Fast Charging,33.33,37,Unknown|Unknown
EVS03270,Unknown,Unknown,39.933648,116.357368,EVgo,DC Fast Charger,350,3,1050,4,0.46,Yes,6:00-22:00,2010,16,Ultra-Fast Charging,262.5,177,Unknown|Unknown
EVS03271,Unknown,Unknown,-68.435214,171.639929,EVgo,AC Level 1,22,5,110,7,0.49,Yes,24/7,2010,16,Destination/AC,15.71,42,Unknown|Unknown
EVS03272,Unknown,Unknown,18.90665,72.848133,ChargePoint,DC Fast Charger,50,5,250,6,0.15,No,6:00-22:00,2011,15,Fast Charging,41.67,82,Unknown|Unknown
EVS03273,Unknown,Unknown,25.317892,55.35194,ChargePoint,DC Fast Charger,22,3,66,6,0.25,Yes,24/7,2017,9,Destination/AC,11.0,122,Unknown|Unknown
EVS03274,Unknown,Unknown,-23.65902,-46.604285,Ionity,DC Fast Charger,150,6,900,9,0.47,No,24/7,2010,16,Fast Charging,100.0,81,Unknown|Unknown
EVS03275,Unknown,Unknown,-33.860955,18.420613,Tesla,AC Level 2,22,1,22,1,0.12,Yes,6:00-22:00,2016,10,Destination/AC,22.0,55,Unknown|Unknown
EVS03276,Unknown,Unknown,34.080804,-118.233743,EVgo,AC Level 1,50,1,50,1,0.46,No,24/7,2017,9,Fast Charging,50.0,167,Unknown|Unknown
EVS03277,Unknown,Unknown,-33.829669,151.251175,ChargePoint,AC Level 1,150,1,150,1,0.49,No,24/7,2016,10,Fast Charging,150.0,26,Unknown|Unknown
EVS03278,Unknown,Unknown,18.987396,72.980146,Ionity,AC Level 2,50,1,50,2,0.13,Yes,24/7,2015,11,Fast Charging,25.0,55,Unknown|Unknown
EVS03279,Unknown,Unknown,-23.607657,-46.645326,Tesla,AC Level 2,150,5,750,7,0.29,No,24/7,2010,16,Fast Charging,107.14,178,Unknown|Unknown
EVS03280,Unknown,Unknown,-23.63074,-46.682031,Greenlots,DC Fast Charger,350,1,350,2,0.29,Yes,6:00-22:00,2015,11,Ultra-Fast Charging,175.0,135,Unknown|Unknown
EVS03281,Unknown,Unknown,30.242,-114.975344,ChargePoint,AC Level 2,350,4,1400,5,0.16,No,6:00-22:00,2011,15,Ultra-Fast Charging,280.0,29,Unknown|Unknown
EVS03282,Unknown,Unknown,-33.755511,18.569884,Tesla,AC Level 2,50,1,50,1,0.12,No,6:00-22:00,2018,8,Fast Charging,50.0,139,Unknown|Unknown
EVS03283,Unknown,Unknown,55.854492,37.633686,Greenlots,AC Level 2,22,4,88,7,0.17,Yes,6:00-22:00,2016,10,Destination/AC,12.57,174,Unknown|Unknown
EVS03284,Unknown,Unknown,52.482057,13.371704,ChargePoint,AC Level 2,22,3,66,4,0.34,Yes,24/7,2022,4,Destination/AC,16.5,31,Unknown|Unknown
EVS03285,Unknown,Unknown,19.417197,-99.005679,ChargePoint,AC Level 2,350,1,350,1,0.43,No,24/7,2010,16,Ultra-Fast Charging,350.0,83,Unknown|Unknown
EVS03286,Unknown,Unknown,41.956294,-87.707761,ChargePoint,AC Level 2,50,1,50,1,0.41,No,6:00-22:00,2016,10,Fast Charging,50.0,92,Unknown|Unknown
EVS03287,Unknown,Unknown,19.425287,-99.060939,ChargePoint,AC Level 1,350,2,700,2,0.37,Yes,9:00-18:00,2019,7,Ultra-Fast Charging,350.0,36,Unknown|Unknown
EVS03288,Unknown,Unknown,34.020157,-118.334302,Greenlots,AC Level 2,50,4,200,5,0.19,No,9:00-18:00,2020,6,Fast Charging,40.0,48,Unknown|Unknown
EVS03289,Unknown,Unknown,-33.834615,18.574222,Ionity,AC Level 2,22,5,110,6,0.26,Yes,9:00-18:00,2021,5,Destination/AC,18.33,43,Unknown|Unknown
EVS03290,Unknown,Unknown,13.768321,100.408749,EVgo,AC Level 2,22,1,22,2,0.1,No,24/7,2010,16,Destination/AC,11.0,45,Unknown|Unknown
EVS03291,Unknown,Unknown,29.057846,-125.855069,ChargePoint,AC Level 1,350,3,1050,4,0.12,Yes,6:00-22:00,2010,16,Ultra-Fast Charging,262.5,81,Unknown|Unknown
EVS03292,Unknown,Unknown,25.304225,55.250597,Tesla,AC Level 1,22,3,66,4,0.24,No,6:00-22:00,2018,8,Destination/AC,16.5,91,Unknown|Unknown
EVS03293,Unknown,Unknown,55.7186,37.570891,EVgo,DC Fast Charger,22,2,44,3,0.4,No,6:00-22:00,2015,11,Destination/AC,14.67,54,Unknown|Unknown
EVS03294,Unknown,Unknown,39.986724,116.319372,Tesla,AC Level 1,350,3,1050,7,0.47,No,24/7,2020,6,Ultra-Fast Charging,150.0,62,Unknown|Unknown
EVS03295,Unknown,Unknown,37.764098,-122.381888,EVgo,AC Level 1,150,3,450,4,0.49,Yes,6:00-22:00,2020,6,Fast Charging,112.5,46,Unknown|Unknown
EVS03296,Unknown,Unknown,37.848844,-122.352622,EVgo,AC Level 1,350,5,1750,7,0.31,Yes,24/7,2011,15,Ultra-Fast Charging,250.0,146,Unknown|Unknown
EVS03297,Unknown,Unknown,-23.656905,-46.551305,Greenlots,AC Level 1,50,4,200,6,0.41,No,24/7,2021,5,Fast Charging,33.33,49,Unknown|Unknown
EVS03298,Unknown,Unknown,19.095467,72.908947,Greenlots,AC Level 2,50,8,400,10,0.2,Yes,9:00-18:00,2019,7,Fast Charging,40.0,164,Unknown|Unknown
EVS03299,Unknown,Unknown,19.511902,-99.000383,ChargePoint,DC Fast Charger,22,6,132,9,0.27,Yes,6:00-22:00,2014,12,Destination/AC,14.67,103,Unknown|Unknown
EVS03300,Unknown,Unknown,25.356144,55.260071,Greenlots,DC Fast Charger,22,1,22,1,0.35,No,24/7,2012,14,Destination/AC,22.0,147,Unknown|Unknown
EVS03301,Unknown,Unknown,-21.991237,70.9926,Greenlots,AC Level 1,350,6,2100,10,0.12,No,24/7,2022,4,Ultra-Fast Charging,210.0,120,Unknown|Unknown
EVS03302,Unknown,Unknown,25.361155,55.232748,EVgo,AC Level 1,22,4,88,6,0.44,Yes,6:00-22:00,2013,13,Destination/AC,14.67,58,Unknown|Unknown
EVS03303,Unknown,Unknown,41.950003,-87.788736,Greenlots,DC Fast Charger,22,5,110,6,0.31,Yes,24/7,2011,15,Destination/AC,18.33,114,Unknown|Unknown
EVS03304,Unknown,Unknown,-33.762058,151.36868,Greenlots,AC Level 2,150,3,450,4,0.15,No,9:00-18:00,2021,5,Fast Charging,112.5,60,Unknown|Unknown
EVS03305,Unknown,Unknown,19.568225,-99.107456,EVgo,AC Level 1,22,6,132,9,0.3,Yes,9:00-18:00,2012,14,Destination/AC,14.67,34,Unknown|Unknown
EVS03306,Unknown,Unknown,37.73601,-122.41791,Greenlots,AC Level 2,50,6,300,8,0.31,No,9:00-18:00,2023,3,Fast Charging,37.5,57,Unknown|Unknown
EVS03307,Unknown,Unknown,-33.770945,18.538625,Greenlots,DC Fast Charger,50,6,300,8,0.24,No,24/7,2020,6,Fast Charging,37.5,60,Unknown|Unknown
EVS03308,Unknown,Unknown,-33.852796,18.416072,Tesla,DC Fast Charger,350,6,2100,8,0.16,No,6:00-22:00,2012,14,Ultra-Fast Charging,262.5,37,Unknown|Unknown
EVS03309,Unknown,Unknown,55.78234,37.662451,Ionity,AC Level 2,150,1,150,2,0.22,Yes,6:00-22:00,2013,13,Fast Charging,75.0,18,Unknown|Unknown
EVS03310,Unknown,Unknown,37.67191,127.092198,EVgo,AC Level 1,350,2,700,3,0.11,No,6:00-22:00,2012,14,Ultra-Fast Charging,233.33,170,Unknown|Unknown
EVS03311,Unknown,Unknown,79.183684,132.56729,Greenlots,AC Level 2,350,2,700,3,0.37,No,6:00-22:00,2023,3,Ultra-Fast Charging,233.33,99,Unknown|Unknown
EVS03312,Unknown,Unknown,25.216592,55.333986,Ionity,AC Level 1,22,3,66,6,0.33,Yes,9:00-18:00,2011,15,Destination/AC,11.0,81,Unknown|Unknown
EVS03313,Unknown,Unknown,39.959452,116.216286,Greenlots,AC Level 1,350,4,1400,5,0.42,No,6:00-22:00,2014,12,Ultra-Fast Charging,280.0,168,Unknown|Unknown
EVS03314,Unknown,Unknown,-33.863537,18.425458,Ionity,AC Level 1,150,6,900,8,0.37,Yes,24/7,2012,14,Fast Charging,112.5,52,Unknown|Unknown
EVS03315,Unknown,Unknown,41.940072,-87.7088,Greenlots,AC Level 2,50,6,300,9,0.21,Yes,6:00-22:00,2016,10,Fast Charging,33.33,81,Unknown|Unknown
EVS03316,Unknown,Unknown,-33.844577,151.370117,EVgo,AC Level 1,50,5,250,6,0.4,No,9:00-18:00,2014,12,Fast Charging,41.67,154,Unknown|Unknown
EVS03317,Unknown,Unknown,37.560261,127.024944,Ionity,DC Fast Charger,150,6,900,10,0.14,Yes,9:00-18:00,2011,15,Fast Charging,90.0,119,Unknown|Unknown
EVS03318,Unknown,Unknown,18.91426,72.926162,EVgo,AC Level 2,22,3,66,5,0.38,Yes,9:00-18:00,2019,7,Destination/AC,13.2,80,Unknown|Unknown
EVS03319,Unknown,Unknown,-23.54018,-46.547448,Tesla,AC Level 1,22,1,22,1,0.34,Yes,24/7,2020,6,Destination/AC,22.0,57,Unknown|Unknown
EVS03320,Unknown,Unknown,19.168316,72.952902,Greenlots,AC Level 2,350,6,2100,9,0.31,No,24/7,2019,7,Ultra-Fast Charging,233.33,20,Unknown|Unknown
EVS03321,Unknown,Unknown,-76.106641,-163.940683,Ionity,AC Level 1,350,3,1050,4,0.48,Yes,9:00-18:00,2018,8,Ultra-Fast Charging,262.5,29,Unknown|Unknown
EVS03322,Unknown,Unknown,19.17871,72.995067,EVgo,AC Level 1,350,4,1400,5,0.5,Yes,9:00-18:00,2017,9,Ultra-Fast Charging,280.0,41,Unknown|Unknown
EVS03323,Unknown,Unknown,55.786785,37.553957,Tesla,AC Level 1,50,2,100,3,0.41,Yes,9:00-18:00,2019,7,Fast Charging,33.33,144,Unknown|Unknown
EVS03324,Unknown,Unknown,37.522677,126.980215,Ionity,AC Level 2,350,1,350,2,0.31,Yes,9:00-18:00,2020,6,Ultra-Fast Charging,175.0,120,Unknown|Unknown
EVS03325,Unknown,Unknown,52.464612,13.474914,ChargePoint,AC Level 1,50,5,250,9,0.26,No,6:00-22:00,2019,7,Fast Charging,27.78,86,Unknown|Unknown
EVS03326,Unknown,Unknown,39.958569,116.471757,Tesla,DC Fast Charger,50,3,150,5,0.38,No,6:00-22:00,2010,16,Fast Charging,30.0,144,Unknown|Unknown
EVS03327,Unknown,Unknown,41.911767,-87.617919,Tesla,AC Level 1,150,1,150,1,0.37,Yes,24/7,2014,12,Fast Charging,150.0,41,Unknown|Unknown
EVS03328,Unknown,Unknown,25.355384,55.312167,Greenlots,AC Level 2,22,3,66,5,0.49,Yes,6:00-22:00,2015,11,Destination/AC,13.2,49,Unknown|Unknown
EVS03329,Unknown,Unknown,-33.821457,151.308916,Ionity,AC Level 2,350,1,350,1,0.44,Yes,9:00-18:00,2023,3,Ultra-Fast Charging,350.0,79,Unknown|Unknown
EVS03330,Unknown,Unknown,39.921146,116.389415,EVgo,DC Fast Charger,150,7,1050,9,0.47,Yes,9:00-18:00,2010,16,Fast Charging,116.67,166,Unknown|Unknown
EVS03331,Unknown,Unknown,37.525813,52.736291,Tesla,AC Level 1,50,6,300,9,0.4,Yes,24/7,2012,14,Fast Charging,33.33,116,Unknown|Unknown
EVS03332,Unknown,Unknown,37.730568,-122.421134,Tesla,AC Level 1,22,2,44,3,0.16,No,6:00-22:00,2015,11,Destination/AC,14.67,155,Unknown|Unknown
EVS03333,Unknown,Unknown,55.719229,37.630466,EVgo,AC Level 1,350,4,1400,7,0.28,Yes,9:00-18:00,2010,16,Ultra-Fast Charging,200.0,55,Unknown|Unknown
EVS03334,Unknown,Unknown,-33.755977,151.243734,Tesla,AC Level 2,150,6,900,8,0.26,No,24/7,2011,15,Fast Charging,112.5,154,Unknown|Unknown
EVS03335,Unknown,Unknown,-33.890213,18.449324,ChargePoint,DC Fast Charger,22,3,66,5,0.13,No,24/7,2010,16,Destination/AC,13.2,26,Unknown|Unknown
EVS03336,Unknown,Unknown,34.169108,-118.290837,EVgo,AC Level 2,50,5,250,10,0.49,Yes,24/7,2018,8,Fast Charging,25.0,52,Unknown|Unknown
EVS03337,Unknown,Unknown,25.281265,55.208302,Greenlots,AC Level 2,350,1,350,1,0.45,No,9:00-18:00,2017,9,Ultra-Fast Charging,350.0,101,Unknown|Unknown
EVS03338,Unknown,Unknown,13.806497,100.568175,Greenlots,AC Level 1,50,4,200,6,0.35,Yes,9:00-18:00,2015,11,Fast Charging,33.33,23,Unknown|Unknown
EVS03339,Unknown,Unknown,19.59842,-99.01172,Tesla,DC Fast Charger,350,4,1400,7,0.13,Yes,9:00-18:00,2023,3,Ultra-Fast Charging,200.0,156,Unknown|Unknown
EVS03340,Unknown,Unknown,43.612893,-79.465122,ChargePoint,AC Level 2,150,2,300,3,0.31,Yes,6:00-22:00,2022,4,Fast Charging,100.0,158,Unknown|Unknown
EVS03341,Unknown,Unknown,31.44084,87.179689,EVgo,DC Fast Charger,22,5,110,9,0.46,No,24/7,2012,14,Destination/AC,12.22,104,Unknown|Unknown
EVS03342,Unknown,Unknown,-33.752179,18.599806,Greenlots,DC Fast Charger,50,5,250,8,0.23,Yes,6:00-22:00,2016,10,Fast Charging,31.25,65,Unknown|Unknown
EVS03343,Unknown,Unknown,19.113804,72.985527,Ionity,AC Level 1,350,2,700,4,0.49,Yes,6:00-22:00,2020,6,Ultra-Fast Charging,175.0,31,Unknown|Unknown
EVS03344,Unknown,Unknown,37.569187,126.977466,Greenlots,AC Level 2,22,6,132,9,0.38,No,9:00-18:00,2014,12,Destination/AC,14.67,117,Unknown|Unknown
EVS03345,Unknown,Unknown,39.825356,116.218685,EVgo,AC Level 2,50,2,100,3,0.5,Yes,24/7,2017,9,Fast Charging,33.33,103,Unknown|Unknown
EVS03346,Unknown,Unknown,37.679658,126.91322,Tesla,AC Level 2,350,8,2800,10,0.3,No,9:00-18:00,2020,6,Ultra-Fast Charging,280.0,140,Unknown|Unknown
EVS03347,Unknown,Unknown,55.808112,37.687742,Tesla,DC Fast Charger,50,6,300,7,0.27,No,24/7,2011,15,Fast Charging,42.86,114,Unknown|Unknown
EVS03348,Unknown,Unknown,52.453299,13.40004,EVgo,AC Level 1,350,4,1400,8,0.42,No,9:00-18:00,2018,8,Ultra-Fast Charging,175.0,36,Unknown|Unknown
EVS03349,Unknown,Unknown,13.792141,100.424648,EVgo,AC Level 2,350,4,1400,9,0.22,No,9:00-18:00,2012,14,Ultra-Fast Charging,155.56,35,Unknown|Unknown
EVS03350,Unknown,Unknown,41.800922,-87.722456,ChargePoint,AC Level 1,150,5,750,7,0.33,No,9:00-18:00,2016,10,Fast Charging,107.14,143,Unknown|Unknown
EVS03351,Unknown,Unknown,-63.528252,-160.701913,ChargePoint,AC Level 2,50,5,250,6,0.21,Yes,24/7,2012,14,Fast Charging,41.67,41,Unknown|Unknown
EVS03352,Unknown,Unknown,37.638272,127.097688,ChargePoint,AC Level 2,350,1,350,1,0.48,No,9:00-18:00,2016,10,Ultra-Fast Charging,350.0,169,Unknown|Unknown
EVS03353,Unknown,Unknown,-23.580512,-46.54614,Greenlots,AC Level 2,350,1,350,1,0.23,Yes,24/7,2012,14,Ultra-Fast Charging,350.0,32,Unknown|Unknown
EVS03354,Unknown,Unknown,52.527866,13.472478,ChargePoint,DC Fast Charger,150,3,450,6,0.28,Yes,24/7,2015,11,Fast Charging,75.0,135,Unknown|Unknown
EVS03355,Unknown,Unknown,37.569366,126.975256,EVgo,AC Level 2,350,1,350,2,0.46,Yes,24/7,2019,7,Ultra-Fast Charging,175.0,175,Unknown|Unknown
EVS03356,Unknown,Unknown,37.80945,-122.406832,Greenlots,AC Level 1,50,5,250,7,0.49,Yes,9:00-18:00,2013,13,Fast Charging,35.71,87,Unknown|Unknown
EVS03357,Unknown,Unknown,-33.714461,18.447691,Tesla,DC Fast Charger,150,1,150,1,0.18,Yes,24/7,2018,8,Fast Charging,150.0,24,Unknown|Unknown
EVS03358,Unknown,Unknown,-33.773895,151.247238,EVgo,DC Fast Charger,150,7,1050,10,0.49,No,6:00-22:00,2012,14,Fast Charging,105.0,159,Unknown|Unknown
EVS03359,Unknown,Unknown,25.201657,55.309989,ChargePoint,AC Level 1,50,5,250,7,0.14,Yes,6:00-22:00,2012,14,Fast Charging,35.71,45,Unknown|Unknown
EVS03360,Unknown,Unknown,19.585076,-99.017428,Ionity,AC Level 2,50,4,200,8,0.23,No,24/7,2011,15,Fast Charging,25.0,102,Unknown|Unknown
EVS03361,Unknown,Unknown,-85.398364,72.868522,EVgo,AC Level 1,350,7,2450,10,0.18,Yes,9:00-18:00,2015,11,Ultra-Fast Charging,245.0,177,Unknown|Unknown
EVS03362,Unknown,Unknown,39.938822,116.301971,Greenlots,DC Fast Charger,350,3,1050,7,0.29,No,24/7,2022,4,Ultra-Fast Charging,150.0,137,Unknown|Unknown
EVS03363,Unknown,Unknown,39.812324,116.33909,Tesla,AC Level 1,350,1,350,2,0.32,No,9:00-18:00,2019,7,Ultra-Fast Charging,175.0,22,Unknown|Unknown
EVS03364,Unknown,Unknown,19.559349,-99.124152,EVgo,AC Level 2,50,7,350,9,0.3,Yes,24/7,2015,11,Fast Charging,38.89,150,Unknown|Unknown
EVS03365,Unknown,Unknown,13.780846,100.439181,Tesla,AC Level 1,22,3,66,4,0.3,Yes,6:00-22:00,2023,3,Destination/AC,16.5,41,Unknown|Unknown
EVS03366,Unknown,Unknown,-33.752389,151.24115,EVgo,AC Level 1,50,2,100,3,0.25,No,9:00-18:00,2014,12,Fast Charging,33.33,138,Unknown|Unknown
EVS03367,Unknown,Unknown,39.982091,116.467693,Ionity,DC Fast Charger,350,1,350,1,0.12,Yes,9:00-18:00,2017,9,Ultra-Fast Charging,350.0,117,Unknown|Unknown
EVS03368,Unknown,Unknown,13.839643,100.491306,EVgo,DC Fast Charger,150,2,300,3,0.39,No,24/7,2017,9,Fast Charging,100.0,62,Unknown|Unknown
EVS03369,Unknown,Unknown,39.824585,116.362299,Ionity,DC Fast Charger,22,5,110,10,0.43,Yes,9:00-18:00,2013,13,Destination/AC,11.0,84,Unknown|Unknown
EVS03370,Unknown,Unknown,13.715387,100.455038,Greenlots,AC Level 1,150,1,150,1,0.34,No,6:00-22:00,2019,7,Fast Charging,150.0,34,Unknown|Unknown
EVS03371,Unknown,Unknown,-67.331837,-95.634527,Tesla,AC Level 1,50,4,200,6,0.21,No,9:00-18:00,2018,8,Fast Charging,33.33,177,Unknown|Unknown
EVS03372,Unknown,Unknown,34.145538,-118.293514,Greenlots,DC Fast Charger,22,5,110,8,0.27,Yes,9:00-18:00,2016,10,Destination/AC,13.75,54,Unknown|Unknown
EVS03373,Unknown,Unknown,-33.896381,151.258092,ChargePoint,AC Level 1,50,1,50,3,0.11,Yes,9:00-18:00,2016,10,Fast Charging,16.67,65,Unknown|Unknown
EVS03374,Unknown,Unknown,18.973768,72.969499,Greenlots,AC Level 1,50,4,200,8,0.47,Yes,6:00-22:00,2020,6,Fast Charging,25.0,97,Unknown|Unknown
EVS03375,Unknown,Unknown,55.832687,37.561066,Greenlots,AC Level 2,22,1,22,1,0.47,Yes,6:00-22:00,2023,3,Destination/AC,22.0,125,Unknown|Unknown
EVS03376,Unknown,Unknown,-23.622681,-46.679722,ChargePoint,DC Fast Charger,50,3,150,5,0.27,Yes,6:00-22:00,2019,7,Fast Charging,30.0,98,Unknown|Unknown
EVS03377,Unknown,Unknown,39.895762,116.449346,ChargePoint,AC Level 2,22,6,132,8,0.11,No,24/7,2022,4,Destination/AC,16.5,98,Unknown|Unknown
EVS03378,Unknown,Unknown,52.550389,13.485871,ChargePoint,AC Level 2,150,2,300,4,0.22,No,24/7,2023,3,Fast Charging,75.0,111,Unknown|Unknown
EVS03379,Unknown,Unknown,55.792127,37.556784,Ionity,AC Level 1,50,3,150,4,0.41,Yes,24/7,2023,3,Fast Charging,37.5,156,Unknown|Unknown
EVS03380,Unknown,Unknown,37.660869,127.014547,Tesla,DC Fast Charger,150,4,600,7,0.32,Yes,9:00-18:00,2020,6,Fast Charging,85.71,80,Unknown|Unknown
EVS03381,Unknown,Unknown,39.251808,-157.670563,Ionity,AC Level 2,150,2,300,3,0.37,Yes,9:00-18:00,2011,15,Fast Charging,100.0,152,Unknown|Unknown
EVS03382,Unknown,Unknown,19.448636,-99.148477,Greenlots,AC Level 2,22,3,66,6,0.18,Yes,9:00-18:00,2021,5,Destination/AC,11.0,144,Unknown|Unknown
EVS03383,Unknown,Unknown,37.577933,127.01713,Greenlots,DC Fast Charger,22,2,44,3,0.49,Yes,9:00-18:00,2013,13,Destination/AC,14.67,173,Unknown|Unknown
EVS03384,Unknown,Unknown,25.204423,55.289973,Ionity,DC Fast Charger,150,8,1200,10,0.11,No,9:00-18:00,2022,4,Fast Charging,120.0,165,Unknown|Unknown
EVS03385,Unknown,Unknown,37.608475,126.955259,ChargePoint,AC Level 1,350,3,1050,5,0.38,No,9:00-18:00,2021,5,Ultra-Fast Charging,210.0,146,Unknown|Unknown
EVS03386,Unknown,Unknown,37.572454,127.08714,ChargePoint,DC Fast Charger,50,2,100,5,0.2,Yes,9:00-18:00,2011,15,Fast Charging,20.0,55,Unknown|Unknown
EVS03387,Unknown,Unknown,37.890835,-122.403805,ChargePoint,AC Level 2,150,4,600,7,0.28,No,24/7,2015,11,Fast Charging,85.71,142,Unknown|Unknown
EVS03388,Unknown,Unknown,-23.59727,-46.694606,EVgo,AC Level 2,350,5,1750,10,0.3,No,24/7,2012,14,Ultra-Fast Charging,175.0,136,Unknown|Unknown
EVS03389,Unknown,Unknown,55.718915,37.539207,Tesla,AC Level 1,350,2,700,2,0.48,Yes,24/7,2018,8,Ultra-Fast Charging,350.0,62,Unknown|Unknown
EVS03390,Unknown,Unknown,25.341594,55.227727,EVgo,AC Level 1,50,1,50,2,0.39,Yes,24/7,2022,4,Fast Charging,25.0,126,Unknown|Unknown
EVS03391,Unknown,Unknown,30.43585,34.690932,ChargePoint,DC Fast Charger,50,2,100,2,0.35,Yes,24/7,2014,12,Fast Charging,50.0,56,Unknown|Unknown
EVS03392,Unknown,Unknown,19.532964,-99.080894,Greenlots,AC Level 1,350,3,1050,5,0.16,No,24/7,2017,9,Ultra-Fast Charging,210.0,101,Unknown|Unknown
EVS03393,Unknown,Unknown,-33.72154,151.29277,Ionity,AC Level 1,350,4,1400,6,0.29,Yes,9:00-18:00,2012,14,Ultra-Fast Charging,233.33,146,Unknown|Unknown
EVS03394,Unknown,Unknown,39.938878,116.465105,Greenlots,AC Level 2,22,2,44,3,0.13,Yes,6:00-22:00,2015,11,Destination/AC,14.67,46,Unknown|Unknown
EVS03395,Unknown,Unknown,13.87584,100.425913,EVgo,AC Level 1,22,5,110,10,0.13,Yes,9:00-18:00,2014,12,Destination/AC,11.0,70,Unknown|Unknown
EVS03396,Unknown,Unknown,37.889906,-122.331918,ChargePoint,AC Level 1,350,5,1750,6,0.33,No,24/7,2015,11,Ultra-Fast Charging,291.67,146,Unknown|Unknown
EVS03397,Unknown,Unknown,25.246126,55.398543,Ionity,AC Level 2,22,1,22,2,0.19,No,24/7,2014,12,Destination/AC,11.0,89,Unknown|Unknown
EVS03398,Unknown,Unknown,19.455586,-99.184915,EVgo,AC Level 2,350,6,2100,8,0.33,Yes,6:00-22:00,2020,6,Ultra-Fast Charging,262.5,173,Unknown|Unknown
EVS03399,Unknown,Unknown,25.375138,55.227179,EVgo,AC Level 1,350,3,1050,4,0.38,Yes,9:00-18:00,2015,11,Ultra-Fast Charging,262.5,16,Unknown|Unknown
EVS03400,Unknown,Unknown,55.780567,37.69831,Greenlots,AC Level 2,50,3,150,7,0.41,No,9:00-18:00,2015,11,Fast Charging,21.43,134,Unknown|Unknown
EVS03401,Unknown,Unknown,53.467248,-130.470855,Greenlots,DC Fast Charger,350,4,1400,5,0.38,No,24/7,2023,3,Ultra-Fast Charging,280.0,149,Unknown|Unknown
EVS03402,Unknown,Unknown,52.425549,13.436492,Tesla,AC Level 2,22,3,66,6,0.48,Yes,9:00-18:00,2022,4,Destination/AC,11.0,166,Unknown|Unknown
EVS03403,Unknown,Unknown,-33.785367,18.447596,EVgo,AC Level 2,150,5,750,10,0.36,Yes,24/7,2016,10,Fast Charging,75.0,40,Unknown|Unknown
EVS03404,Unknown,Unknown,18.92915,72.873429,Greenlots,AC Level 1,150,4,600,5,0.24,No,9:00-18:00,2017,9,Fast Charging,120.0,177,Unknown|Unknown
EVS03405,Unknown,Unknown,25.240507,55.339313,Greenlots,DC Fast Charger,150,1,150,2,0.38,No,24/7,2016,10,Fast Charging,75.0,79,Unknown|Unknown
EVS03406,Unknown,Unknown,55.721363,37.548735,Ionity,AC Level 2,50,8,400,10,0.46,No,6:00-22:00,2010,16,Fast Charging,40.0,73,Unknown|Unknown
EVS03407,Unknown,Unknown,13.817037,100.576624,ChargePoint,AC Level 2,150,4,600,5,0.37,Yes,9:00-18:00,2018,8,Fast Charging,120.0,73,Unknown|Unknown
EVS03408,Unknown,Unknown,19.480789,-99.133019,Greenlots,AC Level 1,22,4,88,6,0.19,Yes,24/7,2018,8,Destination/AC,14.67,120,Unknown|Unknown
EVS03409,Unknown,Unknown,-33.750587,18.413725,Greenlots,DC Fast Charger,22,6,132,10,0.29,Yes,24/7,2011,15,Destination/AC,13.2,123,Unknown|Unknown
EVS03410,Unknown,Unknown,19.186625,72.848613,ChargePoint,AC Level 1,350,5,1750,9,0.1,Yes,6:00-22:00,2012,14,Ultra-Fast Charging,194.44,93,Unknown|Unknown
EVS03411,Unknown,Unknown,-5.837602,-20.99889,Tesla,AC Level 1,350,7,2450,8,0.21,Yes,24/7,2020,6,Ultra-Fast Charging,306.25,26,Unknown|Unknown
EVS03412,Unknown,Unknown,-23.556613,-46.660274,Tesla,DC Fast Charger,50,2,100,4,0.25,No,24/7,2021,5,Fast Charging,25.0,177,Unknown|Unknown
EVS03413,Unknown,Unknown,52.502649,13.331589,EVgo,DC Fast Charger,150,3,450,5,0.15,Yes,6:00-22:00,2013,13,Fast Charging,90.0,51,Unknown|Unknown
EVS03414,Unknown,Unknown,-33.812466,18.483954,ChargePoint,AC Level 2,50,3,150,6,0.16,Yes,6:00-22:00,2021,5,Fast Charging,25.0,30,Unknown|Unknown
EVS03415,Unknown,Unknown,37.689922,127.048509,Greenlots,AC Level 1,50,5,250,9,0.47,No,24/7,2013,13,Fast Charging,27.78,113,Unknown|Unknown
EVS03416,Unknown,Unknown,19.036134,72.967982,Greenlots,DC Fast Charger,50,1,50,1,0.18,Yes,9:00-18:00,2010,16,Fast Charging,50.0,83,Unknown|Unknown
EVS03417,Unknown,Unknown,13.892679,100.512398,Tesla,AC Level 2,50,2,100,2,0.24,Yes,6:00-22:00,2018,8,Fast Charging,50.0,116,Unknown|Unknown
EVS03418,Unknown,Unknown,55.797163,37.537984,Ionity,DC Fast Charger,50,8,400,10,0.41,No,24/7,2013,13,Fast Charging,40.0,159,Unknown|Unknown
EVS03419,Unknown,Unknown,34.16392,-118.273157,Greenlots,AC Level 1,150,2,300,2,0.34,Yes,6:00-22:00,2017,9,Fast Charging,150.0,31,Unknown|Unknown
EVS03420,Unknown,Unknown,19.425228,-99.165994,Greenlots,DC Fast Charger,350,6,2100,10,0.49,No,9:00-18:00,2017,9,Ultra-Fast Charging,210.0,61,Unknown|Unknown
EVS03421,Unknown,Unknown,-25.859394,140.080777,ChargePoint,AC Level 2,150,2,300,3,0.49,Yes,6:00-22:00,2014,12,Fast Charging,100.0,100,Unknown|Unknown
EVS03422,Unknown,Unknown,34.07519,-118.395196,Tesla,AC Level 2,350,1,350,2,0.44,No,9:00-18:00,2017,9,Ultra-Fast Charging,175.0,144,Unknown|Unknown
EVS03423,Unknown,Unknown,43.652333,-79.358504,EVgo,DC Fast Charger,350,2,700,3,0.23,Yes,24/7,2019,7,Ultra-Fast Charging,233.33,114,Unknown|Unknown
EVS03424,Unknown,Unknown,43.678419,-79.445445,EVgo,AC Level 2,50,3,150,6,0.39,Yes,24/7,2020,6,Fast Charging,25.0,78,Unknown|Unknown
EVS03425,Unknown,Unknown,13.796503,100.400701,Greenlots,AC Level 2,350,2,700,3,0.13,No,24/7,2020,6,Ultra-Fast Charging,233.33,115,Unknown|Unknown
EVS03426,Unknown,Unknown,55.891875,37.597432,Ionity,AC Level 2,50,4,200,7,0.39,Yes,6:00-22:00,2012,14,Fast Charging,28.57,176,Unknown|Unknown
EVS03427,Unknown,Unknown,-33.856553,18.500936,Tesla,AC Level 1,22,3,66,4,0.47,No,24/7,2014,12,Destination/AC,16.5,94,Unknown|Unknown
EVS03428,Unknown,Unknown,-23.51281,-46.534371,Tesla,AC Level 2,150,3,450,4,0.22,No,24/7,2022,4,Fast Charging,112.5,160,Unknown|Unknown
EVS03429,Unknown,Unknown,-33.763361,151.22722,ChargePoint,DC Fast Charger,350,2,700,2,0.23,Yes,24/7,2018,8,Ultra-Fast Charging,350.0,143,Unknown|Unknown
EVS03430,Unknown,Unknown,-23.515872,-46.501921,Greenlots,AC Level 1,50,1,50,2,0.24,Yes,9:00-18:00,2014,12,Fast Charging,25.0,64,Unknown|Unknown
EVS03431,Unknown,Unknown,-76.234303,-173.829008,EVgo,AC Level 1,50,2,100,2,0.18,No,6:00-22:00,2019,7,Fast Charging,50.0,56,Unknown|Unknown
EVS03432,Unknown,Unknown,39.84769,116.455812,Tesla,AC Level 1,22,4,88,7,0.34,No,6:00-22:00,2022,4,Destination/AC,12.57,142,Unknown|Unknown
EVS03433,Unknown,Unknown,19.411054,-99.068883,Greenlots,AC Level 1,50,2,100,3,0.39,Yes,9:00-18:00,2022,4,Fast Charging,33.33,49,Unknown|Unknown
EVS03434,Unknown,Unknown,-33.836326,151.366715,Greenlots,AC Level 2,350,2,700,3,0.15,No,9:00-18:00,2013,13,Ultra-Fast Charging,233.33,70,Unknown|Unknown
EVS03435,Unknown,Unknown,39.811935,116.35656,ChargePoint,AC Level 1,22,4,88,7,0.13,Yes,6:00-22:00,2019,7,Destination/AC,12.57,53,Unknown|Unknown
EVS03436,Unknown,Unknown,34.141993,-118.362434,Ionity,AC Level 2,150,3,450,5,0.42,No,9:00-18:00,2013,13,Fast Charging,90.0,115,Unknown|Unknown
EVS03437,Unknown,Unknown,-23.5078,-46.544912,ChargePoint,DC Fast Charger,150,4,600,7,0.46,No,24/7,2016,10,Fast Charging,85.71,63,Unknown|Unknown
EVS03438,Unknown,Unknown,19.554415,-99.192106,Ionity,DC Fast Charger,50,4,200,6,0.21,Yes,6:00-22:00,2011,15,Fast Charging,33.33,123,Unknown|Unknown
EVS03439,Unknown,Unknown,43.688257,-79.437281,Tesla,AC Level 1,350,4,1400,5,0.5,Yes,6:00-22:00,2011,15,Ultra-Fast Charging,280.0,169,Unknown|Unknown
EVS03440,Unknown,Unknown,-33.806896,18.48248,ChargePoint,AC Level 2,50,5,250,7,0.14,No,6:00-22:00,2012,14,Fast Charging,35.71,151,Unknown|Unknown
EVS03441,Unknown,Unknown,-73.508717,-41.912765,Ionity,AC Level 2,150,4,600,6,0.32,No,9:00-18:00,2020,6,Fast Charging,100.0,171,Unknown|Unknown
EVS03442,Unknown,Unknown,37.588731,126.949984,EVgo,AC Level 2,50,6,300,9,0.27,Yes,6:00-22:00,2016,10,Fast Charging,33.33,19,Unknown|Unknown
EVS03443,Unknown,Unknown,43.66662,-79.454676,ChargePoint,DC Fast Charger,22,5,110,9,0.41,No,6:00-22:00,2016,10,Destination/AC,12.22,90,Unknown|Unknown
EVS03444,Unknown,Unknown,34.032449,-118.372726,Tesla,AC Level 2,50,7,350,9,0.13,Yes,6:00-22:00,2017,9,Fast Charging,38.89,51,Unknown|Unknown
EVS03445,Unknown,Unknown,13.733245,100.497157,Tesla,AC Level 1,50,4,200,9,0.26,Yes,9:00-18:00,2018,8,Fast Charging,22.22,166,Unknown|Unknown
EVS03446,Unknown,Unknown,41.983898,-87.632113,EVgo,AC Level 1,50,3,150,5,0.45,Yes,24/7,2020,6,Fast Charging,30.0,132,Unknown|Unknown
EVS03447,Unknown,Unknown,52.480528,13.41864,Tesla,AC Level 1,150,1,150,2,0.48,No,9:00-18:00,2020,6,Fast Charging,75.0,67,Unknown|Unknown
EVS03448,Unknown,Unknown,13.859114,100.552405,Tesla,AC Level 2,22,5,110,7,0.26,No,24/7,2022,4,Destination/AC,15.71,107,Unknown|Unknown
EVS03449,Unknown,Unknown,39.850702,116.330641,Greenlots,AC Level 2,50,5,250,9,0.28,No,24/7,2014,12,Fast Charging,27.78,114,Unknown|Unknown
EVS03450,Unknown,Unknown,55.766256,37.558107,Tesla,DC Fast Charger,22,1,22,1,0.32,No,6:00-22:00,2021,5,Destination/AC,22.0,96,Unknown|Unknown
EVS03451,Unknown,Unknown,47.876675,-44.107238,ChargePoint,AC Level 1,350,3,1050,5,0.19,No,9:00-18:00,2020,6,Ultra-Fast Charging,210.0,93,Unknown|Unknown
EVS03452,Unknown,Unknown,52.430752,13.321862,Ionity,DC Fast Charger,350,3,1050,5,0.16,No,6:00-22:00,2022,4,Ultra-Fast Charging,210.0,24,Unknown|Unknown
EVS03453,Unknown,Unknown,34.072251,-118.256687,Ionity,DC Fast Charger,22,2,44,3,0.25,Yes,24/7,2010,16,Destination/AC,14.67,89,Unknown|Unknown
EVS03454,Unknown,Unknown,37.554734,126.934191,Greenlots,AC Level 1,150,3,450,7,0.49,Yes,6:00-22:00,2012,14,Fast Charging,64.29,72,Unknown|Unknown
EVS03455,Unknown,Unknown,19.501268,-99.108204,Greenlots,DC Fast Charger,150,5,750,8,0.28,No,9:00-18:00,2018,8,Fast Charging,93.75,150,Unknown|Unknown
EVS03456,Unknown,Unknown,41.926252,-87.739561,EVgo,DC Fast Charger,50,6,300,9,0.4,Yes,6:00-22:00,2021,5,Fast Charging,33.33,157,Unknown|Unknown
EVS03457,Unknown,Unknown,41.963516,-87.785146,Tesla,DC Fast Charger,350,5,1750,7,0.39,Yes,9:00-18:00,2014,12,Ultra-Fast Charging,250.0,138,Unknown|Unknown
EVS03458,Unknown,Unknown,19.599528,-99.149344,Tesla,AC Level 2,50,3,150,6,0.12,No,9:00-18:00,2019,7,Fast Charging,25.0,20,Unknown|Unknown
EVS03459,Unknown,Unknown,-33.861497,151.281385,Greenlots,AC Level 2,150,2,300,3,0.19,Yes,6:00-22:00,2021,5,Fast Charging,100.0,153,Unknown|Unknown
EVS03460,Unknown,Unknown,19.130459,72.94828,Tesla,AC Level 1,22,1,22,2,0.16,Yes,9:00-18:00,2021,5,Destination/AC,11.0,80,Unknown|Unknown
EVS03461,Unknown,Unknown,42.751267,-151.454761,Tesla,AC Level 2,350,1,350,2,0.24,No,24/7,2012,14,Ultra-Fast Charging,175.0,83,Unknown|Unknown
EVS03462,Unknown,Unknown,-23.687048,-46.652596,EVgo,DC Fast Charger,350,4,1400,7,0.5,Yes,9:00-18:00,2014,12,Ultra-Fast Charging,200.0,170,Unknown|Unknown
EVS03463,Unknown,Unknown,-33.887092,151.329218,Ionity,DC Fast Charger,350,2,700,3,0.43,Yes,24/7,2015,11,Ultra-Fast Charging,233.33,158,Unknown|Unknown
EVS03464,Unknown,Unknown,37.531981,126.927153,Tesla,DC Fast Charger,22,5,110,8,0.47,Yes,24/7,2023,3,Destination/AC,13.75,23,Unknown|Unknown
EVS03465,Unknown,Unknown,34.076804,-118.211752,Tesla,DC Fast Charger,150,1,150,1,0.26,Yes,6:00-22:00,2013,13,Fast Charging,150.0,74,Unknown|Unknown
EVS03466,Unknown,Unknown,37.89178,-122.472214,Greenlots,DC Fast Charger,50,2,100,4,0.44,No,6:00-22:00,2022,4,Fast Charging,25.0,138,Unknown|Unknown
EVS03467,Unknown,Unknown,37.554106,127.031886,Tesla,DC Fast Charger,150,3,450,4,0.26,Yes,6:00-22:00,2013,13,Fast Charging,112.5,103,Unknown|Unknown
EVS03468,Unknown,Unknown,37.588258,127.021362,ChargePoint,DC Fast Charger,350,1,350,2,0.28,Yes,9:00-18:00,2011,15,Ultra-Fast Charging,175.0,57,Unknown|Unknown
EVS03469,Unknown,Unknown,13.854179,100.447942,Greenlots,AC Level 2,350,7,2450,10,0.3,No,24/7,2016,10,Ultra-Fast Charging,245.0,101,Unknown|Unknown
EVS03470,Unknown,Unknown,25.245273,55.368166,EVgo,DC Fast Charger,50,7,350,9,0.23,Yes,24/7,2017,9,Fast Charging,38.89,157,Unknown|Unknown
EVS03471,Unknown,Unknown,-60.448602,100.410321,ChargePoint,DC Fast Charger,350,2,700,4,0.3,Yes,9:00-18:00,2012,14,Ultra-Fast Charging,175.0,51,Unknown|Unknown
EVS03472,Unknown,Unknown,39.846674,116.3709,Tesla,DC Fast Charger,22,1,22,1,0.16,Yes,9:00-18:00,2011,15,Destination/AC,22.0,138,Unknown|Unknown
EVS03473,Unknown,Unknown,37.782328,-122.41383,ChargePoint,AC Level 1,150,2,300,3,0.42,No,6:00-22:00,2020,6,Fast Charging,100.0,136,Unknown|Unknown
EVS03474,Unknown,Unknown,19.02116,72.93138,Greenlots,DC Fast Charger,150,5,750,6,0.1,No,24/7,2014,12,Fast Charging,125.0,161,Unknown|Unknown
EVS03475,Unknown,Unknown,37.754121,-122.398772,ChargePoint,AC Level 1,350,2,700,2,0.11,No,24/7,2015,11,Ultra-Fast Charging,350.0,64,Unknown|Unknown
EVS03476,Unknown,Unknown,-23.600624,-46.613746,Tesla,AC Level 1,22,5,110,9,0.45,No,6:00-22:00,2022,4,Destination/AC,12.22,50,Unknown|Unknown
EVS03477,Unknown,Unknown,37.838866,-122.449403,Greenlots,AC Level 1,350,8,2800,10,0.25,Yes,6:00-22:00,2021,5,Ultra-Fast Charging,280.0,105,Unknown|Unknown
EVS03478,Unknown,Unknown,13.732233,100.563204,EVgo,DC Fast Charger,22,5,110,9,0.27,Yes,9:00-18:00,2012,14,Destination/AC,12.22,102,Unknown|Unknown
EVS03479,Unknown,Unknown,-23.606862,-46.625695,Ionity,AC Level 1,50,4,200,8,0.45,No,6:00-22:00,2013,13,Fast Charging,25.0,82,Unknown|Unknown
EVS03480,Unknown,Unknown,25.317496,55.301454,Ionity,DC Fast Charger,22,5,110,7,0.45,No,9:00-18:00,2010,16,Destination/AC,15.71,143,Unknown|Unknown
EVS03481,Unknown,Unknown,47.845237,119.345253,EVgo,DC Fast Charger,150,4,600,6,0.44,Yes,6:00-22:00,2018,8,Fast Charging,100.0,146,Unknown|Unknown
EVS03482,Unknown,Unknown,34.131263,-118.25465,EVgo,DC Fast Charger,22,3,66,4,0.34,No,6:00-22:00,2016,10,Destination/AC,16.5,55,Unknown|Unknown
EVS03483,Unknown,Unknown,-23.591798,-46.503501,Ionity,AC Level 1,350,4,1400,5,0.25,Yes,24/7,2012,14,Ultra-Fast Charging,280.0,146,Unknown|Unknown
EVS03484,Unknown,Unknown,43.797931,-79.404707,ChargePoint,DC Fast Charger,350,1,350,1,0.11,Yes,9:00-18:00,2014,12,Ultra-Fast Charging,350.0,53,Unknown|Unknown
EVS03485,Unknown,Unknown,41.869944,-87.636746,Tesla,DC Fast Charger,50,6,300,8,0.26,No,6:00-22:00,2021,5,Fast Charging,37.5,82,Unknown|Unknown
EVS03486,Unknown,Unknown,-33.894155,18.511234,EVgo,DC Fast Charger,150,6,900,10,0.34,Yes,6:00-22:00,2017,9,Fast Charging,90.0,19,Unknown|Unknown
EVS03487,Unknown,Unknown,52.434133,13.338575,Tesla,DC Fast Charger,22,2,44,4,0.24,No,24/7,2010,16,Destination/AC,11.0,71,Unknown|Unknown
EVS03488,Unknown,Unknown,13.768587,100.480953,EVgo,AC Level 1,150,1,150,1,0.24,No,6:00-22:00,2020,6,Fast Charging,150.0,173,Unknown|Unknown
EVS03489,Unknown,Unknown,-33.734048,18.531621,Tesla,AC Level 2,22,4,88,5,0.38,Yes,6:00-22:00,2020,6,Destination/AC,17.6,88,Unknown|Unknown
EVS03490,Unknown,Unknown,52.435345,13.323088,Ionity,DC Fast Charger,150,3,450,4,0.16,Yes,24/7,2020,6,Fast Charging,112.5,132,Unknown|Unknown
EVS03491,Unknown,Unknown,-40.027366,-173.514583,Ionity,AC Level 1,350,5,1750,10,0.29,Yes,24/7,2021,5,Ultra-Fast Charging,175.0,32,Unknown|Unknown
EVS03492,Unknown,Unknown,43.691348,-79.337165,Ionity,AC Level 2,150,3,450,4,0.2,No,9:00-18:00,2020,6,Fast Charging,112.5,119,Unknown|Unknown
EVS03493,Unknown,Unknown,34.174741,-118.265728,Ionity,AC Level 1,350,3,1050,4,0.36,No,24/7,2019,7,Ultra-Fast Charging,262.5,76,Unknown|Unknown
EVS03494,Unknown,Unknown,-33.897157,151.235251,ChargePoint,AC Level 2,22,1,22,1,0.33,Yes,9:00-18:00,2021,5,Destination/AC,22.0,137,Unknown|Unknown
EVS03495,Unknown,Unknown,19.45489,-99.199876,EVgo,AC Level 1,350,7,2450,10,0.48,Yes,9:00-18:00,2011,15,Ultra-Fast Charging,245.0,168,Unknown|Unknown
EVS03496,Unknown,Unknown,13.741894,100.490355,Greenlots,AC Level 1,22,4,88,6,0.23,Yes,6:00-22:00,2016,10,Destination/AC,14.67,102,Unknown|Unknown
EVS03497,Unknown,Unknown,55.723473,37.596146,ChargePoint,AC Level 1,350,1,350,2,0.41,No,9:00-18:00,2013,13,Ultra-Fast Charging,175.0,31,Unknown|Unknown
EVS03498,Unknown,Unknown,39.940935,116.487201,Ionity,AC Level 2,50,2,100,2,0.37,Yes,6:00-22:00,2017,9,Fast Charging,50.0,93,Unknown|Unknown
EVS03499,Unknown,Unknown,41.85709,-87.726145,Greenlots,AC Level 2,22,2,44,2,0.22,No,24/7,2012,14,Destination/AC,22.0,35,Unknown|Unknown
EVS03500,Unknown,Unknown,34.141448,-118.36356,Ionity,AC Level 2,22,3,66,4,0.38,Yes,24/7,2017,9,Destination/AC,16.5,89,Unknown|Unknown
EVS03501,Unknown,Unknown,52.294718,-133.12395,EVgo,AC Level 2,50,4,200,7,0.33,Yes,6:00-22:00,2015,11,Fast Charging,28.57,25,Unknown|Unknown
EVS03502,Unknown,Unknown,13.731879,100.532678,EVgo,DC Fast Charger,50,3,150,7,0.18,Yes,9:00-18:00,2022,4,Fast Charging,21.43,120,Unknown|Unknown
EVS03503,Unknown,Unknown,25.298728,55.307143,Ionity,DC Fast Charger,50,6,300,9,0.27,No,6:00-22:00,2014,12,Fast Charging,33.33,66,Unknown|Unknown
EVS03504,Unknown,Unknown,-33.798788,18.498125,Greenlots,AC Level 1,350,3,1050,6,0.39,No,24/7,2018,8,Ultra-Fast Charging,175.0,48,Unknown|Unknown
EVS03505,Unknown,Unknown,18.977503,72.880835,Ionity,AC Level 1,350,3,1050,7,0.1,No,24/7,2020,6,Ultra-Fast Charging,150.0,17,Unknown|Unknown
EVS03506,Unknown,Unknown,39.930918,116.35319,Ionity,AC Level 1,150,5,750,8,0.43,Yes,9:00-18:00,2010,16,Fast Charging,93.75,161,Unknown|Unknown
EVS03507,Unknown,Unknown,55.843678,37.536772,ChargePoint,DC Fast Charger,350,4,1400,6,0.29,Yes,6:00-22:00,2019,7,Ultra-Fast Charging,233.33,153,Unknown|Unknown
EVS03508,Unknown,Unknown,43.620643,-79.483866,Ionity,AC Level 2,350,2,700,2,0.25,Yes,9:00-18:00,2015,11,Ultra-Fast Charging,350.0,148,Unknown|Unknown
EVS03509,Unknown,Unknown,55.894965,37.505718,Ionity,AC Level 2,22,7,154,9,0.22,Yes,9:00-18:00,2019,7,Destination/AC,17.11,24,Unknown|Unknown
EVS03510,Unknown,Unknown,19.599936,-99.092215,Ionity,AC Level 1,50,2,100,2,0.29,No,9:00-18:00,2020,6,Fast Charging,50.0,72,Unknown|Unknown
EVS03511,Unknown,Unknown,-54.07591,159.464693,ChargePoint,AC Level 1,50,2,100,3,0.38,Yes,6:00-22:00,2018,8,Fast Charging,33.33,175,Unknown|Unknown
EVS03512,Unknown,Unknown,25.292342,55.260593,Ionity,AC Level 2,350,1,350,2,0.41,Yes,9:00-18:00,2016,10,Ultra-Fast Charging,175.0,110,Unknown|Unknown
EVS03513,Unknown,Unknown,55.707226,37.616074,ChargePoint,DC Fast Charger,150,4,600,9,0.37,Yes,9:00-18:00,2020,6,Fast Charging,66.67,36,Unknown|Unknown
EVS03514,Unknown,Unknown,-33.884133,151.39572,Tesla,AC Level 2,22,4,88,6,0.43,No,9:00-18:00,2019,7,Destination/AC,14.67,38,Unknown|Unknown
EVS03515,Unknown,Unknown,19.142204,72.981566,Tesla,DC Fast Charger,150,2,300,5,0.13,No,6:00-22:00,2010,16,Fast Charging,60.0,58,Unknown|Unknown
EVS03516,Unknown,Unknown,13.874426,100.414052,Ionity,AC Level 2,150,4,600,8,0.29,Yes,24/7,2016,10,Fast Charging,75.0,175,Unknown|Unknown
EVS03517,Unknown,Unknown,13.743879,100.46301,EVgo,DC Fast Charger,150,2,300,3,0.27,No,24/7,2019,7,Fast Charging,100.0,42,Unknown|Unknown
EVS03518,Unknown,Unknown,55.738497,37.592008,ChargePoint,AC Level 1,350,5,1750,6,0.11,Yes,24/7,2020,6,Ultra-Fast Charging,291.67,163,Unknown|Unknown
EVS03519,Unknown,Unknown,19.013018,72.993463,Tesla,AC Level 1,22,7,154,9,0.15,No,9:00-18:00,2015,11,Destination/AC,17.11,126,Unknown|Unknown
EVS03520,Unknown,Unknown,41.836028,-87.705468,Tesla,AC Level 1,350,7,2450,8,0.43,Yes,6:00-22:00,2017,9,Ultra-Fast Charging,306.25,167,Unknown|Unknown
EVS03521,Unknown,Unknown,-44.018847,-5.989441,Ionity,AC Level 2,22,2,44,2,0.48,No,24/7,2018,8,Destination/AC,22.0,151,Unknown|Unknown
EVS03522,Unknown,Unknown,41.917806,-87.772095,Greenlots,AC Level 2,350,2,700,3,0.1,No,24/7,2020,6,Ultra-Fast Charging,233.33,69,Unknown|Unknown
EVS03523,Unknown,Unknown,19.52076,-99.024615,Tesla,DC Fast Charger,350,2,700,3,0.5,No,6:00-22:00,2018,8,Ultra-Fast Charging,233.33,151,Unknown|Unknown
EVS03524,Unknown,Unknown,19.024475,72.809206,EVgo,DC Fast Charger,22,7,154,9,0.29,No,9:00-18:00,2022,4,Destination/AC,17.11,42,Unknown|Unknown
EVS03525,Unknown,Unknown,55.726902,37.536898,EVgo,AC Level 1,150,4,600,5,0.45,Yes,9:00-18:00,2014,12,Fast Charging,120.0,63,Unknown|Unknown
EVS03526,Unknown,Unknown,39.929554,116.278117,Ionity,DC Fast Charger,150,5,750,6,0.42,No,9:00-18:00,2012,14,Fast Charging,125.0,49,Unknown|Unknown
EVS03527,Unknown,Unknown,-33.832777,151.354147,Ionity,DC Fast Charger,22,1,22,2,0.45,No,6:00-22:00,2014,12,Destination/AC,11.0,36,Unknown|Unknown
EVS03528,Unknown,Unknown,19.424593,-99.045374,Ionity,AC Level 1,22,3,66,7,0.43,No,24/7,2015,11,Destination/AC,9.43,29,Unknown|Unknown
EVS03529,Unknown,Unknown,34.190048,-118.33456,Tesla,AC Level 1,50,6,300,7,0.41,Yes,9:00-18:00,2019,7,Fast Charging,42.86,45,Unknown|Unknown
EVS03530,Unknown,Unknown,55.713687,37.680215,Ionity,AC Level 1,150,2,300,4,0.18,Yes,6:00-22:00,2010,16,Fast Charging,75.0,34,Unknown|Unknown
EVS03531,Unknown,Unknown,-16.292528,-80.31434,Tesla,DC Fast Charger,150,4,600,7,0.48,Yes,6:00-22:00,2023,3,Fast Charging,85.71,77,Unknown|Unknown
EVS03532,Unknown,Unknown,-23.535516,-46.573737,Ionity,AC Level 1,350,3,1050,5,0.27,No,24/7,2019,7,Ultra-Fast Charging,210.0,26,Unknown|Unknown
EVS03533,Unknown,Unknown,41.951938,-87.684121,Greenlots,AC Level 1,22,1,22,3,0.25,Yes,9:00-18:00,2012,14,Destination/AC,7.33,25,Unknown|Unknown
EVS03534,Unknown,Unknown,55.770851,37.537777,Tesla,AC Level 1,50,2,100,5,0.41,No,9:00-18:00,2023,3,Fast Charging,20.0,178,Unknown|Unknown
EVS03535,Unknown,Unknown,37.717854,-122.316041,Tesla,AC Level 2,150,2,300,2,0.21,No,24/7,2020,6,Fast Charging,150.0,29,Unknown|Unknown
EVS03536,Unknown,Unknown,-33.838847,151.202929,Greenlots,AC Level 1,50,4,200,5,0.49,Yes,6:00-22:00,2011,15,Fast Charging,40.0,27,Unknown|Unknown
EVS03537,Unknown,Unknown,41.912255,-87.726818,Greenlots,AC Level 1,50,1,50,1,0.38,Yes,24/7,2018,8,Fast Charging,50.0,19,Unknown|Unknown
EVS03538,Unknown,Unknown,25.211851,55.399676,Ionity,AC Level 1,50,1,50,1,0.16,No,6:00-22:00,2022,4,Fast Charging,50.0,36,Unknown|Unknown
EVS03539,Unknown,Unknown,-23.699557,-46.612232,Tesla,AC Level 2,350,2,700,4,0.31,No,9:00-18:00,2016,10,Ultra-Fast Charging,175.0,102,Unknown|Unknown
EVS03540,Unknown,Unknown,43.682239,-79.404997,Ionity,AC Level 1,350,4,1400,6,0.33,Yes,9:00-18:00,2011,15,Ultra-Fast Charging,233.33,151,Unknown|Unknown
EVS03541,Unknown,Unknown,36.194788,83.57719,ChargePoint,AC Level 1,50,3,150,5,0.2,Yes,24/7,2022,4,Fast Charging,30.0,136,Unknown|Unknown
EVS03542,Unknown,Unknown,37.870451,-122.307303,EVgo,AC Level 1,350,2,700,5,0.45,No,9:00-18:00,2013,13,Ultra-Fast Charging,140.0,110,Unknown|Unknown
EVS03543,Unknown,Unknown,25.325704,55.334282,Ionity,AC Level 2,350,7,2450,9,0.43,Yes,9:00-18:00,2013,13,Ultra-Fast Charging,272.22,29,Unknown|Unknown
EVS03544,Unknown,Unknown,-33.763669,18.444801,Ionity,AC Level 1,50,8,400,10,0.42,No,6:00-22:00,2014,12,Fast Charging,40.0,142,Unknown|Unknown
EVS03545,Unknown,Unknown,41.804813,-87.683725,Ionity,AC Level 2,350,7,2450,10,0.27,Yes,9:00-18:00,2021,5,Ultra-Fast Charging,245.0,21,Unknown|Unknown
EVS03546,Unknown,Unknown,-33.808577,18.492591,ChargePoint,AC Level 1,350,1,350,1,0.2,Yes,6:00-22:00,2018,8,Ultra-Fast Charging,350.0,119,Unknown|Unknown
EVS03547,Unknown,Unknown,55.799857,37.67954,ChargePoint,AC Level 1,50,1,50,2,0.34,No,24/7,2022,4,Fast Charging,25.0,82,Unknown|Unknown
EVS03548,Unknown,Unknown,52.467267,13.412643,Ionity,AC Level 1,22,1,22,3,0.41,No,9:00-18:00,2014,12,Destination/AC,7.33,160,Unknown|Unknown
EVS03549,Unknown,Unknown,39.827042,116.319329,Tesla,AC Level 1,350,3,1050,5,0.47,Yes,6:00-22:00,2018,8,Ultra-Fast Charging,210.0,65,Unknown|Unknown
EVS03550,Unknown,Unknown,43.752499,-79.356382,Ionity,AC Level 1,50,4,200,6,0.49,No,9:00-18:00,2016,10,Fast Charging,33.33,120,Unknown|Unknown
EVS03551,Unknown,Unknown,67.716284,103.489222,Greenlots,DC Fast Charger,22,6,132,9,0.42,Yes,24/7,2018,8,Destination/AC,14.67,87,Unknown|Unknown
EVS03552,Unknown,Unknown,41.993522,-87.727834,EVgo,AC Level 1,350,2,700,3,0.46,Yes,9:00-18:00,2018,8,Ultra-Fast Charging,233.33,101,Unknown|Unknown
EVS03553,Unknown,Unknown,43.656312,-79.446386,EVgo,AC Level 2,350,8,2800,10,0.39,No,9:00-18:00,2015,11,Ultra-Fast Charging,280.0,169,Unknown|Unknown
EVS03554,Unknown,Unknown,41.941471,-87.601688,EVgo,AC Level 2,22,3,66,6,0.44,Yes,9:00-18:00,2010,16,Destination/AC,11.0,132,Unknown|Unknown
EVS03555,Unknown,Unknown,43.740974,-79.397989,Greenlots,DC Fast Charger,22,4,88,9,0.25,No,24/7,2014,12,Destination/AC,9.78,83,Unknown|Unknown
EVS03556,Unknown,Unknown,19.463746,-99.087437,ChargePoint,AC Level 1,50,3,150,7,0.2,Yes,9:00-18:00,2015,11,Fast Charging,21.43,88,Unknown|Unknown
EVS03557,Unknown,Unknown,19.488486,-99.149934,ChargePoint,DC Fast Charger,22,5,110,10,0.21,Yes,9:00-18:00,2010,16,Destination/AC,11.0,131,Unknown|Unknown
EVS03558,Unknown,Unknown,13.840893,100.501768,Greenlots,DC Fast Charger,50,1,50,2,0.47,Yes,9:00-18:00,2021,5,Fast Charging,25.0,72,Unknown|Unknown
EVS03559,Unknown,Unknown,19.198579,72.857018,Greenlots,DC Fast Charger,350,6,2100,8,0.45,No,9:00-18:00,2021,5,Ultra-Fast Charging,262.5,42,Unknown|Unknown
EVS03560,Unknown,Unknown,43.746289,-79.49434,ChargePoint,AC Level 1,350,2,700,2,0.4,No,24/7,2020,6,Ultra-Fast Charging,350.0,92,Unknown|Unknown
EVS03561,Unknown,Unknown,86.982698,96.29512,Greenlots,AC Level 2,150,1,150,1,0.39,Yes,24/7,2013,13,Fast Charging,150.0,26,Unknown|Unknown
EVS03562,Unknown,Unknown,13.794478,100.486558,Ionity,AC Level 2,50,1,50,2,0.42,Yes,24/7,2020,6,Fast Charging,25.0,43,Unknown|Unknown
EVS03563,Unknown,Unknown,37.842358,-122.305145,ChargePoint,DC Fast Charger,350,1,350,1,0.29,Yes,24/7,2019,7,Ultra-Fast Charging,350.0,84,Unknown|Unknown
EVS03564,Unknown,Unknown,18.912933,72.930129,Ionity,AC Level 1,50,5,250,9,0.24,Yes,24/7,2021,5,Fast Charging,27.78,146,Unknown|Unknown
EVS03565,Unknown,Unknown,13.752703,100.426052,ChargePoint,AC Level 2,50,4,200,7,0.33,No,24/7,2018,8,Fast Charging,28.57,143,Unknown|Unknown
EVS03566,Unknown,Unknown,-33.841334,18.529736,Tesla,DC Fast Charger,50,5,250,6,0.1,No,9:00-18:00,2015,11,Fast Charging,41.67,58,Unknown|Unknown
EVS03567,Unknown,Unknown,-33.853413,151.261013,ChargePoint,AC Level 1,22,3,66,5,0.29,No,9:00-18:00,2020,6,Destination/AC,13.2,84,Unknown|Unknown
EVS03568,Unknown,Unknown,34.021136,-118.370148,Ionity,AC Level 2,22,5,110,10,0.25,No,9:00-18:00,2023,3,Destination/AC,11.0,40,Unknown|Unknown
EVS03569,Unknown,Unknown,34.148889,-118.269886,ChargePoint,AC Level 1,350,1,350,1,0.12,No,6:00-22:00,2017,9,Ultra-Fast Charging,350.0,139,Unknown|Unknown
EVS03570,Unknown,Unknown,34.102397,-118.270495,Greenlots,AC Level 1,22,4,88,7,0.2,Yes,9:00-18:00,2016,10,Destination/AC,12.57,55,Unknown|Unknown
EVS03571,Unknown,Unknown,-23.266422,27.737648,Tesla,AC Level 2,150,2,300,2,0.3,Yes,9:00-18:00,2011,15,Fast Charging,150.0,146,Unknown|Unknown
EVS03572,Unknown,Unknown,37.823495,-122.441821,Tesla,AC Level 1,22,4,88,8,0.32,No,24/7,2023,3,Destination/AC,11.0,153,Unknown|Unknown
EVS03573,Unknown,Unknown,-33.878311,151.23847,Ionity,DC Fast Charger,50,1,50,1,0.38,Yes,9:00-18:00,2017,9,Fast Charging,50.0,128,Unknown|Unknown
EVS03574,Unknown,Unknown,19.125236,72.899166,Ionity,AC Level 2,50,5,250,9,0.33,No,6:00-22:00,2014,12,Fast Charging,27.78,69,Unknown|Unknown
EVS03575,Unknown,Unknown,25.277339,55.325635,Greenlots,AC Level 1,350,4,1400,5,0.14,No,24/7,2015,11,Ultra-Fast Charging,280.0,172,Unknown|Unknown
EVS03576,Unknown,Unknown,52.416855,13.399408,Ionity,AC Level 2,50,3,150,5,0.39,Yes,24/7,2023,3,Fast Charging,30.0,128,Unknown|Unknown
EVS03577,Unknown,Unknown,39.97545,116.499324,Ionity,DC Fast Charger,150,6,900,9,0.17,Yes,9:00-18:00,2018,8,Fast Charging,100.0,121,Unknown|Unknown
EVS03578,Unknown,Unknown,34.027719,-118.271979,Greenlots,AC Level 2,22,6,132,10,0.25,Yes,24/7,2012,14,Destination/AC,13.2,156,Unknown|Unknown
EVS03579,Unknown,Unknown,13.742403,100.4567,ChargePoint,AC Level 2,150,4,600,8,0.48,No,24/7,2012,14,Fast Charging,75.0,160,Unknown|Unknown
EVS03580,Unknown,Unknown,52.487498,13.498593,EVgo,DC Fast Charger,150,1,150,1,0.24,Yes,9:00-18:00,2023,3,Fast Charging,150.0,27,Unknown|Unknown
EVS03581,Unknown,Unknown,70.461515,-84.846864,Ionity,DC Fast Charger,150,5,750,9,0.31,No,9:00-18:00,2019,7,Fast Charging,83.33,160,Unknown|Unknown
EVS03582,Unknown,Unknown,41.991721,-87.741329,Tesla,AC Level 1,50,1,50,1,0.11,Yes,24/7,2021,5,Fast Charging,50.0,141,Unknown|Unknown
EVS03583,Unknown,Unknown,41.892132,-87.73602,Tesla,AC Level 1,150,5,750,8,0.44,No,9:00-18:00,2014,12,Fast Charging,93.75,49,Unknown|Unknown
EVS03584,Unknown,Unknown,52.45074,13.441114,Ionity,DC Fast Charger,50,3,150,7,0.24,No,9:00-18:00,2010,16,Fast Charging,21.43,65,Unknown|Unknown
EVS03585,Unknown,Unknown,25.323392,55.2858,Ionity,AC Level 1,150,2,300,4,0.29,Yes,24/7,2015,11,Fast Charging,75.0,139,Unknown|Unknown
EVS03586,Unknown,Unknown,19.019547,72.852551,Tesla,DC Fast Charger,350,5,1750,6,0.3,No,6:00-22:00,2015,11,Ultra-Fast Charging,291.67,50,Unknown|Unknown
EVS03587,Unknown,Unknown,34.030513,-118.380199,Ionity,DC Fast Charger,50,4,200,6,0.17,Yes,9:00-18:00,2012,14,Fast Charging,33.33,89,Unknown|Unknown
EVS03588,Unknown,Unknown,-33.874691,18.520491,ChargePoint,AC Level 1,22,3,66,6,0.25,Yes,9:00-18:00,2018,8,Destination/AC,11.0,128,Unknown|Unknown
EVS03589,Unknown,Unknown,55.818312,37.673063,ChargePoint,AC Level 1,50,3,150,5,0.44,No,6:00-22:00,2017,9,Fast Charging,30.0,122,Unknown|Unknown
EVS03590,Unknown,Unknown,19.169001,72.899602,EVgo,AC Level 1,50,2,100,3,0.49,Yes,24/7,2010,16,Fast Charging,33.33,165,Unknown|Unknown
EVS03591,Unknown,Unknown,67.048977,152.450104,Greenlots,AC Level 1,22,4,88,9,0.2,No,24/7,2019,7,Destination/AC,9.78,33,Unknown|Unknown
EVS03592,Unknown,Unknown,25.301452,55.224546,EVgo,AC Level 1,350,1,350,1,0.4,Yes,24/7,2015,11,Ultra-Fast Charging,350.0,63,Unknown|Unknown
EVS03593,Unknown,Unknown,43.715962,-79.476545,Ionity,AC Level 1,50,1,50,1,0.35,No,9:00-18:00,2017,9,Fast Charging,50.0,177,Unknown|Unknown
EVS03594,Unknown,Unknown,41.867064,-87.784511,Ionity,AC Level 2,350,1,350,2,0.1,No,6:00-22:00,2023,3,Ultra-Fast Charging,175.0,108,Unknown|Unknown
EVS03595,Unknown,Unknown,-33.711214,18.436072,Tesla,AC Level 2,22,6,132,7,0.4,Yes,24/7,2020,6,Destination/AC,18.86,56,Unknown|Unknown
EVS03596,Unknown,Unknown,39.843205,116.474771,Greenlots,AC Level 1,150,2,300,3,0.38,Yes,6:00-22:00,2020,6,Fast Charging,100.0,62,Unknown|Unknown
EVS03597,Unknown,Unknown,43.720887,-79.374608,Greenlots,AC Level 1,150,5,750,10,0.25,Yes,9:00-18:00,2021,5,Fast Charging,75.0,70,Unknown|Unknown
EVS03598,Unknown,Unknown,39.879348,116.388508,ChargePoint,AC Level 1,150,7,1050,10,0.46,No,24/7,2018,8,Fast Charging,105.0,106,Unknown|Unknown
EVS03599,Unknown,Unknown,43.718052,-79.342036,Ionity,DC Fast Charger,50,6,300,8,0.36,No,9:00-18:00,2015,11,Fast Charging,37.5,61,Unknown|Unknown
EVS03600,Unknown,Unknown,52.59836,13.464613,ChargePoint,AC Level 1,50,4,200,7,0.36,No,9:00-18:00,2015,11,Fast Charging,28.57,117,Unknown|Unknown
EVS03601,Unknown,Unknown,-51.036539,23.656377,ChargePoint,AC Level 1,22,7,154,10,0.48,Yes,6:00-22:00,2013,13,Destination/AC,15.4,88,Unknown|Unknown
EVS03602,Unknown,Unknown,-33.753211,18.584854,EVgo,AC Level 2,50,5,250,10,0.11,Yes,24/7,2018,8,Fast Charging,25.0,115,Unknown|Unknown
EVS03603,Unknown,Unknown,43.670556,-79.328796,Greenlots,AC Level 1,50,2,100,3,0.31,Yes,6:00-22:00,2023,3,Fast Charging,33.33,40,Unknown|Unknown
EVS03604,Unknown,Unknown,25.266855,55.208966,ChargePoint,DC Fast Charger,150,2,300,3,0.42,Yes,6:00-22:00,2011,15,Fast Charging,100.0,117,Unknown|Unknown
EVS03605,Unknown,Unknown,43.60511,-79.377458,ChargePoint,DC Fast Charger,150,6,900,10,0.47,Yes,24/7,2012,14,Fast Charging,90.0,167,Unknown|Unknown
EVS03606,Unknown,Unknown,-33.730215,151.284939,EVgo,AC Level 1,350,2,700,2,0.23,Yes,24/7,2021,5,Ultra-Fast Charging,350.0,37,Unknown|Unknown
EVS03607,Unknown,Unknown,-33.856778,151.309522,EVgo,AC Level 2,350,3,1050,4,0.19,Yes,24/7,2012,14,Ultra-Fast Charging,262.5,69,Unknown|Unknown
EVS03608,Unknown,Unknown,39.957608,116.219678,Ionity,AC Level 1,350,5,1750,10,0.29,No,6:00-22:00,2019,7,Ultra-Fast Charging,175.0,129,Unknown|Unknown
EVS03609,Unknown,Unknown,19.000774,72.902074,Tesla,AC Level 1,50,4,200,6,0.3,No,6:00-22:00,2011,15,Fast Charging,33.33,116,Unknown|Unknown
EVS03610,Unknown,Unknown,55.744564,37.583048,Greenlots,AC Level 1,150,4,600,6,0.43,Yes,24/7,2016,10,Fast Charging,100.0,126,Unknown|Unknown
EVS03611,Unknown,Unknown,-61.110345,87.353726,EVgo,AC Level 1,50,1,50,2,0.26,Yes,9:00-18:00,2010,16,Fast Charging,25.0,107,Unknown|Unknown
EVS03612,Unknown,Unknown,37.680774,126.900799,Tesla,AC Level 2,150,6,900,10,0.41,Yes,24/7,2013,13,Fast Charging,90.0,127,Unknown|Unknown
EVS03613,Unknown,Unknown,34.15099,-118.228208,Ionity,AC Level 2,350,5,1750,9,0.43,No,9:00-18:00,2012,14,Ultra-Fast Charging,194.44,115,Unknown|Unknown
EVS03614,Unknown,Unknown,-33.750761,151.260955,Ionity,DC Fast Charger,22,2,44,3,0.38,Yes,6:00-22:00,2011,15,Destination/AC,14.67,27,Unknown|Unknown
EVS03615,Unknown,Unknown,37.556612,126.942804,Ionity,AC Level 2,50,2,100,3,0.43,Yes,6:00-22:00,2023,3,Fast Charging,33.33,138,Unknown|Unknown
EVS03616,Unknown,Unknown,39.884848,116.493562,Ionity,AC Level 1,50,5,250,7,0.22,Yes,24/7,2023,3,Fast Charging,35.71,88,Unknown|Unknown
EVS03617,Unknown,Unknown,52.54091,13.430905,Tesla,AC Level 1,350,6,2100,10,0.23,No,24/7,2017,9,Ultra-Fast Charging,210.0,23,Unknown|Unknown
EVS03618,Unknown,Unknown,37.610822,127.0866,ChargePoint,AC Level 2,22,2,44,3,0.22,No,24/7,2012,14,Destination/AC,14.67,82,Unknown|Unknown
EVS03619,Unknown,Unknown,37.720419,-122.463774,ChargePoint,AC Level 2,50,6,300,7,0.22,No,24/7,2015,11,Fast Charging,42.86,86,Unknown|Unknown
EVS03620,Unknown,Unknown,-33.833577,151.209217,EVgo,AC Level 1,350,5,1750,10,0.1,Yes,24/7,2023,3,Ultra-Fast Charging,175.0,29,Unknown|Unknown
EVS03621,Unknown,Unknown,-76.865656,-175.089647,Tesla,DC Fast Charger,22,3,66,6,0.41,Yes,24/7,2023,3,Destination/AC,11.0,179,Unknown|Unknown
EVS03622,Unknown,Unknown,37.553536,126.948361,ChargePoint,AC Level 1,150,4,600,7,0.39,No,24/7,2021,5,Fast Charging,85.71,51,Unknown|Unknown
EVS03623,Unknown,Unknown,-33.772479,151.302853,Greenlots,AC Level 1,50,7,350,9,0.46,No,24/7,2011,15,Fast Charging,38.89,69,Unknown|Unknown
EVS03624,Unknown,Unknown,25.330863,55.23957,Tesla,AC Level 1,350,6,2100,10,0.25,No,6:00-22:00,2013,13,Ultra-Fast Charging,210.0,87,Unknown|Unknown
EVS03625,Unknown,Unknown,19.167742,72.961916,Tesla,DC Fast Charger,150,4,600,8,0.46,Yes,9:00-18:00,2011,15,Fast Charging,75.0,152,Unknown|Unknown
EVS03626,Unknown,Unknown,19.186202,72.906917,Ionity,AC Level 2,50,2,100,3,0.39,Yes,9:00-18:00,2012,14,Fast Charging,33.33,137,Unknown|Unknown
EVS03627,Unknown,Unknown,-33.788881,151.260477,Greenlots,DC Fast Charger,350,2,700,3,0.43,Yes,9:00-18:00,2022,4,Ultra-Fast Charging,233.33,142,Unknown|Unknown
EVS03628,Unknown,Unknown,25.343694,55.24729,EVgo,AC Level 1,22,3,66,7,0.39,Yes,6:00-22:00,2018,8,Destination/AC,9.43,54,Unknown|Unknown
EVS03629,Unknown,Unknown,37.783598,-122.371868,Greenlots,AC Level 1,150,5,750,7,0.22,No,9:00-18:00,2021,5,Fast Charging,107.14,154,Unknown|Unknown
EVS03630,Unknown,Unknown,43.602473,-79.486696,Ionity,AC Level 1,150,1,150,2,0.19,No,24/7,2015,11,Fast Charging,75.0,151,Unknown|Unknown
EVS03631,Unknown,Unknown,-84.194938,92.571886,Tesla,AC Level 2,50,3,150,5,0.36,Yes,24/7,2022,4,Fast Charging,30.0,91,Unknown|Unknown
EVS03632,Unknown,Unknown,41.932577,-87.679115,EVgo,AC Level 1,50,3,150,4,0.16,Yes,9:00-18:00,2010,16,Fast Charging,37.5,105,Unknown|Unknown
EVS03633,Unknown,Unknown,-23.691047,-46.593628,ChargePoint,AC Level 1,22,2,44,3,0.15,Yes,6:00-22:00,2023,3,Destination/AC,14.67,21,Unknown|Unknown
EVS03634,Unknown,Unknown,-33.755742,18.475048,Ionity,AC Level 1,350,6,2100,10,0.45,No,9:00-18:00,2020,6,Ultra-Fast Charging,210.0,140,Unknown|Unknown
EVS03635,Unknown,Unknown,13.829471,100.424702,ChargePoint,DC Fast Charger,150,3,450,5,0.48,Yes,6:00-22:00,2018,8,Fast Charging,90.0,173,Unknown|Unknown
EVS03636,Unknown,Unknown,25.384399,55.267369,ChargePoint,AC Level 1,350,5,1750,9,0.31,Yes,9:00-18:00,2020,6,Ultra-Fast Charging,194.44,92,Unknown|Unknown
EVS03637,Unknown,Unknown,55.877562,37.687756,Ionity,DC Fast Charger,22,6,132,7,0.15,Yes,9:00-18:00,2010,16,Destination/AC,18.86,104,Unknown|Unknown
EVS03638,Unknown,Unknown,37.884207,-122.484068,Tesla,AC Level 2,150,1,150,2,0.36,No,6:00-22:00,2018,8,Fast Charging,75.0,97,Unknown|Unknown
EVS03639,Unknown,Unknown,34.15026,-118.24046,Tesla,AC Level 2,350,5,1750,9,0.33,Yes,9:00-18:00,2019,7,Ultra-Fast Charging,194.44,28,Unknown|Unknown
EVS03640,Unknown,Unknown,55.739266,37.553691,EVgo,AC Level 2,22,2,44,3,0.37,Yes,9:00-18:00,2013,13,Destination/AC,14.67,117,Unknown|Unknown
EVS03641,Unknown,Unknown,-30.272154,131.101676,Ionity,AC Level 2,150,3,450,6,0.29,No,9:00-18:00,2011,15,Fast Charging,75.0,134,Unknown|Unknown
EVS03642,Unknown,Unknown,25.252677,55.212526,ChargePoint,AC Level 2,22,3,66,5,0.12,Yes,24/7,2018,8,Destination/AC,13.2,168,Unknown|Unknown
EVS03643,Unknown,Unknown,41.982505,-87.736169,EVgo,AC Level 1,350,4,1400,8,0.12,No,9:00-18:00,2021,5,Ultra-Fast Charging,175.0,168,Unknown|Unknown
EVS03644,Unknown,Unknown,43.729182,-79.335418,Greenlots,AC Level 1,22,4,88,5,0.33,Yes,9:00-18:00,2014,12,Destination/AC,17.6,96,Unknown|Unknown
EVS03645,Unknown,Unknown,37.702888,-122.463826,Tesla,DC Fast Charger,22,6,132,9,0.41,No,6:00-22:00,2012,14,Destination/AC,14.67,173,Unknown|Unknown
EVS03646,Unknown,Unknown,37.53514,126.942993,Greenlots,DC Fast Charger,150,1,150,2,0.24,No,9:00-18:00,2013,13,Fast Charging,75.0,102,Unknown|Unknown
EVS03647,Unknown,Unknown,-33.842147,18.422963,EVgo,DC Fast Charger,22,3,66,4,0.13,No,6:00-22:00,2021,5,Destination/AC,16.5,120,Unknown|Unknown
EVS03648,Unknown,Unknown,55.883403,37.56506,ChargePoint,AC Level 2,22,3,66,5,0.13,Yes,6:00-22:00,2021,5,Destination/AC,13.2,114,Unknown|Unknown
EVS03649,Unknown,Unknown,37.897415,-122.426176,ChargePoint,AC Level 2,22,6,132,7,0.18,Yes,6:00-22:00,2023,3,Destination/AC,18.86,179,Unknown|Unknown
EVS03650,Unknown,Unknown,52.453511,13.323995,EVgo,AC Level 1,350,5,1750,7,0.32,No,6:00-22:00,2021,5,Ultra-Fast Charging,250.0,136,Unknown|Unknown
EVS03651,Unknown,Unknown,-28.428506,162.169756,Greenlots,AC Level 2,150,5,750,6,0.15,No,24/7,2023,3,Fast Charging,125.0,34,Unknown|Unknown
EVS03652,Unknown,Unknown,43.622281,-79.485514,EVgo,DC Fast Charger,150,7,1050,9,0.15,No,6:00-22:00,2021,5,Fast Charging,116.67,26,Unknown|Unknown
EVS03653,Unknown,Unknown,41.827131,-87.678733,EVgo,AC Level 2,22,5,110,9,0.47,Yes,6:00-22:00,2015,11,Destination/AC,12.22,82,Unknown|Unknown
EVS03654,Unknown,Unknown,37.792972,-122.362886,Ionity,AC Level 2,350,2,700,3,0.12,Yes,9:00-18:00,2010,16,Ultra-Fast Charging,233.33,100,Unknown|Unknown
EVS03655,Unknown,Unknown,43.638286,-79.330886,Greenlots,DC Fast Charger,150,3,450,5,0.39,No,6:00-22:00,2013,13,Fast Charging,90.0,125,Unknown|Unknown
EVS03656,Unknown,Unknown,41.808909,-87.732292,Greenlots,AC Level 1,150,4,600,8,0.39,No,24/7,2019,7,Fast Charging,75.0,94,Unknown|Unknown
EVS03657,Unknown,Unknown,43.678921,-79.475469,Greenlots,AC Level 2,350,4,1400,6,0.36,Yes,6:00-22:00,2018,8,Ultra-Fast Charging,233.33,99,Unknown|Unknown
EVS03658,Unknown,Unknown,25.319148,55.231502,Greenlots,AC Level 2,50,4,200,9,0.41,No,6:00-22:00,2013,13,Fast Charging,22.22,167,Unknown|Unknown
EVS03659,Unknown,Unknown,25.269469,55.240514,ChargePoint,AC Level 2,150,2,300,4,0.38,Yes,6:00-22:00,2021,5,Fast Charging,75.0,70,Unknown|Unknown
EVS03660,Unknown,Unknown,37.880569,-122.356413,Tesla,AC Level 1,50,7,350,9,0.13,Yes,9:00-18:00,2016,10,Fast Charging,38.89,96,Unknown|Unknown
EVS03661,Unknown,Unknown,-39.360859,-15.687106,ChargePoint,AC Level 1,350,7,2450,10,0.38,No,6:00-22:00,2013,13,Ultra-Fast Charging,245.0,106,Unknown|Unknown
EVS03662,Unknown,Unknown,25.262806,55.232445,EVgo,DC Fast Charger,150,3,450,4,0.18,No,9:00-18:00,2019,7,Fast Charging,112.5,92,Unknown|Unknown
EVS03663,Unknown,Unknown,-23.570332,-46.677929,Tesla,AC Level 1,350,4,1400,7,0.19,No,9:00-18:00,2021,5,Ultra-Fast Charging,200.0,174,Unknown|Unknown
EVS03664,Unknown,Unknown,39.903255,116.485708,ChargePoint,AC Level 2,22,3,66,5,0.36,Yes,6:00-22:00,2021,5,Destination/AC,13.2,173,Unknown|Unknown
EVS03665,Unknown,Unknown,55.728537,37.544434,EVgo,AC Level 1,22,6,132,7,0.38,No,24/7,2017,9,Destination/AC,18.86,99,Unknown|Unknown
EVS03666,Unknown,Unknown,41.958852,-87.644126,Greenlots,AC Level 2,350,5,1750,7,0.17,Yes,24/7,2023,3,Ultra-Fast Charging,250.0,89,Unknown|Unknown
EVS03667,Unknown,Unknown,-33.857041,18.474698,Tesla,AC Level 1,50,3,150,4,0.47,No,6:00-22:00,2012,14,Fast Charging,37.5,112,Unknown|Unknown
EVS03668,Unknown,Unknown,37.64926,127.048008,Ionity,AC Level 1,50,4,200,6,0.29,No,6:00-22:00,2014,12,Fast Charging,33.33,44,Unknown|Unknown
EVS03669,Unknown,Unknown,37.790764,-122.350328,Ionity,AC Level 2,150,4,600,6,0.15,Yes,6:00-22:00,2010,16,Fast Charging,100.0,85,Unknown|Unknown
EVS03670,Unknown,Unknown,19.132352,72.969868,ChargePoint,AC Level 2,150,4,600,6,0.37,No,24/7,2013,13,Fast Charging,100.0,50,Unknown|Unknown
EVS03671,Unknown,Unknown,-1.423696,25.802269,Ionity,AC Level 1,150,8,1200,9,0.31,Yes,24/7,2018,8,Fast Charging,133.33,38,Unknown|Unknown
EVS03672,Unknown,Unknown,52.457374,13.352514,Greenlots,AC Level 2,50,1,50,2,0.27,No,24/7,2020,6,Fast Charging,25.0,30,Unknown|Unknown
EVS03673,Unknown,Unknown,37.830266,-122.447099,Greenlots,AC Level 2,50,4,200,7,0.2,No,24/7,2022,4,Fast Charging,28.57,111,Unknown|Unknown
EVS03674,Unknown,Unknown,-33.828991,151.360631,Greenlots,AC Level 2,150,6,900,10,0.36,No,6:00-22:00,2019,7,Fast Charging,90.0,15,Unknown|Unknown
EVS03675,Unknown,Unknown,19.553494,-99.023781,Greenlots,AC Level 1,150,5,750,8,0.21,Yes,9:00-18:00,2019,7,Fast Charging,93.75,121,Unknown|Unknown
EVS03676,Unknown,Unknown,25.228351,55.27277,EVgo,AC Level 1,50,1,50,1,0.21,No,9:00-18:00,2016,10,Fast Charging,50.0,86,Unknown|Unknown
EVS03677,Unknown,Unknown,25.322176,55.247639,ChargePoint,AC Level 2,22,4,88,5,0.15,Yes,9:00-18:00,2018,8,Destination/AC,17.6,75,Unknown|Unknown
EVS03678,Unknown,Unknown,-33.859111,18.492957,Tesla,AC Level 1,50,3,150,5,0.15,No,6:00-22:00,2018,8,Fast Charging,30.0,141,Unknown|Unknown
EVS03679,Unknown,Unknown,13.714519,100.501663,Greenlots,AC Level 2,22,2,44,3,0.19,No,9:00-18:00,2018,8,Destination/AC,14.67,103,Unknown|Unknown
EVS03680,Unknown,Unknown,-23.514125,-46.501463,Tesla,DC Fast Charger,150,4,600,6,0.19,Yes,24/7,2019,7,Fast Charging,100.0,136,Unknown|Unknown
EVS03681,Unknown,Unknown,-38.034347,-134.854418,ChargePoint,AC Level 1,50,4,200,9,0.44,Yes,6:00-22:00,2016,10,Fast Charging,22.22,132,Unknown|Unknown
EVS03682,Unknown,Unknown,41.883325,-87.681064,Greenlots,AC Level 1,50,1,50,1,0.36,Yes,9:00-18:00,2023,3,Fast Charging,50.0,20,Unknown|Unknown
EVS03683,Unknown,Unknown,37.514729,126.994419,Tesla,DC Fast Charger,350,2,700,3,0.39,Yes,6:00-22:00,2016,10,Ultra-Fast Charging,233.33,50,Unknown|Unknown
EVS03684,Unknown,Unknown,37.773389,-122.410282,Tesla,DC Fast Charger,50,4,200,5,0.49,Yes,24/7,2023,3,Fast Charging,40.0,109,Unknown|Unknown
EVS03685,Unknown,Unknown,55.7057,37.628296,Tesla,AC Level 2,22,2,44,3,0.41,Yes,9:00-18:00,2019,7,Destination/AC,14.67,175,Unknown|Unknown
EVS03686,Unknown,Unknown,19.447035,-99.127456,Tesla,AC Level 2,350,2,700,3,0.17,Yes,24/7,2016,10,Ultra-Fast Charging,233.33,40,Unknown|Unknown
EVS03687,Unknown,Unknown,19.087799,72.994202,EVgo,DC Fast Charger,150,7,1050,9,0.3,No,9:00-18:00,2015,11,Fast Charging,116.67,32,Unknown|Unknown
EVS03688,Unknown,Unknown,-33.890995,18.449797,Greenlots,AC Level 2,150,1,150,1,0.18,No,24/7,2010,16,Fast Charging,150.0,170,Unknown|Unknown
EVS03689,Unknown,Unknown,37.856115,-122.391155,ChargePoint,DC Fast Charger,22,1,22,1,0.16,No,9:00-18:00,2021,5,Destination/AC,22.0,174,Unknown|Unknown
EVS03690,Unknown,Unknown,18.906324,72.805745,Greenlots,DC Fast Charger,150,1,150,1,0.49,Yes,9:00-18:00,2010,16,Fast Charging,150.0,42,Unknown|Unknown
EVS03691,Unknown,Unknown,-84.785423,142.811336,ChargePoint,DC Fast Charger,22,8,176,10,0.15,Yes,9:00-18:00,2011,15,Destination/AC,17.6,81,Unknown|Unknown
EVS03692,Unknown,Unknown,-33.739424,18.486641,EVgo,AC Level 1,150,4,600,7,0.16,No,6:00-22:00,2017,9,Fast Charging,85.71,118,Unknown|Unknown
EVS03693,Unknown,Unknown,55.766631,37.630365,Tesla,AC Level 2,150,5,750,9,0.11,Yes,24/7,2022,4,Fast Charging,83.33,47,Unknown|Unknown
EVS03694,Unknown,Unknown,55.897052,37.681522,EVgo,AC Level 1,350,3,1050,4,0.45,Yes,6:00-22:00,2011,15,Ultra-Fast Charging,262.5,68,Unknown|Unknown
EVS03695,Unknown,Unknown,25.294951,55.31963,ChargePoint,DC Fast Charger,150,5,750,10,0.44,No,6:00-22:00,2013,13,Fast Charging,75.0,80,Unknown|Unknown
EVS03696,Unknown,Unknown,-33.755391,151.26332,Tesla,AC Level 1,350,3,1050,5,0.1,Yes,24/7,2015,11,Ultra-Fast Charging,210.0,120,Unknown|Unknown
EVS03697,Unknown,Unknown,13.895264,100.490406,Ionity,AC Level 2,150,8,1200,10,0.45,No,9:00-18:00,2012,14,Fast Charging,120.0,65,Unknown|Unknown
EVS03698,Unknown,Unknown,25.302935,55.386103,Greenlots,AC Level 2,22,1,22,1,0.19,No,6:00-22:00,2011,15,Destination/AC,22.0,83,Unknown|Unknown
EVS03699,Unknown,Unknown,55.737492,37.567798,EVgo,AC Level 2,150,3,450,5,0.24,Yes,24/7,2015,11,Fast Charging,90.0,62,Unknown|Unknown
EVS03700,Unknown,Unknown,-33.826708,18.47032,Greenlots,AC Level 1,350,4,1400,5,0.13,Yes,9:00-18:00,2014,12,Ultra-Fast Charging,280.0,140,Unknown|Unknown
EVS03701,Unknown,Unknown,61.37953,-151.121796,ChargePoint,AC Level 2,22,7,154,10,0.36,Yes,24/7,2022,4,Destination/AC,15.4,40,Unknown|Unknown
EVS03702,Unknown,Unknown,19.501424,-99.144706,EVgo,AC Level 1,150,6,900,9,0.35,Yes,24/7,2017,9,Fast Charging,100.0,53,Unknown|Unknown
EVS03703,Unknown,Unknown,-33.830667,18.428247,EVgo,AC Level 2,350,1,350,1,0.38,Yes,24/7,2013,13,Ultra-Fast Charging,350.0,56,Unknown|Unknown
EVS03704,Unknown,Unknown,37.859543,-122.408275,Ionity,AC Level 2,22,3,66,5,0.28,Yes,6:00-22:00,2020,6,Destination/AC,13.2,164,Unknown|Unknown
EVS03705,Unknown,Unknown,13.741573,100.55671,Greenlots,AC Level 2,350,4,1400,8,0.48,No,9:00-18:00,2014,12,Ultra-Fast Charging,175.0,170,Unknown|Unknown
EVS03706,Unknown,Unknown,37.754275,-122.429929,Ionity,DC Fast Charger,150,1,150,1,0.28,Yes,24/7,2010,16,Fast Charging,150.0,97,Unknown|Unknown
EVS03707,Unknown,Unknown,-33.775687,151.248988,Greenlots,AC Level 1,350,2,700,3,0.27,No,24/7,2022,4,Ultra-Fast Charging,233.33,40,Unknown|Unknown
EVS03708,Unknown,Unknown,41.993209,-87.767846,EVgo,AC Level 1,22,1,22,1,0.12,No,24/7,2016,10,Destination/AC,22.0,139,Unknown|Unknown
EVS03709,Unknown,Unknown,41.920395,-87.696469,EVgo,DC Fast Charger,22,3,66,6,0.25,No,6:00-22:00,2021,5,Destination/AC,11.0,96,Unknown|Unknown
EVS03710,Unknown,Unknown,-33.800005,151.393665,Ionity,AC Level 1,150,6,900,7,0.42,Yes,6:00-22:00,2019,7,Fast Charging,128.57,155,Unknown|Unknown
EVS03711,Unknown,Unknown,22.272513,165.88046,Ionity,DC Fast Charger,50,1,50,3,0.26,No,24/7,2016,10,Fast Charging,16.67,74,Unknown|Unknown
EVS03712,Unknown,Unknown,-23.599209,-46.608901,Greenlots,AC Level 1,50,3,150,4,0.41,No,9:00-18:00,2021,5,Fast Charging,37.5,179,Unknown|Unknown
EVS03713,Unknown,Unknown,18.974612,72.975988,ChargePoint,AC Level 2,50,6,300,10,0.11,No,9:00-18:00,2015,11,Fast Charging,30.0,148,Unknown|Unknown
EVS03714,Unknown,Unknown,37.619944,127.083496,Greenlots,AC Level 1,22,5,110,7,0.37,No,9:00-18:00,2015,11,Destination/AC,15.71,51,Unknown|Unknown
EVS03715,Unknown,Unknown,52.462635,13.341069,Ionity,AC Level 2,150,2,300,4,0.34,Yes,6:00-22:00,2019,7,Fast Charging,75.0,134,Unknown|Unknown
EVS03716,Unknown,Unknown,19.115592,72.839837,Tesla,AC Level 1,50,3,150,5,0.18,No,9:00-18:00,2011,15,Fast Charging,30.0,62,Unknown|Unknown
EVS03717,Unknown,Unknown,39.921195,116.283781,Greenlots,DC Fast Charger,22,1,22,1,0.24,No,9:00-18:00,2014,12,Destination/AC,22.0,72,Unknown|Unknown
EVS03718,Unknown,Unknown,13.832372,100.574708,Greenlots,DC Fast Charger,50,4,200,5,0.22,Yes,6:00-22:00,2018,8,Fast Charging,40.0,56,Unknown|Unknown
EVS03719,Unknown,Unknown,-33.757769,151.21188,Tesla,DC Fast Charger,22,4,88,7,0.2,Yes,9:00-18:00,2011,15,Destination/AC,12.57,127,Unknown|Unknown
EVS03720,Unknown,Unknown,19.552191,-99.032562,Tesla,DC Fast Charger,50,1,50,2,0.28,No,9:00-18:00,2012,14,Fast Charging,25.0,58,Unknown|Unknown
EVS03721,Unknown,Unknown,49.474423,165.257598,ChargePoint,AC Level 2,22,1,22,1,0.25,No,24/7,2020,6,Destination/AC,22.0,120,Unknown|Unknown
EVS03722,Unknown,Unknown,18.932593,72.84115,ChargePoint,DC Fast Charger,350,3,1050,5,0.16,No,24/7,2010,16,Ultra-Fast Charging,210.0,111,Unknown|Unknown
EVS03723,Unknown,Unknown,-33.759027,151.237984,Greenlots,AC Level 2,350,3,1050,5,0.13,No,24/7,2013,13,Ultra-Fast Charging,210.0,138,Unknown|Unknown
EVS03724,Unknown,Unknown,37.685225,127.054681,Greenlots,AC Level 1,50,4,200,7,0.15,No,6:00-22:00,2010,16,Fast Charging,28.57,178,Unknown|Unknown
EVS03725,Unknown,Unknown,37.653424,126.972858,Greenlots,AC Level 1,22,5,110,8,0.26,Yes,6:00-22:00,2023,3,Destination/AC,13.75,16,Unknown|Unknown
EVS03726,Unknown,Unknown,19.536037,-99.054827,EVgo,AC Level 1,150,1,150,1,0.34,Yes,9:00-18:00,2011,15,Fast Charging,150.0,178,Unknown|Unknown
EVS03727,Unknown,Unknown,-23.583719,-46.607918,ChargePoint,AC Level 1,22,6,132,10,0.32,Yes,9:00-18:00,2013,13,Destination/AC,13.2,33,Unknown|Unknown
EVS03728,Unknown,Unknown,41.811446,-87.663442,Greenlots,DC Fast Charger,22,3,66,5,0.16,Yes,24/7,2015,11,Destination/AC,13.2,101,Unknown|Unknown
EVS03729,Unknown,Unknown,39.9423,116.394533,Ionity,AC Level 1,350,3,1050,5,0.38,Yes,6:00-22:00,2014,12,Ultra-Fast Charging,210.0,71,Unknown|Unknown
EVS03730,Unknown,Unknown,37.747525,-122.400366,Tesla,DC Fast Charger,50,4,200,6,0.24,Yes,6:00-22:00,2021,5,Fast Charging,33.33,120,Unknown|Unknown
EVS03731,Unknown,Unknown,-72.344133,-52.680918,Greenlots,DC Fast Charger,150,2,300,3,0.45,Yes,9:00-18:00,2022,4,Fast Charging,100.0,134,Unknown|Unknown
EVS03732,Unknown,Unknown,52.449962,13.306482,EVgo,DC Fast Charger,50,5,250,7,0.13,No,24/7,2023,3,Fast Charging,35.71,156,Unknown|Unknown
EVS03733,Unknown,Unknown,39.904732,116.389363,Tesla,AC Level 2,22,1,22,1,0.32,Yes,6:00-22:00,2013,13,Destination/AC,22.0,81,Unknown|Unknown
EVS03734,Unknown,Unknown,18.911805,72.874897,Tesla,AC Level 1,150,3,450,6,0.16,No,24/7,2012,14,Fast Charging,75.0,168,Unknown|Unknown
EVS03735,Unknown,Unknown,19.40277,-99.147765,Tesla,DC Fast Charger,150,2,300,4,0.29,Yes,9:00-18:00,2014,12,Fast Charging,75.0,68,Unknown|Unknown
EVS03736,Unknown,Unknown,37.870909,-122.386852,EVgo,DC Fast Charger,150,3,450,6,0.31,Yes,6:00-22:00,2013,13,Fast Charging,75.0,48,Unknown|Unknown
EVS03737,Unknown,Unknown,-33.80505,18.405717,Greenlots,AC Level 2,350,4,1400,7,0.39,No,6:00-22:00,2021,5,Ultra-Fast Charging,200.0,77,Unknown|Unknown
EVS03738,Unknown,Unknown,34.096238,-118.27239,ChargePoint,AC Level 1,22,6,132,8,0.23,No,24/7,2021,5,Destination/AC,16.5,102,Unknown|Unknown
EVS03739,Unknown,Unknown,19.487282,-99.070212,ChargePoint,AC Level 2,22,4,88,5,0.18,Yes,9:00-18:00,2019,7,Destination/AC,17.6,125,Unknown|Unknown
EVS03740,Unknown,Unknown,13.767963,100.523121,Tesla,AC Level 1,22,5,110,8,0.15,Yes,6:00-22:00,2022,4,Destination/AC,13.75,152,Unknown|Unknown
EVS03741,Unknown,Unknown,-69.451331,-69.533304,Tesla,DC Fast Charger,22,4,88,6,0.39,Yes,9:00-18:00,2021,5,Destination/AC,14.67,52,Unknown|Unknown
EVS03742,Unknown,Unknown,37.835733,-122.488627,EVgo,AC Level 1,22,3,66,6,0.28,No,9:00-18:00,2011,15,Destination/AC,11.0,65,Unknown|Unknown
EVS03743,Unknown,Unknown,41.945979,-87.607004,ChargePoint,AC Level 2,350,2,700,4,0.29,Yes,9:00-18:00,2018,8,Ultra-Fast Charging,175.0,169,Unknown|Unknown
EVS03744,Unknown,Unknown,-33.852088,18.541154,Ionity,AC Level 1,150,5,750,6,0.23,No,6:00-22:00,2014,12,Fast Charging,125.0,87,Unknown|Unknown
EVS03745,Unknown,Unknown,37.642342,127.048816,EVgo,DC Fast Charger,22,4,88,8,0.1,Yes,9:00-18:00,2013,13,Destination/AC,11.0,54,Unknown|Unknown
EVS03746,Unknown,Unknown,41.962492,-87.605325,Greenlots,AC Level 2,50,2,100,5,0.31,Yes,24/7,2020,6,Fast Charging,20.0,177,Unknown|Unknown
EVS03747,Unknown,Unknown,52.523372,13.406281,ChargePoint,AC Level 1,22,1,22,1,0.11,No,6:00-22:00,2012,14,Destination/AC,22.0,89,Unknown|Unknown
EVS03748,Unknown,Unknown,13.745519,100.598225,EVgo,AC Level 2,50,3,150,4,0.44,Yes,9:00-18:00,2020,6,Fast Charging,37.5,177,Unknown|Unknown
EVS03749,Unknown,Unknown,-23.507807,-46.58514,Greenlots,DC Fast Charger,350,7,2450,10,0.22,No,24/7,2014,12,Ultra-Fast Charging,245.0,166,Unknown|Unknown
EVS03750,Unknown,Unknown,52.594423,13.379244,ChargePoint,AC Level 1,22,3,66,5,0.27,Yes,6:00-22:00,2013,13,Destination/AC,13.2,164,Unknown|Unknown
EVS03751,Unknown,Unknown,-79.91469,158.669716,Tesla,AC Level 2,150,2,300,3,0.18,No,9:00-18:00,2012,14,Fast Charging,100.0,111,Unknown|Unknown
EVS03752,Unknown,Unknown,52.492268,13.458025,EVgo,AC Level 1,50,4,200,7,0.42,No,24/7,2017,9,Fast Charging,28.57,146,Unknown|Unknown
EVS03753,Unknown,Unknown,39.880166,116.448421,Ionity,AC Level 1,50,3,150,5,0.21,No,9:00-18:00,2020,6,Fast Charging,30.0,173,Unknown|Unknown
EVS03754,Unknown,Unknown,37.685963,126.984559,EVgo,DC Fast Charger,150,6,900,10,0.33,No,9:00-18:00,2017,9,Fast Charging,90.0,59,Unknown|Unknown
EVS03755,Unknown,Unknown,18.989565,72.823154,ChargePoint,AC Level 2,50,3,150,4,0.49,No,24/7,2015,11,Fast Charging,37.5,21,Unknown|Unknown
EVS03756,Unknown,Unknown,52.434627,13.457093,EVgo,DC Fast Charger,50,1,50,1,0.24,Yes,6:00-22:00,2023,3,Fast Charging,50.0,67,Unknown|Unknown
EVS03757,Unknown,Unknown,13.804575,100.532304,Tesla,DC Fast Charger,150,1,150,1,0.49,No,24/7,2013,13,Fast Charging,150.0,120,Unknown|Unknown
EVS03758,Unknown,Unknown,-23.639913,-46.516688,EVgo,DC Fast Charger,50,2,100,4,0.11,No,9:00-18:00,2020,6,Fast Charging,25.0,105,Unknown|Unknown
EVS03759,Unknown,Unknown,37.853987,-122.399349,ChargePoint,AC Level 1,50,5,250,7,0.15,No,9:00-18:00,2015,11,Fast Charging,35.71,28,Unknown|Unknown
EVS03760,Unknown,Unknown,37.802303,-122.31834,Ionity,AC Level 2,350,4,1400,8,0.3,Yes,6:00-22:00,2015,11,Ultra-Fast Charging,175.0,107,Unknown|Unknown
EVS03761,Unknown,Unknown,-3.220694,-115.729543,EVgo,DC Fast Charger,150,4,600,5,0.18,No,9:00-18:00,2010,16,Fast Charging,120.0,43,Unknown|Unknown
EVS03762,Unknown,Unknown,25.261927,55.286002,ChargePoint,AC Level 1,50,4,200,7,0.17,Yes,9:00-18:00,2010,16,Fast Charging,28.57,98,Unknown|Unknown
EVS03763,Unknown,Unknown,39.96402,116.497473,Tesla,AC Level 1,150,1,150,1,0.3,Yes,6:00-22:00,2015,11,Fast Charging,150.0,109,Unknown|Unknown
EVS03764,Unknown,Unknown,39.90572,116.386833,Ionity,AC Level 1,150,6,900,8,0.48,No,6:00-22:00,2021,5,Fast Charging,112.5,120,Unknown|Unknown
EVS03765,Unknown,Unknown,52.542644,13.338059,Ionity,DC Fast Charger,50,4,200,7,0.24,No,24/7,2020,6,Fast Charging,28.57,83,Unknown|Unknown
EVS03766,Unknown,Unknown,-23.600669,-46.678843,Greenlots,AC Level 2,150,2,300,2,0.24,No,6:00-22:00,2023,3,Fast Charging,150.0,82,Unknown|Unknown
EVS03767,Unknown,Unknown,39.869364,116.246025,Ionity,AC Level 1,50,3,150,7,0.18,No,24/7,2022,4,Fast Charging,21.43,126,Unknown|Unknown
EVS03768,Unknown,Unknown,13.701202,100.404531,Greenlots,AC Level 2,150,7,1050,9,0.16,Yes,6:00-22:00,2010,16,Fast Charging,116.67,138,Unknown|Unknown
EVS03769,Unknown,Unknown,34.024685,-118.296503,Tesla,AC Level 2,150,4,600,8,0.12,Yes,24/7,2012,14,Fast Charging,75.0,148,Unknown|Unknown
EVS03770,Unknown,Unknown,25.287034,55.342241,ChargePoint,AC Level 2,350,4,1400,9,0.19,No,9:00-18:00,2011,15,Ultra-Fast Charging,155.56,70,Unknown|Unknown
EVS03771,Unknown,Unknown,-33.856273,-134.372112,Tesla,DC Fast Charger,22,5,110,8,0.29,No,9:00-18:00,2017,9,Destination/AC,13.75,84,Unknown|Unknown
EVS03772,Unknown,Unknown,52.524809,13.404789,Greenlots,AC Level 2,350,3,1050,5,0.2,Yes,6:00-22:00,2013,13,Ultra-Fast Charging,210.0,69,Unknown|Unknown
EVS03773,Unknown,Unknown,18.989921,72.873022,Ionity,AC Level 1,150,7,1050,10,0.19,Yes,24/7,2019,7,Fast Charging,105.0,102,Unknown|Unknown
EVS03774,Unknown,Unknown,34.187408,-118.369169,Ionity,AC Level 1,150,1,150,3,0.36,Yes,6:00-22:00,2017,9,Fast Charging,50.0,35,Unknown|Unknown
EVS03775,Unknown,Unknown,43.731889,-79.436679,Tesla,DC Fast Charger,150,1,150,2,0.13,Yes,24/7,2014,12,Fast Charging,75.0,85,Unknown|Unknown
EVS03776,Unknown,Unknown,37.770929,-122.485893,Ionity,AC Level 1,150,1,150,2,0.23,No,24/7,2012,14,Fast Charging,75.0,46,Unknown|Unknown
EVS03777,Unknown,Unknown,43.617447,-79.452611,Tesla,AC Level 1,22,2,44,3,0.3,No,9:00-18:00,2021,5,Destination/AC,14.67,102,Unknown|Unknown
EVS03778,Unknown,Unknown,19.407774,-99.127469,Greenlots,AC Level 2,50,6,300,8,0.44,Yes,6:00-22:00,2019,7,Fast Charging,37.5,155,Unknown|Unknown
EVS03779,Unknown,Unknown,-33.816109,151.330208,Greenlots,AC Level 2,22,7,154,9,0.13,Yes,6:00-22:00,2016,10,Destination/AC,17.11,177,Unknown|Unknown
EVS03780,Unknown,Unknown,39.859279,116.383811,Greenlots,AC Level 1,350,5,1750,10,0.23,Yes,24/7,2012,14,Ultra-Fast Charging,175.0,88,Unknown|Unknown
EVS03781,Unknown,Unknown,71.352525,81.70305,Ionity,DC Fast Charger,22,8,176,10,0.26,Yes,6:00-22:00,2013,13,Destination/AC,17.6,24,Unknown|Unknown
EVS03782,Unknown,Unknown,52.51599,13.356195,Tesla,AC Level 1,150,1,150,2,0.21,Yes,24/7,2010,16,Fast Charging,75.0,52,Unknown|Unknown
EVS03783,Unknown,Unknown,55.813129,37.606332,EVgo,AC Level 2,150,5,750,8,0.29,No,24/7,2015,11,Fast Charging,93.75,32,Unknown|Unknown
EVS03784,Unknown,Unknown,19.539022,-99.07256,ChargePoint,AC Level 1,350,1,350,3,0.27,Yes,6:00-22:00,2010,16,Ultra-Fast Charging,116.67,140,Unknown|Unknown
EVS03785,Unknown,Unknown,13.803182,100.506743,ChargePoint,AC Level 1,350,6,2100,8,0.29,No,9:00-18:00,2016,10,Ultra-Fast Charging,262.5,177,Unknown|Unknown
EVS03786,Unknown,Unknown,18.997803,72.889269,Greenlots,AC Level 2,150,1,150,1,0.25,No,6:00-22:00,2023,3,Fast Charging,150.0,106,Unknown|Unknown
EVS03787,Unknown,Unknown,52.523816,13.323954,ChargePoint,AC Level 1,22,2,44,3,0.42,Yes,24/7,2017,9,Destination/AC,14.67,44,Unknown|Unknown
EVS03788,Unknown,Unknown,-33.785047,151.252793,EVgo,AC Level 2,50,2,100,2,0.14,Yes,6:00-22:00,2012,14,Fast Charging,50.0,18,Unknown|Unknown
EVS03789,Unknown,Unknown,-23.504115,-46.587861,Ionity,AC Level 1,50,2,100,4,0.4,Yes,24/7,2021,5,Fast Charging,25.0,176,Unknown|Unknown
EVS03790,Unknown,Unknown,19.519918,-99.146888,Greenlots,DC Fast Charger,150,2,300,2,0.43,No,6:00-22:00,2016,10,Fast Charging,150.0,67,Unknown|Unknown
EVS03791,Unknown,Unknown,80.25115,-93.966758,Greenlots,DC Fast Charger,150,7,1050,10,0.21,Yes,6:00-22:00,2022,4,Fast Charging,105.0,33,Unknown|Unknown
EVS03792,Unknown,Unknown,25.20906,55.351125,Tesla,AC Level 1,22,4,88,5,0.43,Yes,24/7,2021,5,Destination/AC,17.6,44,Unknown|Unknown
EVS03793,Unknown,Unknown,34.171446,-118.240824,Greenlots,AC Level 2,22,2,44,3,0.3,No,24/7,2012,14,Destination/AC,14.67,57,Unknown|Unknown
EVS03794,Unknown,Unknown,-33.779831,18.534909,Ionity,AC Level 2,22,5,110,6,0.12,No,24/7,2011,15,Destination/AC,18.33,123,Unknown|Unknown
EVS03795,Unknown,Unknown,37.662466,126.978863,Tesla,DC Fast Charger,22,3,66,6,0.12,Yes,9:00-18:00,2016,10,Destination/AC,11.0,162,Unknown|Unknown
EVS03796,Unknown,Unknown,55.821496,37.619754,Ionity,AC Level 1,22,2,44,3,0.26,No,24/7,2020,6,Destination/AC,14.67,60,Unknown|Unknown
EVS03797,Unknown,Unknown,19.109929,72.984152,ChargePoint,AC Level 2,22,7,154,9,0.43,Yes,24/7,2010,16,Destination/AC,17.11,128,Unknown|Unknown
EVS03798,Unknown,Unknown,13.837729,100.574511,ChargePoint,DC Fast Charger,22,5,110,7,0.11,No,9:00-18:00,2011,15,Destination/AC,15.71,25,Unknown|Unknown
EVS03799,Unknown,Unknown,-33.788873,151.256227,EVgo,DC Fast Charger,50,4,200,8,0.31,No,6:00-22:00,2016,10,Fast Charging,25.0,16,Unknown|Unknown
EVS03800,Unknown,Unknown,39.870688,116.339215,Ionity,AC Level 1,50,3,150,4,0.23,Yes,6:00-22:00,2023,3,Fast Charging,37.5,24,Unknown|Unknown
EVS03801,Unknown,Unknown,-77.87382,-32.827369,ChargePoint,AC Level 2,22,2,44,3,0.36,Yes,24/7,2022,4,Destination/AC,14.67,167,Unknown|Unknown
EVS03802,Unknown,Unknown,37.716642,-122.384792,Tesla,AC Level 2,22,6,132,9,0.17,No,6:00-22:00,2019,7,Destination/AC,14.67,110,Unknown|Unknown
EVS03803,Unknown,Unknown,25.275602,55.243237,Ionity,AC Level 2,350,7,2450,10,0.23,No,9:00-18:00,2020,6,Ultra-Fast Charging,245.0,147,Unknown|Unknown
EVS03804,Unknown,Unknown,25.338118,55.372903,Greenlots,AC Level 2,50,2,100,4,0.45,Yes,24/7,2019,7,Fast Charging,25.0,18,Unknown|Unknown
EVS03805,Unknown,Unknown,-33.773098,151.31576,Ionity,AC Level 2,50,5,250,7,0.17,No,9:00-18:00,2013,13,Fast Charging,35.71,18,Unknown|Unknown
EVS03806,Unknown,Unknown,43.708516,-79.442482,Greenlots,AC Level 2,50,4,200,9,0.15,Yes,24/7,2017,9,Fast Charging,22.22,155,Unknown|Unknown
EVS03807,Unknown,Unknown,34.029728,-118.209462,EVgo,AC Level 2,50,2,100,3,0.1,No,9:00-18:00,2021,5,Fast Charging,33.33,31,Unknown|Unknown
EVS03808,Unknown,Unknown,55.711381,37.569135,Ionity,AC Level 1,50,2,100,3,0.15,No,6:00-22:00,2016,10,Fast Charging,33.33,40,Unknown|Unknown
EVS03809,Unknown,Unknown,19.464026,-99.09282,Greenlots,DC Fast Charger,150,2,300,4,0.4,No,9:00-18:00,2015,11,Fast Charging,75.0,100,Unknown|Unknown
EVS03810,Unknown,Unknown,39.920282,116.39686,EVgo,DC Fast Charger,350,4,1400,5,0.45,No,6:00-22:00,2014,12,Ultra-Fast Charging,280.0,115,Unknown|Unknown
EVS03811,Unknown,Unknown,-88.977849,42.804699,Ionity,AC Level 2,50,2,100,3,0.29,No,9:00-18:00,2022,4,Fast Charging,33.33,52,Unknown|Unknown
EVS03812,Unknown,Unknown,25.220967,55.394633,Greenlots,AC Level 2,150,1,150,1,0.32,No,9:00-18:00,2022,4,Fast Charging,150.0,88,Unknown|Unknown
EVS03813,Unknown,Unknown,39.966154,116.416819,Tesla,AC Level 1,350,2,700,3,0.17,Yes,9:00-18:00,2018,8,Ultra-Fast Charging,233.33,126,Unknown|Unknown
EVS03814,Unknown,Unknown,37.761474,-122.441451,Tesla,AC Level 1,150,1,150,2,0.14,No,9:00-18:00,2015,11,Fast Charging,75.0,88,Unknown|Unknown
EVS03815,Unknown,Unknown,41.851003,-87.669627,EVgo,AC Level 2,350,6,2100,8,0.45,Yes,6:00-22:00,2022,4,Ultra-Fast Charging,262.5,78,Unknown|Unknown
EVS03816,Unknown,Unknown,19.102573,72.912946,Ionity,DC Fast Charger,22,3,66,4,0.35,No,6:00-22:00,2013,13,Destination/AC,16.5,26,Unknown|Unknown
EVS03817,Unknown,Unknown,52.442949,13.35906,ChargePoint,AC Level 2,50,7,350,10,0.14,Yes,6:00-22:00,2019,7,Fast Charging,35.0,89,Unknown|Unknown
EVS03818,Unknown,Unknown,41.933434,-87.648625,Greenlots,DC Fast Charger,150,1,150,1,0.46,Yes,9:00-18:00,2011,15,Fast Charging,150.0,147,Unknown|Unknown
EVS03819,Unknown,Unknown,52.441133,13.340746,Tesla,DC Fast Charger,350,6,2100,9,0.26,Yes,6:00-22:00,2016,10,Ultra-Fast Charging,233.33,118,Unknown|Unknown
EVS03820,Unknown,Unknown,41.885235,-87.695761,Ionity,DC Fast Charger,350,4,1400,6,0.49,Yes,9:00-18:00,2012,14,Ultra-Fast Charging,233.33,162,Unknown|Unknown
EVS03821,Unknown,Unknown,43.478488,-124.703595,Greenlots,AC Level 1,22,5,110,9,0.4,Yes,9:00-18:00,2017,9,Destination/AC,12.22,35,Unknown|Unknown
EVS03822,Unknown,Unknown,19.441561,-99.028482,ChargePoint,AC Level 1,150,1,150,2,0.24,No,9:00-18:00,2014,12,Fast Charging,75.0,16,Unknown|Unknown
EVS03823,Unknown,Unknown,25.336002,55.331151,Greenlots,AC Level 2,22,4,88,5,0.43,No,24/7,2013,13,Destination/AC,17.6,105,Unknown|Unknown
EVS03824,Unknown,Unknown,-33.779561,18.429805,ChargePoint,AC Level 1,22,4,88,9,0.15,Yes,9:00-18:00,2018,8,Destination/AC,9.78,44,Unknown|Unknown
EVS03825,Unknown,Unknown,52.578538,13.302792,Ionity,AC Level 1,22,2,44,3,0.15,No,9:00-18:00,2018,8,Destination/AC,14.67,113,Unknown|Unknown
EVS03826,Unknown,Unknown,19.598709,-99.100528,ChargePoint,AC Level 1,350,3,1050,6,0.27,Yes,6:00-22:00,2012,14,Ultra-Fast Charging,175.0,164,Unknown|Unknown
EVS03827,Unknown,Unknown,-23.613917,-46.604553,Greenlots,DC Fast Charger,22,8,176,10,0.4,Yes,24/7,2011,15,Destination/AC,17.6,70,Unknown|Unknown
EVS03828,Unknown,Unknown,43.705922,-79.493362,ChargePoint,AC Level 1,22,1,22,1,0.27,Yes,6:00-22:00,2011,15,Destination/AC,22.0,105,Unknown|Unknown
EVS03829,Unknown,Unknown,34.106779,-118.29772,ChargePoint,DC Fast Charger,22,2,44,3,0.45,No,6:00-22:00,2022,4,Destination/AC,14.67,127,Unknown|Unknown
EVS03830,Unknown,Unknown,39.800587,116.26008,Greenlots,DC Fast Charger,22,2,44,3,0.41,Yes,6:00-22:00,2019,7,Destination/AC,14.67,39,Unknown|Unknown
EVS03831,Unknown,Unknown,-68.550295,39.052072,ChargePoint,DC Fast Charger,50,6,300,9,0.16,No,9:00-18:00,2012,14,Fast Charging,33.33,163,Unknown|Unknown
EVS03832,Unknown,Unknown,19.150739,72.930862,EVgo,DC Fast Charger,22,7,154,8,0.21,Yes,9:00-18:00,2017,9,Destination/AC,19.25,48,Unknown|Unknown
EVS03833,Unknown,Unknown,39.988388,116.49401,Ionity,AC Level 2,350,3,1050,5,0.44,Yes,24/7,2020,6,Ultra-Fast Charging,210.0,148,Unknown|Unknown
EVS03834,Unknown,Unknown,13.724067,100.554366,ChargePoint,DC Fast Charger,350,1,350,2,0.35,Yes,6:00-22:00,2015,11,Ultra-Fast Charging,175.0,123,Unknown|Unknown
EVS03835,Unknown,Unknown,41.8728,-87.77667,Ionity,AC Level 2,350,4,1400,5,0.4,No,6:00-22:00,2019,7,Ultra-Fast Charging,280.0,38,Unknown|Unknown
EVS03836,Unknown,Unknown,37.827462,-122.35266,Tesla,AC Level 2,150,6,900,10,0.42,No,6:00-22:00,2022,4,Fast Charging,90.0,134,Unknown|Unknown
EVS03837,Unknown,Unknown,52.514582,13.494138,ChargePoint,DC Fast Charger,22,5,110,8,0.42,Yes,24/7,2016,10,Destination/AC,13.75,47,Unknown|Unknown
EVS03838,Unknown,Unknown,37.600327,126.957567,Tesla,AC Level 1,150,5,750,8,0.14,Yes,24/7,2019,7,Fast Charging,93.75,113,Unknown|Unknown
EVS03839,Unknown,Unknown,37.527244,126.967061,Tesla,AC Level 2,150,3,450,6,0.13,No,9:00-18:00,2011,15,Fast Charging,75.0,173,Unknown|Unknown
EVS03840,Unknown,Unknown,-33.831482,151.352464,EVgo,AC Level 2,50,4,200,6,0.25,Yes,24/7,2018,8,Fast Charging,33.33,172,Unknown|Unknown
EVS03841,Unknown,Unknown,62.115856,-155.178192,Ionity,AC Level 2,50,4,200,5,0.18,No,9:00-18:00,2011,15,Fast Charging,40.0,158,Unknown|Unknown
EVS03842,Unknown,Unknown,34.054518,-118.227823,ChargePoint,AC Level 1,50,2,100,3,0.25,Yes,9:00-18:00,2012,14,Fast Charging,33.33,96,Unknown|Unknown
EVS03843,Unknown,Unknown,41.856669,-87.671091,ChargePoint,DC Fast Charger,150,6,900,7,0.41,No,6:00-22:00,2020,6,Fast Charging,128.57,107,Unknown|Unknown
EVS03844,Unknown,Unknown,39.889746,116.35525,Ionity,DC Fast Charger,350,2,700,3,0.42,No,6:00-22:00,2011,15,Ultra-Fast Charging,233.33,64,Unknown|Unknown
EVS03845,Unknown,Unknown,37.798941,-122.314083,Ionity,DC Fast Charger,22,2,44,4,0.17,No,9:00-18:00,2020,6,Destination/AC,11.0,166,Unknown|Unknown
EVS03846,Unknown,Unknown,-33.794323,18.575172,Tesla,DC Fast Charger,350,3,1050,4,0.18,No,9:00-18:00,2014,12,Ultra-Fast Charging,262.5,93,Unknown|Unknown
EVS03847,Unknown,Unknown,41.923987,-87.649627,Greenlots,AC Level 2,150,2,300,3,0.37,No,24/7,2011,15,Fast Charging,100.0,142,Unknown|Unknown
EVS03848,Unknown,Unknown,41.870675,-87.63412,ChargePoint,DC Fast Charger,350,5,1750,7,0.1,No,9:00-18:00,2012,14,Ultra-Fast Charging,250.0,74,Unknown|Unknown
EVS03849,Unknown,Unknown,13.84767,100.401503,Tesla,AC Level 1,350,1,350,2,0.19,Yes,9:00-18:00,2022,4,Ultra-Fast Charging,175.0,137,Unknown|Unknown
EVS03850,Unknown,Unknown,52.475682,13.370687,Greenlots,DC Fast Charger,22,7,154,9,0.46,No,9:00-18:00,2022,4,Destination/AC,17.11,52,Unknown|Unknown
EVS03851,Unknown,Unknown,-85.337842,-60.462181,Greenlots,AC Level 2,150,8,1200,10,0.22,No,9:00-18:00,2014,12,Fast Charging,120.0,136,Unknown|Unknown
EVS03852,Unknown,Unknown,13.837212,100.519384,EVgo,DC Fast Charger,50,2,100,3,0.11,Yes,6:00-22:00,2021,5,Fast Charging,33.33,22,Unknown|Unknown
EVS03853,Unknown,Unknown,-33.87439,18.577362,Tesla,AC Level 1,22,3,66,4,0.3,No,24/7,2011,15,Destination/AC,16.5,32,Unknown|Unknown
EVS03854,Unknown,Unknown,13.874365,100.575193,Ionity,AC Level 2,50,2,100,3,0.38,No,9:00-18:00,2014,12,Fast Charging,33.33,73,Unknown|Unknown
EVS03855,Unknown,Unknown,37.785803,-122.380613,Ionity,AC Level 1,50,6,300,10,0.18,No,6:00-22:00,2010,16,Fast Charging,30.0,94,Unknown|Unknown
EVS03856,Unknown,Unknown,-33.721583,18.445664,Greenlots,AC Level 1,350,6,2100,9,0.36,No,6:00-22:00,2019,7,Ultra-Fast Charging,233.33,132,Unknown|Unknown
EVS03857,Unknown,Unknown,18.98621,72.846568,EVgo,DC Fast Charger,150,3,450,5,0.36,No,9:00-18:00,2020,6,Fast Charging,90.0,74,Unknown|Unknown
EVS03858,Unknown,Unknown,55.875811,37.682772,Tesla,AC Level 2,50,2,100,2,0.24,Yes,9:00-18:00,2014,12,Fast Charging,50.0,18,Unknown|Unknown
EVS03859,Unknown,Unknown,-33.846079,18.407371,Ionity,DC Fast Charger,50,4,200,6,0.34,No,9:00-18:00,2020,6,Fast Charging,33.33,68,Unknown|Unknown
EVS03860,Unknown,Unknown,34.016644,-118.240668,ChargePoint,AC Level 2,22,3,66,4,0.16,No,9:00-18:00,2017,9,Destination/AC,16.5,87,Unknown|Unknown
EVS03861,Unknown,Unknown,-7.458652,-16.851404,Greenlots,AC Level 2,350,4,1400,6,0.28,No,6:00-22:00,2021,5,Ultra-Fast Charging,233.33,104,Unknown|Unknown
EVS03862,Unknown,Unknown,41.892031,-87.777811,EVgo,AC Level 2,22,6,132,8,0.44,Yes,24/7,2016,10,Destination/AC,16.5,121,Unknown|Unknown
EVS03863,Unknown,Unknown,-23.52775,-46.595598,Greenlots,DC Fast Charger,350,2,700,3,0.11,Yes,6:00-22:00,2016,10,Ultra-Fast Charging,233.33,55,Unknown|Unknown
EVS03864,Unknown,Unknown,19.480364,-99.179587,ChargePoint,AC Level 2,150,5,750,9,0.22,No,6:00-22:00,2017,9,Fast Charging,83.33,115,Unknown|Unknown
EVS03865,Unknown,Unknown,34.041386,-118.364856,Greenlots,DC Fast Charger,22,2,44,2,0.33,Yes,9:00-18:00,2019,7,Destination/AC,22.0,119,Unknown|Unknown
EVS03866,Unknown,Unknown,52.456656,13.393208,ChargePoint,AC Level 1,350,2,700,4,0.12,No,9:00-18:00,2017,9,Ultra-Fast Charging,175.0,143,Unknown|Unknown
EVS03867,Unknown,Unknown,37.640239,126.913875,EVgo,DC Fast Charger,150,3,450,5,0.34,No,6:00-22:00,2016,10,Fast Charging,90.0,101,Unknown|Unknown
EVS03868,Unknown,Unknown,37.655402,127.006189,Tesla,AC Level 1,350,5,1750,9,0.23,No,24/7,2012,14,Ultra-Fast Charging,194.44,148,Unknown|Unknown
EVS03869,Unknown,Unknown,34.150665,-118.280302,EVgo,AC Level 2,150,1,150,2,0.15,Yes,9:00-18:00,2017,9,Fast Charging,75.0,51,Unknown|Unknown
EVS03870,Unknown,Unknown,43.773579,-79.39177,Ionity,DC Fast Charger,150,7,1050,9,0.49,Yes,9:00-18:00,2010,16,Fast Charging,116.67,132,Unknown|Unknown
EVS03871,Unknown,Unknown,76.74619,-49.968628,ChargePoint,DC Fast Charger,150,2,300,3,0.23,Yes,24/7,2014,12,Fast Charging,100.0,22,Unknown|Unknown
EVS03872,Unknown,Unknown,34.118362,-118.281879,EVgo,DC Fast Charger,50,5,250,10,0.24,No,9:00-18:00,2022,4,Fast Charging,25.0,31,Unknown|Unknown
EVS03873,Unknown,Unknown,41.925008,-87.747045,ChargePoint,DC Fast Charger,350,3,1050,3,0.3,No,9:00-18:00,2019,7,Ultra-Fast Charging,350.0,157,Unknown|Unknown
EVS03874,Unknown,Unknown,34.184874,-118.237424,ChargePoint,AC Level 1,22,7,154,9,0.45,Yes,9:00-18:00,2021,5,Destination/AC,17.11,93,Unknown|Unknown
EVS03875,Unknown,Unknown,34.053436,-118.231678,ChargePoint,AC Level 1,150,5,750,9,0.1,Yes,6:00-22:00,2013,13,Fast Charging,83.33,117,Unknown|Unknown
EVS03876,Unknown,Unknown,37.546116,126.997432,EVgo,AC Level 1,22,1,22,2,0.22,Yes,6:00-22:00,2015,11,Destination/AC,11.0,114,Unknown|Unknown
EVS03877,Unknown,Unknown,55.896943,37.505532,Greenlots,DC Fast Charger,22,1,22,2,0.12,Yes,6:00-22:00,2015,11,Destination/AC,11.0,129,Unknown|Unknown
EVS03878,Unknown,Unknown,13.857964,100.407944,Ionity,AC Level 2,50,2,100,2,0.3,No,24/7,2017,9,Fast Charging,50.0,55,Unknown|Unknown
EVS03879,Unknown,Unknown,-33.710669,18.590843,Tesla,AC Level 1,150,4,600,7,0.4,No,24/7,2017,9,Fast Charging,85.71,44,Unknown|Unknown
EVS03880,Unknown,Unknown,55.868368,37.539146,Ionity,DC Fast Charger,150,2,300,3,0.4,No,9:00-18:00,2017,9,Fast Charging,100.0,22,Unknown|Unknown
EVS03881,Unknown,Unknown,-14.308617,-69.373809,Ionity,AC Level 2,50,5,250,7,0.36,No,24/7,2023,3,Fast Charging,35.71,157,Unknown|Unknown
EVS03882,Unknown,Unknown,-33.753699,151.376124,Tesla,DC Fast Charger,350,5,1750,6,0.35,No,24/7,2015,11,Ultra-Fast Charging,291.67,51,Unknown|Unknown
EVS03883,Unknown,Unknown,-23.515852,-46.5254,EVgo,DC Fast Charger,350,6,2100,8,0.21,No,24/7,2018,8,Ultra-Fast Charging,262.5,109,Unknown|Unknown
EVS03884,Unknown,Unknown,52.592132,13.332578,Ionity,AC Level 2,50,8,400,10,0.39,Yes,9:00-18:00,2018,8,Fast Charging,40.0,90,Unknown|Unknown
EVS03885,Unknown,Unknown,37.71035,-122.483528,Tesla,AC Level 1,22,5,110,10,0.34,No,24/7,2023,3,Destination/AC,11.0,41,Unknown|Unknown
EVS03886,Unknown,Unknown,41.83169,-87.601298,ChargePoint,AC Level 1,50,6,300,8,0.21,Yes,24/7,2015,11,Fast Charging,37.5,83,Unknown|Unknown
EVS03887,Unknown,Unknown,-33.702961,18.465016,Ionity,AC Level 2,150,6,900,10,0.16,Yes,6:00-22:00,2010,16,Fast Charging,90.0,28,Unknown|Unknown
EVS03888,Unknown,Unknown,-33.830859,151.299109,EVgo,AC Level 2,22,5,110,9,0.42,No,24/7,2019,7,Destination/AC,12.22,44,Unknown|Unknown
EVS03889,Unknown,Unknown,19.051882,72.994765,Tesla,DC Fast Charger,50,4,200,5,0.33,Yes,6:00-22:00,2015,11,Fast Charging,40.0,38,Unknown|Unknown
EVS03890,Unknown,Unknown,39.951625,116.398904,EVgo,DC Fast Charger,50,3,150,5,0.48,No,6:00-22:00,2010,16,Fast Charging,30.0,151,Unknown|Unknown
EVS03891,Unknown,Unknown,63.148286,108.478919,ChargePoint,DC Fast Charger,22,1,22,2,0.25,Yes,9:00-18:00,2021,5,Destination/AC,11.0,108,Unknown|Unknown
EVS03892,Unknown,Unknown,37.705333,-122.424757,Ionity,DC Fast Charger,150,1,150,2,0.42,No,6:00-22:00,2017,9,Fast Charging,75.0,167,Unknown|Unknown
EVS03893,Unknown,Unknown,13.868513,100.500197,Tesla,AC Level 1,50,1,50,2,0.13,No,9:00-18:00,2021,5,Fast Charging,25.0,86,Unknown|Unknown
EVS03894,Unknown,Unknown,37.844336,-122.321892,ChargePoint,AC Level 1,150,1,150,1,0.36,Yes,9:00-18:00,2017,9,Fast Charging,150.0,48,Unknown|Unknown
EVS03895,Unknown,Unknown,19.46529,-99.040252,Tesla,AC Level 2,50,1,50,1,0.29,No,9:00-18:00,2021,5,Fast Charging,50.0,115,Unknown|Unknown
EVS03896,Unknown,Unknown,39.944695,116.26314,Greenlots,AC Level 2,50,3,150,4,0.1,No,9:00-18:00,2012,14,Fast Charging,37.5,168,Unknown|Unknown
EVS03897,Unknown,Unknown,-23.500075,-46.68792,Tesla,AC Level 1,150,2,300,3,0.17,No,24/7,2014,12,Fast Charging,100.0,102,Unknown|Unknown
EVS03898,Unknown,Unknown,13.842584,100.566331,Tesla,AC Level 2,350,4,1400,8,0.34,No,9:00-18:00,2013,13,Ultra-Fast Charging,175.0,17,Unknown|Unknown
EVS03899,Unknown,Unknown,-23.528486,-46.676138,Greenlots,AC Level 2,150,1,150,1,0.42,Yes,9:00-18:00,2014,12,Fast Charging,150.0,65,Unknown|Unknown
EVS03900,Unknown,Unknown,37.590185,127.057046,EVgo,DC Fast Charger,22,4,88,5,0.34,Yes,6:00-22:00,2015,11,Destination/AC,17.6,167,Unknown|Unknown
EVS03901,Unknown,Unknown,75.076713,76.665902,EVgo,DC Fast Charger,350,3,1050,6,0.23,No,9:00-18:00,2014,12,Ultra-Fast Charging,175.0,100,Unknown|Unknown
EVS03902,Unknown,Unknown,37.655582,126.955664,Greenlots,DC Fast Charger,150,1,150,2,0.24,No,24/7,2023,3,Fast Charging,75.0,172,Unknown|Unknown
EVS03903,Unknown,Unknown,55.886611,37.678451,Greenlots,AC Level 1,50,4,200,9,0.13,Yes,6:00-22:00,2013,13,Fast Charging,22.22,99,Unknown|Unknown
EVS03904,Unknown,Unknown,37.85898,-122.48309,Tesla,AC Level 1,50,6,300,9,0.21,No,9:00-18:00,2015,11,Fast Charging,33.33,16,Unknown|Unknown
EVS03905,Unknown,Unknown,-23.51238,-46.628892,ChargePoint,DC Fast Charger,50,1,50,1,0.21,Yes,24/7,2017,9,Fast Charging,50.0,159,Unknown|Unknown
EVS03906,Unknown,Unknown,-23.694956,-46.669989,Tesla,DC Fast Charger,350,5,1750,7,0.22,Yes,9:00-18:00,2013,13,Ultra-Fast Charging,250.0,140,Unknown|Unknown
EVS03907,Unknown,Unknown,13.714179,100.538627,Greenlots,AC Level 2,150,5,750,6,0.26,Yes,24/7,2018,8,Fast Charging,125.0,133,Unknown|Unknown
EVS03908,Unknown,Unknown,-33.804628,151.237474,Tesla,DC Fast Charger,150,5,750,10,0.3,Yes,9:00-18:00,2011,15,Fast Charging,75.0,175,Unknown|Unknown
EVS03909,Unknown,Unknown,-33.749494,18.487786,Tesla,AC Level 1,22,7,154,10,0.47,No,24/7,2012,14,Destination/AC,15.4,47,Unknown|Unknown
EVS03910,Unknown,Unknown,43.798532,-79.451383,Greenlots,AC Level 1,350,3,1050,5,0.3,Yes,24/7,2020,6,Ultra-Fast Charging,210.0,164,Unknown|Unknown
EVS03911,Unknown,Unknown,50.885737,-71.778303,EVgo,AC Level 1,50,4,200,8,0.5,No,6:00-22:00,2020,6,Fast Charging,25.0,53,Unknown|Unknown
EVS03912,Unknown,Unknown,34.158823,-118.224474,ChargePoint,AC Level 2,22,4,88,5,0.39,No,6:00-22:00,2017,9,Destination/AC,17.6,175,Unknown|Unknown
EVS03913,Unknown,Unknown,39.862192,116.491068,EVgo,AC Level 1,22,4,88,6,0.14,Yes,24/7,2012,14,Destination/AC,14.67,46,Unknown|Unknown
EVS03914,Unknown,Unknown,18.997143,72.81467,Greenlots,AC Level 1,22,4,88,5,0.28,Yes,6:00-22:00,2018,8,Destination/AC,17.6,105,Unknown|Unknown
EVS03915,Unknown,Unknown,19.5628,-99.038721,Tesla,DC Fast Charger,150,3,450,4,0.22,Yes,9:00-18:00,2016,10,Fast Charging,112.5,145,Unknown|Unknown
EVS03916,Unknown,Unknown,-33.711554,151.384414,Tesla,AC Level 2,22,2,44,3,0.13,Yes,9:00-18:00,2011,15,Destination/AC,14.67,27,Unknown|Unknown
EVS03917,Unknown,Unknown,-33.812389,18.525325,Ionity,AC Level 1,22,6,132,9,0.23,No,6:00-22:00,2012,14,Destination/AC,14.67,26,Unknown|Unknown
EVS03918,Unknown,Unknown,19.439248,-99.101032,Tesla,AC Level 1,22,1,22,2,0.43,Yes,24/7,2013,13,Destination/AC,11.0,155,Unknown|Unknown
EVS03919,Unknown,Unknown,25.304828,55.263453,EVgo,AC Level 1,150,7,1050,9,0.35,No,24/7,2020,6,Fast Charging,116.67,24,Unknown|Unknown
EVS03920,Unknown,Unknown,52.473874,13.308392,ChargePoint,AC Level 1,150,1,150,2,0.17,No,24/7,2017,9,Fast Charging,75.0,116,Unknown|Unknown
EVS03921,Unknown,Unknown,17.834372,150.272148,Ionity,DC Fast Charger,150,1,150,1,0.25,No,6:00-22:00,2019,7,Fast Charging,150.0,169,Unknown|Unknown
EVS03922,Unknown,Unknown,-23.540847,-46.688188,EVgo,AC Level 1,150,2,300,3,0.25,Yes,6:00-22:00,2016,10,Fast Charging,100.0,116,Unknown|Unknown
EVS03923,Unknown,Unknown,43.681078,-79.318354,EVgo,AC Level 2,150,4,600,6,0.12,Yes,24/7,2020,6,Fast Charging,100.0,94,Unknown|Unknown
EVS03924,Unknown,Unknown,37.691788,127.078935,Tesla,AC Level 1,50,5,250,7,0.47,Yes,6:00-22:00,2010,16,Fast Charging,35.71,83,Unknown|Unknown
EVS03925,Unknown,Unknown,-23.621202,-46.657789,Ionity,DC Fast Charger,350,4,1400,8,0.41,Yes,9:00-18:00,2010,16,Ultra-Fast Charging,175.0,120,Unknown|Unknown
EVS03926,Unknown,Unknown,55.821349,37.55577,Tesla,AC Level 2,150,4,600,9,0.17,No,9:00-18:00,2023,3,Fast Charging,66.67,109,Unknown|Unknown
EVS03927,Unknown,Unknown,41.869974,-87.649993,ChargePoint,AC Level 1,150,2,300,4,0.25,Yes,6:00-22:00,2011,15,Fast Charging,75.0,97,Unknown|Unknown
EVS03928,Unknown,Unknown,37.783037,-122.404536,ChargePoint,DC Fast Charger,50,1,50,2,0.2,Yes,9:00-18:00,2022,4,Fast Charging,25.0,40,Unknown|Unknown
EVS03929,Unknown,Unknown,-33.808412,151.377978,EVgo,AC Level 1,350,4,1400,6,0.3,Yes,24/7,2020,6,Ultra-Fast Charging,233.33,124,Unknown|Unknown
EVS03930,Unknown,Unknown,39.968669,116.450372,Greenlots,AC Level 2,50,3,150,5,0.42,Yes,24/7,2018,8,Fast Charging,30.0,137,Unknown|Unknown
EVS03931,Unknown,Unknown,4.214819,84.211564,Tesla,DC Fast Charger,150,2,300,4,0.4,Yes,6:00-22:00,2019,7,Fast Charging,75.0,131,Unknown|Unknown
EVS03932,Unknown,Unknown,41.942194,-87.65634,ChargePoint,AC Level 2,22,5,110,8,0.13,No,9:00-18:00,2020,6,Destination/AC,13.75,27,Unknown|Unknown
EVS03933,Unknown,Unknown,18.975872,72.906611,Ionity,AC Level 2,150,3,450,7,0.36,Yes,9:00-18:00,2018,8,Fast Charging,64.29,130,Unknown|Unknown
EVS03934,Unknown,Unknown,39.987595,116.444555,Greenlots,AC Level 1,22,6,132,7,0.31,Yes,6:00-22:00,2020,6,Destination/AC,18.86,135,Unknown|Unknown
EVS03935,Unknown,Unknown,-33.863522,18.51889,Tesla,AC Level 2,350,7,2450,10,0.38,No,6:00-22:00,2016,10,Ultra-Fast Charging,245.0,45,Unknown|Unknown
EVS03936,Unknown,Unknown,25.389306,55.244738,Tesla,AC Level 2,150,4,600,7,0.45,Yes,6:00-22:00,2018,8,Fast Charging,85.71,155,Unknown|Unknown
EVS03937,Unknown,Unknown,37.837327,-122.472175,Ionity,AC Level 2,350,6,2100,9,0.13,No,6:00-22:00,2014,12,Ultra-Fast Charging,233.33,101,Unknown|Unknown
EVS03938,Unknown,Unknown,-33.774565,18.561049,Tesla,DC Fast Charger,22,3,66,5,0.21,Yes,6:00-22:00,2021,5,Destination/AC,13.2,92,Unknown|Unknown
EVS03939,Unknown,Unknown,19.453739,-99.005719,ChargePoint,AC Level 1,150,2,300,3,0.19,Yes,6:00-22:00,2023,3,Fast Charging,100.0,134,Unknown|Unknown
EVS03940,Unknown,Unknown,-33.832211,151.229322,Greenlots,DC Fast Charger,50,6,300,9,0.25,No,24/7,2012,14,Fast Charging,33.33,99,Unknown|Unknown
EVS03941,Unknown,Unknown,85.271449,80.544974,Tesla,AC Level 2,350,3,1050,4,0.3,Yes,6:00-22:00,2022,4,Ultra-Fast Charging,262.5,104,Unknown|Unknown
EVS03942,Unknown,Unknown,25.248919,55.3223,ChargePoint,AC Level 2,22,2,44,3,0.11,Yes,9:00-18:00,2013,13,Destination/AC,14.67,66,Unknown|Unknown
EVS03943,Unknown,Unknown,34.193091,-118.383388,Tesla,DC Fast Charger,50,7,350,9,0.28,Yes,6:00-22:00,2020,6,Fast Charging,38.89,168,Unknown|Unknown
EVS03944,Unknown,Unknown,37.764912,-122.343368,Tesla,DC Fast Charger,22,2,44,3,0.48,Yes,9:00-18:00,2023,3,Destination/AC,14.67,174,Unknown|Unknown
EVS03945,Unknown,Unknown,43.72674,-79.403699,ChargePoint,AC Level 1,22,5,110,9,0.37,No,6:00-22:00,2018,8,Destination/AC,12.22,36,Unknown|Unknown
EVS03946,Unknown,Unknown,19.567981,-99.067548,EVgo,AC Level 2,350,4,1400,8,0.11,No,6:00-22:00,2015,11,Ultra-Fast Charging,175.0,135,Unknown|Unknown
EVS03947,Unknown,Unknown,34.098901,-118.351252,Tesla,DC Fast Charger,150,4,600,6,0.28,No,6:00-22:00,2012,14,Fast Charging,100.0,18,Unknown|Unknown
EVS03948,Unknown,Unknown,19.509024,-99.120228,Ionity,AC Level 2,150,4,600,7,0.4,Yes,24/7,2021,5,Fast Charging,85.71,75,Unknown|Unknown
EVS03949,Unknown,Unknown,55.70269,37.601358,Greenlots,AC Level 2,350,2,700,3,0.36,Yes,24/7,2019,7,Ultra-Fast Charging,233.33,175,Unknown|Unknown
EVS03950,Unknown,Unknown,19.09706,72.924381,ChargePoint,DC Fast Charger,350,1,350,1,0.29,No,6:00-22:00,2015,11,Ultra-Fast Charging,350.0,43,Unknown|Unknown
EVS03951,Unknown,Unknown,81.512248,-164.273301,ChargePoint,AC Level 2,22,6,132,10,0.12,Yes,6:00-22:00,2022,4,Destination/AC,13.2,77,Unknown|Unknown
EVS03952,Unknown,Unknown,19.179719,72.925375,ChargePoint,DC Fast Charger,50,2,100,4,0.35,No,6:00-22:00,2014,12,Fast Charging,25.0,51,Unknown|Unknown
EVS03953,Unknown,Unknown,43.734943,-79.414459,Tesla,DC Fast Charger,350,5,1750,8,0.19,Yes,6:00-22:00,2022,4,Ultra-Fast Charging,218.75,135,Unknown|Unknown
EVS03954,Unknown,Unknown,-23.632254,-46.582932,Tesla,AC Level 2,22,4,88,8,0.13,No,24/7,2023,3,Destination/AC,11.0,91,Unknown|Unknown
EVS03955,Unknown,Unknown,25.20901,55.310597,Ionity,AC Level 1,350,1,350,1,0.46,Yes,6:00-22:00,2014,12,Ultra-Fast Charging,350.0,112,Unknown|Unknown
EVS03956,Unknown,Unknown,-33.734135,18.522645,Greenlots,AC Level 2,350,2,700,3,0.17,Yes,9:00-18:00,2020,6,Ultra-Fast Charging,233.33,170,Unknown|Unknown
EVS03957,Unknown,Unknown,-33.737065,151.294917,Ionity,AC Level 2,22,4,88,6,0.44,Yes,24/7,2014,12,Destination/AC,14.67,100,Unknown|Unknown
EVS03958,Unknown,Unknown,19.484577,-99.154223,EVgo,DC Fast Charger,150,4,600,5,0.21,Yes,9:00-18:00,2022,4,Fast Charging,120.0,136,Unknown|Unknown
EVS03959,Unknown,Unknown,37.82119,-122.438046,Tesla,AC Level 1,350,2,700,3,0.26,No,6:00-22:00,2010,16,Ultra-Fast Charging,233.33,31,Unknown|Unknown
EVS03960,Unknown,Unknown,19.194546,72.917887,Ionity,AC Level 2,22,4,88,6,0.16,Yes,6:00-22:00,2022,4,Destination/AC,14.67,50,Unknown|Unknown
EVS03961,Unknown,Unknown,75.66911,142.347309,EVgo,AC Level 2,50,2,100,3,0.41,Yes,9:00-18:00,2016,10,Fast Charging,33.33,171,Unknown|Unknown
EVS03962,Unknown,Unknown,-23.637928,-46.502238,Tesla,AC Level 1,22,2,44,3,0.37,No,24/7,2017,9,Destination/AC,14.67,156,Unknown|Unknown
EVS03963,Unknown,Unknown,43.659262,-79.340891,Tesla,AC Level 1,350,3,1050,4,0.13,No,6:00-22:00,2014,12,Ultra-Fast Charging,262.5,123,Unknown|Unknown
EVS03964,Unknown,Unknown,18.929856,72.915937,Greenlots,DC Fast Charger,50,5,250,9,0.19,Yes,24/7,2022,4,Fast Charging,27.78,77,Unknown|Unknown
EVS03965,Unknown,Unknown,-23.592784,-46.582245,Greenlots,DC Fast Charger,22,6,132,9,0.2,Yes,24/7,2020,6,Destination/AC,14.67,47,Unknown|Unknown
EVS03966,Unknown,Unknown,37.69517,126.929072,Tesla,DC Fast Charger,50,6,300,8,0.36,No,9:00-18:00,2020,6,Fast Charging,37.5,155,Unknown|Unknown
EVS03967,Unknown,Unknown,39.997023,116.32632,ChargePoint,AC Level 1,350,2,700,4,0.35,Yes,24/7,2021,5,Ultra-Fast Charging,175.0,144,Unknown|Unknown
EVS03968,Unknown,Unknown,41.851435,-87.716228,ChargePoint,DC Fast Charger,150,1,150,1,0.29,No,24/7,2018,8,Fast Charging,150.0,54,Unknown|Unknown
EVS03969,Unknown,Unknown,25.378769,55.223103,Greenlots,DC Fast Charger,150,6,900,7,0.19,Yes,6:00-22:00,2023,3,Fast Charging,128.57,112,Unknown|Unknown
EVS03970,Unknown,Unknown,52.435902,13.492113,EVgo,AC Level 1,350,7,2450,9,0.29,No,9:00-18:00,2012,14,Ultra-Fast Charging,272.22,117,Unknown|Unknown
EVS03971,Unknown,Unknown,-38.613951,170.10341,Tesla,AC Level 2,50,6,300,10,0.24,Yes,6:00-22:00,2014,12,Fast Charging,30.0,93,Unknown|Unknown
EVS03972,Unknown,Unknown,55.828944,37.648761,EVgo,AC Level 2,350,5,1750,7,0.46,Yes,6:00-22:00,2020,6,Ultra-Fast Charging,250.0,167,Unknown|Unknown
EVS03973,Unknown,Unknown,25.285497,55.296197,Greenlots,AC Level 2,150,6,900,7,0.23,Yes,9:00-18:00,2018,8,Fast Charging,128.57,35,Unknown|Unknown
EVS03974,Unknown,Unknown,52.563552,13.482681,ChargePoint,DC Fast Charger,350,6,2100,9,0.46,No,24/7,2023,3,Ultra-Fast Charging,233.33,57,Unknown|Unknown
EVS03975,Unknown,Unknown,55.865622,37.532799,ChargePoint,DC Fast Charger,350,5,1750,10,0.35,Yes,6:00-22:00,2022,4,Ultra-Fast Charging,175.0,30,Unknown|Unknown
EVS03976,Unknown,Unknown,34.033321,-118.33028,Tesla,AC Level 1,50,4,200,8,0.39,No,9:00-18:00,2020,6,Fast Charging,25.0,129,Unknown|Unknown
EVS03977,Unknown,Unknown,-23.66353,-46.512204,Greenlots,AC Level 2,50,8,400,10,0.38,Yes,24/7,2012,14,Fast Charging,40.0,121,Unknown|Unknown
EVS03978,Unknown,Unknown,41.92085,-87.733499,EVgo,AC Level 2,22,4,88,7,0.26,No,6:00-22:00,2017,9,Destination/AC,12.57,177,Unknown|Unknown
EVS03979,Unknown,Unknown,13.83508,100.425054,Greenlots,AC Level 1,50,3,150,5,0.47,No,24/7,2010,16,Fast Charging,30.0,104,Unknown|Unknown
EVS03980,Unknown,Unknown,41.892465,-87.749106,Greenlots,DC Fast Charger,22,4,88,7,0.25,No,9:00-18:00,2019,7,Destination/AC,12.57,39,Unknown|Unknown
EVS03981,Unknown,Unknown,57.401806,169.500201,EVgo,AC Level 2,22,8,176,10,0.21,No,24/7,2023,3,Destination/AC,17.6,89,Unknown|Unknown
EVS03982,Unknown,Unknown,19.497231,-99.174013,Greenlots,AC Level 2,22,5,110,8,0.33,Yes,6:00-22:00,2013,13,Destination/AC,13.75,29,Unknown|Unknown
EVS03983,Unknown,Unknown,41.876549,-87.765451,Ionity,AC Level 1,22,4,88,5,0.32,No,24/7,2018,8,Destination/AC,17.6,125,Unknown|Unknown
EVS03984,Unknown,Unknown,13.775787,100.589052,ChargePoint,DC Fast Charger,150,2,300,3,0.42,Yes,9:00-18:00,2016,10,Fast Charging,100.0,126,Unknown|Unknown
EVS03985,Unknown,Unknown,37.536554,127.014419,EVgo,AC Level 1,350,6,2100,7,0.5,Yes,9:00-18:00,2018,8,Ultra-Fast Charging,300.0,156,Unknown|Unknown
EVS03986,Unknown,Unknown,13.818672,100.492169,EVgo,DC Fast Charger,50,1,50,1,0.29,No,9:00-18:00,2011,15,Fast Charging,50.0,71,Unknown|Unknown
EVS03987,Unknown,Unknown,19.557891,-99.047862,Tesla,AC Level 2,150,2,300,4,0.25,No,24/7,2010,16,Fast Charging,75.0,66,Unknown|Unknown
EVS03988,Unknown,Unknown,43.662414,-79.350826,Tesla,AC Level 2,350,6,2100,9,0.5,No,6:00-22:00,2014,12,Ultra-Fast Charging,233.33,26,Unknown|Unknown
EVS03989,Unknown,Unknown,55.837541,37.518085,Ionity,DC Fast Charger,150,2,300,4,0.5,No,24/7,2022,4,Fast Charging,75.0,83,Unknown|Unknown
EVS03990,Unknown,Unknown,-33.774587,18.494041,Ionity,AC Level 2,50,1,50,1,0.2,Yes,24/7,2019,7,Fast Charging,50.0,93,Unknown|Unknown
EVS03991,Unknown,Unknown,42.237039,-171.433665,Ionity,DC Fast Charger,350,4,1400,8,0.4,No,9:00-18:00,2010,16,Ultra-Fast Charging,175.0,139,Unknown|Unknown
EVS03992,Unknown,Unknown,52.503806,13.484658,ChargePoint,AC Level 1,350,4,1400,6,0.37,Yes,24/7,2013,13,Ultra-Fast Charging,233.33,139,Unknown|Unknown
EVS03993,Unknown,Unknown,43.688483,-79.414947,EVgo,DC Fast Charger,150,3,450,4,0.4,No,9:00-18:00,2021,5,Fast Charging,112.5,38,Unknown|Unknown
EVS03994,Unknown,Unknown,19.543583,-99.155228,Ionity,DC Fast Charger,150,4,600,7,0.17,Yes,9:00-18:00,2012,14,Fast Charging,85.71,62,Unknown|Unknown
EVS03995,Unknown,Unknown,-33.845902,151.223104,Tesla,AC Level 1,22,8,176,10,0.48,Yes,24/7,2023,3,Destination/AC,17.6,99,Unknown|Unknown
EVS03996,Unknown,Unknown,34.0995,-118.204795,Greenlots,AC Level 2,350,3,1050,6,0.36,Yes,24/7,2022,4,Ultra-Fast Charging,175.0,70,Unknown|Unknown
EVS03997,Unknown,Unknown,43.729508,-79.341645,Greenlots,DC Fast Charger,150,1,150,2,0.33,No,6:00-22:00,2016,10,Fast Charging,75.0,19,Unknown|Unknown
EVS03998,Unknown,Unknown,39.926115,116.24722,Greenlots,DC Fast Charger,22,3,66,5,0.49,No,9:00-18:00,2012,14,Destination/AC,13.2,154,Unknown|Unknown
EVS03999,Unknown,Unknown,34.100066,-118.398555,ChargePoint,DC Fast Charger,350,5,1750,9,0.27,Yes,24/7,2011,15,Ultra-Fast Charging,194.44,135,Unknown|Unknown
EVS04000,Unknown,Unknown,-33.707977,151.370385,ChargePoint,AC Level 2,22,3,66,4,0.12,Yes,24/7,2020,6,Destination/AC,16.5,100,Unknown|Unknown
EVS04001,Unknown,Unknown,34.519629,54.772326,EVgo,AC Level 2,150,3,450,4,0.22,No,9:00-18:00,2020,6,Fast Charging,112.5,67,Unknown|Unknown
EVS04002,Unknown,Unknown,19.148918,72.913045,Greenlots,AC Level 2,22,1,22,1,0.44,Yes,24/7,2012,14,Destination/AC,22.0,154,Unknown|Unknown
EVS04003,Unknown,Unknown,37.573049,126.96699,EVgo,AC Level 1,150,6,900,9,0.22,Yes,6:00-22:00,2010,16,Fast Charging,100.0,20,Unknown|Unknown
EVS04004,Unknown,Unknown,39.985229,116.344397,Ionity,AC Level 2,22,2,44,2,0.36,Yes,9:00-18:00,2011,15,Destination/AC,22.0,88,Unknown|Unknown
EVS04005,Unknown,Unknown,19.077469,72.841242,Tesla,AC Level 1,22,1,22,1,0.38,No,24/7,2015,11,Destination/AC,22.0,147,Unknown|Unknown
EVS04006,Unknown,Unknown,18.929807,72.913814,Tesla,AC Level 2,350,2,700,4,0.37,No,6:00-22:00,2018,8,Ultra-Fast Charging,175.0,172,Unknown|Unknown
EVS04007,Unknown,Unknown,55.849572,37.523853,EVgo,DC Fast Charger,22,3,66,4,0.16,Yes,6:00-22:00,2023,3,Destination/AC,16.5,56,Unknown|Unknown
EVS04008,Unknown,Unknown,19.563862,-99.139256,EVgo,AC Level 2,150,3,450,6,0.31,Yes,6:00-22:00,2021,5,Fast Charging,75.0,122,Unknown|Unknown
EVS04009,Unknown,Unknown,-33.887958,18.420528,Ionity,AC Level 1,350,3,1050,4,0.26,No,6:00-22:00,2011,15,Ultra-Fast Charging,262.5,46,Unknown|Unknown
EVS04010,Unknown,Unknown,19.486007,-99.122063,Greenlots,AC Level 2,50,6,300,9,0.43,No,24/7,2012,14,Fast Charging,33.33,34,Unknown|Unknown
EVS04011,Unknown,Unknown,-60.426199,-160.377322,Greenlots,DC Fast Charger,150,5,750,6,0.33,Yes,6:00-22:00,2013,13,Fast Charging,125.0,73,Unknown|Unknown
EVS04012,Unknown,Unknown,37.872496,-122.389506,Tesla,AC Level 1,50,4,200,8,0.34,Yes,6:00-22:00,2012,14,Fast Charging,25.0,161,Unknown|Unknown
EVS04013,Unknown,Unknown,43.796346,-79.429135,Tesla,AC Level 2,50,5,250,9,0.5,No,6:00-22:00,2010,16,Fast Charging,27.78,128,Unknown|Unknown
EVS04014,Unknown,Unknown,41.88391,-87.610659,Tesla,AC Level 2,350,8,2800,10,0.15,No,6:00-22:00,2012,14,Ultra-Fast Charging,280.0,95,Unknown|Unknown
EVS04015,Unknown,Unknown,55.83736,37.581255,Greenlots,AC Level 2,350,5,1750,10,0.15,Yes,24/7,2022,4,Ultra-Fast Charging,175.0,61,Unknown|Unknown
EVS04016,Unknown,Unknown,37.641304,126.95299,EVgo,DC Fast Charger,150,6,900,10,0.37,Yes,6:00-22:00,2012,14,Fast Charging,90.0,38,Unknown|Unknown
EVS04017,Unknown,Unknown,19.084909,72.903696,Ionity,DC Fast Charger,50,4,200,6,0.32,Yes,24/7,2014,12,Fast Charging,33.33,59,Unknown|Unknown
EVS04018,Unknown,Unknown,39.972397,116.201654,Greenlots,AC Level 2,150,4,600,5,0.46,No,6:00-22:00,2011,15,Fast Charging,120.0,40,Unknown|Unknown
EVS04019,Unknown,Unknown,43.629887,-79.359153,ChargePoint,AC Level 2,150,2,300,3,0.49,Yes,6:00-22:00,2020,6,Fast Charging,100.0,45,Unknown|Unknown
EVS04020,Unknown,Unknown,-33.808809,18.46831,ChargePoint,AC Level 1,150,4,600,7,0.46,No,6:00-22:00,2022,4,Fast Charging,85.71,128,Unknown|Unknown
EVS04021,Unknown,Unknown,-53.234064,-127.573339,Greenlots,AC Level 1,150,3,450,4,0.21,Yes,9:00-18:00,2010,16,Fast Charging,112.5,36,Unknown|Unknown
EVS04022,Unknown,Unknown,34.198662,-118.370901,Greenlots,AC Level 2,22,3,66,5,0.15,No,24/7,2010,16,Destination/AC,13.2,22,Unknown|Unknown
EVS04023,Unknown,Unknown,37.861776,-122.458758,ChargePoint,DC Fast Charger,150,1,150,3,0.2,Yes,24/7,2015,11,Fast Charging,50.0,104,Unknown|Unknown
EVS04024,Unknown,Unknown,39.867567,116.437495,ChargePoint,AC Level 2,150,5,750,10,0.43,Yes,9:00-18:00,2015,11,Fast Charging,75.0,62,Unknown|Unknown
EVS04025,Unknown,Unknown,43.665023,-79.422304,ChargePoint,DC Fast Charger,22,1,22,1,0.23,Yes,6:00-22:00,2016,10,Destination/AC,22.0,90,Unknown|Unknown
EVS04026,Unknown,Unknown,39.905578,116.287948,Greenlots,AC Level 1,350,8,2800,9,0.14,Yes,6:00-22:00,2022,4,Ultra-Fast Charging,311.11,38,Unknown|Unknown
EVS04027,Unknown,Unknown,37.81766,-122.338115,ChargePoint,AC Level 2,50,1,50,2,0.17,Yes,24/7,2023,3,Fast Charging,25.0,49,Unknown|Unknown
EVS04028,Unknown,Unknown,55.780486,37.545229,Tesla,AC Level 2,50,2,100,4,0.19,No,9:00-18:00,2014,12,Fast Charging,25.0,87,Unknown|Unknown
EVS04029,Unknown,Unknown,-33.818432,151.378897,Tesla,AC Level 2,50,2,100,3,0.43,No,9:00-18:00,2013,13,Fast Charging,33.33,128,Unknown|Unknown
EVS04030,Unknown,Unknown,43.66508,-79.474449,Greenlots,DC Fast Charger,350,4,1400,9,0.33,No,24/7,2011,15,Ultra-Fast Charging,155.56,83,Unknown|Unknown
EVS04031,Unknown,Unknown,-52.667416,-61.426994,Ionity,AC Level 1,350,6,2100,10,0.12,No,24/7,2012,14,Ultra-Fast Charging,210.0,104,Unknown|Unknown
EVS04032,Unknown,Unknown,13.766816,100.467773,EVgo,AC Level 1,150,3,450,3,0.11,No,9:00-18:00,2012,14,Fast Charging,150.0,101,Unknown|Unknown
EVS04033,Unknown,Unknown,41.976223,-87.777844,Tesla,AC Level 2,50,1,50,2,0.25,Yes,6:00-22:00,2020,6,Fast Charging,25.0,59,Unknown|Unknown
EVS04034,Unknown,Unknown,19.174253,72.838369,Greenlots,DC Fast Charger,150,2,300,4,0.42,No,6:00-22:00,2012,14,Fast Charging,75.0,61,Unknown|Unknown
EVS04035,Unknown,Unknown,34.04576,-118.295983,Greenlots,DC Fast Charger,350,6,2100,10,0.48,Yes,9:00-18:00,2010,16,Ultra-Fast Charging,210.0,85,Unknown|Unknown
EVS04036,Unknown,Unknown,13.770273,100.549872,EVgo,DC Fast Charger,22,2,44,4,0.48,Yes,24/7,2018,8,Destination/AC,11.0,20,Unknown|Unknown
EVS04037,Unknown,Unknown,-33.716064,151.270956,Ionity,AC Level 2,150,2,300,5,0.16,No,6:00-22:00,2022,4,Fast Charging,60.0,128,Unknown|Unknown
EVS04038,Unknown,Unknown,-33.827505,18.480583,EVgo,AC Level 2,150,3,450,5,0.36,Yes,24/7,2013,13,Fast Charging,90.0,116,Unknown|Unknown
EVS04039,Unknown,Unknown,-33.899305,151.213174,ChargePoint,AC Level 2,150,3,450,4,0.33,Yes,6:00-22:00,2016,10,Fast Charging,112.5,65,Unknown|Unknown
EVS04040,Unknown,Unknown,39.803474,116.255679,Ionity,DC Fast Charger,50,1,50,1,0.16,No,6:00-22:00,2017,9,Fast Charging,50.0,76,Unknown|Unknown
EVS04041,Unknown,Unknown,-5.787975,-152.891124,Greenlots,DC Fast Charger,350,6,2100,7,0.45,No,24/7,2012,14,Ultra-Fast Charging,300.0,69,Unknown|Unknown
EVS04042,Unknown,Unknown,-23.603205,-46.603035,Tesla,AC Level 1,150,4,600,7,0.37,No,9:00-18:00,2020,6,Fast Charging,85.71,122,Unknown|Unknown
EVS04043,Unknown,Unknown,37.738211,-122.361813,EVgo,AC Level 2,150,2,300,3,0.45,Yes,6:00-22:00,2013,13,Fast Charging,100.0,140,Unknown|Unknown
EVS04044,Unknown,Unknown,41.981931,-87.670571,Ionity,AC Level 1,22,6,132,9,0.38,No,9:00-18:00,2022,4,Destination/AC,14.67,32,Unknown|Unknown
EVS04045,Unknown,Unknown,19.453254,-99.05199,Greenlots,AC Level 1,350,5,1750,9,0.19,No,24/7,2010,16,Ultra-Fast Charging,194.44,83,Unknown|Unknown
EVS04046,Unknown,Unknown,19.456315,-99.029588,ChargePoint,DC Fast Charger,22,2,44,2,0.43,No,9:00-18:00,2017,9,Destination/AC,22.0,17,Unknown|Unknown
EVS04047,Unknown,Unknown,-33.763356,151.268965,Ionity,AC Level 2,150,3,450,6,0.45,No,24/7,2014,12,Fast Charging,75.0,89,Unknown|Unknown
EVS04048,Unknown,Unknown,18.968115,72.801581,Tesla,AC Level 2,150,1,150,1,0.31,Yes,24/7,2013,13,Fast Charging,150.0,55,Unknown|Unknown
EVS04049,Unknown,Unknown,41.838405,-87.726514,EVgo,AC Level 2,150,7,1050,9,0.15,Yes,6:00-22:00,2022,4,Fast Charging,116.67,70,Unknown|Unknown
EVS04050,Unknown,Unknown,13.895345,100.547187,EVgo,AC Level 2,22,3,66,5,0.12,Yes,24/7,2012,14,Destination/AC,13.2,90,Unknown|Unknown
EVS04051,Unknown,Unknown,39.837547,15.966128,Ionity,AC Level 1,22,6,132,8,0.38,Yes,6:00-22:00,2016,10,Destination/AC,16.5,68,Unknown|Unknown
EVS04052,Unknown,Unknown,-23.585393,-46.625854,ChargePoint,AC Level 2,150,1,150,1,0.19,Yes,24/7,2014,12,Fast Charging,150.0,80,Unknown|Unknown
EVS04053,Unknown,Unknown,34.172631,-118.335866,Greenlots,DC Fast Charger,50,7,350,9,0.42,No,9:00-18:00,2022,4,Fast Charging,38.89,141,Unknown|Unknown
EVS04054,Unknown,Unknown,37.512004,127.012917,Greenlots,AC Level 1,50,4,200,8,0.44,No,9:00-18:00,2019,7,Fast Charging,25.0,148,Unknown|Unknown
EVS04055,Unknown,Unknown,19.074643,72.900838,ChargePoint,DC Fast Charger,350,1,350,1,0.34,Yes,9:00-18:00,2023,3,Ultra-Fast Charging,350.0,15,Unknown|Unknown
EVS04056,Unknown,Unknown,43.789149,-79.31467,Tesla,DC Fast Charger,350,1,350,2,0.27,Yes,6:00-22:00,2010,16,Ultra-Fast Charging,175.0,77,Unknown|Unknown
EVS04057,Unknown,Unknown,52.486672,13.395108,EVgo,AC Level 1,350,4,1400,5,0.12,No,6:00-22:00,2017,9,Ultra-Fast Charging,280.0,154,Unknown|Unknown
EVS04058,Unknown,Unknown,19.004318,72.886581,Ionity,AC Level 2,350,5,1750,10,0.23,No,9:00-18:00,2018,8,Ultra-Fast Charging,175.0,102,Unknown|Unknown
EVS04059,Unknown,Unknown,37.654001,127.035894,Tesla,AC Level 2,150,8,1200,10,0.49,No,24/7,2014,12,Fast Charging,120.0,48,Unknown|Unknown
EVS04060,Unknown,Unknown,19.517544,-99.158781,Ionity,AC Level 1,22,4,88,8,0.49,No,24/7,2016,10,Destination/AC,11.0,112,Unknown|Unknown
EVS04061,Unknown,Unknown,40.215234,-99.01373,EVgo,AC Level 1,22,6,132,10,0.35,Yes,6:00-22:00,2023,3,Destination/AC,13.2,38,Unknown|Unknown
EVS04062,Unknown,Unknown,41.913361,-87.793289,ChargePoint,AC Level 2,50,5,250,8,0.42,No,6:00-22:00,2022,4,Fast Charging,31.25,18,Unknown|Unknown
EVS04063,Unknown,Unknown,37.660081,127.09624,EVgo,AC Level 1,22,4,88,8,0.35,Yes,24/7,2021,5,Destination/AC,11.0,119,Unknown|Unknown
EVS04064,Unknown,Unknown,37.584346,126.990282,ChargePoint,DC Fast Charger,350,2,700,2,0.18,Yes,6:00-22:00,2023,3,Ultra-Fast Charging,350.0,99,Unknown|Unknown
EVS04065,Unknown,Unknown,-33.833176,18.465472,EVgo,AC Level 1,350,6,2100,10,0.27,No,24/7,2017,9,Ultra-Fast Charging,210.0,139,Unknown|Unknown
EVS04066,Unknown,Unknown,25.340688,55.229782,ChargePoint,DC Fast Charger,22,3,66,4,0.46,No,24/7,2021,5,Destination/AC,16.5,71,Unknown|Unknown
EVS04067,Unknown,Unknown,34.0007,-118.312376,ChargePoint,AC Level 2,150,4,600,6,0.29,No,6:00-22:00,2022,4,Fast Charging,100.0,155,Unknown|Unknown
EVS04068,Unknown,Unknown,34.016104,-118.220596,Tesla,AC Level 1,150,6,900,9,0.27,No,6:00-22:00,2016,10,Fast Charging,100.0,84,Unknown|Unknown
EVS04069,Unknown,Unknown,-33.814238,18.49375,ChargePoint,AC Level 2,150,7,1050,10,0.3,No,6:00-22:00,2020,6,Fast Charging,105.0,136,Unknown|Unknown
EVS04070,Unknown,Unknown,43.764374,-79.416859,Ionity,DC Fast Charger,150,3,450,4,0.2,Yes,9:00-18:00,2010,16,Fast Charging,112.5,31,Unknown|Unknown
EVS04071,Unknown,Unknown,-8.901364,163.008281,EVgo,AC Level 1,150,5,750,7,0.4,No,24/7,2019,7,Fast Charging,107.14,31,Unknown|Unknown
EVS04072,Unknown,Unknown,37.858645,-122.346054,EVgo,AC Level 1,150,1,150,2,0.18,Yes,6:00-22:00,2016,10,Fast Charging,75.0,144,Unknown|Unknown
EVS04073,Unknown,Unknown,34.137095,-118.211289,Greenlots,AC Level 2,350,5,1750,7,0.2,Yes,9:00-18:00,2010,16,Ultra-Fast Charging,250.0,152,Unknown|Unknown
EVS04074,Unknown,Unknown,19.41537,-99.053806,EVgo,DC Fast Charger,350,6,2100,9,0.44,Yes,9:00-18:00,2018,8,Ultra-Fast Charging,233.33,170,Unknown|Unknown
EVS04075,Unknown,Unknown,39.838725,116.341345,Greenlots,AC Level 1,22,6,132,9,0.37,No,6:00-22:00,2018,8,Destination/AC,14.67,68,Unknown|Unknown
EVS04076,Unknown,Unknown,41.847913,-87.72173,ChargePoint,DC Fast Charger,22,6,132,8,0.49,No,9:00-18:00,2020,6,Destination/AC,16.5,18,Unknown|Unknown
EVS04077,Unknown,Unknown,13.726298,100.519242,ChargePoint,AC Level 1,22,1,22,2,0.32,No,9:00-18:00,2020,6,Destination/AC,11.0,176,Unknown|Unknown
EVS04078,Unknown,Unknown,43.654029,-79.470429,Ionity,DC Fast Charger,22,7,154,9,0.42,No,6:00-22:00,2020,6,Destination/AC,17.11,114,Unknown|Unknown
EVS04079,Unknown,Unknown,25.394217,55.237641,ChargePoint,DC Fast Charger,150,5,750,6,0.48,Yes,6:00-22:00,2022,4,Fast Charging,125.0,55,Unknown|Unknown
EVS04080,Unknown,Unknown,37.680249,126.959963,EVgo,AC Level 2,50,2,100,2,0.47,Yes,6:00-22:00,2010,16,Fast Charging,50.0,141,Unknown|Unknown
EVS04081,Unknown,Unknown,-31.097041,154.165787,Ionity,AC Level 1,350,1,350,1,0.11,No,9:00-18:00,2022,4,Ultra-Fast Charging,350.0,164,Unknown|Unknown
EVS04082,Unknown,Unknown,-33.74161,151.203127,Tesla,AC Level 2,150,7,1050,10,0.43,Yes,6:00-22:00,2020,6,Fast Charging,105.0,61,Unknown|Unknown
EVS04083,Unknown,Unknown,37.618927,126.947835,Tesla,AC Level 1,22,6,132,8,0.45,No,9:00-18:00,2018,8,Destination/AC,16.5,141,Unknown|Unknown
EVS04084,Unknown,Unknown,41.939227,-87.787571,ChargePoint,AC Level 1,350,2,700,3,0.29,No,6:00-22:00,2022,4,Ultra-Fast Charging,233.33,144,Unknown|Unknown
EVS04085,Unknown,Unknown,37.699818,126.955304,Tesla,AC Level 2,350,6,2100,9,0.27,Yes,9:00-18:00,2013,13,Ultra-Fast Charging,233.33,97,Unknown|Unknown
EVS04086,Unknown,Unknown,39.90934,116.274842,Greenlots,AC Level 2,50,3,150,5,0.34,No,24/7,2018,8,Fast Charging,30.0,119,Unknown|Unknown
EVS04087,Unknown,Unknown,-33.714719,18.503409,EVgo,DC Fast Charger,150,5,750,10,0.44,Yes,6:00-22:00,2014,12,Fast Charging,75.0,59,Unknown|Unknown
EVS04088,Unknown,Unknown,34.075356,-118.309756,Ionity,DC Fast Charger,150,8,1200,9,0.12,No,6:00-22:00,2023,3,Fast Charging,133.33,168,Unknown|Unknown
EVS04089,Unknown,Unknown,39.924182,116.302264,Tesla,AC Level 2,150,7,1050,9,0.29,No,6:00-22:00,2011,15,Fast Charging,116.67,177,Unknown|Unknown
EVS04090,Unknown,Unknown,34.086431,-118.301889,Tesla,AC Level 2,22,4,88,6,0.24,No,6:00-22:00,2011,15,Destination/AC,14.67,176,Unknown|Unknown
EVS04091,Unknown,Unknown,-33.001935,68.414201,Tesla,AC Level 2,50,4,200,8,0.32,No,9:00-18:00,2011,15,Fast Charging,25.0,136,Unknown|Unknown
EVS04092,Unknown,Unknown,34.091825,-118.29594,ChargePoint,DC Fast Charger,50,1,50,1,0.14,No,9:00-18:00,2020,6,Fast Charging,50.0,21,Unknown|Unknown
EVS04093,Unknown,Unknown,37.573573,126.904456,Tesla,AC Level 1,150,2,300,4,0.38,Yes,24/7,2013,13,Fast Charging,75.0,75,Unknown|Unknown
EVS04094,Unknown,Unknown,37.868255,-122.45738,Ionity,DC Fast Charger,22,4,88,5,0.22,No,24/7,2017,9,Destination/AC,17.6,88,Unknown|Unknown
EVS04095,Unknown,Unknown,43.731896,-79.434953,Greenlots,AC Level 2,50,8,400,10,0.27,No,9:00-18:00,2016,10,Fast Charging,40.0,173,Unknown|Unknown
EVS04096,Unknown,Unknown,52.5857,13.389973,ChargePoint,AC Level 1,22,1,22,1,0.45,No,24/7,2021,5,Destination/AC,22.0,105,Unknown|Unknown
EVS04097,Unknown,Unknown,-33.730157,151.221064,Greenlots,AC Level 1,22,2,44,3,0.43,No,9:00-18:00,2018,8,Destination/AC,14.67,103,Unknown|Unknown
EVS04098,Unknown,Unknown,55.773621,37.675714,EVgo,DC Fast Charger,350,3,1050,6,0.27,No,6:00-22:00,2012,14,Ultra-Fast Charging,175.0,39,Unknown|Unknown
EVS04099,Unknown,Unknown,-33.898646,18.452137,EVgo,AC Level 1,50,5,250,10,0.21,No,9:00-18:00,2012,14,Fast Charging,25.0,145,Unknown|Unknown
EVS04100,Unknown,Unknown,37.864507,-122.337206,ChargePoint,DC Fast Charger,350,4,1400,7,0.41,Yes,6:00-22:00,2019,7,Ultra-Fast Charging,200.0,70,Unknown|Unknown
EVS04101,Unknown,Unknown,-15.963342,-97.359688,Tesla,AC Level 1,350,4,1400,8,0.23,No,24/7,2016,10,Ultra-Fast Charging,175.0,30,Unknown|Unknown
EVS04102,Unknown,Unknown,-33.795034,151.33579,Greenlots,DC Fast Charger,350,5,1750,10,0.13,Yes,6:00-22:00,2019,7,Ultra-Fast Charging,175.0,177,Unknown|Unknown
EVS04103,Unknown,Unknown,19.513177,-99.13328,Ionity,DC Fast Charger,350,2,700,4,0.41,No,9:00-18:00,2013,13,Ultra-Fast Charging,175.0,46,Unknown|Unknown
EVS04104,Unknown,Unknown,-33.867008,18.425793,Ionity,AC Level 2,350,1,350,1,0.38,No,9:00-18:00,2018,8,Ultra-Fast Charging,350.0,17,Unknown|Unknown
EVS04105,Unknown,Unknown,19.512376,-99.012257,EVgo,AC Level 1,150,4,600,6,0.35,Yes,9:00-18:00,2018,8,Fast Charging,100.0,27,Unknown|Unknown
EVS04106,Unknown,Unknown,13.788832,100.404954,Ionity,AC Level 1,150,2,300,4,0.48,No,6:00-22:00,2011,15,Fast Charging,75.0,89,Unknown|Unknown
EVS04107,Unknown,Unknown,37.67573,126.910516,Tesla,AC Level 2,350,4,1400,5,0.21,Yes,6:00-22:00,2010,16,Ultra-Fast Charging,280.0,31,Unknown|Unknown
EVS04108,Unknown,Unknown,55.862164,37.578528,Ionity,AC Level 1,350,3,1050,6,0.14,Yes,6:00-22:00,2022,4,Ultra-Fast Charging,175.0,154,Unknown|Unknown
EVS04109,Unknown,Unknown,-33.896596,151.368289,ChargePoint,DC Fast Charger,150,4,600,8,0.29,No,6:00-22:00,2013,13,Fast Charging,75.0,99,Unknown|Unknown
EVS04110,Unknown,Unknown,18.948724,72.81195,EVgo,AC Level 1,350,1,350,3,0.41,Yes,24/7,2010,16,Ultra-Fast Charging,116.67,68,Unknown|Unknown
EVS04111,Unknown,Unknown,59.592944,151.165395,Ionity,AC Level 1,50,7,350,9,0.23,Yes,24/7,2023,3,Fast Charging,38.89,15,Unknown|Unknown
EVS04112,Unknown,Unknown,-33.822994,18.436438,EVgo,AC Level 1,50,1,50,1,0.35,No,24/7,2016,10,Fast Charging,50.0,94,Unknown|Unknown
EVS04113,Unknown,Unknown,-23.691663,-46.637228,Tesla,AC Level 2,350,5,1750,7,0.37,No,6:00-22:00,2017,9,Ultra-Fast Charging,250.0,39,Unknown|Unknown
EVS04114,Unknown,Unknown,19.043473,72.976307,Ionity,AC Level 1,350,4,1400,8,0.43,Yes,24/7,2013,13,Ultra-Fast Charging,175.0,176,Unknown|Unknown
EVS04115,Unknown,Unknown,39.876388,116.490795,Greenlots,AC Level 2,350,2,700,2,0.13,Yes,9:00-18:00,2010,16,Ultra-Fast Charging,350.0,63,Unknown|Unknown
EVS04116,Unknown,Unknown,41.931699,-87.703125,ChargePoint,AC Level 1,50,3,150,6,0.36,Yes,9:00-18:00,2010,16,Fast Charging,25.0,93,Unknown|Unknown
EVS04117,Unknown,Unknown,55.794198,37.588844,Greenlots,DC Fast Charger,350,1,350,1,0.49,No,9:00-18:00,2020,6,Ultra-Fast Charging,350.0,18,Unknown|Unknown
EVS04118,Unknown,Unknown,37.757085,-122.432538,ChargePoint,DC Fast Charger,22,5,110,6,0.28,No,9:00-18:00,2021,5,Destination/AC,18.33,36,Unknown|Unknown
EVS04119,Unknown,Unknown,-33.82412,151.327756,ChargePoint,AC Level 2,150,2,300,3,0.38,Yes,24/7,2018,8,Fast Charging,100.0,49,Unknown|Unknown
EVS04120,Unknown,Unknown,52.503611,13.371251,Greenlots,AC Level 2,22,4,88,8,0.43,No,9:00-18:00,2014,12,Destination/AC,11.0,23,Unknown|Unknown
EVS04121,Unknown,Unknown,57.190663,108.83085,Ionity,AC Level 2,150,5,750,6,0.3,Yes,6:00-22:00,2019,7,Fast Charging,125.0,134,Unknown|Unknown
EVS04122,Unknown,Unknown,25.351878,55.38686,Ionity,AC Level 2,22,1,22,1,0.48,No,9:00-18:00,2020,6,Destination/AC,22.0,170,Unknown|Unknown
EVS04123,Unknown,Unknown,55.884825,37.570888,Tesla,DC Fast Charger,50,1,50,1,0.27,Yes,6:00-22:00,2014,12,Fast Charging,50.0,177,Unknown|Unknown
EVS04124,Unknown,Unknown,19.566851,-99.172823,EVgo,DC Fast Charger,150,6,900,10,0.12,Yes,24/7,2019,7,Fast Charging,90.0,58,Unknown|Unknown
EVS04125,Unknown,Unknown,41.870894,-87.744522,ChargePoint,AC Level 1,350,2,700,4,0.15,No,24/7,2020,6,Ultra-Fast Charging,175.0,145,Unknown|Unknown
EVS04126,Unknown,Unknown,13.707049,100.544441,Greenlots,DC Fast Charger,350,3,1050,4,0.25,No,24/7,2011,15,Ultra-Fast Charging,262.5,98,Unknown|Unknown
EVS04127,Unknown,Unknown,41.931126,-87.628234,ChargePoint,AC Level 2,350,4,1400,5,0.38,Yes,24/7,2013,13,Ultra-Fast Charging,280.0,22,Unknown|Unknown
EVS04128,Unknown,Unknown,-33.879701,18.528344,Greenlots,AC Level 1,22,1,22,1,0.14,No,6:00-22:00,2023,3,Destination/AC,22.0,29,Unknown|Unknown
EVS04129,Unknown,Unknown,52.417909,13.48195,Greenlots,DC Fast Charger,350,4,1400,7,0.12,No,9:00-18:00,2020,6,Ultra-Fast Charging,200.0,105,Unknown|Unknown
EVS04130,Unknown,Unknown,-33.712696,151.370323,Tesla,AC Level 1,350,4,1400,6,0.44,No,6:00-22:00,2022,4,Ultra-Fast Charging,233.33,84,Unknown|Unknown
EVS04131,Unknown,Unknown,77.338003,-55.633458,Greenlots,DC Fast Charger,350,4,1400,6,0.31,No,9:00-18:00,2014,12,Ultra-Fast Charging,233.33,16,Unknown|Unknown
EVS04132,Unknown,Unknown,13.705176,100.421377,Ionity,DC Fast Charger,22,2,44,5,0.48,No,9:00-18:00,2010,16,Destination/AC,8.8,168,Unknown|Unknown
EVS04133,Unknown,Unknown,13.864906,100.513156,Greenlots,AC Level 2,22,7,154,9,0.31,Yes,9:00-18:00,2013,13,Destination/AC,17.11,135,Unknown|Unknown
EVS04134,Unknown,Unknown,39.941502,116.277638,EVgo,AC Level 1,150,3,450,4,0.3,Yes,9:00-18:00,2014,12,Fast Charging,112.5,97,Unknown|Unknown
EVS04135,Unknown,Unknown,-23.664265,-46.559677,Greenlots,AC Level 1,50,5,250,7,0.28,No,24/7,2022,4,Fast Charging,35.71,177,Unknown|Unknown
EVS04136,Unknown,Unknown,39.905901,116.381371,EVgo,AC Level 1,350,4,1400,7,0.39,Yes,6:00-22:00,2017,9,Ultra-Fast Charging,200.0,175,Unknown|Unknown
EVS04137,Unknown,Unknown,37.829789,-122.408704,Greenlots,DC Fast Charger,22,3,66,7,0.19,No,24/7,2010,16,Destination/AC,9.43,175,Unknown|Unknown
EVS04138,Unknown,Unknown,37.78157,-122.464354,EVgo,AC Level 2,22,4,88,6,0.49,Yes,6:00-22:00,2016,10,Destination/AC,14.67,57,Unknown|Unknown
EVS04139,Unknown,Unknown,37.881101,-122.449075,Greenlots,AC Level 2,50,3,150,4,0.24,No,24/7,2013,13,Fast Charging,37.5,160,Unknown|Unknown
EVS04140,Unknown,Unknown,-23.563849,-46.537024,ChargePoint,DC Fast Charger,150,4,600,6,0.5,Yes,9:00-18:00,2013,13,Fast Charging,100.0,98,Unknown|Unknown
EVS04141,Unknown,Unknown,-9.062448,-125.842716,ChargePoint,AC Level 2,22,5,110,10,0.46,Yes,9:00-18:00,2012,14,Destination/AC,11.0,134,Unknown|Unknown
EVS04142,Unknown,Unknown,25.22893,55.307985,Ionity,DC Fast Charger,350,5,1750,6,0.31,Yes,9:00-18:00,2023,3,Ultra-Fast Charging,291.67,156,Unknown|Unknown
EVS04143,Unknown,Unknown,52.481693,13.435094,Ionity,DC Fast Charger,150,3,450,6,0.49,No,6:00-22:00,2016,10,Fast Charging,75.0,41,Unknown|Unknown
EVS04144,Unknown,Unknown,25.336055,55.36186,Tesla,AC Level 2,150,1,150,1,0.37,No,24/7,2021,5,Fast Charging,150.0,88,Unknown|Unknown
EVS04145,Unknown,Unknown,-23.552628,-46.554601,Greenlots,AC Level 2,150,1,150,2,0.33,No,9:00-18:00,2016,10,Fast Charging,75.0,36,Unknown|Unknown
EVS04146,Unknown,Unknown,37.824173,-122.421922,Tesla,AC Level 2,50,3,150,7,0.2,Yes,24/7,2011,15,Fast Charging,21.43,61,Unknown|Unknown
EVS04147,Unknown,Unknown,37.541219,127.022956,Greenlots,AC Level 1,350,4,1400,9,0.44,Yes,24/7,2015,11,Ultra-Fast Charging,155.56,83,Unknown|Unknown
EVS04148,Unknown,Unknown,37.707377,-122.476889,Ionity,DC Fast Charger,150,3,450,6,0.3,Yes,24/7,2017,9,Fast Charging,75.0,156,Unknown|Unknown
EVS04149,Unknown,Unknown,41.914265,-87.682872,Greenlots,AC Level 1,150,3,450,4,0.45,Yes,9:00-18:00,2022,4,Fast Charging,112.5,157,Unknown|Unknown
EVS04150,Unknown,Unknown,37.622776,127.023531,ChargePoint,AC Level 2,50,2,100,4,0.38,Yes,9:00-18:00,2015,11,Fast Charging,25.0,79,Unknown|Unknown
EVS04151,Unknown,Unknown,-89.091257,-149.999355,Tesla,AC Level 2,22,6,132,9,0.19,Yes,9:00-18:00,2023,3,Destination/AC,14.67,69,Unknown|Unknown
EVS04152,Unknown,Unknown,25.242628,55.381865,Greenlots,AC Level 2,150,5,750,6,0.5,Yes,24/7,2012,14,Fast Charging,125.0,102,Unknown|Unknown
EVS04153,Unknown,Unknown,39.965914,116.342541,Tesla,AC Level 1,150,4,600,6,0.3,Yes,9:00-18:00,2017,9,Fast Charging,100.0,165,Unknown|Unknown
EVS04154,Unknown,Unknown,37.8096,-122.482541,Tesla,DC Fast Charger,22,6,132,9,0.2,No,9:00-18:00,2016,10,Destination/AC,14.67,176,Unknown|Unknown
EVS04155,Unknown,Unknown,37.693237,127.057681,Tesla,AC Level 1,50,5,250,8,0.34,No,24/7,2012,14,Fast Charging,31.25,52,Unknown|Unknown
EVS04156,Unknown,Unknown,37.642072,126.923159,Tesla,AC Level 1,50,4,200,7,0.11,No,24/7,2018,8,Fast Charging,28.57,45,Unknown|Unknown
EVS04157,Unknown,Unknown,37.83103,-122.496702,Ionity,AC Level 2,150,3,450,5,0.26,Yes,9:00-18:00,2017,9,Fast Charging,90.0,131,Unknown|Unknown
EVS04158,Unknown,Unknown,43.64086,-79.352843,Greenlots,DC Fast Charger,150,4,600,5,0.21,No,6:00-22:00,2018,8,Fast Charging,120.0,64,Unknown|Unknown
EVS04159,Unknown,Unknown,52.58056,13.400037,Ionity,AC Level 2,22,6,132,8,0.25,No,24/7,2016,10,Destination/AC,16.5,47,Unknown|Unknown
EVS04160,Unknown,Unknown,34.088514,-118.298371,EVgo,AC Level 1,150,2,300,3,0.18,No,9:00-18:00,2015,11,Fast Charging,100.0,20,Unknown|Unknown
EVS04161,Unknown,Unknown,52.430733,18.553479,Tesla,AC Level 2,350,2,700,4,0.39,No,24/7,2013,13,Ultra-Fast Charging,175.0,81,Unknown|Unknown
EVS04162,Unknown,Unknown,13.864761,100.473208,ChargePoint,AC Level 1,22,1,22,1,0.39,Yes,24/7,2013,13,Destination/AC,22.0,79,Unknown|Unknown
EVS04163,Unknown,Unknown,55.886768,37.603484,Tesla,AC Level 1,350,1,350,2,0.34,Yes,6:00-22:00,2022,4,Ultra-Fast Charging,175.0,107,Unknown|Unknown
EVS04164,Unknown,Unknown,39.995508,116.237438,Ionity,DC Fast Charger,22,2,44,2,0.18,No,24/7,2022,4,Destination/AC,22.0,48,Unknown|Unknown
EVS04165,Unknown,Unknown,-33.73047,18.538973,EVgo,AC Level 2,350,3,1050,6,0.36,Yes,24/7,2019,7,Ultra-Fast Charging,175.0,132,Unknown|Unknown
EVS04166,Unknown,Unknown,37.571783,127.081304,Tesla,DC Fast Charger,50,1,50,2,0.43,Yes,9:00-18:00,2013,13,Fast Charging,25.0,127,Unknown|Unknown
EVS04167,Unknown,Unknown,52.431152,13.371879,Ionity,AC Level 2,150,2,300,2,0.18,No,6:00-22:00,2017,9,Fast Charging,150.0,91,Unknown|Unknown
EVS04168,Unknown,Unknown,-23.643113,-46.657269,Greenlots,AC Level 1,50,5,250,8,0.32,Yes,6:00-22:00,2013,13,Fast Charging,31.25,44,Unknown|Unknown
EVS04169,Unknown,Unknown,41.986604,-87.600401,Tesla,AC Level 2,150,4,600,7,0.15,Yes,6:00-22:00,2018,8,Fast Charging,85.71,98,Unknown|Unknown
EVS04170,Unknown,Unknown,13.792518,100.45963,Ionity,DC Fast Charger,22,3,66,4,0.43,Yes,9:00-18:00,2016,10,Destination/AC,16.5,126,Unknown|Unknown
EVS04171,Unknown,Unknown,70.06888,-80.963845,EVgo,AC Level 2,22,3,66,5,0.26,No,9:00-18:00,2019,7,Destination/AC,13.2,76,Unknown|Unknown
EVS04172,Unknown,Unknown,13.78189,100.497139,ChargePoint,AC Level 2,150,6,900,10,0.15,Yes,24/7,2014,12,Fast Charging,90.0,58,Unknown|Unknown
EVS04173,Unknown,Unknown,13.737703,100.529176,ChargePoint,AC Level 2,150,5,750,7,0.19,No,6:00-22:00,2020,6,Fast Charging,107.14,98,Unknown|Unknown
EVS04174,Unknown,Unknown,55.781343,37.614726,Greenlots,DC Fast Charger,22,2,44,3,0.42,Yes,24/7,2014,12,Destination/AC,14.67,73,Unknown|Unknown
EVS04175,Unknown,Unknown,52.471346,13.340838,ChargePoint,DC Fast Charger,22,6,132,8,0.44,No,9:00-18:00,2012,14,Destination/AC,16.5,81,Unknown|Unknown
EVS04176,Unknown,Unknown,34.134661,-118.24869,Greenlots,AC Level 1,50,4,200,8,0.16,No,6:00-22:00,2012,14,Fast Charging,25.0,72,Unknown|Unknown
EVS04177,Unknown,Unknown,55.868869,37.585312,EVgo,AC Level 2,50,5,250,8,0.15,Yes,6:00-22:00,2020,6,Fast Charging,31.25,65,Unknown|Unknown
EVS04178,Unknown,Unknown,25.297295,55.37418,Greenlots,AC Level 1,350,7,2450,9,0.19,Yes,24/7,2021,5,Ultra-Fast Charging,272.22,133,Unknown|Unknown
EVS04179,Unknown,Unknown,-33.772298,151.258892,EVgo,AC Level 1,350,2,700,5,0.16,No,9:00-18:00,2022,4,Ultra-Fast Charging,140.0,90,Unknown|Unknown
EVS04180,Unknown,Unknown,-33.842702,151.372347,Tesla,AC Level 1,350,1,350,1,0.29,No,9:00-18:00,2010,16,Ultra-Fast Charging,350.0,91,Unknown|Unknown
EVS04181,Unknown,Unknown,30.015838,-49.806328,Greenlots,AC Level 2,350,1,350,2,0.24,Yes,9:00-18:00,2020,6,Ultra-Fast Charging,175.0,122,Unknown|Unknown
EVS04182,Unknown,Unknown,25.23201,55.256737,Tesla,DC Fast Charger,150,1,150,1,0.34,No,24/7,2019,7,Fast Charging,150.0,74,Unknown|Unknown
EVS04183,Unknown,Unknown,-33.720514,151.34032,Greenlots,AC Level 1,150,3,450,4,0.45,Yes,6:00-22:00,2015,11,Fast Charging,112.5,31,Unknown|Unknown
EVS04184,Unknown,Unknown,-33.888487,151.251464,Tesla,AC Level 1,150,8,1200,10,0.23,Yes,6:00-22:00,2023,3,Fast Charging,120.0,155,Unknown|Unknown
EVS04185,Unknown,Unknown,37.827157,-122.4703,ChargePoint,AC Level 1,350,5,1750,10,0.5,Yes,6:00-22:00,2016,10,Ultra-Fast Charging,175.0,24,Unknown|Unknown
EVS04186,Unknown,Unknown,43.799026,-79.310611,ChargePoint,AC Level 2,150,2,300,4,0.43,Yes,6:00-22:00,2015,11,Fast Charging,75.0,109,Unknown|Unknown
EVS04187,Unknown,Unknown,-33.73432,18.507942,Tesla,AC Level 2,150,8,1200,10,0.17,Yes,24/7,2017,9,Fast Charging,120.0,58,Unknown|Unknown
EVS04188,Unknown,Unknown,13.725302,100.507029,ChargePoint,AC Level 2,150,8,1200,10,0.44,Yes,9:00-18:00,2018,8,Fast Charging,120.0,50,Unknown|Unknown
EVS04189,Unknown,Unknown,43.699474,-79.36352,Ionity,AC Level 2,22,1,22,1,0.39,Yes,9:00-18:00,2022,4,Destination/AC,22.0,21,Unknown|Unknown
EVS04190,Unknown,Unknown,19.044283,72.847812,ChargePoint,AC Level 1,50,6,300,10,0.42,Yes,24/7,2017,9,Fast Charging,30.0,163,Unknown|Unknown
EVS04191,Unknown,Unknown,80.454274,-78.801932,Ionity,AC Level 1,22,3,66,5,0.24,Yes,6:00-22:00,2020,6,Destination/AC,13.2,85,Unknown|Unknown
EVS04192,Unknown,Unknown,34.106183,-118.296503,EVgo,AC Level 1,22,2,44,5,0.44,Yes,6:00-22:00,2014,12,Destination/AC,8.8,71,Unknown|Unknown
EVS04193,Unknown,Unknown,39.804276,116.326928,ChargePoint,DC Fast Charger,150,2,300,2,0.28,No,24/7,2022,4,Fast Charging,150.0,137,Unknown|Unknown
EVS04194,Unknown,Unknown,19.12184,72.905195,ChargePoint,DC Fast Charger,50,7,350,9,0.41,No,9:00-18:00,2016,10,Fast Charging,38.89,21,Unknown|Unknown
EVS04195,Unknown,Unknown,-33.845892,18.493575,ChargePoint,DC Fast Charger,50,4,200,7,0.31,No,24/7,2021,5,Fast Charging,28.57,108,Unknown|Unknown
EVS04196,Unknown,Unknown,43.751523,-79.482251,ChargePoint,DC Fast Charger,350,4,1400,7,0.42,Yes,6:00-22:00,2015,11,Ultra-Fast Charging,200.0,96,Unknown|Unknown
EVS04197,Unknown,Unknown,55.808896,37.589759,ChargePoint,AC Level 1,350,2,700,3,0.47,No,6:00-22:00,2016,10,Ultra-Fast Charging,233.33,106,Unknown|Unknown
EVS04198,Unknown,Unknown,52.548356,13.33669,Greenlots,AC Level 1,50,2,100,5,0.14,No,9:00-18:00,2010,16,Fast Charging,20.0,35,Unknown|Unknown
EVS04199,Unknown,Unknown,-23.57236,-46.665687,Ionity,DC Fast Charger,22,1,22,1,0.47,No,24/7,2015,11,Destination/AC,22.0,172,Unknown|Unknown
EVS04200,Unknown,Unknown,55.743927,37.633421,Tesla,AC Level 1,150,7,1050,10,0.17,Yes,6:00-22:00,2017,9,Fast Charging,105.0,54,Unknown|Unknown
EVS04201,Unknown,Unknown,78.958744,-121.466317,ChargePoint,AC Level 1,50,5,250,10,0.19,No,6:00-22:00,2017,9,Fast Charging,25.0,126,Unknown|Unknown
EVS04202,Unknown,Unknown,19.036275,72.814735,Ionity,DC Fast Charger,50,3,150,5,0.36,Yes,9:00-18:00,2017,9,Fast Charging,30.0,138,Unknown|Unknown
EVS04203,Unknown,Unknown,19.066692,72.871364,Greenlots,AC Level 1,22,2,44,2,0.43,No,9:00-18:00,2017,9,Destination/AC,22.0,71,Unknown|Unknown
EVS04204,Unknown,Unknown,39.913845,116.499701,EVgo,AC Level 1,350,2,700,4,0.21,No,24/7,2023,3,Ultra-Fast Charging,175.0,36,Unknown|Unknown
EVS04205,Unknown,Unknown,19.434236,-99.16691,Greenlots,AC Level 1,350,6,2100,10,0.15,Yes,6:00-22:00,2016,10,Ultra-Fast Charging,210.0,63,Unknown|Unknown
EVS04206,Unknown,Unknown,34.117833,-118.322616,Ionity,AC Level 2,150,1,150,1,0.12,Yes,9:00-18:00,2017,9,Fast Charging,150.0,148,Unknown|Unknown
EVS04207,Unknown,Unknown,19.538119,-99.118736,ChargePoint,AC Level 2,350,5,1750,10,0.16,No,24/7,2015,11,Ultra-Fast Charging,175.0,164,Unknown|Unknown
EVS04208,Unknown,Unknown,41.917942,-87.664568,EVgo,AC Level 1,50,2,100,3,0.2,No,9:00-18:00,2018,8,Fast Charging,33.33,169,Unknown|Unknown
EVS04209,Unknown,Unknown,13.798283,100.558145,Greenlots,DC Fast Charger,350,1,350,2,0.44,Yes,6:00-22:00,2014,12,Ultra-Fast Charging,175.0,52,Unknown|Unknown
EVS04210,Unknown,Unknown,25.216347,55.335059,Tesla,AC Level 2,350,5,1750,9,0.45,Yes,6:00-22:00,2017,9,Ultra-Fast Charging,194.44,115,Unknown|Unknown
EVS04211,Unknown,Unknown,80.302769,-60.510624,Ionity,AC Level 1,350,3,1050,6,0.23,Yes,9:00-18:00,2016,10,Ultra-Fast Charging,175.0,39,Unknown|Unknown
EVS04212,Unknown,Unknown,-33.774869,18.51558,EVgo,AC Level 2,50,8,400,10,0.41,No,9:00-18:00,2018,8,Fast Charging,40.0,132,Unknown|Unknown
EVS04213,Unknown,Unknown,34.119529,-118.242781,EVgo,DC Fast Charger,22,1,22,2,0.41,Yes,6:00-22:00,2016,10,Destination/AC,11.0,83,Unknown|Unknown
EVS04214,Unknown,Unknown,37.851371,-122.316968,Ionity,AC Level 2,22,4,88,6,0.47,Yes,6:00-22:00,2010,16,Destination/AC,14.67,132,Unknown|Unknown
EVS04215,Unknown,Unknown,37.568002,127.048609,Tesla,AC Level 1,22,1,22,2,0.17,Yes,9:00-18:00,2012,14,Destination/AC,11.0,128,Unknown|Unknown
EVS04216,Unknown,Unknown,25.29088,55.279215,Ionity,AC Level 2,150,3,450,4,0.19,No,9:00-18:00,2010,16,Fast Charging,112.5,178,Unknown|Unknown
EVS04217,Unknown,Unknown,34.181875,-118.345348,Ionity,AC Level 2,22,1,22,1,0.32,Yes,9:00-18:00,2020,6,Destination/AC,22.0,95,Unknown|Unknown
EVS04218,Unknown,Unknown,41.995126,-87.777387,EVgo,DC Fast Charger,50,7,350,9,0.27,Yes,9:00-18:00,2020,6,Fast Charging,38.89,71,Unknown|Unknown
EVS04219,Unknown,Unknown,25.301151,55.227751,EVgo,AC Level 2,350,1,350,1,0.43,No,9:00-18:00,2012,14,Ultra-Fast Charging,350.0,101,Unknown|Unknown
EVS04220,Unknown,Unknown,19.066749,72.988944,Tesla,DC Fast Charger,350,3,1050,4,0.2,Yes,6:00-22:00,2023,3,Ultra-Fast Charging,262.5,41,Unknown|Unknown
EVS04221,Unknown,Unknown,30.531187,148.298892,Tesla,AC Level 1,50,4,200,7,0.32,Yes,9:00-18:00,2011,15,Fast Charging,28.57,33,Unknown|Unknown
EVS04222,Unknown,Unknown,19.435663,-99.015013,Ionity,DC Fast Charger,50,2,100,4,0.19,No,6:00-22:00,2021,5,Fast Charging,25.0,100,Unknown|Unknown
EVS04223,Unknown,Unknown,-33.770162,151.277787,Greenlots,AC Level 1,50,4,200,6,0.18,Yes,6:00-22:00,2022,4,Fast Charging,33.33,151,Unknown|Unknown
EVS04224,Unknown,Unknown,-33.883382,18.464043,Greenlots,AC Level 1,22,1,22,2,0.17,No,9:00-18:00,2022,4,Destination/AC,11.0,102,Unknown|Unknown
EVS04225,Unknown,Unknown,19.03649,72.876531,ChargePoint,DC Fast Charger,22,1,22,1,0.19,Yes,6:00-22:00,2013,13,Destination/AC,22.0,144,Unknown|Unknown
EVS04226,Unknown,Unknown,43.610409,-79.426201,ChargePoint,AC Level 2,50,4,200,6,0.45,Yes,24/7,2011,15,Fast Charging,33.33,44,Unknown|Unknown
EVS04227,Unknown,Unknown,55.842539,37.614132,ChargePoint,DC Fast Charger,50,1,50,1,0.37,No,9:00-18:00,2012,14,Fast Charging,50.0,89,Unknown|Unknown
EVS04228,Unknown,Unknown,19.039752,72.970209,Greenlots,AC Level 2,350,2,700,3,0.21,No,24/7,2018,8,Ultra-Fast Charging,233.33,116,Unknown|Unknown
EVS04229,Unknown,Unknown,25.376957,55.355045,Greenlots,AC Level 1,350,4,1400,5,0.41,No,24/7,2022,4,Ultra-Fast Charging,280.0,72,Unknown|Unknown
EVS04230,Unknown,Unknown,25.271414,55.274696,Tesla,DC Fast Charger,50,3,150,4,0.37,No,24/7,2018,8,Fast Charging,37.5,17,Unknown|Unknown
EVS04231,Unknown,Unknown,58.060664,-62.99194,ChargePoint,AC Level 2,50,5,250,7,0.11,No,9:00-18:00,2021,5,Fast Charging,35.71,27,Unknown|Unknown
EVS04232,Unknown,Unknown,19.497245,-99.097037,Ionity,AC Level 2,350,6,2100,9,0.38,No,24/7,2017,9,Ultra-Fast Charging,233.33,168,Unknown|Unknown
EVS04233,Unknown,Unknown,-33.702961,151.262995,Ionity,AC Level 1,22,3,66,4,0.34,No,9:00-18:00,2012,14,Destination/AC,16.5,114,Unknown|Unknown
EVS04234,Unknown,Unknown,-23.655817,-46.548382,Ionity,DC Fast Charger,22,4,88,5,0.14,No,24/7,2016,10,Destination/AC,17.6,58,Unknown|Unknown
EVS04235,Unknown,Unknown,19.430315,-99.070267,ChargePoint,DC Fast Charger,350,1,350,1,0.14,Yes,9:00-18:00,2011,15,Ultra-Fast Charging,350.0,57,Unknown|Unknown
EVS04236,Unknown,Unknown,43.719429,-79.454229,Tesla,AC Level 1,150,5,750,6,0.43,Yes,24/7,2020,6,Fast Charging,125.0,21,Unknown|Unknown
EVS04237,Unknown,Unknown,13.816918,100.41658,EVgo,AC Level 1,50,2,100,5,0.22,No,6:00-22:00,2012,14,Fast Charging,20.0,170,Unknown|Unknown
EVS04238,Unknown,Unknown,37.650742,127.003621,EVgo,AC Level 2,350,6,2100,8,0.33,Yes,6:00-22:00,2022,4,Ultra-Fast Charging,262.5,32,Unknown|Unknown
EVS04239,Unknown,Unknown,-23.611728,-46.550357,Tesla,AC Level 2,50,1,50,1,0.21,No,6:00-22:00,2018,8,Fast Charging,50.0,140,Unknown|Unknown
EVS04240,Unknown,Unknown,-33.845976,18.590271,EVgo,DC Fast Charger,150,1,150,1,0.36,Yes,24/7,2016,10,Fast Charging,150.0,54,Unknown|Unknown
EVS04241,Unknown,Unknown,73.810736,-55.068081,EVgo,DC Fast Charger,150,5,750,7,0.21,No,9:00-18:00,2023,3,Fast Charging,107.14,70,Unknown|Unknown
EVS04242,Unknown,Unknown,55.805235,37.694958,ChargePoint,AC Level 1,150,1,150,1,0.27,No,6:00-22:00,2018,8,Fast Charging,150.0,60,Unknown|Unknown
EVS04243,Unknown,Unknown,55.835667,37.581453,Tesla,AC Level 2,150,1,150,1,0.17,No,6:00-22:00,2011,15,Fast Charging,150.0,151,Unknown|Unknown
EVS04244,Unknown,Unknown,25.281625,55.24105,EVgo,AC Level 2,50,3,150,7,0.46,Yes,24/7,2016,10,Fast Charging,21.43,20,Unknown|Unknown
EVS04245,Unknown,Unknown,39.874569,116.24458,Ionity,AC Level 2,150,2,300,5,0.1,Yes,24/7,2010,16,Fast Charging,60.0,73,Unknown|Unknown
EVS04246,Unknown,Unknown,37.700425,-122.346493,Tesla,DC Fast Charger,50,2,100,5,0.49,No,24/7,2012,14,Fast Charging,20.0,61,Unknown|Unknown
EVS04247,Unknown,Unknown,19.554673,-99.080473,EVgo,AC Level 1,350,6,2100,9,0.2,No,6:00-22:00,2013,13,Ultra-Fast Charging,233.33,60,Unknown|Unknown
EVS04248,Unknown,Unknown,13.78623,100.59612,Greenlots,AC Level 1,350,1,350,2,0.4,Yes,24/7,2013,13,Ultra-Fast Charging,175.0,46,Unknown|Unknown
EVS04249,Unknown,Unknown,41.939184,-87.613953,Tesla,DC Fast Charger,350,5,1750,8,0.15,No,24/7,2021,5,Ultra-Fast Charging,218.75,165,Unknown|Unknown
EVS04250,Unknown,Unknown,18.976946,72.826433,EVgo,AC Level 1,22,6,132,8,0.23,No,6:00-22:00,2017,9,Destination/AC,16.5,77,Unknown|Unknown
EVS04251,Unknown,Unknown,-77.145813,-55.253251,Tesla,AC Level 1,350,3,1050,6,0.39,Yes,9:00-18:00,2016,10,Ultra-Fast Charging,175.0,84,Unknown|Unknown
EVS04252,Unknown,Unknown,34.19074,-118.327539,Tesla,AC Level 1,22,4,88,7,0.17,No,24/7,2010,16,Destination/AC,12.57,78,Unknown|Unknown
EVS04253,Unknown,Unknown,55.70979,37.527271,Tesla,AC Level 2,150,5,750,6,0.13,No,24/7,2010,16,Fast Charging,125.0,176,Unknown|Unknown
EVS04254,Unknown,Unknown,52.592281,13.30709,Greenlots,DC Fast Charger,150,6,900,7,0.28,No,24/7,2020,6,Fast Charging,128.57,70,Unknown|Unknown
EVS04255,Unknown,Unknown,-23.560148,-46.605574,ChargePoint,DC Fast Charger,22,6,132,9,0.25,No,9:00-18:00,2013,13,Destination/AC,14.67,71,Unknown|Unknown
EVS04256,Unknown,Unknown,43.603638,-79.442256,EVgo,AC Level 2,50,2,100,5,0.15,No,9:00-18:00,2015,11,Fast Charging,20.0,69,Unknown|Unknown
EVS04257,Unknown,Unknown,25.24679,55.336604,EVgo,AC Level 1,22,4,88,5,0.44,Yes,9:00-18:00,2010,16,Destination/AC,17.6,68,Unknown|Unknown
EVS04258,Unknown,Unknown,-23.655577,-46.672536,ChargePoint,AC Level 1,150,6,900,8,0.16,No,24/7,2021,5,Fast Charging,112.5,29,Unknown|Unknown
EVS04259,Unknown,Unknown,43.733356,-79.487659,EVgo,DC Fast Charger,150,5,750,8,0.31,No,24/7,2014,12,Fast Charging,93.75,114,Unknown|Unknown
EVS04260,Unknown,Unknown,19.539359,-99.106749,ChargePoint,AC Level 2,150,1,150,1,0.13,Yes,6:00-22:00,2022,4,Fast Charging,150.0,19,Unknown|Unknown
EVS04261,Unknown,Unknown,-3.032094,87.998451,Ionity,DC Fast Charger,350,3,1050,7,0.22,Yes,9:00-18:00,2021,5,Ultra-Fast Charging,150.0,52,Unknown|Unknown
EVS04262,Unknown,Unknown,-33.758168,18.474059,EVgo,DC Fast Charger,22,2,44,3,0.28,No,9:00-18:00,2019,7,Destination/AC,14.67,48,Unknown|Unknown
EVS04263,Unknown,Unknown,-33.751604,151.228007,ChargePoint,AC Level 1,150,3,450,4,0.22,No,6:00-22:00,2019,7,Fast Charging,112.5,63,Unknown|Unknown
EVS04264,Unknown,Unknown,25.286459,55.397712,ChargePoint,DC Fast Charger,350,6,2100,8,0.36,Yes,9:00-18:00,2016,10,Ultra-Fast Charging,262.5,139,Unknown|Unknown
EVS04265,Unknown,Unknown,-33.867895,151.306835,Ionity,AC Level 2,22,5,110,9,0.23,No,6:00-22:00,2017,9,Destination/AC,12.22,113,Unknown|Unknown
EVS04266,Unknown,Unknown,37.544773,126.994403,ChargePoint,AC Level 1,350,6,2100,8,0.35,Yes,6:00-22:00,2015,11,Ultra-Fast Charging,262.5,178,Unknown|Unknown
EVS04267,Unknown,Unknown,34.058685,-118.319229,Tesla,AC Level 1,150,5,750,7,0.29,No,24/7,2022,4,Fast Charging,107.14,72,Unknown|Unknown
EVS04268,Unknown,Unknown,25.219693,55.236265,EVgo,AC Level 1,150,1,150,1,0.2,Yes,6:00-22:00,2020,6,Fast Charging,150.0,168,Unknown|Unknown
EVS04269,Unknown,Unknown,-23.57362,-46.675265,Tesla,AC Level 1,22,6,132,8,0.34,No,24/7,2014,12,Destination/AC,16.5,22,Unknown|Unknown
EVS04270,Unknown,Unknown,-33.744117,151.399431,Tesla,AC Level 1,150,1,150,2,0.29,Yes,24/7,2018,8,Fast Charging,75.0,98,Unknown|Unknown
EVS04271,Unknown,Unknown,-9.657949,-101.266162,EVgo,DC Fast Charger,150,5,750,9,0.17,Yes,9:00-18:00,2019,7,Fast Charging,83.33,146,Unknown|Unknown
EVS04272,Unknown,Unknown,37.668073,126.985013,ChargePoint,AC Level 1,350,6,2100,9,0.33,Yes,9:00-18:00,2021,5,Ultra-Fast Charging,233.33,102,Unknown|Unknown
EVS04273,Unknown,Unknown,39.847991,116.321876,Greenlots,AC Level 2,22,1,22,1,0.31,No,24/7,2013,13,Destination/AC,22.0,168,Unknown|Unknown
EVS04274,Unknown,Unknown,-23.580202,-46.677496,ChargePoint,AC Level 2,22,8,176,10,0.44,Yes,6:00-22:00,2020,6,Destination/AC,17.6,66,Unknown|Unknown
EVS04275,Unknown,Unknown,34.124155,-118.263568,Ionity,AC Level 2,50,2,100,3,0.26,Yes,6:00-22:00,2014,12,Fast Charging,33.33,20,Unknown|Unknown
EVS04276,Unknown,Unknown,19.194058,72.972673,Greenlots,DC Fast Charger,50,2,100,3,0.3,No,24/7,2022,4,Fast Charging,33.33,142,Unknown|Unknown
EVS04277,Unknown,Unknown,39.989295,116.400453,EVgo,AC Level 2,150,1,150,2,0.49,No,6:00-22:00,2015,11,Fast Charging,75.0,26,Unknown|Unknown
EVS04278,Unknown,Unknown,18.986678,72.940184,Tesla,AC Level 2,50,2,100,3,0.11,No,6:00-22:00,2018,8,Fast Charging,33.33,141,Unknown|Unknown
EVS04279,Unknown,Unknown,25.339969,55.219509,ChargePoint,DC Fast Charger,50,6,300,10,0.36,No,9:00-18:00,2011,15,Fast Charging,30.0,136,Unknown|Unknown
EVS04280,Unknown,Unknown,41.801661,-87.606422,Ionity,AC Level 1,22,4,88,5,0.14,No,24/7,2014,12,Destination/AC,17.6,154,Unknown|Unknown
EVS04281,Unknown,Unknown,2.535024,6.820657,EVgo,AC Level 1,50,2,100,4,0.16,Yes,6:00-22:00,2023,3,Fast Charging,25.0,94,Unknown|Unknown
EVS04282,Unknown,Unknown,-23.561952,-46.530379,Greenlots,AC Level 2,150,1,150,2,0.16,No,6:00-22:00,2015,11,Fast Charging,75.0,162,Unknown|Unknown
EVS04283,Unknown,Unknown,-33.804312,18.427351,ChargePoint,DC Fast Charger,150,3,450,4,0.19,No,6:00-22:00,2023,3,Fast Charging,112.5,43,Unknown|Unknown
EVS04284,Unknown,Unknown,-23.637579,-46.558514,ChargePoint,AC Level 1,350,2,700,4,0.48,No,6:00-22:00,2013,13,Ultra-Fast Charging,175.0,86,Unknown|Unknown
EVS04285,Unknown,Unknown,41.971167,-87.647985,ChargePoint,AC Level 1,50,1,50,2,0.18,Yes,9:00-18:00,2014,12,Fast Charging,25.0,35,Unknown|Unknown
EVS04286,Unknown,Unknown,18.912866,72.908022,EVgo,AC Level 2,350,2,700,3,0.17,Yes,24/7,2019,7,Ultra-Fast Charging,233.33,141,Unknown|Unknown
EVS04287,Unknown,Unknown,37.661979,127.018141,Tesla,DC Fast Charger,22,3,66,4,0.47,No,9:00-18:00,2013,13,Destination/AC,16.5,132,Unknown|Unknown
EVS04288,Unknown,Unknown,-33.824165,151.253212,Ionity,AC Level 1,50,1,50,2,0.13,No,24/7,2014,12,Fast Charging,25.0,148,Unknown|Unknown
EVS04289,Unknown,Unknown,55.73806,37.586087,EVgo,AC Level 2,50,5,250,6,0.42,Yes,6:00-22:00,2020,6,Fast Charging,41.67,141,Unknown|Unknown
EVS04290,Unknown,Unknown,43.654162,-79.480904,Tesla,AC Level 1,22,2,44,3,0.25,No,9:00-18:00,2015,11,Destination/AC,14.67,65,Unknown|Unknown
EVS04291,Unknown,Unknown,5.384647,54.856679,Tesla,DC Fast Charger,350,2,700,3,0.16,No,24/7,2012,14,Ultra-Fast Charging,233.33,26,Unknown|Unknown
EVS04292,Unknown,Unknown,-33.772045,151.326281,EVgo,DC Fast Charger,22,3,66,5,0.31,Yes,9:00-18:00,2020,6,Destination/AC,13.2,168,Unknown|Unknown
EVS04293,Unknown,Unknown,37.711603,-122.382284,Greenlots,DC Fast Charger,350,2,700,3,0.39,Yes,6:00-22:00,2018,8,Ultra-Fast Charging,233.33,96,Unknown|Unknown
EVS04294,Unknown,Unknown,39.837783,116.23426,EVgo,AC Level 2,150,2,300,3,0.11,No,9:00-18:00,2018,8,Fast Charging,100.0,30,Unknown|Unknown
EVS04295,Unknown,Unknown,13.851363,100.575366,EVgo,AC Level 2,150,2,300,3,0.48,Yes,6:00-22:00,2017,9,Fast Charging,100.0,167,Unknown|Unknown
EVS04296,Unknown,Unknown,52.464614,13.373153,Tesla,DC Fast Charger,150,3,450,5,0.28,Yes,9:00-18:00,2013,13,Fast Charging,90.0,179,Unknown|Unknown
EVS04297,Unknown,Unknown,18.900139,72.945997,ChargePoint,AC Level 1,50,6,300,8,0.25,Yes,6:00-22:00,2012,14,Fast Charging,37.5,88,Unknown|Unknown
EVS04298,Unknown,Unknown,37.784898,-122.322871,Tesla,DC Fast Charger,50,5,250,10,0.22,Yes,6:00-22:00,2023,3,Fast Charging,25.0,142,Unknown|Unknown
EVS04299,Unknown,Unknown,37.546829,126.938996,Tesla,DC Fast Charger,150,6,900,9,0.11,Yes,24/7,2015,11,Fast Charging,100.0,20,Unknown|Unknown
EVS04300,Unknown,Unknown,-23.681398,-46.533358,EVgo,DC Fast Charger,50,5,250,9,0.13,No,24/7,2010,16,Fast Charging,27.78,30,Unknown|Unknown
EVS04301,Unknown,Unknown,-23.224285,59.329849,ChargePoint,AC Level 1,350,5,1750,8,0.28,Yes,6:00-22:00,2018,8,Ultra-Fast Charging,218.75,60,Unknown|Unknown
EVS04302,Unknown,Unknown,55.720319,37.675853,ChargePoint,DC Fast Charger,22,4,88,5,0.28,No,6:00-22:00,2016,10,Destination/AC,17.6,123,Unknown|Unknown
EVS04303,Unknown,Unknown,37.763386,-122.462468,EVgo,AC Level 1,350,3,1050,4,0.48,No,24/7,2023,3,Ultra-Fast Charging,262.5,37,Unknown|Unknown
EVS04304,Unknown,Unknown,39.840055,116.429836,Ionity,AC Level 2,50,1,50,2,0.33,No,6:00-22:00,2014,12,Fast Charging,25.0,20,Unknown|Unknown
EVS04305,Unknown,Unknown,19.580672,-99.179528,ChargePoint,AC Level 1,350,3,1050,4,0.17,No,6:00-22:00,2016,10,Ultra-Fast Charging,262.5,125,Unknown|Unknown
EVS04306,Unknown,Unknown,34.035636,-118.210387,Tesla,DC Fast Charger,350,1,350,1,0.25,No,24/7,2015,11,Ultra-Fast Charging,350.0,142,Unknown|Unknown
EVS04307,Unknown,Unknown,37.701894,-122.484671,ChargePoint,AC Level 1,22,5,110,7,0.12,No,24/7,2018,8,Destination/AC,15.71,136,Unknown|Unknown
EVS04308,Unknown,Unknown,-33.702662,18.494545,Ionity,DC Fast Charger,22,2,44,3,0.22,Yes,6:00-22:00,2014,12,Destination/AC,14.67,146,Unknown|Unknown
EVS04309,Unknown,Unknown,18.944555,72.954463,Greenlots,AC Level 2,50,6,300,10,0.29,Yes,9:00-18:00,2011,15,Fast Charging,30.0,147,Unknown|Unknown
EVS04310,Unknown,Unknown,18.939257,72.94605,Tesla,AC Level 2,50,3,150,4,0.43,Yes,24/7,2023,3,Fast Charging,37.5,114,Unknown|Unknown
EVS04311,Unknown,Unknown,-69.135551,-99.497088,ChargePoint,AC Level 2,22,5,110,9,0.29,No,6:00-22:00,2013,13,Destination/AC,12.22,100,Unknown|Unknown
EVS04312,Unknown,Unknown,41.962613,-87.698392,Greenlots,DC Fast Charger,150,2,300,4,0.32,No,24/7,2023,3,Fast Charging,75.0,156,Unknown|Unknown
EVS04313,Unknown,Unknown,52.473438,13.481842,Ionity,AC Level 1,22,1,22,1,0.39,Yes,24/7,2019,7,Destination/AC,22.0,72,Unknown|Unknown
EVS04314,Unknown,Unknown,25.252411,55.269201,EVgo,AC Level 1,350,3,1050,7,0.47,Yes,24/7,2018,8,Ultra-Fast Charging,150.0,31,Unknown|Unknown
EVS04315,Unknown,Unknown,13.750326,100.538786,Ionity,AC Level 1,150,1,150,1,0.39,No,24/7,2021,5,Fast Charging,150.0,139,Unknown|Unknown
EVS04316,Unknown,Unknown,-33.770425,18.5573,Ionity,AC Level 1,150,3,450,5,0.48,No,9:00-18:00,2019,7,Fast Charging,90.0,60,Unknown|Unknown
EVS04317,Unknown,Unknown,41.929672,-87.602534,ChargePoint,DC Fast Charger,150,4,600,5,0.13,Yes,6:00-22:00,2013,13,Fast Charging,120.0,176,Unknown|Unknown
EVS04318,Unknown,Unknown,-33.883159,151.212172,Greenlots,AC Level 2,22,2,44,3,0.21,Yes,6:00-22:00,2019,7,Destination/AC,14.67,83,Unknown|Unknown
EVS04319,Unknown,Unknown,-33.79931,18.48791,Greenlots,AC Level 2,150,2,300,4,0.19,Yes,24/7,2012,14,Fast Charging,75.0,155,Unknown|Unknown
EVS04320,Unknown,Unknown,55.753111,37.621642,Ionity,DC Fast Charger,350,5,1750,6,0.35,Yes,6:00-22:00,2012,14,Ultra-Fast Charging,291.67,22,Unknown|Unknown
EVS04321,Unknown,Unknown,87.399058,-86.176008,Tesla,DC Fast Charger,350,3,1050,4,0.32,Yes,6:00-22:00,2011,15,Ultra-Fast Charging,262.5,123,Unknown|Unknown
EVS04322,Unknown,Unknown,25.394178,55.219064,Tesla,AC Level 1,22,2,44,3,0.33,Yes,6:00-22:00,2013,13,Destination/AC,14.67,88,Unknown|Unknown
EVS04323,Unknown,Unknown,34.133913,-118.341301,Ionity,DC Fast Charger,50,6,300,9,0.14,No,6:00-22:00,2023,3,Fast Charging,33.33,91,Unknown|Unknown
EVS04324,Unknown,Unknown,-23.636394,-46.593094,EVgo,DC Fast Charger,150,4,600,8,0.35,No,24/7,2015,11,Fast Charging,75.0,58,Unknown|Unknown
EVS04325,Unknown,Unknown,39.994967,116.394947,Ionity,DC Fast Charger,50,6,300,9,0.47,No,6:00-22:00,2020,6,Fast Charging,33.33,175,Unknown|Unknown
EVS04326,Unknown,Unknown,39.966219,116.341083,Ionity,AC Level 1,22,6,132,9,0.23,Yes,6:00-22:00,2015,11,Destination/AC,14.67,79,Unknown|Unknown
EVS04327,Unknown,Unknown,55.839841,37.521313,Ionity,AC Level 2,150,2,300,4,0.25,Yes,9:00-18:00,2013,13,Fast Charging,75.0,155,Unknown|Unknown
EVS04328,Unknown,Unknown,34.146257,-118.245871,ChargePoint,AC Level 2,150,7,1050,9,0.16,Yes,9:00-18:00,2018,8,Fast Charging,116.67,85,Unknown|Unknown
EVS04329,Unknown,Unknown,34.029744,-118.28947,ChargePoint,DC Fast Charger,350,3,1050,4,0.14,No,9:00-18:00,2017,9,Ultra-Fast Charging,262.5,22,Unknown|Unknown
EVS04330,Unknown,Unknown,37.792768,-122.390718,ChargePoint,AC Level 1,22,2,44,3,0.44,Yes,9:00-18:00,2016,10,Destination/AC,14.67,160,Unknown|Unknown
EVS04331,Unknown,Unknown,-58.959723,82.243897,Tesla,AC Level 1,22,6,132,9,0.22,No,9:00-18:00,2015,11,Destination/AC,14.67,45,Unknown|Unknown
EVS04332,Unknown,Unknown,25.366676,55.351914,ChargePoint,AC Level 1,22,1,22,1,0.33,No,9:00-18:00,2017,9,Destination/AC,22.0,59,Unknown|Unknown
EVS04333,Unknown,Unknown,34.065312,-118.324635,EVgo,DC Fast Charger,50,4,200,8,0.28,Yes,6:00-22:00,2019,7,Fast Charging,25.0,157,Unknown|Unknown
EVS04334,Unknown,Unknown,-33.806571,151.359486,Ionity,AC Level 2,50,8,400,10,0.22,Yes,24/7,2011,15,Fast Charging,40.0,162,Unknown|Unknown
EVS04335,Unknown,Unknown,-33.756077,151.212018,Ionity,AC Level 1,22,2,44,3,0.35,No,6:00-22:00,2023,3,Destination/AC,14.67,166,Unknown|Unknown
EVS04336,Unknown,Unknown,-23.525517,-46.575559,Tesla,DC Fast Charger,50,1,50,1,0.4,No,6:00-22:00,2021,5,Fast Charging,50.0,85,Unknown|Unknown
EVS04337,Unknown,Unknown,13.884137,100.58114,ChargePoint,AC Level 1,150,3,450,6,0.46,No,9:00-18:00,2018,8,Fast Charging,75.0,139,Unknown|Unknown
EVS04338,Unknown,Unknown,41.828321,-87.604285,Tesla,AC Level 2,22,2,44,3,0.41,No,9:00-18:00,2013,13,Destination/AC,14.67,69,Unknown|Unknown
EVS04339,Unknown,Unknown,19.475866,-99.00525,ChargePoint,AC Level 1,22,8,176,10,0.23,Yes,9:00-18:00,2021,5,Destination/AC,17.6,137,Unknown|Unknown
EVS04340,Unknown,Unknown,13.776393,100.493321,EVgo,DC Fast Charger,350,7,2450,9,0.44,Yes,6:00-22:00,2010,16,Ultra-Fast Charging,272.22,97,Unknown|Unknown
EVS04341,Unknown,Unknown,42.069501,147.743399,Tesla,AC Level 2,350,1,350,2,0.27,Yes,24/7,2022,4,Ultra-Fast Charging,175.0,23,Unknown|Unknown
EVS04342,Unknown,Unknown,-33.757234,18.438254,EVgo,AC Level 1,50,6,300,7,0.14,Yes,9:00-18:00,2016,10,Fast Charging,42.86,83,Unknown|Unknown
EVS04343,Unknown,Unknown,41.973156,-87.69238,Tesla,AC Level 2,22,1,22,2,0.42,Yes,9:00-18:00,2020,6,Destination/AC,11.0,92,Unknown|Unknown
EVS04344,Unknown,Unknown,37.724403,-122.419676,Tesla,DC Fast Charger,150,2,300,3,0.44,Yes,24/7,2011,15,Fast Charging,100.0,57,Unknown|Unknown
EVS04345,Unknown,Unknown,19.49378,-99.070229,Ionity,AC Level 2,150,3,450,5,0.2,No,9:00-18:00,2020,6,Fast Charging,90.0,76,Unknown|Unknown
EVS04346,Unknown,Unknown,37.735203,-122.337309,Greenlots,AC Level 1,22,1,22,3,0.14,No,24/7,2020,6,Destination/AC,7.33,97,Unknown|Unknown
EVS04347,Unknown,Unknown,25.310773,55.367529,ChargePoint,AC Level 2,350,3,1050,6,0.19,Yes,9:00-18:00,2011,15,Ultra-Fast Charging,175.0,23,Unknown|Unknown
EVS04348,Unknown,Unknown,37.679519,127.086067,Tesla,AC Level 1,350,5,1750,8,0.4,No,6:00-22:00,2021,5,Ultra-Fast Charging,218.75,40,Unknown|Unknown
EVS04349,Unknown,Unknown,55.871364,37.531046,Greenlots,DC Fast Charger,50,4,200,8,0.47,Yes,9:00-18:00,2012,14,Fast Charging,25.0,141,Unknown|Unknown
EVS04350,Unknown,Unknown,-23.676026,-46.660516,EVgo,DC Fast Charger,50,4,200,5,0.44,No,6:00-22:00,2015,11,Fast Charging,40.0,73,Unknown|Unknown
EVS04351,Unknown,Unknown,88.045229,-76.948244,ChargePoint,AC Level 2,50,3,150,4,0.11,Yes,9:00-18:00,2022,4,Fast Charging,37.5,115,Unknown|Unknown
EVS04352,Unknown,Unknown,19.476719,-99.142552,Greenlots,AC Level 2,50,5,250,8,0.21,No,6:00-22:00,2013,13,Fast Charging,31.25,108,Unknown|Unknown
EVS04353,Unknown,Unknown,52.502608,13.386667,Tesla,AC Level 1,350,3,1050,4,0.38,Yes,9:00-18:00,2017,9,Ultra-Fast Charging,262.5,105,Unknown|Unknown
EVS04354,Unknown,Unknown,-33.760995,18.526549,Ionity,AC Level 1,150,3,450,5,0.12,Yes,24/7,2021,5,Fast Charging,90.0,83,Unknown|Unknown
EVS04355,Unknown,Unknown,37.555368,127.047478,EVgo,AC Level 1,350,1,350,1,0.38,Yes,24/7,2021,5,Ultra-Fast Charging,350.0,94,Unknown|Unknown
EVS04356,Unknown,Unknown,43.695462,-79.395506,ChargePoint,AC Level 1,50,1,50,2,0.37,No,24/7,2017,9,Fast Charging,25.0,150,Unknown|Unknown
EVS04357,Unknown,Unknown,41.824414,-87.709163,Tesla,AC Level 2,350,5,1750,10,0.39,Yes,24/7,2021,5,Ultra-Fast Charging,175.0,174,Unknown|Unknown
EVS04358,Unknown,Unknown,39.869362,116.277673,Ionity,AC Level 1,350,2,700,4,0.22,Yes,9:00-18:00,2020,6,Ultra-Fast Charging,175.0,57,Unknown|Unknown
EVS04359,Unknown,Unknown,52.566061,13.430611,EVgo,AC Level 1,350,1,350,1,0.45,No,6:00-22:00,2016,10,Ultra-Fast Charging,350.0,125,Unknown|Unknown
EVS04360,Unknown,Unknown,-33.71747,151.214164,Greenlots,AC Level 1,350,1,350,2,0.37,No,6:00-22:00,2017,9,Ultra-Fast Charging,175.0,175,Unknown|Unknown
EVS04361,Unknown,Unknown,62.14427,-10.512384,EVgo,AC Level 2,22,4,88,8,0.16,No,6:00-22:00,2023,3,Destination/AC,11.0,16,Unknown|Unknown
EVS04362,Unknown,Unknown,34.108008,-118.256785,Ionity,DC Fast Charger,22,6,132,7,0.44,No,9:00-18:00,2021,5,Destination/AC,18.86,144,Unknown|Unknown
EVS04363,Unknown,Unknown,-33.844947,18.491607,Greenlots,DC Fast Charger,350,4,1400,8,0.43,No,24/7,2023,3,Ultra-Fast Charging,175.0,96,Unknown|Unknown
EVS04364,Unknown,Unknown,25.36589,55.272584,Greenlots,AC Level 2,150,3,450,6,0.4,Yes,9:00-18:00,2013,13,Fast Charging,75.0,174,Unknown|Unknown
EVS04365,Unknown,Unknown,37.828485,-122.36739,Greenlots,AC Level 1,350,4,1400,6,0.14,Yes,24/7,2015,11,Ultra-Fast Charging,233.33,110,Unknown|Unknown
EVS04366,Unknown,Unknown,37.746097,-122.462018,Greenlots,AC Level 2,50,5,250,8,0.36,Yes,24/7,2017,9,Fast Charging,31.25,153,Unknown|Unknown
EVS04367,Unknown,Unknown,25.220456,55.32795,ChargePoint,DC Fast Charger,150,4,600,6,0.18,Yes,24/7,2011,15,Fast Charging,100.0,42,Unknown|Unknown
EVS04368,Unknown,Unknown,55.720842,37.557847,Greenlots,DC Fast Charger,150,1,150,1,0.25,No,24/7,2017,9,Fast Charging,150.0,38,Unknown|Unknown
EVS04369,Unknown,Unknown,55.809688,37.5898,EVgo,DC Fast Charger,22,7,154,10,0.37,No,9:00-18:00,2012,14,Destination/AC,15.4,167,Unknown|Unknown
EVS04370,Unknown,Unknown,39.805305,116.357845,Ionity,AC Level 1,22,5,110,8,0.26,No,6:00-22:00,2020,6,Destination/AC,13.75,101,Unknown|Unknown
EVS04371,Unknown,Unknown,55.611624,-6.613863,EVgo,DC Fast Charger,150,7,1050,9,0.45,Yes,24/7,2022,4,Fast Charging,116.67,107,Unknown|Unknown
EVS04372,Unknown,Unknown,55.762886,37.686227,Tesla,AC Level 2,150,4,600,6,0.25,No,6:00-22:00,2013,13,Fast Charging,100.0,43,Unknown|Unknown
EVS04373,Unknown,Unknown,34.031184,-118.267032,Greenlots,AC Level 2,150,1,150,1,0.23,Yes,6:00-22:00,2020,6,Fast Charging,150.0,52,Unknown|Unknown
EVS04374,Unknown,Unknown,19.430529,-99.196525,ChargePoint,AC Level 2,22,3,66,5,0.33,No,6:00-22:00,2016,10,Destination/AC,13.2,150,Unknown|Unknown
EVS04375,Unknown,Unknown,-23.592256,-46.588004,Greenlots,DC Fast Charger,22,3,66,5,0.38,No,6:00-22:00,2012,14,Destination/AC,13.2,65,Unknown|Unknown
EVS04376,Unknown,Unknown,55.727767,37.64945,Ionity,DC Fast Charger,50,5,250,7,0.36,Yes,24/7,2013,13,Fast Charging,35.71,111,Unknown|Unknown
EVS04377,Unknown,Unknown,25.32192,55.239975,ChargePoint,AC Level 2,22,2,44,4,0.49,Yes,6:00-22:00,2017,9,Destination/AC,11.0,67,Unknown|Unknown
EVS04378,Unknown,Unknown,-33.825088,151.276182,Greenlots,DC Fast Charger,350,6,2100,10,0.12,No,6:00-22:00,2023,3,Ultra-Fast Charging,210.0,58,Unknown|Unknown
EVS04379,Unknown,Unknown,-33.714707,151.341042,EVgo,AC Level 1,22,3,66,4,0.34,Yes,9:00-18:00,2019,7,Destination/AC,16.5,42,Unknown|Unknown
EVS04380,Unknown,Unknown,37.693613,126.956287,Ionity,AC Level 2,50,3,150,7,0.23,Yes,6:00-22:00,2012,14,Fast Charging,21.43,168,Unknown|Unknown
EVS04381,Unknown,Unknown,-71.725579,82.174903,Greenlots,DC Fast Charger,50,4,200,9,0.45,Yes,9:00-18:00,2019,7,Fast Charging,22.22,170,Unknown|Unknown
EVS04382,Unknown,Unknown,41.909987,-87.638885,ChargePoint,AC Level 2,50,4,200,5,0.24,No,9:00-18:00,2019,7,Fast Charging,40.0,34,Unknown|Unknown
EVS04383,Unknown,Unknown,55.736498,37.616859,EVgo,DC Fast Charger,22,1,22,1,0.25,Yes,6:00-22:00,2016,10,Destination/AC,22.0,73,Unknown|Unknown
EVS04384,Unknown,Unknown,-33.7262,151.252212,Tesla,DC Fast Charger,22,6,132,8,0.28,No,6:00-22:00,2014,12,Destination/AC,16.5,108,Unknown|Unknown
EVS04385,Unknown,Unknown,52.577315,13.425287,EVgo,DC Fast Charger,350,7,2450,8,0.39,Yes,6:00-22:00,2015,11,Ultra-Fast Charging,306.25,78,Unknown|Unknown
EVS04386,Unknown,Unknown,19.130302,72.816341,Greenlots,AC Level 2,350,2,700,2,0.3,Yes,9:00-18:00,2017,9,Ultra-Fast Charging,350.0,133,Unknown|Unknown
EVS04387,Unknown,Unknown,-33.871673,151.362926,EVgo,AC Level 2,150,3,450,5,0.37,No,9:00-18:00,2018,8,Fast Charging,90.0,57,Unknown|Unknown
EVS04388,Unknown,Unknown,39.99598,116.340041,EVgo,AC Level 2,150,5,750,9,0.44,Yes,6:00-22:00,2012,14,Fast Charging,83.33,24,Unknown|Unknown
EVS04389,Unknown,Unknown,-33.75886,151.210165,ChargePoint,DC Fast Charger,350,2,700,3,0.14,No,6:00-22:00,2022,4,Ultra-Fast Charging,233.33,70,Unknown|Unknown
EVS04390,Unknown,Unknown,55.819084,37.567292,Ionity,DC Fast Charger,22,5,110,7,0.16,Yes,24/7,2013,13,Destination/AC,15.71,113,Unknown|Unknown
EVS04391,Unknown,Unknown,17.045549,-140.799951,EVgo,AC Level 2,50,6,300,9,0.19,No,24/7,2020,6,Fast Charging,33.33,44,Unknown|Unknown
EVS04392,Unknown,Unknown,13.72099,100.595543,ChargePoint,DC Fast Charger,22,5,110,9,0.3,No,24/7,2019,7,Destination/AC,12.22,149,Unknown|Unknown
EVS04393,Unknown,Unknown,25.378396,55.379639,ChargePoint,AC Level 1,350,3,1050,6,0.45,Yes,6:00-22:00,2011,15,Ultra-Fast Charging,175.0,17,Unknown|Unknown
EVS04394,Unknown,Unknown,19.1815,72.80239,Ionity,DC Fast Charger,350,3,1050,5,0.15,No,9:00-18:00,2010,16,Ultra-Fast Charging,210.0,26,Unknown|Unknown
EVS04395,Unknown,Unknown,13.788539,100.534944,Greenlots,AC Level 1,50,4,200,8,0.48,No,9:00-18:00,2010,16,Fast Charging,25.0,98,Unknown|Unknown
EVS04396,Unknown,Unknown,34.163633,-118.332904,ChargePoint,AC Level 2,22,2,44,5,0.44,No,24/7,2022,4,Destination/AC,8.8,99,Unknown|Unknown
EVS04397,Unknown,Unknown,55.836935,37.524305,EVgo,AC Level 2,150,5,750,6,0.13,No,24/7,2014,12,Fast Charging,125.0,63,Unknown|Unknown
EVS04398,Unknown,Unknown,-23.66772,-46.658737,EVgo,DC Fast Charger,22,1,22,1,0.44,No,9:00-18:00,2013,13,Destination/AC,22.0,57,Unknown|Unknown
EVS04399,Unknown,Unknown,55.842282,37.695459,ChargePoint,DC Fast Charger,350,2,700,3,0.1,No,24/7,2016,10,Ultra-Fast Charging,233.33,26,Unknown|Unknown
EVS04400,Unknown,Unknown,37.898515,-122.311821,Tesla,AC Level 1,50,2,100,2,0.24,No,6:00-22:00,2018,8,Fast Charging,50.0,124,Unknown|Unknown
EVS04401,Unknown,Unknown,-43.097675,-7.997793,ChargePoint,AC Level 1,22,2,44,4,0.39,No,9:00-18:00,2012,14,Destination/AC,11.0,77,Unknown|Unknown
EVS04402,Unknown,Unknown,-33.799649,151.254866,Greenlots,DC Fast Charger,50,3,150,4,0.11,Yes,6:00-22:00,2011,15,Fast Charging,37.5,34,Unknown|Unknown
EVS04403,Unknown,Unknown,13.832336,100.498287,Greenlots,DC Fast Charger,50,1,50,1,0.47,No,9:00-18:00,2014,12,Fast Charging,50.0,80,Unknown|Unknown
EVS04404,Unknown,Unknown,37.768002,-122.41227,ChargePoint,DC Fast Charger,50,3,150,6,0.22,No,24/7,2012,14,Fast Charging,25.0,169,Unknown|Unknown
EVS04405,Unknown,Unknown,34.02249,-118.267091,Greenlots,AC Level 2,22,4,88,6,0.22,Yes,6:00-22:00,2022,4,Destination/AC,14.67,58,Unknown|Unknown
EVS04406,Unknown,Unknown,37.727409,-122.471391,Ionity,DC Fast Charger,150,7,1050,9,0.4,No,9:00-18:00,2019,7,Fast Charging,116.67,162,Unknown|Unknown
EVS04407,Unknown,Unknown,37.876945,-122.335292,ChargePoint,AC Level 1,22,7,154,10,0.25,Yes,24/7,2015,11,Destination/AC,15.4,57,Unknown|Unknown
EVS04408,Unknown,Unknown,19.527005,-99.03754,EVgo,AC Level 2,22,7,154,9,0.19,No,24/7,2019,7,Destination/AC,17.11,45,Unknown|Unknown
EVS04409,Unknown,Unknown,-33.768417,151.211554,ChargePoint,AC Level 2,350,3,1050,4,0.37,Yes,6:00-22:00,2019,7,Ultra-Fast Charging,262.5,58,Unknown|Unknown
EVS04410,Unknown,Unknown,55.886426,37.546889,Greenlots,DC Fast Charger,150,2,300,3,0.29,Yes,24/7,2020,6,Fast Charging,100.0,68,Unknown|Unknown
EVS04411,Unknown,Unknown,-72.081241,-178.870028,Ionity,AC Level 1,50,1,50,1,0.22,Yes,9:00-18:00,2012,14,Fast Charging,50.0,34,Unknown|Unknown
EVS04412,Unknown,Unknown,-23.631403,-46.54686,Ionity,DC Fast Charger,150,4,600,6,0.23,No,9:00-18:00,2022,4,Fast Charging,100.0,111,Unknown|Unknown
EVS04413,Unknown,Unknown,34.078263,-118.232119,Tesla,AC Level 2,150,6,900,9,0.18,No,24/7,2019,7,Fast Charging,100.0,70,Unknown|Unknown
EVS04414,Unknown,Unknown,18.933453,72.946009,Tesla,AC Level 1,150,4,600,6,0.23,Yes,6:00-22:00,2016,10,Fast Charging,100.0,133,Unknown|Unknown
EVS04415,Unknown,Unknown,39.848314,116.276882,Greenlots,AC Level 1,50,1,50,1,0.17,No,9:00-18:00,2016,10,Fast Charging,50.0,96,Unknown|Unknown
EVS04416,Unknown,Unknown,39.814848,116.445353,EVgo,AC Level 2,350,2,700,2,0.34,No,6:00-22:00,2020,6,Ultra-Fast Charging,350.0,88,Unknown|Unknown
EVS04417,Unknown,Unknown,25.338713,55.291995,Ionity,AC Level 1,150,4,600,6,0.22,Yes,24/7,2013,13,Fast Charging,100.0,92,Unknown|Unknown
EVS04418,Unknown,Unknown,34.067173,-118.266497,Greenlots,AC Level 2,22,4,88,6,0.15,No,6:00-22:00,2019,7,Destination/AC,14.67,40,Unknown|Unknown
EVS04419,Unknown,Unknown,55.795285,37.519678,EVgo,DC Fast Charger,22,4,88,7,0.26,Yes,24/7,2016,10,Destination/AC,12.57,132,Unknown|Unknown
EVS04420,Unknown,Unknown,39.849368,116.241117,ChargePoint,AC Level 1,50,1,50,1,0.48,No,6:00-22:00,2015,11,Fast Charging,50.0,32,Unknown|Unknown
EVS04421,Unknown,Unknown,36.320958,6.973121,Ionity,AC Level 1,150,5,750,7,0.47,Yes,24/7,2012,14,Fast Charging,107.14,134,Unknown|Unknown
EVS04422,Unknown,Unknown,19.520545,-99.055872,Greenlots,AC Level 2,50,2,100,2,0.31,Yes,9:00-18:00,2021,5,Fast Charging,50.0,179,Unknown|Unknown
EVS04423,Unknown,Unknown,19.131662,72.823909,Greenlots,DC Fast Charger,350,2,700,3,0.29,No,24/7,2013,13,Ultra-Fast Charging,233.33,141,Unknown|Unknown
EVS04424,Unknown,Unknown,37.695844,126.967544,Ionity,DC Fast Charger,350,2,700,3,0.33,No,6:00-22:00,2013,13,Ultra-Fast Charging,233.33,90,Unknown|Unknown
EVS04425,Unknown,Unknown,55.704441,37.699257,Ionity,DC Fast Charger,22,4,88,6,0.34,No,6:00-22:00,2022,4,Destination/AC,14.67,66,Unknown|Unknown
EVS04426,Unknown,Unknown,52.46868,13.351335,EVgo,AC Level 2,22,1,22,2,0.39,Yes,6:00-22:00,2014,12,Destination/AC,11.0,158,Unknown|Unknown
EVS04427,Unknown,Unknown,-33.782412,18.455368,Ionity,DC Fast Charger,350,5,1750,9,0.35,No,6:00-22:00,2023,3,Ultra-Fast Charging,194.44,57,Unknown|Unknown
EVS04428,Unknown,Unknown,34.054717,-118.304909,Ionity,DC Fast Charger,22,3,66,4,0.36,Yes,9:00-18:00,2019,7,Destination/AC,16.5,94,Unknown|Unknown
EVS04429,Unknown,Unknown,55.892878,37.564124,EVgo,AC Level 2,22,5,110,9,0.45,Yes,24/7,2016,10,Destination/AC,12.22,142,Unknown|Unknown
EVS04430,Unknown,Unknown,13.870895,100.523471,Ionity,AC Level 2,50,3,150,4,0.26,Yes,9:00-18:00,2022,4,Fast Charging,37.5,167,Unknown|Unknown
EVS04431,Unknown,Unknown,-56.230404,81.655989,EVgo,DC Fast Charger,50,3,150,6,0.45,No,6:00-22:00,2015,11,Fast Charging,25.0,166,Unknown|Unknown
EVS04432,Unknown,Unknown,43.673525,-79.387802,Tesla,DC Fast Charger,22,7,154,9,0.13,No,9:00-18:00,2016,10,Destination/AC,17.11,29,Unknown|Unknown
EVS04433,Unknown,Unknown,52.439956,13.357992,EVgo,AC Level 1,22,3,66,5,0.5,Yes,6:00-22:00,2023,3,Destination/AC,13.2,163,Unknown|Unknown
EVS04434,Unknown,Unknown,13.817761,100.428144,Greenlots,DC Fast Charger,150,4,600,6,0.29,No,6:00-22:00,2018,8,Fast Charging,100.0,33,Unknown|Unknown
EVS04435,Unknown,Unknown,19.01156,72.913338,Greenlots,DC Fast Charger,50,1,50,2,0.21,Yes,9:00-18:00,2022,4,Fast Charging,25.0,111,Unknown|Unknown
EVS04436,Unknown,Unknown,19.519247,-99.094785,Tesla,DC Fast Charger,150,5,750,7,0.45,Yes,6:00-22:00,2017,9,Fast Charging,107.14,168,Unknown|Unknown
EVS04437,Unknown,Unknown,39.828287,116.356839,Tesla,AC Level 1,50,6,300,7,0.49,Yes,24/7,2021,5,Fast Charging,42.86,123,Unknown|Unknown
EVS04438,Unknown,Unknown,18.920643,72.825344,ChargePoint,DC Fast Charger,22,5,110,8,0.23,No,9:00-18:00,2015,11,Destination/AC,13.75,171,Unknown|Unknown
EVS04439,Unknown,Unknown,43.669989,-79.312329,ChargePoint,AC Level 2,350,3,1050,6,0.35,No,24/7,2023,3,Ultra-Fast Charging,175.0,71,Unknown|Unknown
EVS04440,Unknown,Unknown,-33.835282,18.504563,Tesla,AC Level 2,150,1,150,1,0.35,No,9:00-18:00,2019,7,Fast Charging,150.0,66,Unknown|Unknown
EVS04441,Unknown,Unknown,-57.76248,-0.296456,Tesla,AC Level 1,350,4,1400,6,0.39,No,24/7,2013,13,Ultra-Fast Charging,233.33,68,Unknown|Unknown
EVS04442,Unknown,Unknown,37.889022,-122.305892,Greenlots,AC Level 1,22,2,44,3,0.32,Yes,24/7,2019,7,Destination/AC,14.67,73,Unknown|Unknown
EVS04443,Unknown,Unknown,41.881312,-87.726404,ChargePoint,AC Level 2,50,3,150,5,0.13,No,24/7,2023,3,Fast Charging,30.0,127,Unknown|Unknown
EVS04444,Unknown,Unknown,37.772904,-122.320188,Ionity,AC Level 2,22,7,154,10,0.31,Yes,24/7,2017,9,Destination/AC,15.4,89,Unknown|Unknown
EVS04445,Unknown,Unknown,19.462353,-99.132723,EVgo,AC Level 2,50,2,100,3,0.21,Yes,6:00-22:00,2019,7,Fast Charging,33.33,136,Unknown|Unknown
EVS04446,Unknown,Unknown,18.984789,72.80702,Greenlots,AC Level 2,350,7,2450,9,0.31,Yes,9:00-18:00,2023,3,Ultra-Fast Charging,272.22,83,Unknown|Unknown
EVS04447,Unknown,Unknown,52.542141,13.392504,EVgo,AC Level 1,50,1,50,2,0.28,No,9:00-18:00,2018,8,Fast Charging,25.0,65,Unknown|Unknown
EVS04448,Unknown,Unknown,52.591619,13.413351,Greenlots,AC Level 2,150,1,150,1,0.12,No,24/7,2017,9,Fast Charging,150.0,46,Unknown|Unknown
EVS04449,Unknown,Unknown,34.072717,-118.235067,Greenlots,DC Fast Charger,22,1,22,2,0.27,Yes,6:00-22:00,2019,7,Destination/AC,11.0,105,Unknown|Unknown
EVS04450,Unknown,Unknown,39.869114,116.275697,Greenlots,DC Fast Charger,350,2,700,2,0.48,Yes,6:00-22:00,2014,12,Ultra-Fast Charging,350.0,163,Unknown|Unknown
EVS04451,Unknown,Unknown,-37.706151,-35.105313,Ionity,AC Level 1,50,1,50,2,0.11,No,24/7,2012,14,Fast Charging,25.0,156,Unknown|Unknown
EVS04452,Unknown,Unknown,19.486694,-99.102607,Ionity,AC Level 1,350,3,1050,3,0.24,Yes,24/7,2010,16,Ultra-Fast Charging,350.0,56,Unknown|Unknown
EVS04453,Unknown,Unknown,39.910403,116.228574,Ionity,DC Fast Charger,22,5,110,10,0.42,Yes,9:00-18:00,2019,7,Destination/AC,11.0,93,Unknown|Unknown
EVS04454,Unknown,Unknown,19.029429,72.938873,Greenlots,AC Level 1,22,5,110,7,0.4,No,24/7,2012,14,Destination/AC,15.71,131,Unknown|Unknown
EVS04455,Unknown,Unknown,37.739355,-122.49808,EVgo,AC Level 1,50,6,300,8,0.14,No,24/7,2020,6,Fast Charging,37.5,116,Unknown|Unknown
EVS04456,Unknown,Unknown,-23.521058,-46.613907,EVgo,DC Fast Charger,350,3,1050,5,0.37,No,24/7,2012,14,Ultra-Fast Charging,210.0,26,Unknown|Unknown
EVS04457,Unknown,Unknown,37.728434,-122.359255,Tesla,AC Level 1,22,4,88,7,0.42,No,9:00-18:00,2016,10,Destination/AC,12.57,112,Unknown|Unknown
EVS04458,Unknown,Unknown,37.831458,-122.439161,Greenlots,DC Fast Charger,50,3,150,5,0.1,Yes,24/7,2016,10,Fast Charging,30.0,21,Unknown|Unknown
EVS04459,Unknown,Unknown,37.754376,-122.457177,Greenlots,AC Level 2,150,2,300,4,0.46,No,6:00-22:00,2017,9,Fast Charging,75.0,34,Unknown|Unknown
EVS04460,Unknown,Unknown,39.906398,116.239623,EVgo,AC Level 1,150,7,1050,9,0.45,No,6:00-22:00,2017,9,Fast Charging,116.67,122,Unknown|Unknown
EVS04461,Unknown,Unknown,-31.260148,-54.791356,Tesla,AC Level 1,22,6,132,10,0.12,No,9:00-18:00,2011,15,Destination/AC,13.2,31,Unknown|Unknown
EVS04462,Unknown,Unknown,-33.801375,151.376377,ChargePoint,AC Level 2,350,4,1400,8,0.5,Yes,24/7,2016,10,Ultra-Fast Charging,175.0,70,Unknown|Unknown
EVS04463,Unknown,Unknown,19.193082,72.864098,Ionity,AC Level 2,22,3,66,5,0.41,No,24/7,2019,7,Destination/AC,13.2,112,Unknown|Unknown
EVS04464,Unknown,Unknown,55.860662,37.597241,Greenlots,AC Level 2,50,2,100,3,0.21,Yes,9:00-18:00,2012,14,Fast Charging,33.33,123,Unknown|Unknown
EVS04465,Unknown,Unknown,37.537412,126.904418,Ionity,AC Level 1,22,4,88,8,0.23,Yes,9:00-18:00,2013,13,Destination/AC,11.0,88,Unknown|Unknown
EVS04466,Unknown,Unknown,41.879403,-87.703945,Greenlots,AC Level 2,150,1,150,2,0.43,Yes,24/7,2015,11,Fast Charging,75.0,30,Unknown|Unknown
EVS04467,Unknown,Unknown,39.891877,116.387764,Ionity,AC Level 1,22,6,132,9,0.21,Yes,24/7,2021,5,Destination/AC,14.67,146,Unknown|Unknown
EVS04468,Unknown,Unknown,25.21994,55.306665,Tesla,AC Level 1,50,3,150,5,0.45,No,9:00-18:00,2014,12,Fast Charging,30.0,171,Unknown|Unknown
EVS04469,Unknown,Unknown,19.093999,72.875078,Ionity,AC Level 2,50,7,350,10,0.42,No,24/7,2011,15,Fast Charging,35.0,161,Unknown|Unknown
EVS04470,Unknown,Unknown,13.719142,100.558851,Tesla,AC Level 1,50,3,150,4,0.15,No,24/7,2014,12,Fast Charging,37.5,138,Unknown|Unknown
EVS04471,Unknown,Unknown,84.497991,45.114904,Greenlots,AC Level 2,50,1,50,1,0.1,No,6:00-22:00,2011,15,Fast Charging,50.0,81,Unknown|Unknown
EVS04472,Unknown,Unknown,39.911168,116.376746,Greenlots,DC Fast Charger,22,4,88,7,0.11,No,6:00-22:00,2017,9,Destination/AC,12.57,159,Unknown|Unknown
EVS04473,Unknown,Unknown,52.420272,13.352018,ChargePoint,AC Level 2,50,3,150,6,0.21,No,6:00-22:00,2016,10,Fast Charging,25.0,95,Unknown|Unknown
EVS04474,Unknown,Unknown,18.970243,72.821805,EVgo,DC Fast Charger,22,5,110,6,0.2,No,6:00-22:00,2018,8,Destination/AC,18.33,37,Unknown|Unknown
EVS04475,Unknown,Unknown,37.712376,-122.366386,ChargePoint,DC Fast Charger,350,3,1050,4,0.38,No,24/7,2017,9,Ultra-Fast Charging,262.5,155,Unknown|Unknown
EVS04476,Unknown,Unknown,37.764654,-122.455424,EVgo,DC Fast Charger,150,4,600,9,0.32,No,6:00-22:00,2020,6,Fast Charging,66.67,67,Unknown|Unknown
EVS04477,Unknown,Unknown,13.778166,100.547532,Greenlots,AC Level 1,350,4,1400,5,0.43,Yes,24/7,2011,15,Ultra-Fast Charging,280.0,169,Unknown|Unknown
EVS04478,Unknown,Unknown,-33.875097,151.319086,Tesla,AC Level 1,22,5,110,10,0.44,Yes,6:00-22:00,2018,8,Destination/AC,11.0,75,Unknown|Unknown
EVS04479,Unknown,Unknown,25.345399,55.275377,Tesla,AC Level 2,50,2,100,2,0.21,Yes,9:00-18:00,2019,7,Fast Charging,50.0,158,Unknown|Unknown
EVS04480,Unknown,Unknown,37.843221,-122.438782,Greenlots,DC Fast Charger,150,4,600,6,0.49,Yes,6:00-22:00,2020,6,Fast Charging,100.0,103,Unknown|Unknown
EVS04481,Unknown,Unknown,-30.63354,-55.962742,Tesla,AC Level 1,150,3,450,3,0.36,No,9:00-18:00,2015,11,Fast Charging,150.0,92,Unknown|Unknown
EVS04482,Unknown,Unknown,37.589655,126.931096,Tesla,DC Fast Charger,150,4,600,5,0.4,Yes,6:00-22:00,2021,5,Fast Charging,120.0,63,Unknown|Unknown
EVS04483,Unknown,Unknown,-23.672143,-46.585351,Ionity,DC Fast Charger,22,3,66,6,0.22,Yes,6:00-22:00,2018,8,Destination/AC,11.0,152,Unknown|Unknown
EVS04484,Unknown,Unknown,19.064171,72.826872,Greenlots,AC Level 2,22,5,110,6,0.36,Yes,6:00-22:00,2021,5,Destination/AC,18.33,25,Unknown|Unknown
EVS04485,Unknown,Unknown,13.879953,100.511172,ChargePoint,AC Level 1,350,3,1050,5,0.38,Yes,6:00-22:00,2016,10,Ultra-Fast Charging,210.0,92,Unknown|Unknown
EVS04486,Unknown,Unknown,37.849199,-122.427497,Greenlots,AC Level 2,350,5,1750,7,0.18,Yes,9:00-18:00,2021,5,Ultra-Fast Charging,250.0,75,Unknown|Unknown
EVS04487,Unknown,Unknown,13.883479,100.440815,Greenlots,AC Level 2,50,1,50,2,0.39,No,6:00-22:00,2022,4,Fast Charging,25.0,104,Unknown|Unknown
EVS04488,Unknown,Unknown,-23.614966,-46.537466,EVgo,AC Level 1,22,4,88,8,0.19,Yes,9:00-18:00,2011,15,Destination/AC,11.0,57,Unknown|Unknown
EVS04489,Unknown,Unknown,41.926161,-87.733879,Tesla,AC Level 1,150,4,600,9,0.14,No,6:00-22:00,2018,8,Fast Charging,66.67,124,Unknown|Unknown
EVS04490,Unknown,Unknown,39.957455,116.416854,Ionity,AC Level 2,22,4,88,8,0.46,No,6:00-22:00,2010,16,Destination/AC,11.0,78,Unknown|Unknown
EVS04491,Unknown,Unknown,-33.002988,-15.871847,Ionity,AC Level 2,150,5,750,10,0.11,Yes,24/7,2015,11,Fast Charging,75.0,46,Unknown|Unknown
EVS04492,Unknown,Unknown,37.834861,-122.38703,EVgo,DC Fast Charger,350,4,1400,8,0.38,Yes,24/7,2019,7,Ultra-Fast Charging,175.0,47,Unknown|Unknown
EVS04493,Unknown,Unknown,-33.7067,18.48072,Tesla,DC Fast Charger,150,4,600,5,0.42,Yes,6:00-22:00,2020,6,Fast Charging,120.0,129,Unknown|Unknown
EVS04494,Unknown,Unknown,37.753391,-122.303219,ChargePoint,AC Level 1,50,5,250,7,0.46,No,6:00-22:00,2011,15,Fast Charging,35.71,58,Unknown|Unknown
EVS04495,Unknown,Unknown,34.185726,-118.293617,ChargePoint,AC Level 1,350,8,2800,10,0.23,Yes,9:00-18:00,2021,5,Ultra-Fast Charging,280.0,65,Unknown|Unknown
EVS04496,Unknown,Unknown,37.834353,-122.410199,Tesla,AC Level 1,50,3,150,4,0.13,Yes,9:00-18:00,2012,14,Fast Charging,37.5,118,Unknown|Unknown
EVS04497,Unknown,Unknown,41.869522,-87.633313,Ionity,AC Level 2,22,1,22,2,0.13,No,9:00-18:00,2014,12,Destination/AC,11.0,69,Unknown|Unknown
EVS04498,Unknown,Unknown,41.971903,-87.771374,Greenlots,DC Fast Charger,50,4,200,6,0.21,Yes,6:00-22:00,2019,7,Fast Charging,33.33,79,Unknown|Unknown
EVS04499,Unknown,Unknown,19.477185,-99.167481,Greenlots,DC Fast Charger,22,3,66,4,0.33,No,24/7,2020,6,Destination/AC,16.5,55,Unknown|Unknown
EVS04500,Unknown,Unknown,43.640361,-79.43987,Tesla,AC Level 1,22,4,88,6,0.24,No,9:00-18:00,2012,14,Destination/AC,14.67,71,Unknown|Unknown
EVS04501,Unknown,Unknown,-58.475451,63.689237,Tesla,AC Level 1,50,1,50,1,0.37,Yes,6:00-22:00,2011,15,Fast Charging,50.0,129,Unknown|Unknown
EVS04502,Unknown,Unknown,55.880933,37.550217,Greenlots,AC Level 2,150,5,750,6,0.24,Yes,6:00-22:00,2012,14,Fast Charging,125.0,103,Unknown|Unknown
EVS04503,Unknown,Unknown,52.504155,13.467902,Greenlots,AC Level 1,50,6,300,9,0.3,Yes,9:00-18:00,2021,5,Fast Charging,33.33,179,Unknown|Unknown
EVS04504,Unknown,Unknown,13.788056,100.524015,ChargePoint,AC Level 1,22,3,66,5,0.25,No,9:00-18:00,2011,15,Destination/AC,13.2,142,Unknown|Unknown
EVS04505,Unknown,Unknown,41.991828,-87.766667,EVgo,AC Level 2,22,6,132,7,0.27,Yes,24/7,2023,3,Destination/AC,18.86,17,Unknown|Unknown
EVS04506,Unknown,Unknown,-33.8073,18.423689,EVgo,AC Level 1,350,6,2100,9,0.1,Yes,6:00-22:00,2013,13,Ultra-Fast Charging,233.33,77,Unknown|Unknown
EVS04507,Unknown,Unknown,43.64604,-79.345198,EVgo,DC Fast Charger,50,4,200,5,0.39,No,24/7,2014,12,Fast Charging,40.0,62,Unknown|Unknown
EVS04508,Unknown,Unknown,37.851154,-122.432354,Ionity,DC Fast Charger,350,1,350,1,0.3,No,6:00-22:00,2020,6,Ultra-Fast Charging,350.0,111,Unknown|Unknown
EVS04509,Unknown,Unknown,-33.720608,151.356313,Ionity,AC Level 2,150,1,150,2,0.49,No,9:00-18:00,2018,8,Fast Charging,75.0,58,Unknown|Unknown
EVS04510,Unknown,Unknown,19.575756,-99.172153,Greenlots,AC Level 2,50,4,200,6,0.13,Yes,6:00-22:00,2016,10,Fast Charging,33.33,174,Unknown|Unknown
EVS04511,Unknown,Unknown,17.444346,76.391418,Greenlots,AC Level 1,150,1,150,2,0.4,Yes,6:00-22:00,2021,5,Fast Charging,75.0,64,Unknown|Unknown
EVS04512,Unknown,Unknown,-33.868088,18.578328,EVgo,AC Level 1,150,1,150,1,0.2,No,24/7,2023,3,Fast Charging,150.0,101,Unknown|Unknown
EVS04513,Unknown,Unknown,-33.817943,18.436267,Ionity,AC Level 1,50,1,50,1,0.24,No,24/7,2010,16,Fast Charging,50.0,35,Unknown|Unknown
EVS04514,Unknown,Unknown,43.611845,-79.330174,Greenlots,DC Fast Charger,350,4,1400,5,0.35,Yes,24/7,2019,7,Ultra-Fast Charging,280.0,165,Unknown|Unknown
EVS04515,Unknown,Unknown,-33.792924,18.463539,ChargePoint,AC Level 2,50,4,200,8,0.27,Yes,6:00-22:00,2017,9,Fast Charging,25.0,165,Unknown|Unknown
EVS04516,Unknown,Unknown,39.902613,116.460212,Tesla,AC Level 1,22,4,88,5,0.37,Yes,6:00-22:00,2010,16,Destination/AC,17.6,145,Unknown|Unknown
EVS04517,Unknown,Unknown,52.455454,13.45094,Ionity,AC Level 2,350,2,700,3,0.28,Yes,24/7,2016,10,Ultra-Fast Charging,233.33,73,Unknown|Unknown
EVS04518,Unknown,Unknown,-33.705359,18.583,EVgo,DC Fast Charger,50,2,100,4,0.4,No,6:00-22:00,2023,3,Fast Charging,25.0,24,Unknown|Unknown
EVS04519,Unknown,Unknown,37.802501,-122.30936,Ionity,AC Level 2,150,5,750,10,0.47,Yes,9:00-18:00,2011,15,Fast Charging,75.0,132,Unknown|Unknown
EVS04520,Unknown,Unknown,37.8035,-122.475707,EVgo,DC Fast Charger,350,3,1050,5,0.38,Yes,9:00-18:00,2022,4,Ultra-Fast Charging,210.0,85,Unknown|Unknown
EVS04521,Unknown,Unknown,-84.803245,110.332625,ChargePoint,AC Level 2,350,2,700,2,0.26,Yes,6:00-22:00,2021,5,Ultra-Fast Charging,350.0,178,Unknown|Unknown
EVS04522,Unknown,Unknown,34.01419,-118.216156,ChargePoint,AC Level 1,150,3,450,3,0.18,Yes,6:00-22:00,2015,11,Fast Charging,150.0,130,Unknown|Unknown
EVS04523,Unknown,Unknown,55.824454,37.604097,ChargePoint,AC Level 1,150,5,750,8,0.36,No,9:00-18:00,2017,9,Fast Charging,93.75,103,Unknown|Unknown
EVS04524,Unknown,Unknown,-23.686337,-46.674962,Tesla,AC Level 1,350,3,1050,5,0.17,Yes,9:00-18:00,2012,14,Ultra-Fast Charging,210.0,177,Unknown|Unknown
EVS04525,Unknown,Unknown,13.751929,100.422845,Tesla,AC Level 2,150,1,150,2,0.44,Yes,6:00-22:00,2017,9,Fast Charging,75.0,147,Unknown|Unknown
EVS04526,Unknown,Unknown,41.820688,-87.620888,Greenlots,DC Fast Charger,350,1,350,1,0.14,Yes,24/7,2018,8,Ultra-Fast Charging,350.0,90,Unknown|Unknown
EVS04527,Unknown,Unknown,55.816504,37.694514,EVgo,DC Fast Charger,50,3,150,4,0.37,Yes,6:00-22:00,2012,14,Fast Charging,37.5,18,Unknown|Unknown
EVS04528,Unknown,Unknown,-23.517591,-46.649636,ChargePoint,AC Level 2,150,3,450,5,0.35,Yes,24/7,2016,10,Fast Charging,90.0,30,Unknown|Unknown
EVS04529,Unknown,Unknown,39.831207,116.319419,Ionity,AC Level 2,22,1,22,2,0.48,No,24/7,2012,14,Destination/AC,11.0,88,Unknown|Unknown
EVS04530,Unknown,Unknown,13.829428,100.500603,ChargePoint,AC Level 1,150,4,600,5,0.25,Yes,24/7,2015,11,Fast Charging,120.0,107,Unknown|Unknown
EVS04531,Unknown,Unknown,-85.015682,-13.869819,ChargePoint,AC Level 1,350,2,700,5,0.42,No,6:00-22:00,2023,3,Ultra-Fast Charging,140.0,19,Unknown|Unknown
EVS04532,Unknown,Unknown,52.572131,13.320041,Ionity,AC Level 2,50,3,150,6,0.45,Yes,6:00-22:00,2015,11,Fast Charging,25.0,35,Unknown|Unknown
EVS04533,Unknown,Unknown,-33.751931,18.411571,ChargePoint,AC Level 1,22,3,66,5,0.25,No,9:00-18:00,2011,15,Destination/AC,13.2,131,Unknown|Unknown
EVS04534,Unknown,Unknown,34.08282,-118.348689,Tesla,AC Level 2,50,2,100,5,0.17,No,6:00-22:00,2023,3,Fast Charging,20.0,139,Unknown|Unknown
EVS04535,Unknown,Unknown,34.043821,-118.376414,Ionity,AC Level 2,150,1,150,2,0.42,Yes,24/7,2016,10,Fast Charging,75.0,19,Unknown|Unknown
EVS04536,Unknown,Unknown,37.66192,126.973018,Tesla,DC Fast Charger,22,1,22,1,0.31,No,6:00-22:00,2016,10,Destination/AC,22.0,98,Unknown|Unknown
EVS04537,Unknown,Unknown,34.131263,-118.230005,ChargePoint,DC Fast Charger,150,2,300,4,0.32,Yes,6:00-22:00,2019,7,Fast Charging,75.0,28,Unknown|Unknown
EVS04538,Unknown,Unknown,13.789862,100.565564,EVgo,AC Level 1,22,3,66,4,0.22,No,9:00-18:00,2021,5,Destination/AC,16.5,134,Unknown|Unknown
EVS04539,Unknown,Unknown,37.885594,-122.439369,Greenlots,AC Level 2,22,3,66,4,0.45,No,24/7,2013,13,Destination/AC,16.5,152,Unknown|Unknown
EVS04540,Unknown,Unknown,25.378081,55.396615,Tesla,AC Level 1,350,3,1050,4,0.48,Yes,6:00-22:00,2015,11,Ultra-Fast Charging,262.5,158,Unknown|Unknown
EVS04541,Unknown,Unknown,51.750888,39.714471,Ionity,AC Level 1,150,6,900,9,0.49,No,6:00-22:00,2013,13,Fast Charging,100.0,113,Unknown|Unknown
EVS04542,Unknown,Unknown,55.848696,37.615996,Ionity,AC Level 1,350,2,700,3,0.13,No,24/7,2011,15,Ultra-Fast Charging,233.33,118,Unknown|Unknown
EVS04543,Unknown,Unknown,-33.863578,151.257666,Tesla,AC Level 2,150,1,150,2,0.3,No,9:00-18:00,2017,9,Fast Charging,75.0,167,Unknown|Unknown
EVS04544,Unknown,Unknown,41.850408,-87.786234,Greenlots,AC Level 1,50,4,200,8,0.11,Yes,6:00-22:00,2013,13,Fast Charging,25.0,116,Unknown|Unknown
EVS04545,Unknown,Unknown,37.733473,-122.313628,Tesla,DC Fast Charger,350,1,350,1,0.38,Yes,9:00-18:00,2010,16,Ultra-Fast Charging,350.0,88,Unknown|Unknown
EVS04546,Unknown,Unknown,19.45306,-99.073743,Ionity,AC Level 2,22,7,154,8,0.29,Yes,24/7,2021,5,Destination/AC,19.25,139,Unknown|Unknown
EVS04547,Unknown,Unknown,52.59345,13.407835,EVgo,AC Level 1,22,5,110,8,0.22,No,24/7,2019,7,Destination/AC,13.75,112,Unknown|Unknown
EVS04548,Unknown,Unknown,55.761025,37.677,Greenlots,AC Level 2,150,5,750,9,0.4,Yes,24/7,2019,7,Fast Charging,83.33,154,Unknown|Unknown
EVS04549,Unknown,Unknown,39.928456,116.290485,Ionity,AC Level 1,350,1,350,2,0.31,No,9:00-18:00,2019,7,Ultra-Fast Charging,175.0,101,Unknown|Unknown
EVS04550,Unknown,Unknown,52.545909,13.380366,Ionity,DC Fast Charger,150,4,600,7,0.17,Yes,6:00-22:00,2010,16,Fast Charging,85.71,158,Unknown|Unknown
EVS04551,Unknown,Unknown,-65.203237,98.709201,ChargePoint,AC Level 2,150,3,450,4,0.49,Yes,24/7,2018,8,Fast Charging,112.5,22,Unknown|Unknown
EVS04552,Unknown,Unknown,39.873815,116.201605,Tesla,DC Fast Charger,50,2,100,4,0.27,No,6:00-22:00,2013,13,Fast Charging,25.0,21,Unknown|Unknown
EVS04553,Unknown,Unknown,41.866203,-87.757719,ChargePoint,DC Fast Charger,50,5,250,9,0.45,Yes,24/7,2011,15,Fast Charging,27.78,31,Unknown|Unknown
EVS04554,Unknown,Unknown,52.456478,13.393924,Ionity,AC Level 1,350,1,350,2,0.27,Yes,6:00-22:00,2021,5,Ultra-Fast Charging,175.0,106,Unknown|Unknown
EVS04555,Unknown,Unknown,37.805704,-122.496837,Greenlots,AC Level 1,350,4,1400,8,0.13,No,6:00-22:00,2021,5,Ultra-Fast Charging,175.0,131,Unknown|Unknown
EVS04556,Unknown,Unknown,55.795819,37.514877,ChargePoint,DC Fast Charger,150,4,600,6,0.45,Yes,6:00-22:00,2022,4,Fast Charging,100.0,50,Unknown|Unknown
EVS04557,Unknown,Unknown,-23.675924,-46.534787,ChargePoint,AC Level 2,150,5,750,6,0.49,No,6:00-22:00,2013,13,Fast Charging,125.0,40,Unknown|Unknown
EVS04558,Unknown,Unknown,-33.886168,18.538135,ChargePoint,AC Level 1,150,2,300,3,0.21,Yes,24/7,2023,3,Fast Charging,100.0,156,Unknown|Unknown
EVS04559,Unknown,Unknown,-33.752617,18.414822,EVgo,AC Level 2,350,2,700,3,0.36,No,9:00-18:00,2022,4,Ultra-Fast Charging,233.33,138,Unknown|Unknown
EVS04560,Unknown,Unknown,25.237143,55.340759,Ionity,AC Level 2,50,6,300,9,0.11,Yes,24/7,2018,8,Fast Charging,33.33,121,Unknown|Unknown
EVS04561,Unknown,Unknown,-9.67839,-85.881838,Ionity,AC Level 1,50,4,200,7,0.24,Yes,9:00-18:00,2022,4,Fast Charging,28.57,95,Unknown|Unknown
EVS04562,Unknown,Unknown,19.515162,-99.191037,ChargePoint,AC Level 2,150,1,150,1,0.33,Yes,24/7,2021,5,Fast Charging,150.0,84,Unknown|Unknown
EVS04563,Unknown,Unknown,34.193581,-118.272261,Ionity,DC Fast Charger,150,5,750,9,0.49,Yes,24/7,2019,7,Fast Charging,83.33,18,Unknown|Unknown
EVS04564,Unknown,Unknown,37.875464,-122.430161,Ionity,AC Level 1,50,3,150,6,0.24,Yes,9:00-18:00,2015,11,Fast Charging,25.0,46,Unknown|Unknown
EVS04565,Unknown,Unknown,43.750678,-79.404514,Tesla,AC Level 1,350,1,350,1,0.28,Yes,9:00-18:00,2016,10,Ultra-Fast Charging,350.0,163,Unknown|Unknown
EVS04566,Unknown,Unknown,-33.884002,18.439769,EVgo,AC Level 1,22,5,110,6,0.47,Yes,9:00-18:00,2013,13,Destination/AC,18.33,70,Unknown|Unknown
EVS04567,Unknown,Unknown,19.456265,-99.045039,EVgo,DC Fast Charger,50,1,50,1,0.32,No,6:00-22:00,2010,16,Fast Charging,50.0,131,Unknown|Unknown
EVS04568,Unknown,Unknown,55.868073,37.678823,ChargePoint,AC Level 2,350,8,2800,10,0.34,No,9:00-18:00,2021,5,Ultra-Fast Charging,280.0,131,Unknown|Unknown
EVS04569,Unknown,Unknown,-33.7291,18.533078,Greenlots,DC Fast Charger,150,2,300,4,0.3,Yes,24/7,2022,4,Fast Charging,75.0,66,Unknown|Unknown
EVS04570,Unknown,Unknown,25.350799,55.396921,Ionity,AC Level 2,150,2,300,3,0.27,No,6:00-22:00,2015,11,Fast Charging,100.0,48,Unknown|Unknown
EVS04571,Unknown,Unknown,-69.429251,-1.035228,Ionity,DC Fast Charger,22,4,88,6,0.14,Yes,6:00-22:00,2013,13,Destination/AC,14.67,129,Unknown|Unknown
EVS04572,Unknown,Unknown,34.065759,-118.271242,EVgo,DC Fast Charger,22,5,110,10,0.46,Yes,6:00-22:00,2023,3,Destination/AC,11.0,30,Unknown|Unknown
EVS04573,Unknown,Unknown,-23.634004,-46.559195,Tesla,AC Level 2,22,1,22,1,0.23,Yes,24/7,2013,13,Destination/AC,22.0,96,Unknown|Unknown
EVS04574,Unknown,Unknown,34.071013,-118.262138,Greenlots,DC Fast Charger,350,2,700,3,0.37,No,24/7,2020,6,Ultra-Fast Charging,233.33,161,Unknown|Unknown
EVS04575,Unknown,Unknown,18.92476,72.841822,EVgo,DC Fast Charger,150,2,300,2,0.2,No,9:00-18:00,2016,10,Fast Charging,150.0,132,Unknown|Unknown
EVS04576,Unknown,Unknown,52.5998,13.348004,Tesla,AC Level 1,150,3,450,4,0.26,Yes,24/7,2016,10,Fast Charging,112.5,141,Unknown|Unknown
EVS04577,Unknown,Unknown,34.102713,-118.294704,Tesla,AC Level 1,50,5,250,10,0.12,No,24/7,2016,10,Fast Charging,25.0,28,Unknown|Unknown
EVS04578,Unknown,Unknown,-33.836611,151.247427,Ionity,AC Level 2,150,2,300,2,0.26,No,24/7,2022,4,Fast Charging,150.0,47,Unknown|Unknown
EVS04579,Unknown,Unknown,-33.813392,18.579168,EVgo,DC Fast Charger,22,1,22,2,0.36,Yes,6:00-22:00,2015,11,Destination/AC,11.0,60,Unknown|Unknown
EVS04580,Unknown,Unknown,34.086139,-118.343587,Ionity,AC Level 1,50,8,400,10,0.17,Yes,24/7,2012,14,Fast Charging,40.0,63,Unknown|Unknown
EVS04581,Unknown,Unknown,89.464534,-133.778727,ChargePoint,DC Fast Charger,350,8,2800,10,0.17,Yes,9:00-18:00,2022,4,Ultra-Fast Charging,280.0,47,Unknown|Unknown
EVS04582,Unknown,Unknown,19.007379,72.82671,Tesla,AC Level 1,350,1,350,1,0.39,No,6:00-22:00,2023,3,Ultra-Fast Charging,350.0,175,Unknown|Unknown
EVS04583,Unknown,Unknown,37.842696,-122.343098,Tesla,DC Fast Charger,150,7,1050,9,0.28,No,9:00-18:00,2021,5,Fast Charging,116.67,42,Unknown|Unknown
EVS04584,Unknown,Unknown,-33.842643,18.433424,ChargePoint,AC Level 2,150,4,600,8,0.31,No,6:00-22:00,2021,5,Fast Charging,75.0,131,Unknown|Unknown
EVS04585,Unknown,Unknown,34.199997,-118.217818,ChargePoint,DC Fast Charger,350,4,1400,5,0.31,Yes,6:00-22:00,2010,16,Ultra-Fast Charging,280.0,111,Unknown|Unknown
EVS04586,Unknown,Unknown,-33.826049,151.30262,Greenlots,AC Level 1,150,1,150,1,0.3,No,24/7,2016,10,Fast Charging,150.0,115,Unknown|Unknown
EVS04587,Unknown,Unknown,19.526452,-99.1383,Tesla,DC Fast Charger,22,4,88,5,0.4,Yes,24/7,2012,14,Destination/AC,17.6,50,Unknown|Unknown
EVS04588,Unknown,Unknown,37.874931,-122.351243,EVgo,AC Level 1,22,4,88,8,0.24,No,24/7,2023,3,Destination/AC,11.0,65,Unknown|Unknown
EVS04589,Unknown,Unknown,-33.88483,18.408885,Ionity,DC Fast Charger,350,2,700,4,0.34,Yes,9:00-18:00,2015,11,Ultra-Fast Charging,175.0,115,Unknown|Unknown
EVS04590,Unknown,Unknown,25.270949,55.32656,Ionity,AC Level 2,350,1,350,2,0.32,Yes,24/7,2021,5,Ultra-Fast Charging,175.0,64,Unknown|Unknown
EVS04591,Unknown,Unknown,-89.578853,-52.465195,EVgo,AC Level 2,22,5,110,8,0.17,Yes,6:00-22:00,2019,7,Destination/AC,13.75,129,Unknown|Unknown
EVS04592,Unknown,Unknown,37.518554,127.082919,Ionity,AC Level 1,22,7,154,10,0.12,Yes,6:00-22:00,2021,5,Destination/AC,15.4,21,Unknown|Unknown
EVS04593,Unknown,Unknown,41.825933,-87.792891,EVgo,AC Level 1,50,6,300,8,0.19,No,24/7,2015,11,Fast Charging,37.5,27,Unknown|Unknown
EVS04594,Unknown,Unknown,55.821804,37.581372,EVgo,AC Level 1,150,2,300,3,0.36,No,9:00-18:00,2019,7,Fast Charging,100.0,135,Unknown|Unknown
EVS04595,Unknown,Unknown,-33.821368,18.483203,Ionity,AC Level 1,350,5,1750,7,0.4,Yes,24/7,2019,7,Ultra-Fast Charging,250.0,116,Unknown|Unknown
EVS04596,Unknown,Unknown,-33.771016,151.347243,ChargePoint,AC Level 2,22,5,110,9,0.19,No,24/7,2022,4,Destination/AC,12.22,22,Unknown|Unknown
EVS04597,Unknown,Unknown,19.067607,72.914306,Greenlots,AC Level 1,350,2,700,3,0.32,Yes,9:00-18:00,2017,9,Ultra-Fast Charging,233.33,163,Unknown|Unknown
EVS04598,Unknown,Unknown,43.661277,-79.317006,EVgo,AC Level 1,22,3,66,5,0.46,No,24/7,2011,15,Destination/AC,13.2,15,Unknown|Unknown
EVS04599,Unknown,Unknown,13.703708,100.507828,EVgo,AC Level 1,350,1,350,2,0.17,Yes,6:00-22:00,2011,15,Ultra-Fast Charging,175.0,172,Unknown|Unknown
EVS04600,Unknown,Unknown,-23.587145,-46.582751,Tesla,AC Level 2,350,4,1400,9,0.45,No,9:00-18:00,2016,10,Ultra-Fast Charging,155.56,135,Unknown|Unknown
EVS04601,Unknown,Unknown,-31.193738,-51.245314,Tesla,AC Level 2,350,1,350,2,0.19,Yes,9:00-18:00,2015,11,Ultra-Fast Charging,175.0,178,Unknown|Unknown
EVS04602,Unknown,Unknown,-23.543513,-46.616113,Ionity,DC Fast Charger,150,1,150,1,0.33,Yes,24/7,2011,15,Fast Charging,150.0,171,Unknown|Unknown
EVS04603,Unknown,Unknown,13.777207,100.497163,ChargePoint,AC Level 2,150,4,600,6,0.37,Yes,24/7,2010,16,Fast Charging,100.0,66,Unknown|Unknown
EVS04604,Unknown,Unknown,37.806048,-122.471242,Greenlots,AC Level 2,50,4,200,8,0.4,Yes,6:00-22:00,2013,13,Fast Charging,25.0,139,Unknown|Unknown
EVS04605,Unknown,Unknown,-33.730295,151.246692,Tesla,AC Level 2,22,3,66,6,0.17,Yes,24/7,2018,8,Destination/AC,11.0,49,Unknown|Unknown
EVS04606,Unknown,Unknown,-33.858231,151.29582,Tesla,AC Level 2,350,2,700,4,0.13,Yes,9:00-18:00,2016,10,Ultra-Fast Charging,175.0,92,Unknown|Unknown
EVS04607,Unknown,Unknown,39.935592,116.468791,Ionity,AC Level 1,150,7,1050,10,0.27,No,9:00-18:00,2019,7,Fast Charging,105.0,54,Unknown|Unknown
EVS04608,Unknown,Unknown,-23.505623,-46.60605,Ionity,AC Level 1,350,3,1050,4,0.35,Yes,6:00-22:00,2018,8,Ultra-Fast Charging,262.5,95,Unknown|Unknown
EVS04609,Unknown,Unknown,-33.815636,18.530701,Ionity,AC Level 1,150,2,300,3,0.2,Yes,9:00-18:00,2016,10,Fast Charging,100.0,158,Unknown|Unknown
EVS04610,Unknown,Unknown,25.317265,55.377711,Greenlots,DC Fast Charger,50,1,50,1,0.14,No,24/7,2015,11,Fast Charging,50.0,86,Unknown|Unknown
EVS04611,Unknown,Unknown,72.685324,37.289059,ChargePoint,AC Level 1,350,4,1400,5,0.2,No,9:00-18:00,2010,16,Ultra-Fast Charging,280.0,30,Unknown|Unknown
EVS04612,Unknown,Unknown,-33.856481,18.426231,EVgo,AC Level 2,50,7,350,10,0.11,No,24/7,2021,5,Fast Charging,35.0,68,Unknown|Unknown
EVS04613,Unknown,Unknown,39.833927,116.484332,EVgo,AC Level 2,350,3,1050,4,0.16,No,24/7,2022,4,Ultra-Fast Charging,262.5,144,Unknown|Unknown
EVS04614,Unknown,Unknown,34.182175,-118.276975,Greenlots,AC Level 1,22,3,66,5,0.43,No,9:00-18:00,2022,4,Destination/AC,13.2,101,Unknown|Unknown
EVS04615,Unknown,Unknown,52.404835,13.328722,ChargePoint,AC Level 2,150,5,750,7,0.39,No,6:00-22:00,2015,11,Fast Charging,107.14,107,Unknown|Unknown
EVS04616,Unknown,Unknown,-33.819518,151.21864,Greenlots,AC Level 1,150,2,300,2,0.31,No,6:00-22:00,2013,13,Fast Charging,150.0,86,Unknown|Unknown
EVS04617,Unknown,Unknown,-23.523315,-46.667962,Tesla,AC Level 1,22,6,132,10,0.34,Yes,24/7,2017,9,Destination/AC,13.2,63,Unknown|Unknown
EVS04618,Unknown,Unknown,-23.518091,-46.501264,ChargePoint,AC Level 2,350,4,1400,5,0.37,Yes,9:00-18:00,2019,7,Ultra-Fast Charging,280.0,113,Unknown|Unknown
EVS04619,Unknown,Unknown,13.894989,100.400447,Greenlots,AC Level 2,50,5,250,9,0.13,Yes,24/7,2020,6,Fast Charging,27.78,119,Unknown|Unknown
EVS04620,Unknown,Unknown,52.492792,13.432915,Greenlots,AC Level 2,22,6,132,8,0.45,Yes,6:00-22:00,2012,14,Destination/AC,16.5,163,Unknown|Unknown
EVS04621,Unknown,Unknown,-53.0981,81.621956,Tesla,DC Fast Charger,22,1,22,2,0.14,No,9:00-18:00,2023,3,Destination/AC,11.0,116,Unknown|Unknown
EVS04622,Unknown,Unknown,13.841089,100.565794,ChargePoint,DC Fast Charger,22,3,66,6,0.41,No,9:00-18:00,2020,6,Destination/AC,11.0,179,Unknown|Unknown
EVS04623,Unknown,Unknown,19.471705,-99.062101,Tesla,AC Level 2,150,4,600,5,0.14,Yes,24/7,2023,3,Fast Charging,120.0,151,Unknown|Unknown
EVS04624,Unknown,Unknown,13.770707,100.473318,Tesla,AC Level 2,350,8,2800,10,0.43,Yes,6:00-22:00,2018,8,Ultra-Fast Charging,280.0,27,Unknown|Unknown
EVS04625,Unknown,Unknown,37.784388,-122.465505,Ionity,AC Level 1,150,3,450,6,0.27,No,9:00-18:00,2020,6,Fast Charging,75.0,79,Unknown|Unknown
EVS04626,Unknown,Unknown,34.004407,-118.285244,Greenlots,AC Level 1,150,3,450,3,0.28,Yes,24/7,2010,16,Fast Charging,150.0,78,Unknown|Unknown
EVS04627,Unknown,Unknown,37.658003,126.900933,Greenlots,DC Fast Charger,22,6,132,10,0.32,No,6:00-22:00,2020,6,Destination/AC,13.2,15,Unknown|Unknown
EVS04628,Unknown,Unknown,19.046336,72.842209,ChargePoint,AC Level 2,150,1,150,1,0.42,No,9:00-18:00,2018,8,Fast Charging,150.0,44,Unknown|Unknown
EVS04629,Unknown,Unknown,-33.765537,151.267987,ChargePoint,DC Fast Charger,350,6,2100,7,0.5,No,9:00-18:00,2022,4,Ultra-Fast Charging,300.0,140,Unknown|Unknown
EVS04630,Unknown,Unknown,43.747034,-79.397304,Ionity,AC Level 2,22,2,44,4,0.37,Yes,6:00-22:00,2019,7,Destination/AC,11.0,73,Unknown|Unknown
EVS04631,Unknown,Unknown,83.59566,159.582306,Tesla,AC Level 2,22,1,22,1,0.11,No,24/7,2010,16,Destination/AC,22.0,39,Unknown|Unknown
EVS04632,Unknown,Unknown,37.632983,126.984053,ChargePoint,DC Fast Charger,22,5,110,7,0.46,Yes,24/7,2017,9,Destination/AC,15.71,62,Unknown|Unknown
EVS04633,Unknown,Unknown,39.935939,116.207907,EVgo,DC Fast Charger,50,1,50,2,0.17,Yes,9:00-18:00,2010,16,Fast Charging,25.0,60,Unknown|Unknown
EVS04634,Unknown,Unknown,43.604292,-79.477057,ChargePoint,DC Fast Charger,22,2,44,4,0.11,Yes,24/7,2011,15,Destination/AC,11.0,43,Unknown|Unknown
EVS04635,Unknown,Unknown,52.448441,13.432179,Tesla,AC Level 1,22,4,88,7,0.37,No,9:00-18:00,2021,5,Destination/AC,12.57,31,Unknown|Unknown
EVS04636,Unknown,Unknown,43.733048,-79.460808,EVgo,DC Fast Charger,350,2,700,3,0.14,Yes,24/7,2022,4,Ultra-Fast Charging,233.33,141,Unknown|Unknown
EVS04637,Unknown,Unknown,43.649373,-79.372314,Tesla,AC Level 1,22,5,110,9,0.41,No,6:00-22:00,2018,8,Destination/AC,12.22,151,Unknown|Unknown
EVS04638,Unknown,Unknown,-23.603213,-46.669977,Greenlots,AC Level 2,50,4,200,8,0.33,Yes,9:00-18:00,2011,15,Fast Charging,25.0,96,Unknown|Unknown
EVS04639,Unknown,Unknown,55.855817,37.627693,ChargePoint,AC Level 2,22,5,110,7,0.33,No,24/7,2011,15,Destination/AC,15.71,116,Unknown|Unknown
EVS04640,Unknown,Unknown,37.714256,-122.479008,Tesla,AC Level 1,150,3,450,6,0.38,Yes,6:00-22:00,2016,10,Fast Charging,75.0,166,Unknown|Unknown
EVS04641,Unknown,Unknown,80.781849,74.898134,Tesla,AC Level 2,350,5,1750,8,0.21,Yes,24/7,2010,16,Ultra-Fast Charging,218.75,154,Unknown|Unknown
EVS04642,Unknown,Unknown,-33.716705,151.355761,Ionity,DC Fast Charger,22,3,66,4,0.26,Yes,9:00-18:00,2019,7,Destination/AC,16.5,20,Unknown|Unknown
EVS04643,Unknown,Unknown,52.582671,13.478146,Tesla,DC Fast Charger,22,3,66,4,0.28,No,9:00-18:00,2018,8,Destination/AC,16.5,172,Unknown|Unknown
EVS04644,Unknown,Unknown,-33.809363,151.275296,Ionity,AC Level 1,150,3,450,6,0.19,Yes,6:00-22:00,2015,11,Fast Charging,75.0,26,Unknown|Unknown
EVS04645,Unknown,Unknown,-33.866702,18.584578,Tesla,DC Fast Charger,150,5,750,6,0.18,No,6:00-22:00,2022,4,Fast Charging,125.0,19,Unknown|Unknown
EVS04646,Unknown,Unknown,55.861572,37.623147,EVgo,AC Level 2,350,5,1750,7,0.22,No,9:00-18:00,2016,10,Ultra-Fast Charging,250.0,81,Unknown|Unknown
EVS04647,Unknown,Unknown,43.653489,-79.344827,EVgo,AC Level 2,150,5,750,9,0.35,No,24/7,2015,11,Fast Charging,83.33,138,Unknown|Unknown
EVS04648,Unknown,Unknown,34.18984,-118.211634,Tesla,AC Level 1,22,5,110,6,0.28,No,6:00-22:00,2018,8,Destination/AC,18.33,28,Unknown|Unknown
EVS04649,Unknown,Unknown,43.799826,-79.414639,Tesla,DC Fast Charger,150,4,600,5,0.16,Yes,6:00-22:00,2019,7,Fast Charging,120.0,63,Unknown|Unknown
EVS04650,Unknown,Unknown,34.169513,-118.22223,Tesla,DC Fast Charger,50,1,50,1,0.11,No,6:00-22:00,2010,16,Fast Charging,50.0,58,Unknown|Unknown
EVS04651,Unknown,Unknown,-68.813836,94.415204,Tesla,AC Level 2,22,1,22,1,0.32,No,6:00-22:00,2012,14,Destination/AC,22.0,80,Unknown|Unknown
EVS04652,Unknown,Unknown,39.831965,116.300553,ChargePoint,AC Level 2,50,4,200,6,0.34,No,24/7,2022,4,Fast Charging,33.33,177,Unknown|Unknown
EVS04653,Unknown,Unknown,18.983752,72.981483,Ionity,DC Fast Charger,150,3,450,4,0.13,No,6:00-22:00,2020,6,Fast Charging,112.5,69,Unknown|Unknown
EVS04654,Unknown,Unknown,-33.809883,18.510496,Greenlots,AC Level 1,150,3,450,4,0.17,No,24/7,2015,11,Fast Charging,112.5,49,Unknown|Unknown
EVS04655,Unknown,Unknown,43.675649,-79.426124,Tesla,AC Level 2,22,5,110,6,0.21,No,9:00-18:00,2019,7,Destination/AC,18.33,35,Unknown|Unknown
EVS04656,Unknown,Unknown,37.84965,-122.476397,Ionity,DC Fast Charger,350,7,2450,10,0.11,Yes,24/7,2013,13,Ultra-Fast Charging,245.0,47,Unknown|Unknown
EVS04657,Unknown,Unknown,39.960903,116.207571,Tesla,AC Level 2,350,4,1400,5,0.48,Yes,24/7,2015,11,Ultra-Fast Charging,280.0,36,Unknown|Unknown
EVS04658,Unknown,Unknown,13.709998,100.538742,ChargePoint,AC Level 1,22,2,44,2,0.47,Yes,24/7,2011,15,Destination/AC,22.0,109,Unknown|Unknown
EVS04659,Unknown,Unknown,52.595945,13.384549,EVgo,DC Fast Charger,22,3,66,6,0.22,Yes,9:00-18:00,2023,3,Destination/AC,11.0,84,Unknown|Unknown
EVS04660,Unknown,Unknown,39.959303,116.374061,Greenlots,AC Level 2,150,4,600,7,0.27,No,24/7,2010,16,Fast Charging,85.71,97,Unknown|Unknown
EVS04661,Unknown,Unknown,-22.224218,66.952682,Greenlots,DC Fast Charger,22,5,110,7,0.12,Yes,24/7,2015,11,Destination/AC,15.71,152,Unknown|Unknown
EVS04662,Unknown,Unknown,43.739632,-79.469948,ChargePoint,DC Fast Charger,150,1,150,2,0.17,No,9:00-18:00,2011,15,Fast Charging,75.0,110,Unknown|Unknown
EVS04663,Unknown,Unknown,43.757633,-79.478523,ChargePoint,DC Fast Charger,150,1,150,2,0.17,Yes,6:00-22:00,2023,3,Fast Charging,75.0,40,Unknown|Unknown
EVS04664,Unknown,Unknown,39.970385,116.200397,ChargePoint,DC Fast Charger,22,7,154,9,0.33,Yes,9:00-18:00,2021,5,Destination/AC,17.11,77,Unknown|Unknown
EVS04665,Unknown,Unknown,41.837366,-87.687831,Greenlots,AC Level 2,150,3,450,4,0.36,No,24/7,2014,12,Fast Charging,112.5,66,Unknown|Unknown
EVS04666,Unknown,Unknown,41.834742,-87.667168,Greenlots,DC Fast Charger,22,5,110,8,0.25,No,24/7,2010,16,Destination/AC,13.75,151,Unknown|Unknown
EVS04667,Unknown,Unknown,19.513673,-99.132604,ChargePoint,DC Fast Charger,22,4,88,6,0.42,Yes,9:00-18:00,2023,3,Destination/AC,14.67,65,Unknown|Unknown
EVS04668,Unknown,Unknown,13.752658,100.434899,ChargePoint,AC Level 2,350,1,350,1,0.47,Yes,6:00-22:00,2023,3,Ultra-Fast Charging,350.0,37,Unknown|Unknown
EVS04669,Unknown,Unknown,34.007806,-118.283419,Greenlots,AC Level 1,150,6,900,9,0.22,No,24/7,2020,6,Fast Charging,100.0,136,Unknown|Unknown
EVS04670,Unknown,Unknown,19.488859,-99.005762,Ionity,DC Fast Charger,22,3,66,7,0.48,No,24/7,2012,14,Destination/AC,9.43,85,Unknown|Unknown
EVS04671,Unknown,Unknown,19.319202,-116.272202,Ionity,AC Level 1,50,7,350,10,0.35,No,6:00-22:00,2019,7,Fast Charging,35.0,30,Unknown|Unknown
EVS04672,Unknown,Unknown,-33.760393,151.342061,Greenlots,AC Level 2,150,1,150,1,0.49,No,9:00-18:00,2011,15,Fast Charging,150.0,128,Unknown|Unknown
EVS04673,Unknown,Unknown,13.826776,100.538732,Tesla,DC Fast Charger,350,2,700,3,0.29,Yes,24/7,2011,15,Ultra-Fast Charging,233.33,49,Unknown|Unknown
EVS04674,Unknown,Unknown,37.662446,127.023258,ChargePoint,AC Level 2,22,4,88,5,0.41,Yes,6:00-22:00,2023,3,Destination/AC,17.6,158,Unknown|Unknown
EVS04675,Unknown,Unknown,18.902044,72.834555,Ionity,AC Level 1,350,2,700,3,0.29,Yes,6:00-22:00,2022,4,Ultra-Fast Charging,233.33,152,Unknown|Unknown
EVS04676,Unknown,Unknown,13.729774,100.570224,Ionity,AC Level 2,22,1,22,3,0.26,No,9:00-18:00,2023,3,Destination/AC,7.33,75,Unknown|Unknown
EVS04677,Unknown,Unknown,39.951581,116.218174,Tesla,AC Level 2,350,2,700,4,0.22,Yes,24/7,2021,5,Ultra-Fast Charging,175.0,106,Unknown|Unknown
EVS04678,Unknown,Unknown,43.699116,-79.49486,Tesla,DC Fast Charger,150,8,1200,9,0.41,No,9:00-18:00,2017,9,Fast Charging,133.33,108,Unknown|Unknown
EVS04679,Unknown,Unknown,25.264588,55.273769,ChargePoint,DC Fast Charger,350,3,1050,4,0.21,Yes,6:00-22:00,2023,3,Ultra-Fast Charging,262.5,122,Unknown|Unknown
EVS04680,Unknown,Unknown,43.774638,-79.393379,Tesla,DC Fast Charger,50,4,200,7,0.35,No,24/7,2022,4,Fast Charging,28.57,26,Unknown|Unknown
EVS04681,Unknown,Unknown,-68.658005,160.676119,EVgo,AC Level 2,150,6,900,10,0.28,Yes,6:00-22:00,2011,15,Fast Charging,90.0,68,Unknown|Unknown
EVS04682,Unknown,Unknown,43.792362,-79.451617,Ionity,DC Fast Charger,150,6,900,9,0.33,Yes,9:00-18:00,2018,8,Fast Charging,100.0,43,Unknown|Unknown
EVS04683,Unknown,Unknown,13.75528,100.42322,Greenlots,DC Fast Charger,150,6,900,8,0.4,No,6:00-22:00,2017,9,Fast Charging,112.5,130,Unknown|Unknown
EVS04684,Unknown,Unknown,39.825228,116.338135,Greenlots,DC Fast Charger,50,1,50,2,0.37,No,6:00-22:00,2021,5,Fast Charging,25.0,26,Unknown|Unknown
EVS04685,Unknown,Unknown,37.58429,126.92739,Ionity,AC Level 2,50,2,100,4,0.25,No,6:00-22:00,2013,13,Fast Charging,25.0,100,Unknown|Unknown
EVS04686,Unknown,Unknown,19.487124,-99.058789,ChargePoint,AC Level 1,150,2,300,3,0.41,No,24/7,2017,9,Fast Charging,100.0,135,Unknown|Unknown
EVS04687,Unknown,Unknown,-23.503296,-46.566181,Greenlots,AC Level 1,350,2,700,4,0.12,No,9:00-18:00,2018,8,Ultra-Fast Charging,175.0,171,Unknown|Unknown
EVS04688,Unknown,Unknown,18.920116,72.999732,Greenlots,AC Level 2,50,3,150,6,0.21,No,24/7,2022,4,Fast Charging,25.0,62,Unknown|Unknown
EVS04689,Unknown,Unknown,13.831552,100.471663,ChargePoint,DC Fast Charger,50,2,100,3,0.35,No,24/7,2014,12,Fast Charging,33.33,16,Unknown|Unknown
EVS04690,Unknown,Unknown,41.810381,-87.750439,ChargePoint,AC Level 1,22,6,132,8,0.11,Yes,6:00-22:00,2012,14,Destination/AC,16.5,134,Unknown|Unknown
EVS04691,Unknown,Unknown,-58.309261,-71.468838,EVgo,DC Fast Charger,350,3,1050,5,0.3,No,6:00-22:00,2020,6,Ultra-Fast Charging,210.0,15,Unknown|Unknown
EVS04692,Unknown,Unknown,25.344916,55.282177,Tesla,DC Fast Charger,350,6,2100,10,0.4,No,24/7,2013,13,Ultra-Fast Charging,210.0,25,Unknown|Unknown
EVS04693,Unknown,Unknown,37.550839,127.047526,Tesla,AC Level 1,22,3,66,4,0.11,Yes,9:00-18:00,2010,16,Destination/AC,16.5,178,Unknown|Unknown
EVS04694,Unknown,Unknown,34.092923,-118.334256,ChargePoint,AC Level 1,350,4,1400,6,0.16,Yes,9:00-18:00,2015,11,Ultra-Fast Charging,233.33,157,Unknown|Unknown
EVS04695,Unknown,Unknown,34.007965,-118.349538,Greenlots,AC Level 2,350,5,1750,6,0.27,Yes,24/7,2016,10,Ultra-Fast Charging,291.67,131,Unknown|Unknown
EVS04696,Unknown,Unknown,13.843651,100.557622,Ionity,AC Level 2,22,5,110,6,0.44,No,24/7,2014,12,Destination/AC,18.33,152,Unknown|Unknown
EVS04697,Unknown,Unknown,-33.725444,151.350944,Tesla,AC Level 1,150,5,750,10,0.34,No,24/7,2023,3,Fast Charging,75.0,27,Unknown|Unknown
EVS04698,Unknown,Unknown,-33.797824,18.498177,Greenlots,DC Fast Charger,150,3,450,4,0.42,No,24/7,2016,10,Fast Charging,112.5,29,Unknown|Unknown
EVS04699,Unknown,Unknown,39.969168,116.497323,EVgo,DC Fast Charger,50,1,50,1,0.23,No,24/7,2019,7,Fast Charging,50.0,64,Unknown|Unknown
EVS04700,Unknown,Unknown,25.255233,55.216254,EVgo,AC Level 2,350,1,350,1,0.45,No,6:00-22:00,2014,12,Ultra-Fast Charging,350.0,18,Unknown|Unknown
EVS04701,Unknown,Unknown,4.550093,-100.123791,Ionity,AC Level 1,350,6,2100,10,0.48,No,9:00-18:00,2021,5,Ultra-Fast Charging,210.0,161,Unknown|Unknown
EVS04702,Unknown,Unknown,25.279776,55.325655,EVgo,DC Fast Charger,22,6,132,10,0.2,No,9:00-18:00,2022,4,Destination/AC,13.2,24,Unknown|Unknown
EVS04703,Unknown,Unknown,37.621234,126.942495,Tesla,AC Level 1,22,5,110,10,0.3,No,9:00-18:00,2017,9,Destination/AC,11.0,104,Unknown|Unknown
EVS04704,Unknown,Unknown,37.560145,126.966278,Tesla,AC Level 2,350,3,1050,4,0.34,Yes,9:00-18:00,2022,4,Ultra-Fast Charging,262.5,155,Unknown|Unknown
EVS04705,Unknown,Unknown,39.86633,116.263342,Tesla,AC Level 1,150,2,300,3,0.13,No,9:00-18:00,2017,9,Fast Charging,100.0,136,Unknown|Unknown
EVS04706,Unknown,Unknown,55.848896,37.601432,Greenlots,AC Level 2,22,3,66,5,0.23,Yes,9:00-18:00,2021,5,Destination/AC,13.2,53,Unknown|Unknown
EVS04707,Unknown,Unknown,19.448995,-99.13541,Greenlots,AC Level 1,150,3,450,4,0.4,Yes,24/7,2022,4,Fast Charging,112.5,92,Unknown|Unknown
EVS04708,Unknown,Unknown,55.793295,37.518546,Greenlots,AC Level 1,50,3,150,7,0.45,Yes,9:00-18:00,2016,10,Fast Charging,21.43,105,Unknown|Unknown
EVS04709,Unknown,Unknown,55.750876,37.596374,EVgo,AC Level 1,350,1,350,1,0.33,No,6:00-22:00,2017,9,Ultra-Fast Charging,350.0,141,Unknown|Unknown
EVS04710,Unknown,Unknown,55.726425,37.636521,ChargePoint,AC Level 1,22,6,132,9,0.45,No,9:00-18:00,2014,12,Destination/AC,14.67,85,Unknown|Unknown
EVS04711,Unknown,Unknown,3.602772,86.984603,ChargePoint,AC Level 1,150,2,300,3,0.47,Yes,24/7,2012,14,Fast Charging,100.0,62,Unknown|Unknown
EVS04712,Unknown,Unknown,55.877652,37.663312,EVgo,AC Level 1,22,5,110,6,0.39,No,9:00-18:00,2014,12,Destination/AC,18.33,146,Unknown|Unknown
EVS04713,Unknown,Unknown,41.966561,-87.623277,Tesla,AC Level 1,50,6,300,9,0.49,Yes,9:00-18:00,2010,16,Fast Charging,33.33,161,Unknown|Unknown
EVS04714,Unknown,Unknown,43.748966,-79.430228,ChargePoint,AC Level 1,350,1,350,1,0.39,Yes,9:00-18:00,2019,7,Ultra-Fast Charging,350.0,95,Unknown|Unknown
EVS04715,Unknown,Unknown,37.884124,-122.485007,ChargePoint,AC Level 2,150,2,300,2,0.48,Yes,9:00-18:00,2017,9,Fast Charging,150.0,19,Unknown|Unknown
EVS04716,Unknown,Unknown,25.237429,55.375723,EVgo,AC Level 2,50,4,200,9,0.12,No,6:00-22:00,2013,13,Fast Charging,22.22,97,Unknown|Unknown
EVS04717,Unknown,Unknown,-23.518632,-46.639913,Tesla,AC Level 2,150,7,1050,9,0.2,Yes,24/7,2010,16,Fast Charging,116.67,161,Unknown|Unknown
EVS04718,Unknown,Unknown,41.942013,-87.675132,Tesla,AC Level 2,350,7,2450,10,0.42,No,24/7,2020,6,Ultra-Fast Charging,245.0,178,Unknown|Unknown
EVS04719,Unknown,Unknown,-23.582403,-46.640946,Greenlots,AC Level 2,350,2,700,3,0.28,Yes,6:00-22:00,2023,3,Ultra-Fast Charging,233.33,81,Unknown|Unknown
EVS04720,Unknown,Unknown,-33.808893,18.425798,Tesla,AC Level 2,22,2,44,3,0.32,Yes,6:00-22:00,2011,15,Destination/AC,14.67,39,Unknown|Unknown
EVS04721,Unknown,Unknown,84.520228,42.282775,Greenlots,AC Level 2,150,3,450,5,0.28,Yes,6:00-22:00,2020,6,Fast Charging,90.0,109,Unknown|Unknown
EVS04722,Unknown,Unknown,37.780306,-122.477283,ChargePoint,DC Fast Charger,22,4,88,7,0.25,No,9:00-18:00,2017,9,Destination/AC,12.57,152,Unknown|Unknown
EVS04723,Unknown,Unknown,-33.779596,151.375627,EVgo,AC Level 1,50,1,50,2,0.11,No,6:00-22:00,2021,5,Fast Charging,25.0,170,Unknown|Unknown
EVS04724,Unknown,Unknown,-23.527209,-46.522958,Ionity,AC Level 1,50,3,150,6,0.13,No,6:00-22:00,2011,15,Fast Charging,25.0,23,Unknown|Unknown
EVS04725,Unknown,Unknown,39.972736,116.285185,EVgo,AC Level 1,50,4,200,5,0.24,Yes,6:00-22:00,2010,16,Fast Charging,40.0,62,Unknown|Unknown
EVS04726,Unknown,Unknown,37.814463,-122.378269,Greenlots,AC Level 2,150,1,150,3,0.42,Yes,9:00-18:00,2019,7,Fast Charging,50.0,93,Unknown|Unknown
EVS04727,Unknown,Unknown,39.94794,116.493272,Tesla,AC Level 2,350,1,350,1,0.18,Yes,9:00-18:00,2019,7,Ultra-Fast Charging,350.0,31,Unknown|Unknown
EVS04728,Unknown,Unknown,39.972754,116.273394,ChargePoint,DC Fast Charger,22,3,66,5,0.17,Yes,9:00-18:00,2015,11,Destination/AC,13.2,161,Unknown|Unknown
EVS04729,Unknown,Unknown,39.996258,116.330855,Tesla,AC Level 2,22,1,22,1,0.41,No,6:00-22:00,2015,11,Destination/AC,22.0,33,Unknown|Unknown
EVS04730,Unknown,Unknown,37.804745,-122.373023,EVgo,AC Level 2,350,2,700,2,0.47,Yes,24/7,2010,16,Ultra-Fast Charging,350.0,124,Unknown|Unknown
EVS04731,Unknown,Unknown,-60.676361,-53.571792,Tesla,AC Level 1,150,3,450,6,0.49,No,6:00-22:00,2019,7,Fast Charging,75.0,166,Unknown|Unknown
EVS04732,Unknown,Unknown,37.784391,-122.493233,Tesla,AC Level 1,350,4,1400,7,0.49,Yes,6:00-22:00,2010,16,Ultra-Fast Charging,200.0,128,Unknown|Unknown
EVS04733,Unknown,Unknown,43.684883,-79.419987,ChargePoint,AC Level 1,50,5,250,9,0.15,No,9:00-18:00,2020,6,Fast Charging,27.78,140,Unknown|Unknown
EVS04734,Unknown,Unknown,37.856278,-122.442652,Tesla,DC Fast Charger,350,2,700,4,0.19,No,24/7,2022,4,Ultra-Fast Charging,175.0,58,Unknown|Unknown
EVS04735,Unknown,Unknown,39.996147,116.239086,Ionity,AC Level 1,22,3,66,4,0.36,Yes,24/7,2019,7,Destination/AC,16.5,151,Unknown|Unknown
EVS04736,Unknown,Unknown,-23.528557,-46.516286,ChargePoint,DC Fast Charger,50,2,100,2,0.46,No,6:00-22:00,2022,4,Fast Charging,50.0,84,Unknown|Unknown
EVS04737,Unknown,Unknown,19.030663,72.830753,EVgo,AC Level 1,22,1,22,1,0.16,No,6:00-22:00,2017,9,Destination/AC,22.0,25,Unknown|Unknown
EVS04738,Unknown,Unknown,-33.757559,18.415835,Greenlots,AC Level 2,50,4,200,5,0.26,No,24/7,2014,12,Fast Charging,40.0,75,Unknown|Unknown
EVS04739,Unknown,Unknown,55.843789,37.556095,EVgo,AC Level 1,22,4,88,7,0.42,No,9:00-18:00,2015,11,Destination/AC,12.57,72,Unknown|Unknown
EVS04740,Unknown,Unknown,-33.851285,151.298992,Greenlots,AC Level 1,350,2,700,3,0.38,No,9:00-18:00,2012,14,Ultra-Fast Charging,233.33,101,Unknown|Unknown
EVS04741,Unknown,Unknown,61.508984,-64.890876,Greenlots,AC Level 2,350,5,1750,8,0.24,Yes,6:00-22:00,2020,6,Ultra-Fast Charging,218.75,58,Unknown|Unknown
EVS04742,Unknown,Unknown,19.144636,72.907798,Tesla,AC Level 2,350,5,1750,9,0.46,Yes,9:00-18:00,2014,12,Ultra-Fast Charging,194.44,91,Unknown|Unknown
EVS04743,Unknown,Unknown,-23.623064,-46.656623,EVgo,AC Level 1,350,1,350,2,0.35,No,24/7,2021,5,Ultra-Fast Charging,175.0,85,Unknown|Unknown
EVS04744,Unknown,Unknown,37.632852,126.963875,Greenlots,AC Level 1,350,4,1400,5,0.23,No,24/7,2023,3,Ultra-Fast Charging,280.0,68,Unknown|Unknown
EVS04745,Unknown,Unknown,39.907719,116.368779,Greenlots,DC Fast Charger,50,1,50,2,0.37,No,24/7,2020,6,Fast Charging,25.0,129,Unknown|Unknown
EVS04746,Unknown,Unknown,-23.67078,-46.577352,EVgo,DC Fast Charger,150,1,150,1,0.18,No,6:00-22:00,2011,15,Fast Charging,150.0,65,Unknown|Unknown
EVS04747,Unknown,Unknown,-33.738224,151.395249,Tesla,AC Level 2,22,7,154,9,0.26,Yes,9:00-18:00,2016,10,Destination/AC,17.11,141,Unknown|Unknown
EVS04748,Unknown,Unknown,13.800456,100.559984,EVgo,AC Level 2,22,3,66,5,0.12,No,24/7,2011,15,Destination/AC,13.2,56,Unknown|Unknown
EVS04749,Unknown,Unknown,41.847046,-87.689944,Tesla,DC Fast Charger,22,2,44,3,0.2,Yes,24/7,2014,12,Destination/AC,14.67,157,Unknown|Unknown
EVS04750,Unknown,Unknown,39.867994,116.226934,EVgo,AC Level 1,22,6,132,8,0.42,No,6:00-22:00,2018,8,Destination/AC,16.5,75,Unknown|Unknown
EVS04751,Unknown,Unknown,86.040353,40.538309,Ionity,AC Level 2,22,5,110,8,0.19,Yes,9:00-18:00,2020,6,Destination/AC,13.75,21,Unknown|Unknown
EVS04752,Unknown,Unknown,41.936451,-87.789605,Tesla,AC Level 2,350,5,1750,7,0.47,Yes,9:00-18:00,2014,12,Ultra-Fast Charging,250.0,39,Unknown|Unknown
EVS04753,Unknown,Unknown,25.33222,55.211653,Tesla,DC Fast Charger,50,4,200,5,0.13,No,9:00-18:00,2013,13,Fast Charging,40.0,148,Unknown|Unknown
EVS04754,Unknown,Unknown,37.733205,-122.32339,Ionity,AC Level 2,22,7,154,10,0.39,Yes,24/7,2015,11,Destination/AC,15.4,158,Unknown|Unknown
EVS04755,Unknown,Unknown,39.822601,116.479365,ChargePoint,DC Fast Charger,50,6,300,9,0.24,Yes,6:00-22:00,2017,9,Fast Charging,33.33,49,Unknown|Unknown
EVS04756,Unknown,Unknown,25.26289,55.234777,Ionity,AC Level 1,50,1,50,3,0.19,No,24/7,2022,4,Fast Charging,16.67,114,Unknown|Unknown
EVS04757,Unknown,Unknown,13.870745,100.569476,Greenlots,AC Level 2,22,5,110,8,0.45,No,6:00-22:00,2020,6,Destination/AC,13.75,109,Unknown|Unknown
EVS04758,Unknown,Unknown,25.373593,55.290681,EVgo,AC Level 2,150,6,900,7,0.36,Yes,6:00-22:00,2019,7,Fast Charging,128.57,37,Unknown|Unknown
EVS04759,Unknown,Unknown,37.84213,-122.348816,ChargePoint,AC Level 1,50,5,250,7,0.35,Yes,6:00-22:00,2016,10,Fast Charging,35.71,89,Unknown|Unknown
EVS04760,Unknown,Unknown,13.759859,100.572485,Ionity,AC Level 1,350,4,1400,8,0.31,No,24/7,2012,14,Ultra-Fast Charging,175.0,129,Unknown|Unknown
EVS04761,Unknown,Unknown,56.385648,-169.688209,Greenlots,AC Level 2,22,2,44,3,0.31,Yes,6:00-22:00,2015,11,Destination/AC,14.67,174,Unknown|Unknown
EVS04762,Unknown,Unknown,19.156275,72.889338,Ionity,AC Level 1,50,5,250,6,0.38,Yes,9:00-18:00,2015,11,Fast Charging,41.67,154,Unknown|Unknown
EVS04763,Unknown,Unknown,-33.793428,18.522548,ChargePoint,DC Fast Charger,350,6,2100,9,0.17,No,6:00-22:00,2022,4,Ultra-Fast Charging,233.33,31,Unknown|Unknown
EVS04764,Unknown,Unknown,37.620048,127.093841,EVgo,DC Fast Charger,50,3,150,6,0.45,No,24/7,2012,14,Fast Charging,25.0,54,Unknown|Unknown
EVS04765,Unknown,Unknown,25.331274,55.22032,EVgo,DC Fast Charger,50,5,250,7,0.3,No,24/7,2017,9,Fast Charging,35.71,87,Unknown|Unknown
EVS04766,Unknown,Unknown,13.749056,100.562042,Greenlots,AC Level 2,350,1,350,3,0.19,Yes,6:00-22:00,2010,16,Ultra-Fast Charging,116.67,39,Unknown|Unknown
EVS04767,Unknown,Unknown,19.554464,-99.066892,Ionity,AC Level 2,150,1,150,1,0.1,No,6:00-22:00,2010,16,Fast Charging,150.0,109,Unknown|Unknown
EVS04768,Unknown,Unknown,-33.772061,18.52348,Greenlots,AC Level 2,50,4,200,6,0.17,No,24/7,2018,8,Fast Charging,33.33,16,Unknown|Unknown
EVS04769,Unknown,Unknown,37.841533,-122.392694,ChargePoint,DC Fast Charger,22,6,132,7,0.32,No,24/7,2018,8,Destination/AC,18.86,33,Unknown|Unknown
EVS04770,Unknown,Unknown,41.95651,-87.703461,ChargePoint,AC Level 1,50,5,250,8,0.35,Yes,6:00-22:00,2014,12,Fast Charging,31.25,22,Unknown|Unknown
EVS04771,Unknown,Unknown,41.226074,-159.394956,EVgo,AC Level 2,22,6,132,7,0.29,Yes,9:00-18:00,2019,7,Destination/AC,18.86,63,Unknown|Unknown
EVS04772,Unknown,Unknown,37.879608,-122.465123,Tesla,AC Level 2,22,5,110,6,0.1,No,9:00-18:00,2019,7,Destination/AC,18.33,140,Unknown|Unknown
EVS04773,Unknown,Unknown,37.746066,-122.454669,EVgo,AC Level 2,350,1,350,2,0.29,No,9:00-18:00,2014,12,Ultra-Fast Charging,175.0,44,Unknown|Unknown
EVS04774,Unknown,Unknown,37.603853,127.046662,Ionity,AC Level 2,150,4,600,8,0.29,No,9:00-18:00,2017,9,Fast Charging,75.0,177,Unknown|Unknown
EVS04775,Unknown,Unknown,13.725986,100.496401,Greenlots,DC Fast Charger,350,5,1750,7,0.15,Yes,9:00-18:00,2022,4,Ultra-Fast Charging,250.0,59,Unknown|Unknown
EVS04776,Unknown,Unknown,52.459627,13.417053,ChargePoint,AC Level 1,50,6,300,8,0.26,No,24/7,2011,15,Fast Charging,37.5,22,Unknown|Unknown
EVS04777,Unknown,Unknown,-33.833688,151.347373,ChargePoint,DC Fast Charger,22,4,88,7,0.16,Yes,6:00-22:00,2020,6,Destination/AC,12.57,70,Unknown|Unknown
EVS04778,Unknown,Unknown,52.578909,13.324987,Ionity,AC Level 1,50,2,100,3,0.38,Yes,6:00-22:00,2020,6,Fast Charging,33.33,138,Unknown|Unknown
EVS04779,Unknown,Unknown,-33.802404,18.443326,ChargePoint,AC Level 1,350,6,2100,9,0.21,No,9:00-18:00,2014,12,Ultra-Fast Charging,233.33,32,Unknown|Unknown
EVS04780,Unknown,Unknown,55.721868,37.594459,ChargePoint,AC Level 1,350,6,2100,8,0.41,No,24/7,2023,3,Ultra-Fast Charging,262.5,26,Unknown|Unknown
EVS04781,Unknown,Unknown,22.832964,63.242909,EVgo,DC Fast Charger,22,3,66,4,0.4,No,9:00-18:00,2016,10,Destination/AC,16.5,155,Unknown|Unknown
EVS04782,Unknown,Unknown,52.417753,13.484377,ChargePoint,AC Level 1,150,1,150,1,0.45,No,9:00-18:00,2023,3,Fast Charging,150.0,112,Unknown|Unknown
EVS04783,Unknown,Unknown,55.791573,37.650586,ChargePoint,DC Fast Charger,22,5,110,9,0.5,No,9:00-18:00,2012,14,Destination/AC,12.22,71,Unknown|Unknown
EVS04784,Unknown,Unknown,43.740345,-79.467683,Ionity,DC Fast Charger,350,2,700,4,0.38,No,24/7,2021,5,Ultra-Fast Charging,175.0,139,Unknown|Unknown
EVS04785,Unknown,Unknown,41.899423,-87.749737,Greenlots,DC Fast Charger,350,2,700,2,0.33,Yes,6:00-22:00,2019,7,Ultra-Fast Charging,350.0,154,Unknown|Unknown
EVS04786,Unknown,Unknown,25.343289,55.323203,ChargePoint,AC Level 1,150,7,1050,9,0.46,Yes,24/7,2022,4,Fast Charging,116.67,74,Unknown|Unknown
EVS04787,Unknown,Unknown,52.448407,13.310775,EVgo,AC Level 2,150,7,1050,9,0.28,Yes,24/7,2010,16,Fast Charging,116.67,107,Unknown|Unknown
EVS04788,Unknown,Unknown,19.172066,72.978698,ChargePoint,AC Level 1,350,2,700,5,0.47,No,9:00-18:00,2015,11,Ultra-Fast Charging,140.0,16,Unknown|Unknown
EVS04789,Unknown,Unknown,43.763417,-79.424976,Tesla,DC Fast Charger,150,5,750,7,0.35,Yes,6:00-22:00,2012,14,Fast Charging,107.14,65,Unknown|Unknown
EVS04790,Unknown,Unknown,25.336235,55.29847,Greenlots,DC Fast Charger,150,5,750,10,0.11,No,6:00-22:00,2019,7,Fast Charging,75.0,113,Unknown|Unknown
EVS04791,Unknown,Unknown,-16.144853,12.664335,Tesla,AC Level 2,22,1,22,2,0.36,No,24/7,2013,13,Destination/AC,11.0,47,Unknown|Unknown
EVS04792,Unknown,Unknown,52.49373,13.444379,EVgo,DC Fast Charger,50,2,100,4,0.48,Yes,24/7,2021,5,Fast Charging,25.0,178,Unknown|Unknown
EVS04793,Unknown,Unknown,-33.85178,18.570542,EVgo,AC Level 2,350,7,2450,9,0.11,Yes,6:00-22:00,2019,7,Ultra-Fast Charging,272.22,175,Unknown|Unknown
EVS04794,Unknown,Unknown,25.228824,55.27061,Greenlots,AC Level 1,50,1,50,2,0.31,No,24/7,2011,15,Fast Charging,25.0,57,Unknown|Unknown
EVS04795,Unknown,Unknown,-33.829076,18.584178,Tesla,AC Level 2,50,6,300,8,0.22,No,6:00-22:00,2013,13,Fast Charging,37.5,80,Unknown|Unknown
EVS04796,Unknown,Unknown,19.515596,-99.051986,EVgo,DC Fast Charger,22,1,22,1,0.13,Yes,6:00-22:00,2019,7,Destination/AC,22.0,46,Unknown|Unknown
EVS04797,Unknown,Unknown,55.783602,37.651594,Tesla,DC Fast Charger,150,7,1050,9,0.13,No,6:00-22:00,2016,10,Fast Charging,116.67,98,Unknown|Unknown
EVS04798,Unknown,Unknown,25.252413,55.301477,Ionity,AC Level 2,350,4,1400,9,0.22,Yes,6:00-22:00,2017,9,Ultra-Fast Charging,155.56,35,Unknown|Unknown
EVS04799,Unknown,Unknown,-23.603298,-46.568403,Ionity,AC Level 1,50,5,250,6,0.16,No,6:00-22:00,2019,7,Fast Charging,41.67,79,Unknown|Unknown
EVS04800,Unknown,Unknown,52.404504,13.484165,ChargePoint,DC Fast Charger,350,6,2100,8,0.29,Yes,6:00-22:00,2018,8,Ultra-Fast Charging,262.5,106,Unknown|Unknown
EVS04801,Unknown,Unknown,67.114372,15.524067,EVgo,AC Level 1,50,3,150,5,0.23,No,9:00-18:00,2018,8,Fast Charging,30.0,115,Unknown|Unknown
EVS04802,Unknown,Unknown,25.311767,55.381877,EVgo,DC Fast Charger,22,1,22,2,0.22,Yes,9:00-18:00,2011,15,Destination/AC,11.0,113,Unknown|Unknown
EVS04803,Unknown,Unknown,25.279046,55.200676,Ionity,AC Level 1,150,6,900,8,0.12,Yes,9:00-18:00,2019,7,Fast Charging,112.5,51,Unknown|Unknown
EVS04804,Unknown,Unknown,55.817275,37.675647,EVgo,AC Level 1,150,1,150,2,0.14,Yes,6:00-22:00,2017,9,Fast Charging,75.0,145,Unknown|Unknown
EVS04805,Unknown,Unknown,37.724907,-122.316077,Ionity,AC Level 2,50,3,150,4,0.32,Yes,9:00-18:00,2010,16,Fast Charging,37.5,129,Unknown|Unknown
EVS04806,Unknown,Unknown,37.835205,-122.338931,ChargePoint,AC Level 2,150,6,900,9,0.25,Yes,6:00-22:00,2023,3,Fast Charging,100.0,139,Unknown|Unknown
EVS04807,Unknown,Unknown,37.576779,126.947098,Tesla,AC Level 1,150,3,450,7,0.31,Yes,9:00-18:00,2016,10,Fast Charging,64.29,92,Unknown|Unknown
EVS04808,Unknown,Unknown,37.786649,-122.465024,Ionity,DC Fast Charger,50,1,50,1,0.23,No,24/7,2016,10,Fast Charging,50.0,162,Unknown|Unknown
EVS04809,Unknown,Unknown,52.525348,13.421601,Greenlots,AC Level 1,22,1,22,1,0.25,Yes,24/7,2022,4,Destination/AC,22.0,79,Unknown|Unknown
EVS04810,Unknown,Unknown,13.890423,100.436975,Ionity,AC Level 2,150,4,600,7,0.44,No,9:00-18:00,2023,3,Fast Charging,85.71,147,Unknown|Unknown
EVS04811,Unknown,Unknown,-21.904218,101.077175,Ionity,AC Level 2,350,1,350,2,0.18,No,9:00-18:00,2011,15,Ultra-Fast Charging,175.0,48,Unknown|Unknown
EVS04812,Unknown,Unknown,34.156096,-118.274264,Greenlots,DC Fast Charger,50,1,50,1,0.47,Yes,6:00-22:00,2011,15,Fast Charging,50.0,55,Unknown|Unknown
EVS04813,Unknown,Unknown,-33.707859,18.448513,Tesla,DC Fast Charger,50,1,50,1,0.14,No,6:00-22:00,2010,16,Fast Charging,50.0,101,Unknown|Unknown
EVS04814,Unknown,Unknown,13.849812,100.432074,Ionity,DC Fast Charger,22,4,88,6,0.14,Yes,6:00-22:00,2013,13,Destination/AC,14.67,106,Unknown|Unknown
EVS04815,Unknown,Unknown,-23.558161,-46.564555,ChargePoint,DC Fast Charger,350,3,1050,5,0.18,No,6:00-22:00,2020,6,Ultra-Fast Charging,210.0,138,Unknown|Unknown
EVS04816,Unknown,Unknown,19.495291,-99.143417,ChargePoint,AC Level 2,22,4,88,8,0.17,No,6:00-22:00,2014,12,Destination/AC,11.0,64,Unknown|Unknown
EVS04817,Unknown,Unknown,52.548769,13.451858,Greenlots,AC Level 2,50,3,150,4,0.1,Yes,6:00-22:00,2017,9,Fast Charging,37.5,158,Unknown|Unknown
EVS04818,Unknown,Unknown,52.554134,13.449913,Greenlots,AC Level 2,350,6,2100,7,0.23,No,24/7,2021,5,Ultra-Fast Charging,300.0,69,Unknown|Unknown
EVS04819,Unknown,Unknown,19.106628,72.878438,Greenlots,AC Level 2,350,1,350,2,0.35,No,6:00-22:00,2011,15,Ultra-Fast Charging,175.0,103,Unknown|Unknown
EVS04820,Unknown,Unknown,39.997207,116.269233,Ionity,AC Level 2,350,1,350,1,0.31,No,24/7,2015,11,Ultra-Fast Charging,350.0,168,Unknown|Unknown
EVS04821,Unknown,Unknown,58.930371,-80.919997,Greenlots,DC Fast Charger,350,1,350,2,0.16,No,6:00-22:00,2020,6,Ultra-Fast Charging,175.0,104,Unknown|Unknown
EVS04822,Unknown,Unknown,-23.592164,-46.604412,ChargePoint,DC Fast Charger,350,3,1050,6,0.14,No,24/7,2010,16,Ultra-Fast Charging,175.0,127,Unknown|Unknown
EVS04823,Unknown,Unknown,37.546234,126.921986,ChargePoint,DC Fast Charger,22,3,66,5,0.18,No,9:00-18:00,2017,9,Destination/AC,13.2,164,Unknown|Unknown
EVS04824,Unknown,Unknown,18.914046,72.893853,Tesla,AC Level 2,50,8,400,10,0.48,Yes,6:00-22:00,2018,8,Fast Charging,40.0,175,Unknown|Unknown
EVS04825,Unknown,Unknown,-33.830463,151.35206,Greenlots,AC Level 2,350,5,1750,7,0.37,No,9:00-18:00,2012,14,Ultra-Fast Charging,250.0,97,Unknown|Unknown
EVS04826,Unknown,Unknown,39.893219,116.347038,Ionity,AC Level 2,350,3,1050,5,0.2,No,9:00-18:00,2022,4,Ultra-Fast Charging,210.0,83,Unknown|Unknown
EVS04827,Unknown,Unknown,-33.715661,18.412417,Tesla,AC Level 2,150,4,600,5,0.35,Yes,9:00-18:00,2016,10,Fast Charging,120.0,47,Unknown|Unknown
EVS04828,Unknown,Unknown,37.549587,126.949863,Ionity,AC Level 2,50,4,200,6,0.11,No,9:00-18:00,2019,7,Fast Charging,33.33,103,Unknown|Unknown
EVS04829,Unknown,Unknown,18.995402,72.850566,Ionity,DC Fast Charger,350,5,1750,9,0.3,Yes,24/7,2019,7,Ultra-Fast Charging,194.44,166,Unknown|Unknown
EVS04830,Unknown,Unknown,52.422637,13.357178,ChargePoint,AC Level 2,350,2,700,4,0.16,No,6:00-22:00,2015,11,Ultra-Fast Charging,175.0,95,Unknown|Unknown
EVS04831,Unknown,Unknown,-7.459383,-28.198704,EVgo,AC Level 2,22,1,22,1,0.49,Yes,9:00-18:00,2017,9,Destination/AC,22.0,72,Unknown|Unknown
EVS04832,Unknown,Unknown,37.665677,127.018226,EVgo,DC Fast Charger,150,2,300,3,0.3,No,6:00-22:00,2023,3,Fast Charging,100.0,32,Unknown|Unknown
EVS04833,Unknown,Unknown,37.584388,126.987514,ChargePoint,AC Level 2,150,1,150,2,0.44,No,24/7,2012,14,Fast Charging,75.0,79,Unknown|Unknown
EVS04834,Unknown,Unknown,41.844289,-87.667623,Greenlots,AC Level 2,150,1,150,1,0.28,Yes,24/7,2011,15,Fast Charging,150.0,54,Unknown|Unknown
EVS04835,Unknown,Unknown,37.52624,127.079509,Tesla,AC Level 2,150,1,150,1,0.49,Yes,9:00-18:00,2015,11,Fast Charging,150.0,176,Unknown|Unknown
EVS04836,Unknown,Unknown,25.201146,55.204973,Greenlots,DC Fast Charger,150,5,750,6,0.45,No,6:00-22:00,2023,3,Fast Charging,125.0,102,Unknown|Unknown
EVS04837,Unknown,Unknown,19.189906,72.880626,Ionity,DC Fast Charger,150,7,1050,10,0.24,No,6:00-22:00,2012,14,Fast Charging,105.0,37,Unknown|Unknown
EVS04838,Unknown,Unknown,19.552119,-99.054008,Ionity,AC Level 1,50,5,250,8,0.44,Yes,24/7,2019,7,Fast Charging,31.25,26,Unknown|Unknown
EVS04839,Unknown,Unknown,13.80888,100.513959,ChargePoint,DC Fast Charger,50,2,100,4,0.24,Yes,9:00-18:00,2023,3,Fast Charging,25.0,155,Unknown|Unknown
EVS04840,Unknown,Unknown,-33.734684,18.432837,EVgo,AC Level 1,50,6,300,7,0.24,Yes,24/7,2015,11,Fast Charging,42.86,168,Unknown|Unknown
EVS04841,Unknown,Unknown,78.247442,-140.212488,ChargePoint,AC Level 1,150,2,300,3,0.3,Yes,6:00-22:00,2011,15,Fast Charging,100.0,140,Unknown|Unknown
EVS04842,Unknown,Unknown,37.595767,127.08158,EVgo,DC Fast Charger,22,3,66,6,0.34,Yes,9:00-18:00,2012,14,Destination/AC,11.0,35,Unknown|Unknown
EVS04843,Unknown,Unknown,52.483708,13.397119,ChargePoint,DC Fast Charger,350,8,2800,10,0.28,No,6:00-22:00,2019,7,Ultra-Fast Charging,280.0,31,Unknown|Unknown
EVS04844,Unknown,Unknown,37.605314,127.037336,Tesla,AC Level 2,350,4,1400,8,0.49,Yes,24/7,2014,12,Ultra-Fast Charging,175.0,47,Unknown|Unknown
EVS04845,Unknown,Unknown,25.212608,55.219444,Ionity,AC Level 1,150,6,900,10,0.24,Yes,24/7,2017,9,Fast Charging,90.0,138,Unknown|Unknown
EVS04846,Unknown,Unknown,39.898026,116.207985,ChargePoint,AC Level 2,22,1,22,1,0.31,No,24/7,2019,7,Destination/AC,22.0,141,Unknown|Unknown
EVS04847,Unknown,Unknown,34.145173,-118.252082,Greenlots,AC Level 2,50,1,50,2,0.39,Yes,6:00-22:00,2014,12,Fast Charging,25.0,153,Unknown|Unknown
EVS04848,Unknown,Unknown,34.011658,-118.396044,Greenlots,AC Level 1,150,3,450,4,0.3,Yes,6:00-22:00,2019,7,Fast Charging,112.5,30,Unknown|Unknown
EVS04849,Unknown,Unknown,-33.835498,18.474971,Tesla,DC Fast Charger,22,4,88,7,0.34,Yes,24/7,2011,15,Destination/AC,12.57,40,Unknown|Unknown
EVS04850,Unknown,Unknown,34.136393,-118.378506,Ionity,DC Fast Charger,150,1,150,1,0.15,Yes,6:00-22:00,2018,8,Fast Charging,150.0,163,Unknown|Unknown
EVS04851,Unknown,Unknown,50.967746,147.080484,Tesla,DC Fast Charger,50,4,200,8,0.31,No,6:00-22:00,2013,13,Fast Charging,25.0,168,Unknown|Unknown
EVS04852,Unknown,Unknown,41.800947,-87.764888,Tesla,AC Level 2,350,5,1750,9,0.31,Yes,6:00-22:00,2011,15,Ultra-Fast Charging,194.44,134,Unknown|Unknown
EVS04853,Unknown,Unknown,55.866586,37.577138,EVgo,AC Level 2,22,2,44,3,0.47,No,24/7,2010,16,Destination/AC,14.67,32,Unknown|Unknown
EVS04854,Unknown,Unknown,37.889149,-122.394192,Ionity,AC Level 2,150,2,300,3,0.27,Yes,9:00-18:00,2016,10,Fast Charging,100.0,26,Unknown|Unknown
EVS04855,Unknown,Unknown,43.767368,-79.341432,ChargePoint,DC Fast Charger,22,2,44,3,0.39,Yes,6:00-22:00,2010,16,Destination/AC,14.67,24,Unknown|Unknown
EVS04856,Unknown,Unknown,52.515639,13.405961,Tesla,AC Level 2,150,1,150,1,0.38,Yes,9:00-18:00,2012,14,Fast Charging,150.0,129,Unknown|Unknown
EVS04857,Unknown,Unknown,-33.769257,151.29675,Tesla,DC Fast Charger,150,1,150,2,0.34,No,6:00-22:00,2019,7,Fast Charging,75.0,154,Unknown|Unknown
EVS04858,Unknown,Unknown,-33.852887,18.407145,Tesla,AC Level 1,22,5,110,9,0.5,No,9:00-18:00,2013,13,Destination/AC,12.22,119,Unknown|Unknown
EVS04859,Unknown,Unknown,52.464976,13.332671,EVgo,DC Fast Charger,150,1,150,1,0.41,Yes,9:00-18:00,2017,9,Fast Charging,150.0,58,Unknown|Unknown
EVS04860,Unknown,Unknown,37.657333,127.048503,Greenlots,AC Level 1,50,6,300,8,0.32,Yes,9:00-18:00,2012,14,Fast Charging,37.5,139,Unknown|Unknown
EVS04861,Unknown,Unknown,55.507706,3.878294,EVgo,AC Level 2,50,6,300,10,0.22,Yes,24/7,2010,16,Fast Charging,30.0,24,Unknown|Unknown
EVS04862,Unknown,Unknown,37.635753,127.073741,Greenlots,AC Level 1,50,8,400,10,0.37,Yes,9:00-18:00,2023,3,Fast Charging,40.0,151,Unknown|Unknown
EVS04863,Unknown,Unknown,37.598477,127.091122,ChargePoint,AC Level 2,350,7,2450,9,0.39,Yes,24/7,2013,13,Ultra-Fast Charging,272.22,162,Unknown|Unknown
EVS04864,Unknown,Unknown,37.537766,127.086414,ChargePoint,AC Level 1,350,1,350,1,0.17,No,24/7,2021,5,Ultra-Fast Charging,350.0,133,Unknown|Unknown
EVS04865,Unknown,Unknown,37.864037,-122.337289,Tesla,AC Level 2,22,3,66,6,0.26,Yes,24/7,2018,8,Destination/AC,11.0,160,Unknown|Unknown
EVS04866,Unknown,Unknown,-33.886687,151.255949,Ionity,AC Level 2,350,5,1750,10,0.21,No,6:00-22:00,2023,3,Ultra-Fast Charging,175.0,111,Unknown|Unknown
EVS04867,Unknown,Unknown,25.380397,55.288478,Tesla,AC Level 2,50,1,50,2,0.28,No,9:00-18:00,2020,6,Fast Charging,25.0,92,Unknown|Unknown
EVS04868,Unknown,Unknown,18.908534,72.886695,EVgo,DC Fast Charger,350,2,700,2,0.18,No,9:00-18:00,2013,13,Ultra-Fast Charging,350.0,68,Unknown|Unknown
EVS04869,Unknown,Unknown,34.145393,-118.249386,Greenlots,AC Level 1,22,8,176,10,0.22,No,24/7,2014,12,Destination/AC,17.6,167,Unknown|Unknown
EVS04870,Unknown,Unknown,-23.688356,-46.557554,Tesla,AC Level 2,150,2,300,3,0.28,Yes,24/7,2013,13,Fast Charging,100.0,130,Unknown|Unknown
EVS04871,Unknown,Unknown,-16.946119,-82.920999,Tesla,DC Fast Charger,50,3,150,6,0.47,Yes,9:00-18:00,2023,3,Fast Charging,25.0,46,Unknown|Unknown
EVS04872,Unknown,Unknown,-33.768936,18.557457,Greenlots,AC Level 2,50,2,100,2,0.26,Yes,24/7,2012,14,Fast Charging,50.0,172,Unknown|Unknown
EVS04873,Unknown,Unknown,43.616285,-79.494619,EVgo,DC Fast Charger,350,3,1050,4,0.24,No,6:00-22:00,2015,11,Ultra-Fast Charging,262.5,24,Unknown|Unknown
EVS04874,Unknown,Unknown,43.625496,-79.459625,EVgo,DC Fast Charger,150,7,1050,9,0.22,No,9:00-18:00,2018,8,Fast Charging,116.67,111,Unknown|Unknown
EVS04875,Unknown,Unknown,18.95147,72.998027,Ionity,AC Level 2,350,3,1050,4,0.47,Yes,6:00-22:00,2020,6,Ultra-Fast Charging,262.5,46,Unknown|Unknown
EVS04876,Unknown,Unknown,19.448192,-99.167121,Greenlots,AC Level 1,350,2,700,3,0.4,No,6:00-22:00,2017,9,Ultra-Fast Charging,233.33,124,Unknown|Unknown
EVS04877,Unknown,Unknown,37.712727,-122.311846,Tesla,AC Level 1,350,5,1750,10,0.28,No,9:00-18:00,2020,6,Ultra-Fast Charging,175.0,83,Unknown|Unknown
EVS04878,Unknown,Unknown,55.824402,37.665491,Tesla,AC Level 1,50,2,100,3,0.46,Yes,24/7,2018,8,Fast Charging,33.33,87,Unknown|Unknown
EVS04879,Unknown,Unknown,-33.841233,18.45483,Greenlots,AC Level 1,22,6,132,9,0.24,No,24/7,2020,6,Destination/AC,14.67,125,Unknown|Unknown
EVS04880,Unknown,Unknown,13.798025,100.450049,Greenlots,AC Level 2,350,4,1400,6,0.14,Yes,9:00-18:00,2011,15,Ultra-Fast Charging,233.33,139,Unknown|Unknown
EVS04881,Unknown,Unknown,-58.640913,-106.820179,Greenlots,AC Level 1,150,2,300,4,0.23,No,6:00-22:00,2014,12,Fast Charging,75.0,77,Unknown|Unknown
EVS04882,Unknown,Unknown,13.734324,100.430529,Greenlots,AC Level 1,50,1,50,1,0.16,No,6:00-22:00,2013,13,Fast Charging,50.0,179,Unknown|Unknown
EVS04883,Unknown,Unknown,18.900019,72.969403,Greenlots,AC Level 2,350,4,1400,5,0.31,No,24/7,2023,3,Ultra-Fast Charging,280.0,97,Unknown|Unknown
EVS04884,Unknown,Unknown,13.745555,100.449812,Ionity,AC Level 2,350,2,700,5,0.14,Yes,24/7,2014,12,Ultra-Fast Charging,140.0,41,Unknown|Unknown
EVS04885,Unknown,Unknown,37.855221,-122.459548,EVgo,AC Level 1,22,4,88,8,0.19,No,6:00-22:00,2010,16,Destination/AC,11.0,16,Unknown|Unknown
EVS04886,Unknown,Unknown,34.119679,-118.233088,ChargePoint,AC Level 1,22,2,44,2,0.38,No,9:00-18:00,2015,11,Destination/AC,22.0,48,Unknown|Unknown
EVS04887,Unknown,Unknown,19.523935,-99.104316,Ionity,DC Fast Charger,50,3,150,4,0.21,Yes,9:00-18:00,2017,9,Fast Charging,37.5,129,Unknown|Unknown
EVS04888,Unknown,Unknown,55.781519,37.636549,ChargePoint,DC Fast Charger,350,4,1400,7,0.33,Yes,9:00-18:00,2020,6,Ultra-Fast Charging,200.0,104,Unknown|Unknown
EVS04889,Unknown,Unknown,37.711771,-122.456975,ChargePoint,AC Level 2,50,3,150,7,0.14,Yes,24/7,2021,5,Fast Charging,21.43,70,Unknown|Unknown
EVS04890,Unknown,Unknown,13.892178,100.524851,EVgo,DC Fast Charger,22,3,66,5,0.12,Yes,6:00-22:00,2020,6,Destination/AC,13.2,94,Unknown|Unknown
EVS04891,Unknown,Unknown,-60.758144,-82.18439,Tesla,AC Level 2,350,3,1050,6,0.38,Yes,24/7,2022,4,Ultra-Fast Charging,175.0,153,Unknown|Unknown
EVS04892,Unknown,Unknown,52.580817,13.304516,Tesla,AC Level 1,150,2,300,5,0.16,No,24/7,2013,13,Fast Charging,60.0,109,Unknown|Unknown
EVS04893,Unknown,Unknown,37.701,-122.49273,Greenlots,AC Level 2,50,3,150,5,0.42,No,6:00-22:00,2018,8,Fast Charging,30.0,24,Unknown|Unknown
EVS04894,Unknown,Unknown,-33.79663,151.269407,Ionity,DC Fast Charger,22,3,66,4,0.47,Yes,6:00-22:00,2020,6,Destination/AC,16.5,23,Unknown|Unknown
EVS04895,Unknown,Unknown,-33.813333,18.557189,Tesla,AC Level 1,22,1,22,1,0.46,No,24/7,2020,6,Destination/AC,22.0,94,Unknown|Unknown
EVS04896,Unknown,Unknown,19.446925,-99.028238,ChargePoint,AC Level 1,350,4,1400,5,0.36,Yes,9:00-18:00,2018,8,Ultra-Fast Charging,280.0,81,Unknown|Unknown
EVS04897,Unknown,Unknown,25.263558,55.371716,Ionity,AC Level 2,50,6,300,10,0.43,No,9:00-18:00,2012,14,Fast Charging,30.0,155,Unknown|Unknown
EVS04898,Unknown,Unknown,19.459379,-99.04311,EVgo,AC Level 2,350,3,1050,5,0.43,No,6:00-22:00,2014,12,Ultra-Fast Charging,210.0,111,Unknown|Unknown
EVS04899,Unknown,Unknown,19.0478,72.827922,Ionity,AC Level 1,150,7,1050,8,0.13,No,24/7,2023,3,Fast Charging,131.25,139,Unknown|Unknown
EVS04900,Unknown,Unknown,52.524968,13.393018,ChargePoint,DC Fast Charger,350,5,1750,7,0.5,No,6:00-22:00,2011,15,Ultra-Fast Charging,250.0,111,Unknown|Unknown
EVS04901,Unknown,Unknown,72.550409,43.171901,Tesla,DC Fast Charger,50,5,250,8,0.36,Yes,24/7,2018,8,Fast Charging,31.25,71,Unknown|Unknown
EVS04902,Unknown,Unknown,37.635369,126.978751,Ionity,DC Fast Charger,22,1,22,1,0.26,No,6:00-22:00,2014,12,Destination/AC,22.0,123,Unknown|Unknown
EVS04903,Unknown,Unknown,25.3128,55.306353,EVgo,DC Fast Charger,150,3,450,6,0.36,No,9:00-18:00,2014,12,Fast Charging,75.0,117,Unknown|Unknown
EVS04904,Unknown,Unknown,55.708889,37.522208,EVgo,DC Fast Charger,22,6,132,9,0.2,No,6:00-22:00,2012,14,Destination/AC,14.67,133,Unknown|Unknown
EVS04905,Unknown,Unknown,25.236991,55.376818,Greenlots,AC Level 2,350,4,1400,6,0.2,Yes,24/7,2021,5,Ultra-Fast Charging,233.33,46,Unknown|Unknown
EVS04906,Unknown,Unknown,37.527855,126.933729,Ionity,AC Level 1,50,5,250,10,0.46,No,6:00-22:00,2021,5,Fast Charging,25.0,120,Unknown|Unknown
EVS04907,Unknown,Unknown,43.727123,-79.443262,EVgo,AC Level 2,350,7,2450,8,0.2,No,9:00-18:00,2011,15,Ultra-Fast Charging,306.25,62,Unknown|Unknown
EVS04908,Unknown,Unknown,-33.733439,151.300917,EVgo,DC Fast Charger,150,5,750,8,0.14,Yes,9:00-18:00,2010,16,Fast Charging,93.75,145,Unknown|Unknown
EVS04909,Unknown,Unknown,13.739008,100.574245,Tesla,AC Level 1,22,7,154,10,0.49,Yes,6:00-22:00,2021,5,Destination/AC,15.4,146,Unknown|Unknown
EVS04910,Unknown,Unknown,34.191714,-118.293582,Tesla,AC Level 2,22,2,44,3,0.14,No,6:00-22:00,2022,4,Destination/AC,14.67,118,Unknown|Unknown
EVS04911,Unknown,Unknown,5.057037,122.231135,ChargePoint,AC Level 2,150,3,450,4,0.38,Yes,9:00-18:00,2014,12,Fast Charging,112.5,171,Unknown|Unknown
EVS04912,Unknown,Unknown,-33.810675,18.597409,Greenlots,AC Level 1,22,1,22,1,0.28,No,24/7,2020,6,Destination/AC,22.0,103,Unknown|Unknown
EVS04913,Unknown,Unknown,34.008108,-118.365357,Ionity,AC Level 2,50,4,200,9,0.26,No,9:00-18:00,2011,15,Fast Charging,22.22,19,Unknown|Unknown
EVS04914,Unknown,Unknown,19.476219,-99.024794,Greenlots,AC Level 2,50,1,50,1,0.22,No,24/7,2014,12,Fast Charging,50.0,115,Unknown|Unknown
EVS04915,Unknown,Unknown,-33.76428,18.454162,ChargePoint,DC Fast Charger,150,6,900,9,0.18,Yes,24/7,2017,9,Fast Charging,100.0,143,Unknown|Unknown
EVS04916,Unknown,Unknown,13.822904,100.426609,EVgo,DC Fast Charger,50,2,100,2,0.2,No,24/7,2016,10,Fast Charging,50.0,31,Unknown|Unknown
EVS04917,Unknown,Unknown,-33.773837,151.223669,Ionity,DC Fast Charger,350,4,1400,7,0.48,No,6:00-22:00,2020,6,Ultra-Fast Charging,200.0,32,Unknown|Unknown
EVS04918,Unknown,Unknown,37.829212,-122.35627,EVgo,DC Fast Charger,350,3,1050,4,0.42,Yes,9:00-18:00,2010,16,Ultra-Fast Charging,262.5,60,Unknown|Unknown
EVS04919,Unknown,Unknown,43.720318,-79.437228,EVgo,AC Level 2,150,1,150,1,0.48,No,24/7,2020,6,Fast Charging,150.0,154,Unknown|Unknown
EVS04920,Unknown,Unknown,-33.797385,151.216427,EVgo,AC Level 1,150,1,150,2,0.19,No,9:00-18:00,2013,13,Fast Charging,75.0,102,Unknown|Unknown
EVS04921,Unknown,Unknown,80.766679,71.734375,Ionity,AC Level 1,350,1,350,3,0.17,No,9:00-18:00,2020,6,Ultra-Fast Charging,116.67,176,Unknown|Unknown
EVS04922,Unknown,Unknown,13.769681,100.580665,Greenlots,AC Level 1,150,4,600,7,0.25,No,24/7,2020,6,Fast Charging,85.71,159,Unknown|Unknown
EVS04923,Unknown,Unknown,39.957899,116.415366,Tesla,AC Level 2,150,2,300,3,0.14,Yes,24/7,2015,11,Fast Charging,100.0,106,Unknown|Unknown
EVS04924,Unknown,Unknown,-33.761349,151.246914,Tesla,AC Level 1,22,2,44,3,0.34,No,9:00-18:00,2022,4,Destination/AC,14.67,127,Unknown|Unknown
EVS04925,Unknown,Unknown,18.98647,72.994312,EVgo,DC Fast Charger,150,1,150,2,0.23,No,6:00-22:00,2013,13,Fast Charging,75.0,69,Unknown|Unknown
EVS04926,Unknown,Unknown,52.430433,13.327841,Ionity,AC Level 2,22,5,110,10,0.37,No,6:00-22:00,2011,15,Destination/AC,11.0,29,Unknown|Unknown
EVS04927,Unknown,Unknown,55.772568,37.603678,ChargePoint,AC Level 2,22,4,88,5,0.46,Yes,6:00-22:00,2023,3,Destination/AC,17.6,80,Unknown|Unknown
EVS04928,Unknown,Unknown,41.888941,-87.73503,Tesla,AC Level 1,350,1,350,2,0.45,No,9:00-18:00,2010,16,Ultra-Fast Charging,175.0,112,Unknown|Unknown
EVS04929,Unknown,Unknown,-33.723609,151.210092,EVgo,AC Level 1,150,4,600,6,0.4,Yes,9:00-18:00,2017,9,Fast Charging,100.0,45,Unknown|Unknown
EVS04930,Unknown,Unknown,25.218502,55.379218,Tesla,AC Level 1,50,7,350,9,0.32,No,6:00-22:00,2012,14,Fast Charging,38.89,51,Unknown|Unknown
EVS04931,Unknown,Unknown,-77.662236,50.613629,Greenlots,AC Level 1,350,2,700,2,0.42,Yes,24/7,2022,4,Ultra-Fast Charging,350.0,17,Unknown|Unknown
EVS04932,Unknown,Unknown,55.777634,37.598753,Ionity,DC Fast Charger,50,5,250,7,0.36,No,9:00-18:00,2023,3,Fast Charging,35.71,136,Unknown|Unknown
EVS04933,Unknown,Unknown,37.830557,-122.444027,Ionity,DC Fast Charger,150,4,600,6,0.43,No,24/7,2016,10,Fast Charging,100.0,163,Unknown|Unknown
EVS04934,Unknown,Unknown,-33.859305,18.549098,Tesla,AC Level 1,350,3,1050,6,0.15,Yes,9:00-18:00,2016,10,Ultra-Fast Charging,175.0,151,Unknown|Unknown
EVS04935,Unknown,Unknown,55.891845,37.651753,EVgo,DC Fast Charger,22,2,44,5,0.33,Yes,9:00-18:00,2017,9,Destination/AC,8.8,77,Unknown|Unknown
EVS04936,Unknown,Unknown,41.915882,-87.621272,Tesla,AC Level 2,50,3,150,5,0.19,Yes,6:00-22:00,2014,12,Fast Charging,30.0,112,Unknown|Unknown
EVS04937,Unknown,Unknown,55.827713,37.62816,Ionity,AC Level 1,350,5,1750,10,0.39,Yes,24/7,2023,3,Ultra-Fast Charging,175.0,173,Unknown|Unknown
EVS04938,Unknown,Unknown,39.912798,116.384971,ChargePoint,AC Level 2,350,1,350,1,0.47,No,6:00-22:00,2018,8,Ultra-Fast Charging,350.0,112,Unknown|Unknown
EVS04939,Unknown,Unknown,-33.745989,151.266884,EVgo,DC Fast Charger,50,3,150,6,0.32,Yes,24/7,2017,9,Fast Charging,25.0,63,Unknown|Unknown
EVS04940,Unknown,Unknown,41.924714,-87.607546,Greenlots,AC Level 1,150,8,1200,10,0.47,Yes,24/7,2012,14,Fast Charging,120.0,70,Unknown|Unknown
EVS04941,Unknown,Unknown,-57.659344,-164.766502,Ionity,AC Level 2,350,2,700,3,0.35,Yes,24/7,2023,3,Ultra-Fast Charging,233.33,134,Unknown|Unknown
EVS04942,Unknown,Unknown,37.890393,-122.361484,Ionity,DC Fast Charger,150,4,600,5,0.2,Yes,9:00-18:00,2012,14,Fast Charging,120.0,88,Unknown|Unknown
EVS04943,Unknown,Unknown,-33.808065,151.357494,Greenlots,DC Fast Charger,150,1,150,1,0.23,No,24/7,2017,9,Fast Charging,150.0,153,Unknown|Unknown
EVS04944,Unknown,Unknown,-33.882717,18.569441,ChargePoint,AC Level 2,50,1,50,1,0.33,Yes,24/7,2013,13,Fast Charging,50.0,157,Unknown|Unknown
EVS04945,Unknown,Unknown,43.758489,-79.399276,Greenlots,DC Fast Charger,22,3,66,6,0.49,Yes,24/7,2018,8,Destination/AC,11.0,20,Unknown|Unknown
EVS04946,Unknown,Unknown,19.032318,72.902385,Tesla,AC Level 1,350,4,1400,6,0.2,Yes,9:00-18:00,2011,15,Ultra-Fast Charging,233.33,134,Unknown|Unknown
EVS04947,Unknown,Unknown,34.034081,-118.234542,Ionity,DC Fast Charger,150,1,150,1,0.11,No,6:00-22:00,2020,6,Fast Charging,150.0,76,Unknown|Unknown
EVS04948,Unknown,Unknown,19.485468,-99.10369,EVgo,AC Level 1,150,5,750,8,0.25,No,24/7,2015,11,Fast Charging,93.75,100,Unknown|Unknown
EVS04949,Unknown,Unknown,43.712246,-79.48582,Tesla,AC Level 1,150,3,450,5,0.5,Yes,24/7,2015,11,Fast Charging,90.0,58,Unknown|Unknown
EVS04950,Unknown,Unknown,-33.712103,151.210405,Tesla,DC Fast Charger,50,1,50,1,0.21,Yes,24/7,2023,3,Fast Charging,50.0,75,Unknown|Unknown
EVS04951,Unknown,Unknown,12.78101,66.15634,EVgo,AC Level 2,22,2,44,4,0.46,No,6:00-22:00,2011,15,Destination/AC,11.0,69,Unknown|Unknown
EVS04952,Unknown,Unknown,37.872626,-122.311878,EVgo,DC Fast Charger,50,5,250,9,0.27,No,24/7,2015,11,Fast Charging,27.78,23,Unknown|Unknown
EVS04953,Unknown,Unknown,19.410943,-99.156581,ChargePoint,AC Level 2,150,6,900,10,0.13,No,9:00-18:00,2021,5,Fast Charging,90.0,144,Unknown|Unknown
EVS04954,Unknown,Unknown,-23.690941,-46.596885,Tesla,AC Level 1,50,3,150,4,0.21,Yes,24/7,2017,9,Fast Charging,37.5,38,Unknown|Unknown
EVS04955,Unknown,Unknown,13.776148,100.563852,Tesla,AC Level 2,22,7,154,9,0.28,No,24/7,2020,6,Destination/AC,17.11,77,Unknown|Unknown
EVS04956,Unknown,Unknown,52.574223,13.445506,EVgo,DC Fast Charger,50,3,150,5,0.15,No,24/7,2020,6,Fast Charging,30.0,46,Unknown|Unknown
EVS04957,Unknown,Unknown,-23.67291,-46.544086,Ionity,DC Fast Charger,150,4,600,5,0.3,Yes,6:00-22:00,2017,9,Fast Charging,120.0,41,Unknown|Unknown
EVS04958,Unknown,Unknown,55.725054,37.537587,Tesla,DC Fast Charger,350,2,700,2,0.3,No,24/7,2019,7,Ultra-Fast Charging,350.0,76,Unknown|Unknown
EVS04959,Unknown,Unknown,34.058563,-118.321531,ChargePoint,AC Level 2,50,3,150,6,0.25,No,24/7,2023,3,Fast Charging,25.0,166,Unknown|Unknown
EVS04960,Unknown,Unknown,-33.812503,151.260887,Ionity,AC Level 2,350,4,1400,6,0.36,Yes,6:00-22:00,2014,12,Ultra-Fast Charging,233.33,170,Unknown|Unknown
EVS04961,Unknown,Unknown,86.937008,109.054632,Greenlots,AC Level 2,22,3,66,5,0.28,Yes,9:00-18:00,2012,14,Destination/AC,13.2,77,Unknown|Unknown
EVS04962,Unknown,Unknown,-23.570873,-46.572457,Greenlots,DC Fast Charger,150,1,150,2,0.15,No,9:00-18:00,2019,7,Fast Charging,75.0,98,Unknown|Unknown
EVS04963,Unknown,Unknown,37.72182,-122.499694,Tesla,DC Fast Charger,350,2,700,4,0.11,No,24/7,2015,11,Ultra-Fast Charging,175.0,177,Unknown|Unknown
EVS04964,Unknown,Unknown,-33.885069,151.215206,Ionity,DC Fast Charger,50,2,100,2,0.29,No,6:00-22:00,2017,9,Fast Charging,50.0,53,Unknown|Unknown
EVS04965,Unknown,Unknown,-33.72286,18.487647,Greenlots,AC Level 2,150,7,1050,8,0.29,Yes,6:00-22:00,2011,15,Fast Charging,131.25,170,Unknown|Unknown
EVS04966,Unknown,Unknown,19.470499,-99.035406,EVgo,AC Level 2,50,1,50,3,0.35,Yes,24/7,2014,12,Fast Charging,16.67,32,Unknown|Unknown
EVS04967,Unknown,Unknown,19.020302,72.811961,ChargePoint,AC Level 2,150,2,300,3,0.11,Yes,6:00-22:00,2019,7,Fast Charging,100.0,52,Unknown|Unknown
EVS04968,Unknown,Unknown,41.913421,-87.762482,Greenlots,DC Fast Charger,350,4,1400,8,0.5,No,9:00-18:00,2017,9,Ultra-Fast Charging,175.0,70,Unknown|Unknown
EVS04969,Unknown,Unknown,39.80759,116.367145,Tesla,DC Fast Charger,350,2,700,2,0.35,Yes,6:00-22:00,2018,8,Ultra-Fast Charging,350.0,21,Unknown|Unknown
EVS04970,Unknown,Unknown,19.486891,-99.152695,ChargePoint,DC Fast Charger,22,2,44,3,0.46,No,6:00-22:00,2021,5,Destination/AC,14.67,149,Unknown|Unknown
EVS04971,Unknown,Unknown,16.328035,69.512458,Ionity,AC Level 2,50,1,50,2,0.46,No,24/7,2018,8,Fast Charging,25.0,156,Unknown|Unknown
EVS04972,Unknown,Unknown,52.530065,13.315411,Ionity,DC Fast Charger,50,4,200,5,0.4,Yes,6:00-22:00,2020,6,Fast Charging,40.0,78,Unknown|Unknown
EVS04973,Unknown,Unknown,41.883629,-87.738923,ChargePoint,AC Level 1,350,1,350,1,0.33,Yes,9:00-18:00,2015,11,Ultra-Fast Charging,350.0,153,Unknown|Unknown
EVS04974,Unknown,Unknown,37.691236,127.039536,Tesla,DC Fast Charger,350,1,350,2,0.48,Yes,9:00-18:00,2010,16,Ultra-Fast Charging,175.0,142,Unknown|Unknown
EVS04975,Unknown,Unknown,37.667301,126.94569,ChargePoint,AC Level 1,22,1,22,1,0.16,No,6:00-22:00,2022,4,Destination/AC,22.0,147,Unknown|Unknown
EVS04976,Unknown,Unknown,37.777113,-122.426989,Ionity,AC Level 1,50,4,200,6,0.32,No,6:00-22:00,2013,13,Fast Charging,33.33,147,Unknown|Unknown
EVS04977,Unknown,Unknown,25.245,55.310675,ChargePoint,AC Level 1,50,1,50,2,0.33,No,6:00-22:00,2022,4,Fast Charging,25.0,109,Unknown|Unknown
EVS04978,Unknown,Unknown,-33.870647,18.472864,Tesla,AC Level 1,150,3,450,6,0.37,No,6:00-22:00,2011,15,Fast Charging,75.0,33,Unknown|Unknown
EVS04979,Unknown,Unknown,37.797899,-122.45912,ChargePoint,DC Fast Charger,22,6,132,10,0.25,Yes,9:00-18:00,2016,10,Destination/AC,13.2,167,Unknown|Unknown
EVS04980,Unknown,Unknown,34.060971,-118.259475,Ionity,AC Level 2,50,8,400,10,0.16,No,6:00-22:00,2015,11,Fast Charging,40.0,115,Unknown|Unknown
EVS04981,Unknown,Unknown,59.796982,31.709833,EVgo,DC Fast Charger,22,1,22,1,0.5,Yes,9:00-18:00,2016,10,Destination/AC,22.0,163,Unknown|Unknown
EVS04982,Unknown,Unknown,19.05452,72.815813,EVgo,DC Fast Charger,150,7,1050,9,0.2,Yes,24/7,2020,6,Fast Charging,116.67,173,Unknown|Unknown
EVS04983,Unknown,Unknown,-33.812972,18.575851,ChargePoint,AC Level 2,350,4,1400,6,0.45,No,6:00-22:00,2013,13,Ultra-Fast Charging,233.33,45,Unknown|Unknown
EVS04984,Unknown,Unknown,-33.89322,151.359741,ChargePoint,DC Fast Charger,150,3,450,4,0.35,Yes,9:00-18:00,2012,14,Fast Charging,112.5,81,Unknown|Unknown
EVS04985,Unknown,Unknown,39.930564,116.342698,ChargePoint,AC Level 1,150,2,300,3,0.24,Yes,6:00-22:00,2023,3,Fast Charging,100.0,46,Unknown|Unknown
EVS04986,Unknown,Unknown,18.956798,72.929714,Ionity,AC Level 2,350,2,700,3,0.12,No,24/7,2015,11,Ultra-Fast Charging,233.33,23,Unknown|Unknown
EVS04987,Unknown,Unknown,18.998066,72.930494,Greenlots,AC Level 1,150,6,900,10,0.29,Yes,24/7,2017,9,Fast Charging,90.0,174,Unknown|Unknown
EVS04988,Unknown,Unknown,-33.894476,18.434736,Ionity,AC Level 2,150,1,150,2,0.18,Yes,9:00-18:00,2020,6,Fast Charging,75.0,167,Unknown|Unknown
EVS04989,Unknown,Unknown,41.964912,-87.607881,Ionity,AC Level 1,50,4,200,7,0.29,Yes,6:00-22:00,2022,4,Fast Charging,28.57,168,Unknown|Unknown
EVS04990,Unknown,Unknown,19.099418,72.888266,Greenlots,AC Level 2,350,4,1400,9,0.33,Yes,6:00-22:00,2012,14,Ultra-Fast Charging,155.56,160,Unknown|Unknown
EVS04991,Unknown,Unknown,53.747797,-13.057794,Greenlots,DC Fast Charger,150,7,1050,8,0.43,Yes,24/7,2013,13,Fast Charging,131.25,122,Unknown|Unknown
EVS04992,Unknown,Unknown,41.862218,-87.624831,Tesla,AC Level 2,22,8,176,9,0.29,No,6:00-22:00,2016,10,Destination/AC,19.56,101,Unknown|Unknown
EVS04993,Unknown,Unknown,13.884894,100.401666,Greenlots,AC Level 1,150,2,300,2,0.32,Yes,9:00-18:00,2012,14,Fast Charging,150.0,178,Unknown|Unknown
EVS04994,Unknown,Unknown,13.701511,100.415226,ChargePoint,DC Fast Charger,350,2,700,5,0.39,No,24/7,2017,9,Ultra-Fast Charging,140.0,106,Unknown|Unknown
EVS04995,Unknown,Unknown,-23.595699,-46.615751,Ionity,AC Level 1,50,5,250,6,0.24,No,6:00-22:00,2011,15,Fast Charging,41.67,121,Unknown|Unknown
EVS04996,Unknown,Unknown,52.406921,13.441112,Ionity,DC Fast Charger,50,2,100,3,0.31,Yes,9:00-18:00,2014,12,Fast Charging,33.33,49,Unknown|Unknown
EVS04997,Unknown,Unknown,-23.503534,-46.535017,Tesla,AC Level 1,350,6,2100,10,0.22,Yes,24/7,2010,16,Ultra-Fast Charging,210.0,138,Unknown|Unknown
EVS04998,Unknown,Unknown,41.882499,-87.662551,ChargePoint,DC Fast Charger,150,2,300,3,0.2,Yes,6:00-22:00,2015,11,Fast Charging,100.0,150,Unknown|Unknown
EVS04999,Unknown,Unknown,25.398405,55.295233,ChargePoint,DC Fast Charger,150,2,300,3,0.19,Yes,9:00-18:00,2016,10,Fast Charging,100.0,126,Unknown|Unknown
EVS05000,Unknown,Unknown,34.093017,-118.207567,EVgo,AC Level 2,50,3,150,6,0.35,No,24/7,2023,3,Fast Charging,25.0,97,Unknown|Unknown
