Vehicle_ID,Vehicle_Type,Battery_Capacity_kWh,Vehicle_Age_Years
VEH00001,Sedan,70.0,4
VEH00002,SUV,100.0,11
VEH00003,Pickup,50.0,3
VEH00004,Pickup,90.0,2
VEH00005,Sedan,40.0,11
VEH00006,Hatchback,70.0,7
VEH00007,Hatchback,80.0,11
VEH00008,Sedan,50.0,8
VEH00009,Sedan,50.0,11
VEH00010,Sedan,80.0,6
VEH00011,Hatchback,60.0,2
VEH00012,Sedan,60.0,8
VEH00013,Sedan,60.0,8
VEH00014,SUV,50.0,5
VEH00015,SUV,50.0,10
VEH00016,Hatchback,70.0,1
VEH00017,Sedan,40.0,2
VEH00018,Sedan,100.0,5
VEH00019,Sedan,40.0,5
VEH00020,Sedan,60.0,4
VEH00021,Sedan,60.0,5
VEH00022,Hatchback,60.0,8
VEH00023,Van,50.0,8
VEH00024,Pickup,80.0,8
VEH00025,Sedan,60.0,9
VEH00026,Sedan,90.0,7
VEH00027,Sedan,70.0,2
VEH00028,Sedan,50.0,8
VEH00029,SUV,80.0,7
VEH00030,Sedan,60.0,0
VEH00031,SUV,60.0,2
VEH00032,Pickup,80.0,7
VEH00033,SUV,90.0,2
VEH00034,Hatchback,70.0,11
VEH00035,Sedan,90.0,11
VEH00036,Pickup,40.0,3
VEH00037,SUV,50.0,8
VEH00038,SUV,70.0,2
VEH00039,Van,60.0,3
VEH00040,SUV,60.0,1
VEH00041,Sedan,70.0,5
VEH00042,Pickup,80.0,9
VEH00043,SUV,50.0,0
VEH00044,Sedan,40.0,8
VEH00045,Pickup,40.0,2
VEH00046,SUV,80.0,1
VEH00047,Sedan,40.0,8
VEH00048,Sedan,60.0,1
VEH00049,Pickup,80.0,1
VEH00050,Pickup,80.0,10
VEH00051,Sedan,60.0,9
VEH00052,Van,40.0,2
VEH00053,SUV,70.0,3
VEH00054,Hatchback,80.0,8
VEH00055,Sedan,60.0,1
VEH00056,Sedan,100.0,1
VEH00057,SUV,80.0,6
VEH00058,SUV,70.0,8
VEH00059,SUV,40.0,7
VEH00060,Sedan,50.0,3
VEH00061,Hatchback,70.0,0
VEH00062,Sedan,50.0,0
VEH00063,Sedan,60.0,8
VEH00064,Van,90.0,6
VEH00065,SUV,80.0,0
VEH00066,Hatchback,50.0,7
VEH00067,Sedan,80.0,3
VEH00068,Sedan,70.0,1
VEH00069,Sedan,70.0,10
VEH00070,Sedan,50.0,11
VEH00071,Pickup,50.0,0
VEH00072,Hatchback,50.0,2
VEH00073,Sedan,50.0,1
VEH00074,Hatchback,80.0,2
VEH00075,Hatchback,50.0,5
VEH00076,SUV,80.0,7
VEH00077,SUV,70.0,4
VEH00078,SUV,50.0,8
VEH00079,SUV,60.0,10
VEH00080,Hatchback,80.0,3
VEH00081,SUV,40.0,5
VEH00082,Hatchback,70.0,7
VEH00083,Sedan,100.0,7
VEH00084,SUV,60.0,5
VEH00085,Hatchback,90.0,5
VEH00086,Van,70.0,2
VEH00087,Sedan,50.0,11
VEH00088,Van,80.0,3
VEH00089,SUV,100.0,4
VEH00090,Sedan,100.0,8
VEH00091,SUV,40.0,9
VEH00092,Sedan,80.0,9
VEH00093,SUV,50.0,11
VEH00094,Sedan,60.0,11
VEH00095,Sedan,70.0,2
VEH00096,Sedan,40.0,3
VEH00097,Sedan,50.0,10
VEH00098,SUV,90.0,1
VEH00099,Pickup,50.0,3
VEH00100,SUV,80.0,1
VEH00101,SUV,60.0,4
VEH00102,Pickup,40.0,0
VEH00103,Sedan,60.0,8
VEH00104,Pickup,80.0,9
VEH00105,Hatchback,50.0,6
VEH00106,Sedan,80.0,5
VEH00107,SUV,50.0,8
VEH00108,Pickup,60.0,3
VEH00109,Van,60.0,11
VEH00110,Pickup,70.0,3
VEH00111,Hatchback,60.0,7
VEH00112,Sedan,80.0,7
VEH00113,Sedan,40.0,4
VEH00114,SUV,90.0,4
VEH00115,Hatchback,60.0,0
VEH00116,SUV,50.0,9
VEH00117,Sedan,80.0,2
VEH00118,Sedan,60.0,0
VEH00119,Sedan,100.0,6
VEH00120,SUV,80.0,4
VEH00121,Hatchback,70.0,5
VEH00122,SUV,70.0,1
VEH00123,Hatchback,80.0,4
VEH00124,Van,90.0,8
VEH00125,Sedan,60.0,8
VEH00126,Hatchback,70.0,3
VEH00127,Pickup,80.0,0
VEH00128,Pickup,70.0,5
VEH00129,SUV,60.0,9
VEH00130,Sedan,100.0,10
VEH00131,Hatchback,90.0,11
VEH00132,Sedan,60.0,5
VEH00133,Sedan,40.0,11
VEH00134,SUV,90.0,0
VEH00135,SUV,50.0,6
VEH00136,SUV,60.0,9
VEH00137,SUV,80.0,7
VEH00138,Sedan,50.0,6
VEH00139,Sedan,70.0,3
VEH00140,Pickup,70.0,10
VEH00141,SUV,80.0,6
VEH00142,Sedan,60.0,1
VEH00143,Sedan,60.0,0
VEH00144,Van,80.0,10
VEH00145,Sedan,80.0,3
VEH00146,Sedan,70.0,10
VEH00147,Hatchback,60.0,7
VEH00148,SUV,90.0,3
VEH00149,Pickup,80.0,8
VEH00150,Pickup,60.0,1
VEH00151,Van,70.0,4
VEH00152,Sedan,70.0,6
VEH00153,SUV,60.0,2
VEH00154,Sedan,60.0,9
VEH00155,Van,70.0,4
VEH00156,Hatchback,90.0,2
VEH00157,SUV,40.0,5
VEH00158,Sedan,50.0,11
VEH00159,SUV,60.0,7
VEH00160,SUV,60.0,2
VEH00161,Sedan,80.0,0
VEH00162,Sedan,80.0,0
VEH00163,SUV,80.0,1
VEH00164,Sedan,70.0,3
VEH00165,Sedan,50.0,11
VEH00166,SUV,40.0,11
VEH00167,Sedan,50.0,6
VEH00168,Hatchback,70.0,10
VEH00169,Pickup,50.0,11
VEH00170,Hatchback,50.0,3
VEH00171,Van,70.0,0
VEH00172,Van,50.0,7
VEH00173,SUV,80.0,10
VEH00174,SUV,50.0,1
VEH00175,Sedan,70.0,7
VEH00176,SUV,60.0,1
VEH00177,Hatchback,50.0,2
VEH00178,SUV,80.0,5
VEH00179,Pickup,60.0,7
VEH00180,Pickup,50.0,4
VEH00181,Van,80.0,0
VEH00182,SUV,90.0,3
VEH00183,SUV,60.0,11
VEH00184,Pickup,90.0,6
VEH00185,Pickup,100.0,10
VEH00186,Hatchback,40.0,3
VEH00187,Sedan,90.0,4
VEH00188,SUV,70.0,7
VEH00189,Hatchback,50.0,7
VEH00190,Pickup,90.0,10
VEH00191,SUV,100.0,9
VEH00192,Van,60.0,9
VEH00193,Pickup,80.0,7
VEH00194,SUV,90.0,5
VEH00195,Hatchback,50.0,8
VEH00196,SUV,70.0,4
VEH00197,SUV,70.0,8
VEH00198,SUV,90.0,11
VEH00199,Pickup,80.0,9
VEH00200,Sedan,80.0,4
VEH00201,Van,100.0,9
VEH00202,Sedan,50.0,6
VEH00203,Sedan,50.0,11
VEH00204,Hatchback,70.0,11
VEH00205,Pickup,80.0,3
VEH00206,SUV,40.0,8
VEH00207,Hatchback,70.0,7
VEH00208,Van,50.0,0
VEH00209,Sedan,90.0,11
VEH00210,Hatchback,50.0,9
VEH00211,Pickup,80.0,3
VEH00212,Hatchback,70.0,10
VEH00213,Sedan,60.0,9
VEH00214,SUV,50.0,2
VEH00215,Sedan,60.0,2
VEH00216,Pickup,80.0,9
VEH00217,Van,60.0,6
VEH00218,Van,40.0,1
VEH00219,SUV,50.0,11
VEH00220,Van,60.0,5
VEH00221,Sedan,90.0,6
VEH00222,SUV,80.0,9
VEH00223,Sedan,50.0,4
VEH00224,Hatchback,60.0,0
VEH00225,Sedan,60.0,10
VEH00226,Hatchback,90.0,10
VEH00227,Hatchback,70.0,11
VEH00228,Pickup,60.0,8
VEH00229,Sedan,50.0,11
VEH00230,Hatchback,70.0,6
VEH00231,Hatchback,60.0,7
VEH00232,SUV,60.0,3
VEH00233,Van,60.0,10
VEH00234,Pickup,40.0,10
VEH00235,Hatchback,60.0,11
VEH00236,SUV,60.0,2
VEH00237,Van,80.0,0
VEH00238,Hatchback,70.0,8
VEH00239,SUV,70.0,8
VEH00240,SUV,50.0,0
VEH00241,Hatchback,40.0,5
VEH00242,SUV,40.0,3
VEH00243,Pickup,90.0,7
VEH00244,Pickup,80.0,0
VEH00245,Hatchback,50.0,7
VEH00246,Sedan,60.0,7
VEH00247,SUV,90.0,10
VEH00248,SUV,100.0,9
VEH00249,Sedan,90.0,8
VEH00250,Pickup,50.0,0
VEH00251,Sedan,70.0,11
VEH00252,Pickup,60.0,7
VEH00253,Hatchback,70.0,11
VEH00254,Sedan,50.0,7
VEH00255,Sedan,70.0,7
VEH00256,Van,70.0,10
VEH00257,SUV,40.0,4
VEH00258,SUV,60.0,0
VEH00259,Hatchback,80.0,2
VEH00260,Hatchback,60.0,11
VEH00261,Sedan,80.0,3
VEH00262,Sedan,80.0,4
VEH00263,Van,40.0,2
VEH00264,Sedan,100.0,9
VEH00265,Van,90.0,1
VEH00266,Sedan,60.0,10
VEH00267,Van,70.0,8
VEH00268,Sedan,60.0,8
VEH00269,Van,100.0,5
VEH00270,SUV,40.0,5
VEH00271,Pickup,60.0,5
VEH00272,Sedan,90.0,4
VEH00273,Sedan,80.0,3
VEH00274,Van,60.0,3
VEH00275,SUV,50.0,0
VEH00276,Hatchback,90.0,11
VEH00277,Sedan,50.0,1
VEH00278,SUV,80.0,10
VEH00279,SUV,80.0,11
VEH00280,Pickup,40.0,4
VEH00281,Sedan,50.0,7
VEH00282,Pickup,50.0,4
VEH00283,Pickup,70.0,5
VEH00284,SUV,80.0,10
VEH00285,Sedan,70.0,8
VEH00286,Van,100.0,2
VEH00287,SUV,80.0,7
VEH00288,Pickup,40.0,8
VEH00289,Van,60.0,8
VEH00290,SUV,70.0,3
VEH00291,Hatchback,50.0,9
VEH00292,SUV,60.0,8
VEH00293,Pickup,60.0,2
VEH00294,Sedan,80.0,7
VEH00295,Sedan,40.0,1
VEH00296,SUV,70.0,2
VEH00297,SUV,80.0,10
VEH00298,Van,40.0,3
VEH00299,Sedan,50.0,11
VEH00300,Pickup,40.0,9
VEH00301,SUV,100.0,6
VEH00302,Sedan,50.0,8
VEH00303,Hatchback,40.0,0
VEH00304,Sedan,60.0,8
VEH00305,SUV,50.0,9
VEH00306,Sedan,70.0,6
VEH00307,Sedan,50.0,7
VEH00308,SUV,80.0,7
VEH00309,Sedan,40.0,6
VEH00310,SUV,80.0,0
VEH00311,SUV,60.0,2
VEH00312,SUV,60.0,2
VEH00313,Van,80.0,6
VEH00314,Sedan,100.0,7
VEH00315,Sedan,60.0,8
VEH00316,SUV,40.0,0
VEH00317,SUV,70.0,11
VEH00318,Sedan,60.0,11
VEH00319,Hatchback,50.0,10
VEH00320,SUV,100.0,5
VEH00321,Sedan,60.0,11
VEH00322,Hatchback,60.0,2
VEH00323,SUV,70.0,7
VEH00324,Hatchback,60.0,2
VEH00325,Sedan,50.0,10
VEH00326,Hatchback,40.0,10
VEH00327,SUV,60.0,7
VEH00328,Hatchback,50.0,0
VEH00329,Hatchback,70.0,8
VEH00330,Hatchback,40.0,5
VEH00331,Sedan,50.0,0
VEH00332,Pickup,50.0,7
VEH00333,Hatchback,50.0,6
VEH00334,Sedan,70.0,3
VEH00335,Sedan,90.0,4
VEH00336,SUV,70.0,5
VEH00337,SUV,70.0,7
VEH00338,Pickup,40.0,9
VEH00339,Sedan,80.0,10
VEH00340,Sedan,100.0,3
VEH00341,SUV,70.0,11
VEH00342,Sedan,70.0,0
VEH00343,SUV,50.0,2
VEH00344,SUV,80.0,7
VEH00345,Sedan,50.0,7
VEH00346,Hatchback,60.0,3
VEH00347,SUV,80.0,1
VEH00348,Sedan,70.0,7
VEH00349,SUV,70.0,2
VEH00350,Sedan,40.0,11
VEH00351,SUV,80.0,1
VEH00352,Sedan,60.0,4
VEH00353,SUV,60.0,8
VEH00354,Sedan,90.0,3
VEH00355,Hatchback,90.0,6
VEH00356,SUV,40.0,4
VEH00357,Pickup,100.0,8
VEH00358,SUV,60.0,8
VEH00359,Sedan,90.0,0
VEH00360,SUV,90.0,9
VEH00361,Pickup,40.0,2
VEH00362,SUV,40.0,4
VEH00363,Hatchback,50.0,10
VEH00364,Sedan,70.0,10
VEH00365,SUV,60.0,9
VEH00366,Sedan,100.0,9
VEH00367,Hatchback,70.0,8
VEH00368,SUV,40.0,0
VEH00369,SUV,100.0,1
VEH00370,Hatchback,90.0,4
VEH00371,Sedan,70.0,0
VEH00372,Sedan,60.0,11
VEH00373,Hatchback,70.0,11
VEH00374,Pickup,80.0,8
VEH00375,Sedan,60.0,7
VEH00376,Sedan,70.0,5
VEH00377,Sedan,50.0,8
VEH00378,Sedan,50.0,9
VEH00379,Hatchback,50.0,7
VEH00380,SUV,70.0,6
VEH00381,SUV,70.0,7
VEH00382,Sedan,60.0,5
VEH00383,SUV,40.0,1
VEH00384,Sedan,70.0,8
VEH00385,Pickup,50.0,11
VEH00386,SUV,70.0,7
VEH00387,SUV,50.0,1
VEH00388,Van,60.0,8
VEH00389,Sedan,40.0,4
VEH00390,Pickup,50.0,6
VEH00391,Pickup,90.0,11
VEH00392,Van,70.0,0
VEH00393,SUV,50.0,9
VEH00394,SUV,100.0,1
VEH00395,SUV,90.0,1
VEH00396,Hatchback,40.0,9
VEH00397,Hatchback,40.0,10
VEH00398,Pickup,60.0,7
VEH00399,Hatchback,70.0,11
VEH00400,Sedan,70.0,8
VEH00401,Hatchback,70.0,9
VEH00402,Sedan,70.0,2
VEH00403,Hatchback,40.0,2
VEH00404,SUV,50.0,6
VEH00405,SUV,50.0,11
VEH00406,Van,90.0,2
VEH00407,Sedan,50.0,6
VEH00408,Van,90.0,10
VEH00409,Van,70.0,10
VEH00410,SUV,50.0,7
VEH00411,SUV,50.0,7
VEH00412,Sedan,60.0,8
VEH00413,SUV,80.0,0
VEH00414,Sedan,80.0,11
VEH00415,Van,70.0,3
VEH00416,Sedan,60.0,2
VEH00417,SUV,50.0,10
VEH00418,Sedan,80.0,10
VEH00419,Sedan,50.0,3
VEH00420,SUV,50.0,8
VEH00421,Sedan,60.0,6
VEH00422,SUV,60.0,8
VEH00423,Pickup,50.0,4
VEH00424,SUV,70.0,4
VEH00425,Sedan,70.0,8
VEH00426,SUV,90.0,0
VEH00427,Pickup,60.0,2
VEH00428,Hatchback,90.0,5
VEH00429,Pickup,90.0,9
VEH00430,Sedan,90.0,9
VEH00431,Pickup,50.0,7
VEH00432,Hatchback,90.0,6
VEH00433,SUV,50.0,0
VEH00434,Sedan,80.0,5
VEH00435,SUV,90.0,4
VEH00436,Sedan,60.0,10
VEH00437,SUV,50.0,6
VEH00438,Sedan,70.0,1
VEH00439,Sedan,60.0,7
VEH00440,Sedan,60.0,1
VEH00441,Pickup,70.0,7
VEH00442,Sedan,50.0,2
VEH00443,SUV,70.0,3
VEH00444,Hatchback,60.0,5
VEH00445,SUV,80.0,3
VEH00446,Sedan,90.0,7
VEH00447,SUV,60.0,1
VEH00448,Sedan,70.0,4
VEH00449,Hatchback,100.0,11
VEH00450,Van,70.0,3
VEH00451,Pickup,70.0,9
VEH00452,Hatchback,60.0,6
VEH00453,Hatchback,90.0,4
VEH00454,Van,40.0,2
VEH00455,Sedan,40.0,8
VEH00456,Pickup,80.0,11
VEH00457,Hatchback,50.0,2
VEH00458,Hatchback,50.0,4
VEH00459,SUV,70.0,10
VEH00460,Hatchback,70.0,6
VEH00461,Hatchback,60.0,7
VEH00462,Sedan,90.0,5
VEH00463,Hatchback,60.0,0
VEH00464,Sedan,90.0,0
VEH00465,SUV,50.0,10
VEH00466,Van,60.0,10
VEH00467,Sedan,70.0,4
VEH00468,Pickup,50.0,5
VEH00469,Hatchback,40.0,10
VEH00470,Sedan,50.0,8
VEH00471,Sedan,70.0,10
VEH00472,Sedan,40.0,5
VEH00473,SUV,40.0,3
VEH00474,SUV,80.0,8
VEH00475,Pickup,50.0,6
VEH00476,SUV,90.0,0
VEH00477,SUV,80.0,8
VEH00478,SUV,70.0,2
VEH00479,SUV,70.0,11
VEH00480,Hatchback,90.0,3
VEH00481,SUV,50.0,3
VEH00482,Sedan,90.0,7
VEH00483,Hatchback,60.0,7
VEH00484,Hatchback,90.0,10
VEH00485,SUV,70.0,3
VEH00486,Sedan,50.0,5
VEH00487,Van,60.0,10
VEH00488,Sedan,50.0,10
VEH00489,SUV,50.0,0
VEH00490,Hatchback,100.0,9
VEH00491,Pickup,60.0,3
VEH00492,Sedan,80.0,2
VEH00493,Sedan,60.0,3
VEH00494,SUV,60.0,8
VEH00495,Sedan,70.0,4
VEH00496,Sedan,70.0,3
VEH00497,Sedan,80.0,3
VEH00498,Sedan,50.0,11
VEH00499,Pickup,40.0,8
VEH00500,SUV,100.0,3
VEH00501,Hatchback,80.0,6
VEH00502,SUV,60.0,9
VEH00503,SUV,70.0,7
VEH00504,Sedan,50.0,7
VEH00505,SUV,50.0,5
VEH00506,Sedan,50.0,3
VEH00507,Sedan,70.0,4
VEH00508,Pickup,60.0,1
VEH00509,SUV,70.0,10
VEH00510,Van,40.0,9
VEH00511,SUV,80.0,8
VEH00512,SUV,80.0,0
VEH00513,Pickup,60.0,6
VEH00514,SUV,90.0,1
VEH00515,Sedan,70.0,11
VEH00516,SUV,50.0,4
VEH00517,Hatchback,100.0,3
VEH00518,SUV,50.0,6
VEH00519,Hatchback,40.0,6
VEH00520,SUV,50.0,6
VEH00521,SUV,70.0,6
VEH00522,SUV,60.0,3
VEH00523,Van,90.0,3
VEH00524,Hatchback,60.0,8
VEH00525,Sedan,40.0,5
VEH00526,Pickup,60.0,5
VEH00527,Sedan,50.0,5
VEH00528,Sedan,40.0,1
VEH00529,Van,80.0,8
VEH00530,Sedan,90.0,9
VEH00531,Hatchback,70.0,2
VEH00532,Van,90.0,1
VEH00533,Pickup,100.0,10
VEH00534,SUV,90.0,1
VEH00535,Pickup,50.0,10
VEH00536,Pickup,80.0,11
VEH00537,Sedan,60.0,5
VEH00538,SUV,60.0,6
VEH00539,Sedan,100.0,4
VEH00540,SUV,70.0,7
VEH00541,SUV,70.0,5
VEH00542,SUV,40.0,2
VEH00543,Sedan,80.0,11
VEH00544,SUV,60.0,8
VEH00545,Sedan,40.0,1
VEH00546,Pickup,60.0,8
VEH00547,Hatchback,90.0,5
VEH00548,Hatchback,80.0,11
VEH00549,SUV,90.0,6
VEH00550,Hatchback,50.0,1
VEH00551,SUV,100.0,7
VEH00552,SUV,40.0,7
VEH00553,Sedan,80.0,2
VEH00554,Hatchback,50.0,10
VEH00555,SUV,40.0,4
VEH00556,Pickup,70.0,7
VEH00557,Sedan,60.0,3
VEH00558,Sedan,90.0,10
VEH00559,Pickup,80.0,5
VEH00560,Sedan,80.0,10
VEH00561,Pickup,70.0,5
VEH00562,Hatchback,80.0,9
VEH00563,Sedan,60.0,4
VEH00564,SUV,50.0,7
VEH00565,SUV,70.0,2
VEH00566,Sedan,70.0,6
VEH00567,Hatchback,60.0,4
VEH00568,Van,80.0,2
VEH00569,Sedan,80.0,7
VEH00570,Sedan,100.0,8
VEH00571,Sedan,40.0,11
VEH00572,Sedan,50.0,9
VEH00573,Hatchback,60.0,9
VEH00574,Hatchback,50.0,2
VEH00575,Pickup,70.0,2
VEH00576,Pickup,50.0,8
VEH00577,Pickup,90.0,4
VEH00578,SUV,50.0,11
VEH00579,SUV,60.0,3
VEH00580,Sedan,70.0,0
VEH00581,Sedan,50.0,1
VEH00582,Sedan,50.0,8
VEH00583,Hatchback,70.0,7
VEH00584,Pickup,70.0,3
VEH00585,SUV,70.0,8
VEH00586,SUV,60.0,2
VEH00587,SUV,90.0,0
VEH00588,Sedan,90.0,9
VEH00589,Sedan,80.0,3
VEH00590,Hatchback,50.0,7
VEH00591,Pickup,40.0,0
VEH00592,Pickup,70.0,9
VEH00593,Pickup,90.0,2
VEH00594,Sedan,90.0,10
VEH00595,Pickup,60.0,7
VEH00596,Pickup,50.0,6
VEH00597,Sedan,50.0,8
VEH00598,SUV,50.0,1
VEH00599,Sedan,70.0,8
VEH00600,SUV,70.0,0
VEH00601,Hatchback,50.0,7
VEH00602,Pickup,70.0,9
VEH00603,Sedan,100.0,10
VEH00604,SUV,80.0,2
VEH00605,SUV,40.0,8
VEH00606,Sedan,50.0,2
VEH00607,Sedan,50.0,11
VEH00608,Sedan,40.0,8
VEH00609,Sedan,90.0,7
VEH00610,Pickup,100.0,3
VEH00611,Pickup,50.0,1
VEH00612,Van,90.0,0
VEH00613,Sedan,60.0,5
VEH00614,Sedan,90.0,9
VEH00615,Sedan,60.0,2
VEH00616,SUV,60.0,11
VEH00617,Pickup,50.0,0
VEH00618,Pickup,40.0,2
VEH00619,Hatchback,90.0,11
VEH00620,SUV,60.0,11
VEH00621,SUV,60.0,8
VEH00622,Hatchback,60.0,4
VEH00623,SUV,90.0,1
VEH00624,Hatchback,90.0,10
VEH00625,Van,90.0,5
VEH00626,SUV,80.0,3
VEH00627,Sedan,40.0,8
VEH00628,Hatchback,100.0,6
VEH00629,Sedan,60.0,7
VEH00630,Hatchback,60.0,10
VEH00631,Hatchback,90.0,10
VEH00632,Van,70.0,6
VEH00633,Sedan,40.0,10
VEH00634,Sedan,70.0,0
VEH00635,Hatchback,70.0,0
VEH00636,SUV,90.0,0
VEH00637,Hatchback,50.0,6
VEH00638,SUV,90.0,4
VEH00639,Sedan,60.0,10
VEH00640,Pickup,70.0,6
VEH00641,SUV,80.0,9
VEH00642,Hatchback,70.0,5
VEH00643,Sedan,80.0,9
VEH00644,Pickup,40.0,2
VEH00645,Pickup,40.0,6
VEH00646,Pickup,90.0,7
VEH00647,Van,90.0,6
VEH00648,SUV,60.0,6
VEH00649,Pickup,50.0,1
VEH00650,SUV,40.0,3
VEH00651,Sedan,100.0,11
VEH00652,SUV,50.0,10
VEH00653,SUV,60.0,1
VEH00654,Sedan,80.0,0
VEH00655,Hatchback,70.0,2
VEH00656,Pickup,60.0,9
VEH00657,SUV,50.0,6
VEH00658,Hatchback,70.0,0
VEH00659,SUV,100.0,6
VEH00660,Van,40.0,10
VEH00661,Sedan,90.0,0
VEH00662,Pickup,60.0,7
VEH00663,Sedan,100.0,5
VEH00664,Hatchback,60.0,5
VEH00665,Hatchback,100.0,7
VEH00666,Van,100.0,2
VEH00667,Hatchback,70.0,10
VEH00668,Sedan,50.0,11
VEH00669,Sedan,100.0,4
VEH00670,Hatchback,60.0,3
VEH00671,Sedan,60.0,1
VEH00672,Van,60.0,1
VEH00673,Pickup,70.0,11
VEH00674,Pickup,60.0,7
VEH00675,Sedan,80.0,1
VEH00676,Sedan,80.0,4
VEH00677,Sedan,50.0,0
VEH00678,Van,80.0,8
VEH00679,Sedan,40.0,4
VEH00680,Hatchback,60.0,1
VEH00681,Sedan,40.0,4
VEH00682,Pickup,90.0,9
VEH00683,Pickup,50.0,6
VEH00684,SUV,60.0,9
VEH00685,SUV,40.0,10
VEH00686,SUV,50.0,3
VEH00687,SUV,50.0,8
VEH00688,Sedan,60.0,4
VEH00689,SUV,40.0,7
VEH00690,Sedan,80.0,5
VEH00691,Sedan,40.0,11
VEH00692,SUV,60.0,4
VEH00693,SUV,90.0,6
VEH00694,Hatchback,50.0,6
VEH00695,Sedan,100.0,7
VEH00696,SUV,50.0,6
VEH00697,SUV,90.0,4
VEH00698,Hatchback,40.0,11
VEH00699,Pickup,40.0,1
VEH00700,Pickup,80.0,6
VEH00701,Pickup,40.0,6
VEH00702,Hatchback,70.0,4
VEH00703,Sedan,70.0,6
VEH00704,SUV,80.0,0
VEH00705,Sedan,70.0,7
VEH00706,Sedan,50.0,2
VEH00707,Hatchback,40.0,11
VEH00708,SUV,70.0,11
VEH00709,Pickup,90.0,10
VEH00710,Van,60.0,6
VEH00711,Sedan,90.0,6
VEH00712,SUV,60.0,7
VEH00713,Sedan,90.0,5
VEH00714,Sedan,70.0,4
VEH00715,SUV,60.0,8
VEH00716,SUV,60.0,2
VEH00717,SUV,40.0,4
VEH00718,Pickup,40.0,5
VEH00719,Pickup,40.0,3
VEH00720,Sedan,80.0,1
VEH00721,Sedan,80.0,6
VEH00722,Hatchback,50.0,5
VEH00723,Pickup,100.0,8
VEH00724,Sedan,90.0,3
VEH00725,SUV,70.0,6
VEH00726,Hatchback,90.0,9
VEH00727,Sedan,90.0,1
VEH00728,Sedan,90.0,1
VEH00729,Sedan,70.0,0
VEH00730,SUV,60.0,10
VEH00731,Sedan,50.0,5
VEH00732,SUV,50.0,2
VEH00733,SUV,70.0,1
VEH00734,Hatchback,80.0,7
VEH00735,Hatchback,50.0,9
VEH00736,Van,100.0,7
VEH00737,Sedan,60.0,8
VEH00738,SUV,60.0,6
VEH00739,SUV,70.0,8
VEH00740,Sedan,50.0,10
VEH00741,Pickup,100.0,3
VEH00742,SUV,60.0,7
VEH00743,Van,70.0,6
VEH00744,Sedan,60.0,3
VEH00745,Hatchback,70.0,7
VEH00746,Sedan,70.0,3
VEH00747,Hatchback,50.0,6
VEH00748,SUV,70.0,7
VEH00749,Hatchback,80.0,3
VEH00750,Van,90.0,9
VEH00751,Sedan,90.0,0
VEH00752,SUV,100.0,7
VEH00753,SUV,60.0,7
VEH00754,Sedan,40.0,2
VEH00755,Sedan,70.0,2
VEH00756,Van,50.0,6
VEH00757,Pickup,60.0,1
VEH00758,Sedan,40.0,11
VEH00759,Van,90.0,3
VEH00760,Van,80.0,2
VEH00761,SUV,70.0,4
VEH00762,Sedan,80.0,6
VEH00763,Hatchback,50.0,10
VEH00764,Sedan,90.0,8
VEH00765,Hatchback,90.0,6
VEH00766,Pickup,40.0,6
VEH00767,Sedan,70.0,10
VEH00768,Sedan,70.0,2
VEH00769,SUV,60.0,10
VEH00770,Sedan,40.0,5
VEH00771,Sedan,60.0,1
VEH00772,Hatchback,40.0,11
VEH00773,SUV,50.0,9
VEH00774,Hatchback,70.0,11
VEH00775,Sedan,80.0,8
VEH00776,SUV,40.0,6
VEH00777,Pickup,100.0,2
VEH00778,SUV,80.0,1
VEH00779,SUV,60.0,1
VEH00780,Sedan,50.0,1
VEH00781,Sedan,90.0,10
VEH00782,SUV,70.0,5
VEH00783,Sedan,70.0,6
VEH00784,SUV,70.0,8
VEH00785,Hatchback,80.0,8
VEH00786,Sedan,70.0,6
VEH00787,Hatchback,80.0,3
VEH00788,SUV,40.0,11
VEH00789,Van,70.0,6
VEH00790,Sedan,60.0,4
VEH00791,Van,80.0,6
VEH00792,SUV,70.0,1
VEH00793,Sedan,60.0,8
VEH00794,Sedan,70.0,0
VEH00795,Sedan,50.0,7
VEH00796,Sedan,40.0,9
VEH00797,SUV,80.0,9
VEH00798,Van,60.0,10
VEH00799,SUV,80.0,6
VEH00800,Hatchback,70.0,0
VEH00801,Van,50.0,2
VEH00802,Sedan,80.0,7
VEH00803,Pickup,80.0,11
VEH00804,Sedan,80.0,1
VEH00805,Pickup,60.0,2
VEH00806,Sedan,50.0,3
VEH00807,Hatchback,50.0,6
VEH00808,Hatchback,40.0,9
VEH00809,Pickup,40.0,4
VEH00810,Sedan,70.0,10
VEH00811,Sedan,70.0,5
VEH00812,Van,50.0,1
VEH00813,Pickup,90.0,4
VEH00814,Pickup,60.0,8
VEH00815,Pickup,60.0,9
VEH00816,Sedan,50.0,9
VEH00817,Sedan,40.0,5
VEH00818,Sedan,70.0,5
VEH00819,SUV,80.0,9
VEH00820,SUV,90.0,2
VEH00821,Pickup,90.0,2
VEH00822,SUV,40.0,10
VEH00823,Pickup,40.0,5
VEH00824,Van,40.0,11
VEH00825,SUV,50.0,5
VEH00826,Hatchback,40.0,5
VEH00827,Sedan,80.0,1
VEH00828,Sedan,60.0,8
VEH00829,Sedan,60.0,11
VEH00830,Sedan,80.0,10
VEH00831,SUV,70.0,6
VEH00832,Sedan,100.0,10
VEH00833,Sedan,60.0,8
VEH00834,Sedan,60.0,0
VEH00835,Sedan,50.0,2
VEH00836,Sedan,70.0,2
VEH00837,Pickup,50.0,8
VEH00838,Pickup,60.0,6
VEH00839,Pickup,60.0,9
VEH00840,Sedan,90.0,0
VEH00841,Hatchback,60.0,9
VEH00842,SUV,50.0,6
VEH00843,Sedan,100.0,7
VEH00844,Pickup,40.0,4
VEH00845,Sedan,90.0,4
VEH00846,SUV,70.0,9
VEH00847,SUV,50.0,2
VEH00848,SUV,50.0,11
VEH00849,SUV,50.0,4
VEH00850,SUV,60.0,6
VEH00851,Hatchback,90.0,4
VEH00852,SUV,100.0,8
VEH00853,Hatchback,70.0,11
VEH00854,Sedan,70.0,2
VEH00855,Hatchback,80.0,1
VEH00856,Van,70.0,9
VEH00857,Sedan,70.0,1
VEH00858,SUV,80.0,2
VEH00859,Hatchback,60.0,4
VEH00860,Sedan,70.0,8
VEH00861,Hatchback,80.0,11
VEH00862,Sedan,90.0,4
VEH00863,Hatchback,100.0,0
VEH00864,SUV,60.0,6
VEH00865,Sedan,80.0,1
VEH00866,Hatchback,40.0,4
VEH00867,Hatchback,40.0,4
VEH00868,Hatchback,50.0,9
VEH00869,Sedan,40.0,11
VEH00870,SUV,70.0,6
VEH00871,Sedan,50.0,4
VEH00872,Hatchback,50.0,9
VEH00873,Pickup,60.0,1
VEH00874,Sedan,80.0,5
VEH00875,SUV,40.0,6
VEH00876,Hatchback,70.0,8
VEH00877,Sedan,80.0,3
VEH00878,SUV,40.0,1
VEH00879,Sedan,80.0,4
VEH00880,SUV,100.0,10
VEH00881,Van,80.0,7
VEH00882,SUV,70.0,11
VEH00883,Sedan,50.0,10
VEH00884,Sedan,100.0,2
VEH00885,Sedan,70.0,11
VEH00886,Sedan,50.0,1
VEH00887,SUV,80.0,5
VEH00888,Hatchback,50.0,8
VEH00889,Sedan,80.0,2
VEH00890,SUV,70.0,4
VEH00891,Pickup,50.0,11
VEH00892,SUV,60.0,7
VEH00893,SUV,40.0,7
VEH00894,Hatchback,100.0,5
VEH00895,Pickup,90.0,11
VEH00896,SUV,50.0,8
VEH00897,SUV,60.0,3
VEH00898,Pickup,70.0,1
VEH00899,Sedan,60.0,4
VEH00900,Sedan,40.0,5
VEH00901,Sedan,50.0,10
VEH00902,Van,50.0,9
VEH00903,Sedan,50.0,0
VEH00904,Pickup,60.0,9
VEH00905,Sedan,80.0,1
VEH00906,SUV,60.0,1
VEH00907,SUV,70.0,10
VEH00908,SUV,40.0,3
VEH00909,Sedan,50.0,3
VEH00910,SUV,90.0,2
VEH00911,SUV,90.0,8
VEH00912,Sedan,40.0,5
VEH00913,Sedan,70.0,7
VEH00914,Hatchback,60.0,10
VEH00915,Hatchback,90.0,6
VEH00916,SUV,70.0,9
VEH00917,Sedan,60.0,4
VEH00918,Pickup,50.0,3
VEH00919,Pickup,40.0,9
VEH00920,Pickup,80.0,3
VEH00921,SUV,80.0,11
VEH00922,Pickup,50.0,2
VEH00923,Hatchback,80.0,3
VEH00924,SUV,90.0,8
VEH00925,SUV,60.0,8
VEH00926,Hatchback,60.0,7
VEH00927,Hatchback,50.0,8
VEH00928,Van,70.0,4
VEH00929,Pickup,80.0,5
VEH00930,SUV,70.0,0
VEH00931,Sedan,50.0,4
VEH00932,Pickup,90.0,9
VEH00933,SUV,80.0,9
VEH00934,Sedan,90.0,0
VEH00935,Sedan,40.0,11
VEH00936,Sedan,60.0,4
VEH00937,Hatchback,80.0,3
VEH00938,SUV,60.0,5
VEH00939,SUV,70.0,5
VEH00940,Sedan,50.0,9
VEH00941,SUV,60.0,7
VEH00942,Pickup,60.0,2
VEH00943,Pickup,50.0,5
VEH00944,SUV,40.0,1
VEH00945,Sedan,80.0,10
VEH00946,Sedan,60.0,6
VEH00947,Sedan,70.0,8
VEH00948,Pickup,100.0,4
VEH00949,Pickup,40.0,3
VEH00950,Sedan,60.0,0
VEH00951,SUV,50.0,6
VEH00952,SUV,100.0,3
VEH00953,SUV,90.0,1
VEH00954,SUV,70.0,2
VEH00955,Pickup,50.0,8
VEH00956,Sedan,70.0,3
VEH00957,Pickup,100.0,9
VEH00958,SUV,90.0,3
VEH00959,Sedan,60.0,11
VEH00960,Sedan,50.0,10
VEH00961,Sedan,50.0,7
VEH00962,SUV,50.0,4
VEH00963,Hatchback,50.0,4
VEH00964,Pickup,40.0,9
VEH00965,Pickup,50.0,8
VEH00966,SUV,40.0,7
VEH00967,Sedan,50.0,0
VEH00968,SUV,60.0,0
VEH00969,Hatchback,50.0,3
VEH00970,SUV,70.0,11
VEH00971,Hatchback,50.0,1
VEH00972,SUV,60.0,5
VEH00973,Pickup,90.0,3
VEH00974,Pickup,60.0,7
VEH00975,Hatchback,40.0,10
VEH00976,SUV,70.0,1
VEH00977,Pickup,80.0,4
VEH00978,Pickup,50.0,10
VEH00979,SUV,80.0,3
VEH00980,SUV,70.0,1
VEH00981,Sedan,60.0,11
VEH00982,Sedan,90.0,0
VEH00983,SUV,50.0,10
VEH00984,Sedan,50.0,7
VEH00985,SUV,90.0,10
VEH00986,Hatchback,70.0,5
VEH00987,SUV,50.0,2
VEH00988,Sedan,70.0,2
VEH00989,Van,40.0,6
VEH00990,Hatchback,50.0,11
VEH00991,SUV,80.0,5
VEH00992,Sedan,80.0,10
VEH00993,Sedan,90.0,7
VEH00994,Pickup,80.0,8
VEH00995,Hatchback,60.0,8
VEH00996,Pickup,40.0,5
VEH00997,SUV,70.0,0
VEH00998,Hatchback,90.0,5
VEH00999,Van,60.0,11
VEH01000,Sedan,90.0,9
VEH01001,Sedan,70.0,2
VEH01002,Hatchback,70.0,3
VEH01003,SUV,60.0,0
VEH01004,SUV,50.0,7
VEH01005,Sedan,40.0,2
VEH01006,Hatchback,80.0,4
VEH01007,SUV,50.0,7
VEH01008,SUV,100.0,9
VEH01009,SUV,60.0,11
VEH01010,Pickup,40.0,10
VEH01011,SUV,70.0,2
VEH01012,Hatchback,90.0,3
VEH01013,SUV,70.0,8
VEH01014,Pickup,70.0,0
VEH01015,Hatchback,60.0,3
VEH01016,Sedan,70.0,11
VEH01017,Hatchback,90.0,0
VEH01018,Sedan,50.0,8
VEH01019,SUV,90.0,4
VEH01020,Sedan,80.0,6
VEH01021,Sedan,40.0,0
VEH01022,SUV,100.0,11
VEH01023,SUV,70.0,6
VEH01024,SUV,40.0,5
VEH01025,Sedan,40.0,6
VEH01026,Sedan,40.0,5
VEH01027,Hatchback,50.0,9
VEH01028,Hatchback,60.0,8
VEH01029,Pickup,80.0,2
VEH01030,Sedan,40.0,6
VEH01031,Sedan,70.0,6
VEH01032,Sedan,80.0,4
VEH01033,SUV,80.0,4
VEH01034,Sedan,70.0,3
VEH01035,Van,50.0,3
VEH01036,Sedan,60.0,3
VEH01037,Hatchback,60.0,4
VEH01038,Hatchback,50.0,4
VEH01039,Van,60.0,4
VEH01040,Sedan,70.0,4
VEH01041,Sedan,70.0,2
VEH01042,SUV,70.0,11
VEH01043,Sedan,70.0,5
VEH01044,Hatchback,50.0,3
VEH01045,Hatchback,60.0,11
VEH01046,Hatchback,90.0,2
VEH01047,Pickup,60.0,2
VEH01048,Hatchback,80.0,3
VEH01049,SUV,80.0,5
VEH01050,Van,60.0,9
VEH01051,Sedan,50.0,7
VEH01052,SUV,70.0,0
VEH01053,Sedan,60.0,1
VEH01054,Pickup,50.0,0
VEH01055,Hatchback,50.0,2
VEH01056,SUV,50.0,1
VEH01057,Hatchback,70.0,3
VEH01058,SUV,60.0,8
VEH01059,Sedan,70.0,4
VEH01060,SUV,70.0,3
VEH01061,Pickup,60.0,0
VEH01062,Sedan,50.0,7
VEH01063,Pickup,90.0,3
VEH01064,Sedan,50.0,4
VEH01065,SUV,80.0,8
VEH01066,Sedan,70.0,5
VEH01067,SUV,40.0,3
VEH01068,SUV,70.0,1
VEH01069,SUV,100.0,9
VEH01070,Hatchback,60.0,11
VEH01071,SUV,60.0,6
VEH01072,SUV,80.0,9
VEH01073,SUV,90.0,0
VEH01074,SUV,100.0,11
VEH01075,Pickup,60.0,10
VEH01076,SUV,40.0,4
VEH01077,SUV,60.0,11
VEH01078,Hatchback,40.0,3
VEH01079,SUV,50.0,10
VEH01080,Hatchback,50.0,11
VEH01081,Hatchback,70.0,10
VEH01082,Hatchback,60.0,3
VEH01083,Sedan,50.0,3
VEH01084,Sedan,90.0,7
VEH01085,Sedan,40.0,11
VEH01086,Hatchback,90.0,5
VEH01087,SUV,60.0,7
VEH01088,SUV,50.0,0
VEH01089,SUV,80.0,2
VEH01090,Sedan,90.0,10
VEH01091,Sedan,60.0,0
VEH01092,Van,60.0,10
VEH01093,Sedan,50.0,0
VEH01094,Pickup,50.0,6
VEH01095,Van,50.0,1
VEH01096,Sedan,50.0,4
VEH01097,Hatchback,70.0,7
VEH01098,SUV,70.0,8
VEH01099,Hatchback,80.0,4
VEH01100,SUV,40.0,0
VEH01101,Sedan,90.0,2
VEH01102,Pickup,50.0,10
VEH01103,Hatchback,50.0,8
VEH01104,Sedan,60.0,1
VEH01105,Sedan,80.0,3
VEH01106,Van,80.0,5
VEH01107,Sedan,60.0,1
VEH01108,Hatchback,70.0,4
VEH01109,Hatchback,50.0,5
VEH01110,SUV,70.0,8
VEH01111,SUV,80.0,10
VEH01112,SUV,80.0,10
VEH01113,Hatchback,70.0,4
VEH01114,Hatchback,100.0,1
VEH01115,Sedan,60.0,4
VEH01116,Sedan,50.0,11
VEH01117,SUV,70.0,6
VEH01118,SUV,50.0,0
VEH01119,Sedan,60.0,10
VEH01120,SUV,70.0,8
VEH01121,SUV,80.0,0
VEH01122,Sedan,80.0,4
VEH01123,Hatchback,50.0,4
VEH01124,Sedan,40.0,1
VEH01125,SUV,60.0,4
VEH01126,Sedan,90.0,10
VEH01127,Sedan,80.0,7
VEH01128,Sedan,100.0,11
VEH01129,Pickup,50.0,4
VEH01130,Hatchback,90.0,0
VEH01131,SUV,80.0,10
VEH01132,SUV,70.0,3
VEH01133,Sedan,60.0,2
VEH01134,Pickup,60.0,8
VEH01135,Van,70.0,4
VEH01136,Hatchback,40.0,9
VEH01137,SUV,40.0,5
VEH01138,SUV,60.0,4
VEH01139,Pickup,90.0,5
VEH01140,Sedan,100.0,2
VEH01141,SUV,50.0,8
VEH01142,Van,100.0,11
VEH01143,Pickup,50.0,9
VEH01144,Sedan,80.0,5
VEH01145,SUV,80.0,5
VEH01146,Hatchback,60.0,3
VEH01147,Pickup,40.0,11
VEH01148,Hatchback,50.0,0
VEH01149,Sedan,90.0,7
VEH01150,SUV,60.0,9
VEH01151,Pickup,70.0,7
VEH01152,Hatchback,60.0,6
VEH01153,Van,60.0,3
VEH01154,Hatchback,100.0,8
VEH01155,SUV,60.0,10
VEH01156,Sedan,70.0,10
VEH01157,SUV,70.0,11
VEH01158,SUV,80.0,2
VEH01159,Hatchback,60.0,1
VEH01160,Van,40.0,7
VEH01161,Hatchback,50.0,7
VEH01162,Pickup,40.0,11
VEH01163,Sedan,60.0,3
VEH01164,SUV,40.0,10
VEH01165,Pickup,50.0,11
VEH01166,SUV,50.0,11
VEH01167,Hatchback,60.0,1
VEH01168,Sedan,50.0,0
VEH01169,Sedan,60.0,4
VEH01170,Sedan,50.0,4
VEH01171,SUV,70.0,3
VEH01172,Sedan,70.0,2
VEH01173,Pickup,80.0,1
VEH01174,Hatchback,50.0,3
VEH01175,SUV,50.0,3
VEH01176,SUV,60.0,2
VEH01177,Sedan,70.0,7
VEH01178,Sedan,60.0,4
VEH01179,SUV,70.0,5
VEH01180,SUV,50.0,8
VEH01181,Pickup,40.0,6
VEH01182,Sedan,60.0,5
VEH01183,Hatchback,50.0,1
VEH01184,Hatchback,100.0,1
VEH01185,Sedan,60.0,1
VEH01186,Pickup,60.0,1
VEH01187,Sedan,80.0,8
VEH01188,Pickup,40.0,0
VEH01189,Pickup,100.0,2
VEH01190,SUV,80.0,8
VEH01191,Sedan,50.0,11
VEH01192,Hatchback,70.0,10
VEH01193,SUV,80.0,6
VEH01194,Pickup,70.0,5
VEH01195,SUV,90.0,3
VEH01196,Sedan,50.0,3
VEH01197,SUV,70.0,4
VEH01198,SUV,50.0,4
VEH01199,SUV,70.0,7
VEH01200,SUV,60.0,10
VEH01201,SUV,50.0,1
VEH01202,SUV,70.0,7
VEH01203,Sedan,80.0,10
VEH01204,Sedan,40.0,2
VEH01205,Sedan,50.0,9
VEH01206,Pickup,60.0,11
VEH01207,Sedan,60.0,0
VEH01208,Sedan,70.0,11
VEH01209,SUV,80.0,0
VEH01210,Sedan,80.0,6
VEH01211,SUV,60.0,3
VEH01212,Hatchback,90.0,7
VEH01213,SUV,60.0,2
VEH01214,SUV,40.0,4
VEH01215,SUV,70.0,9
VEH01216,Sedan,90.0,5
VEH01217,Hatchback,70.0,11
VEH01218,Van,90.0,2
VEH01219,SUV,90.0,8
VEH01220,Hatchback,60.0,6
VEH01221,Sedan,60.0,1
VEH01222,Hatchback,60.0,5
VEH01223,SUV,50.0,7
VEH01224,Sedan,70.0,5
VEH01225,SUV,50.0,8
VEH01226,Sedan,50.0,1
VEH01227,Sedan,40.0,11
VEH01228,Sedan,100.0,8
VEH01229,Van,60.0,11
VEH01230,SUV,70.0,0
VEH01231,Pickup,70.0,11
VEH01232,Sedan,70.0,11
VEH01233,Sedan,40.0,10
VEH01234,SUV,60.0,0
VEH01235,Pickup,60.0,7
VEH01236,Hatchback,70.0,5
VEH01237,Pickup,100.0,11
VEH01238,Van,60.0,9
VEH01239,Hatchback,80.0,1
VEH01240,Sedan,50.0,2
VEH01241,Pickup,80.0,4
VEH01242,SUV,60.0,8
VEH01243,Sedan,70.0,0
VEH01244,Sedan,90.0,10
VEH01245,Hatchback,60.0,11
VEH01246,SUV,70.0,1
VEH01247,Pickup,40.0,1
VEH01248,Van,90.0,8
VEH01249,Pickup,50.0,5
VEH01250,Sedan,60.0,10
VEH01251,SUV,50.0,4
VEH01252,SUV,80.0,10
VEH01253,Van,70.0,10
VEH01254,SUV,60.0,1
VEH01255,Sedan,70.0,2
VEH01256,SUV,40.0,6
VEH01257,Sedan,50.0,8
VEH01258,Hatchback,80.0,11
VEH01259,Hatchback,70.0,6
VEH01260,Sedan,70.0,3
VEH01261,Sedan,70.0,7
VEH01262,SUV,80.0,4
VEH01263,Sedan,90.0,5
VEH01264,SUV,80.0,6
VEH01265,Pickup,50.0,10
VEH01266,Pickup,70.0,2
VEH01267,Hatchback,100.0,10
VEH01268,Pickup,60.0,8
VEH01269,Hatchback,50.0,0
VEH01270,SUV,60.0,1
VEH01271,Pickup,60.0,4
VEH01272,Pickup,40.0,0
VEH01273,Sedan,70.0,0
VEH01274,SUV,60.0,9
VEH01275,SUV,90.0,10
VEH01276,Pickup,40.0,9
VEH01277,SUV,80.0,2
VEH01278,SUV,50.0,11
VEH01279,Sedan,100.0,2
VEH01280,SUV,70.0,4
VEH01281,Sedan,70.0,6
VEH01282,SUV,50.0,7
VEH01283,Hatchback,50.0,10
VEH01284,Van,100.0,0
VEH01285,SUV,70.0,1
VEH01286,Sedan,50.0,6
VEH01287,Pickup,50.0,3
VEH01288,SUV,60.0,6
VEH01289,Hatchback,60.0,5
VEH01290,Hatchback,70.0,1
VEH01291,SUV,70.0,7
VEH01292,Sedan,70.0,4
VEH01293,SUV,50.0,0
VEH01294,Sedan,90.0,0
VEH01295,Sedan,70.0,0
VEH01296,Sedan,50.0,9
VEH01297,Sedan,80.0,1
VEH01298,SUV,80.0,4
VEH01299,SUV,60.0,4
VEH01300,Sedan,70.0,9
VEH01301,SUV,50.0,9
VEH01302,Hatchback,100.0,6
VEH01303,Sedan,90.0,8
VEH01304,Sedan,60.0,11
VEH01305,Sedan,80.0,0
VEH01306,Hatchback,70.0,0
VEH01307,Sedan,70.0,9
VEH01308,Pickup,60.0,10
VEH01309,Hatchback,60.0,5
VEH01310,Pickup,40.0,4
VEH01311,Sedan,50.0,10
VEH01312,Hatchback,50.0,5
VEH01313,Hatchback,50.0,8
VEH01314,SUV,70.0,10
VEH01315,Pickup,50.0,4
VEH01316,Sedan,50.0,0
VEH01317,Hatchback,40.0,10
VEH01318,Sedan,70.0,3
VEH01319,Sedan,50.0,7
VEH01320,Hatchback,50.0,3
VEH01321,SUV,70.0,4
VEH01322,Sedan,60.0,1
VEH01323,Hatchback,50.0,5
VEH01324,Sedan,70.0,5
VEH01325,Hatchback,70.0,8
VEH01326,Pickup,50.0,10
VEH01327,Pickup,80.0,3
VEH01328,SUV,90.0,4
VEH01329,Sedan,90.0,11
VEH01330,Pickup,60.0,8
VEH01331,Sedan,40.0,5
VEH01332,Sedan,100.0,0
VEH01333,SUV,80.0,2
VEH01334,SUV,60.0,3
VEH01335,SUV,50.0,3
VEH01336,SUV,40.0,7
VEH01337,Sedan,50.0,10
VEH01338,Van,50.0,0
VEH01339,Pickup,80.0,2
VEH01340,Pickup,40.0,3
VEH01341,Sedan,60.0,5
VEH01342,Pickup,60.0,7
VEH01343,SUV,40.0,8
VEH01344,Van,60.0,5
VEH01345,Sedan,70.0,0
VEH01346,SUV,50.0,11
VEH01347,Hatchback,80.0,4
VEH01348,Sedan,70.0,3
VEH01349,Hatchback,50.0,0
VEH01350,SUV,50.0,3
VEH01351,SUV,50.0,11
VEH01352,Hatchback,50.0,11
VEH01353,SUV,80.0,4
VEH01354,Hatchback,80.0,10
VEH01355,Pickup,80.0,9
VEH01356,SUV,40.0,10
VEH01357,Pickup,100.0,0
VEH01358,Hatchback,50.0,1
VEH01359,Sedan,80.0,3
VEH01360,SUV,40.0,10
VEH01361,SUV,60.0,11
VEH01362,Hatchback,40.0,0
VEH01363,Sedan,90.0,8
VEH01364,SUV,60.0,10
VEH01365,Sedan,50.0,3
VEH01366,Pickup,50.0,11
VEH01367,Hatchback,60.0,4
VEH01368,Pickup,80.0,7
VEH01369,Hatchback,60.0,11
VEH01370,Sedan,60.0,6
VEH01371,SUV,70.0,11
VEH01372,Sedan,40.0,0
VEH01373,Pickup,50.0,8
VEH01374,SUV,90.0,11
VEH01375,Hatchback,80.0,9
VEH01376,Sedan,90.0,10
VEH01377,Sedan,100.0,1
VEH01378,Sedan,100.0,3
VEH01379,Sedan,70.0,3
VEH01380,SUV,90.0,11
VEH01381,SUV,90.0,6
VEH01382,Sedan,70.0,11
VEH01383,Hatchback,70.0,4
VEH01384,Pickup,70.0,7
VEH01385,Pickup,60.0,10
VEH01386,Sedan,70.0,10
VEH01387,Hatchback,50.0,11
VEH01388,Sedan,60.0,4
VEH01389,SUV,50.0,5
VEH01390,SUV,100.0,7
VEH01391,Hatchback,50.0,3
VEH01392,Hatchback,60.0,11
VEH01393,Hatchback,40.0,5
VEH01394,SUV,60.0,7
VEH01395,Van,60.0,1
VEH01396,Sedan,90.0,10
VEH01397,SUV,40.0,8
VEH01398,SUV,90.0,6
VEH01399,Pickup,60.0,11
VEH01400,Sedan,50.0,6
VEH01401,Pickup,70.0,4
VEH01402,Van,60.0,8
VEH01403,Sedan,70.0,6
VEH01404,SUV,40.0,11
VEH01405,SUV,50.0,2
VEH01406,SUV,100.0,10
VEH01407,Van,70.0,11
VEH01408,Van,50.0,5
VEH01409,Pickup,60.0,6
VEH01410,SUV,40.0,0
VEH01411,Sedan,80.0,7
VEH01412,Sedan,70.0,3
VEH01413,Pickup,60.0,10
VEH01414,Sedan,80.0,8
VEH01415,Sedan,50.0,6
VEH01416,Pickup,100.0,1
VEH01417,SUV,100.0,11
VEH01418,Sedan,50.0,1
VEH01419,Sedan,50.0,1
VEH01420,SUV,70.0,1
VEH01421,Hatchback,40.0,10
VEH01422,Hatchback,90.0,8
VEH01423,Sedan,70.0,7
VEH01424,Hatchback,80.0,5
VEH01425,Hatchback,50.0,4
VEH01426,Pickup,70.0,5
VEH01427,SUV,90.0,9
VEH01428,SUV,60.0,2
VEH01429,Sedan,40.0,11
VEH01430,Hatchback,70.0,0
VEH01431,SUV,80.0,3
VEH01432,Van,60.0,9
VEH01433,SUV,90.0,2
VEH01434,Van,90.0,2
VEH01435,Hatchback,50.0,6
VEH01436,Sedan,40.0,9
VEH01437,SUV,80.0,10
VEH01438,Sedan,100.0,10
VEH01439,Pickup,50.0,5
VEH01440,Pickup,70.0,7
VEH01441,SUV,50.0,0
VEH01442,Hatchback,50.0,3
VEH01443,Hatchback,60.0,7
VEH01444,Sedan,90.0,6
VEH01445,Van,80.0,10
VEH01446,Sedan,70.0,5
VEH01447,Hatchback,50.0,7
VEH01448,Sedan,70.0,4
VEH01449,SUV,60.0,2
VEH01450,Pickup,90.0,4
VEH01451,SUV,90.0,6
VEH01452,SUV,100.0,11
VEH01453,SUV,70.0,2
VEH01454,Sedan,70.0,10
VEH01455,Hatchback,80.0,9
VEH01456,Hatchback,50.0,6
VEH01457,Hatchback,60.0,5
VEH01458,Pickup,60.0,7
VEH01459,Pickup,80.0,6
VEH01460,Sedan,80.0,3
VEH01461,Sedan,40.0,0
VEH01462,Pickup,70.0,9
VEH01463,SUV,50.0,7
VEH01464,Hatchback,80.0,1
VEH01465,Sedan,60.0,11
VEH01466,Van,70.0,7
VEH01467,Hatchback,80.0,6
VEH01468,SUV,90.0,1
VEH01469,SUV,40.0,0
VEH01470,Sedan,100.0,3
VEH01471,Hatchback,70.0,8
VEH01472,Sedan,70.0,3
VEH01473,Pickup,70.0,5
VEH01474,SUV,50.0,9
VEH01475,Hatchback,60.0,0
VEH01476,Hatchback,70.0,10
VEH01477,Hatchback,80.0,4
VEH01478,Hatchback,60.0,9
VEH01479,Hatchback,80.0,11
VEH01480,Pickup,90.0,0
VEH01481,SUV,50.0,11
VEH01482,Pickup,50.0,0
VEH01483,Sedan,50.0,1
VEH01484,Hatchback,50.0,10
VEH01485,Pickup,60.0,4
VEH01486,SUV,80.0,2
VEH01487,Van,60.0,6
VEH01488,SUV,90.0,3
VEH01489,Hatchback,90.0,7
VEH01490,SUV,60.0,5
VEH01491,Sedan,40.0,3
VEH01492,Sedan,70.0,0
VEH01493,SUV,80.0,4
VEH01494,SUV,50.0,11
VEH01495,Sedan,50.0,9
VEH01496,SUV,80.0,8
VEH01497,SUV,80.0,3
VEH01498,Pickup,50.0,3
VEH01499,Sedan,40.0,7
VEH01500,Hatchback,80.0,3
VEH01501,Sedan,50.0,2
VEH01502,Pickup,90.0,9
VEH01503,Sedan,80.0,10
VEH01504,SUV,40.0,3
VEH01505,Sedan,70.0,5
VEH01506,Hatchback,80.0,11
VEH01507,Sedan,90.0,1
VEH01508,SUV,60.0,3
VEH01509,Hatchback,100.0,11
VEH01510,Sedan,60.0,3
VEH01511,Sedan,70.0,11
VEH01512,SUV,100.0,3
VEH01513,SUV,60.0,7
VEH01514,SUV,50.0,10
VEH01515,SUV,50.0,6
VEH01516,SUV,50.0,10
VEH01517,Hatchback,70.0,11
VEH01518,Hatchback,40.0,8
VEH01519,SUV,60.0,3
VEH01520,SUV,70.0,11
VEH01521,SUV,60.0,2
VEH01522,Pickup,40.0,3
VEH01523,Pickup,40.0,6
VEH01524,SUV,40.0,7
VEH01525,Hatchback,90.0,0
VEH01526,SUV,70.0,5
VEH01527,Van,40.0,0
VEH01528,Hatchback,40.0,4
VEH01529,Sedan,40.0,0
VEH01530,SUV,50.0,7
VEH01531,Van,80.0,9
VEH01532,SUV,70.0,2
VEH01533,Pickup,100.0,2
VEH01534,SUV,90.0,11
VEH01535,SUV,50.0,7
VEH01536,Sedan,70.0,6
VEH01537,Sedan,100.0,3
VEH01538,Sedan,90.0,6
VEH01539,Sedan,50.0,9
VEH01540,Sedan,60.0,7
VEH01541,Sedan,90.0,3
VEH01542,SUV,60.0,6
VEH01543,Pickup,70.0,5
VEH01544,Pickup,40.0,1
VEH01545,Sedan,60.0,1
VEH01546,Pickup,40.0,10
VEH01547,Sedan,50.0,2
VEH01548,SUV,80.0,7
VEH01549,Sedan,60.0,1
VEH01550,Hatchback,70.0,10
VEH01551,Sedan,50.0,9
VEH01552,SUV,40.0,5
VEH01553,Van,80.0,8
VEH01554,SUV,60.0,4
VEH01555,SUV,80.0,1
VEH01556,Sedan,70.0,10
VEH01557,SUV,40.0,8
VEH01558,SUV,60.0,5
VEH01559,Hatchback,60.0,1
VEH01560,Hatchback,80.0,8
VEH01561,Pickup,100.0,11
VEH01562,Sedan,50.0,1
VEH01563,Pickup,50.0,0
VEH01564,Hatchback,60.0,9
VEH01565,Sedan,80.0,8
VEH01566,Pickup,60.0,11
VEH01567,Sedan,80.0,4
VEH01568,Hatchback,60.0,4
VEH01569,Sedan,40.0,8
VEH01570,Sedan,100.0,1
VEH01571,Hatchback,50.0,0
VEH01572,SUV,60.0,5
VEH01573,Sedan,60.0,10
VEH01574,Hatchback,50.0,7
VEH01575,Sedan,50.0,5
VEH01576,Hatchback,70.0,0
VEH01577,SUV,50.0,7
VEH01578,SUV,50.0,5
VEH01579,Hatchback,60.0,2
VEH01580,SUV,50.0,6
VEH01581,Hatchback,60.0,11
VEH01582,Van,50.0,1
VEH01583,SUV,80.0,11
VEH01584,Sedan,60.0,3
VEH01585,Sedan,90.0,3
VEH01586,Pickup,70.0,5
VEH01587,SUV,70.0,2
VEH01588,Sedan,90.0,8
VEH01589,Sedan,50.0,9
VEH01590,SUV,50.0,1
VEH01591,Pickup,60.0,7
VEH01592,Pickup,40.0,6
VEH01593,SUV,80.0,6
VEH01594,SUV,50.0,5
VEH01595,Sedan,90.0,3
VEH01596,SUV,40.0,6
VEH01597,Hatchback,90.0,9
VEH01598,Hatchback,80.0,4
VEH01599,Pickup,40.0,0
VEH01600,Sedan,50.0,8
VEH01601,Pickup,40.0,10
VEH01602,Hatchback,60.0,2
VEH01603,Sedan,70.0,11
VEH01604,Van,100.0,6
VEH01605,Hatchback,50.0,3
VEH01606,Sedan,60.0,6
VEH01607,SUV,70.0,11
VEH01608,Sedan,40.0,5
VEH01609,SUV,70.0,1
VEH01610,Sedan,90.0,6
VEH01611,SUV,80.0,4
VEH01612,Sedan,40.0,11
VEH01613,SUV,40.0,5
VEH01614,Sedan,80.0,1
VEH01615,SUV,60.0,6
VEH01616,Sedan,100.0,3
VEH01617,Sedan,40.0,4
VEH01618,Van,70.0,3
VEH01619,Hatchback,50.0,3
VEH01620,Van,60.0,0
VEH01621,Hatchback,50.0,3
VEH01622,Sedan,90.0,7
VEH01623,Sedan,50.0,10
VEH01624,SUV,90.0,10
VEH01625,Sedan,40.0,7
VEH01626,Sedan,100.0,11
VEH01627,Hatchback,80.0,2
VEH01628,Pickup,60.0,2
VEH01629,Sedan,50.0,1
VEH01630,Pickup,90.0,4
VEH01631,SUV,60.0,9
VEH01632,Pickup,90.0,11
VEH01633,SUV,60.0,6
VEH01634,SUV,60.0,0
VEH01635,Sedan,40.0,3
VEH01636,Pickup,80.0,0
VEH01637,SUV,50.0,9
VEH01638,Sedan,50.0,3
VEH01639,Hatchback,50.0,9
VEH01640,Sedan,40.0,1
VEH01641,SUV,60.0,9
VEH01642,Pickup,70.0,10
VEH01643,Sedan,80.0,7
VEH01644,SUV,80.0,3
VEH01645,Hatchback,50.0,7
VEH01646,SUV,80.0,6
VEH01647,Sedan,70.0,11
VEH01648,Sedan,70.0,3
VEH01649,Sedan,60.0,8
VEH01650,Pickup,70.0,4
VEH01651,Hatchback,80.0,6
VEH01652,Sedan,70.0,4
VEH01653,Van,50.0,3
VEH01654,SUV,90.0,7
VEH01655,Hatchback,60.0,10
VEH01656,Pickup,50.0,7
VEH01657,Hatchback,60.0,7
VEH01658,Sedan,70.0,3
VEH01659,Sedan,70.0,1
VEH01660,SUV,50.0,3
VEH01661,Sedan,50.0,3
VEH01662,SUV,40.0,3
VEH01663,Sedan,50.0,4
VEH01664,Sedan,60.0,8
VEH01665,Sedan,90.0,10
VEH01666,Sedan,70.0,6
VEH01667,Pickup,40.0,0
VEH01668,SUV,80.0,10
VEH01669,Sedan,60.0,6
VEH01670,SUV,50.0,10
VEH01671,SUV,60.0,3
VEH01672,Sedan,90.0,10
VEH01673,SUV,70.0,3
VEH01674,Sedan,40.0,4
VEH01675,Van,50.0,0
VEH01676,Hatchback,100.0,7
VEH01677,Van,80.0,6
VEH01678,Sedan,40.0,8
VEH01679,Pickup,50.0,4
VEH01680,SUV,100.0,5
VEH01681,SUV,40.0,11
VEH01682,Sedan,40.0,3
VEH01683,Van,70.0,1
VEH01684,SUV,70.0,10
VEH01685,Hatchback,50.0,9
VEH01686,Sedan,80.0,5
VEH01687,Sedan,40.0,1
VEH01688,SUV,50.0,7
VEH01689,SUV,40.0,3
VEH01690,SUV,80.0,11
VEH01691,SUV,60.0,8
VEH01692,Hatchback,40.0,10
VEH01693,Hatchback,60.0,5
VEH01694,Sedan,80.0,6
VEH01695,Sedan,40.0,11
VEH01696,Sedan,60.0,11
VEH01697,Pickup,50.0,2
VEH01698,Hatchback,50.0,3
VEH01699,Pickup,50.0,0
VEH01700,SUV,80.0,10
VEH01701,Pickup,50.0,0
VEH01702,Sedan,60.0,0
VEH01703,Pickup,60.0,5
VEH01704,SUV,70.0,9
VEH01705,Sedan,50.0,0
VEH01706,Sedan,70.0,0
VEH01707,Hatchback,90.0,4
VEH01708,Hatchback,40.0,3
VEH01709,SUV,50.0,7
VEH01710,Sedan,60.0,9
VEH01711,SUV,50.0,5
VEH01712,Pickup,40.0,10
VEH01713,Sedan,40.0,10
VEH01714,Hatchback,90.0,11
VEH01715,SUV,40.0,4
VEH01716,Sedan,60.0,10
VEH01717,SUV,50.0,2
VEH01718,Pickup,60.0,10
VEH01719,Pickup,70.0,5
VEH01720,SUV,60.0,7
VEH01721,Hatchback,50.0,7
VEH01722,SUV,40.0,1
VEH01723,Sedan,80.0,5
VEH01724,Hatchback,70.0,1
VEH01725,SUV,50.0,9
VEH01726,Sedan,90.0,9
VEH01727,Van,50.0,1
VEH01728,SUV,50.0,7
VEH01729,Sedan,80.0,0
VEH01730,Sedan,40.0,10
VEH01731,Hatchback,90.0,9
VEH01732,Pickup,50.0,0
VEH01733,SUV,60.0,5
VEH01734,Sedan,50.0,8
VEH01735,Sedan,50.0,8
VEH01736,SUV,50.0,0
VEH01737,Pickup,50.0,1
VEH01738,Hatchback,70.0,7
VEH01739,Pickup,80.0,9
VEH01740,SUV,100.0,2
VEH01741,Sedan,50.0,7
VEH01742,Van,50.0,3
VEH01743,Pickup,40.0,11
VEH01744,Sedan,50.0,7
VEH01745,Pickup,60.0,5
VEH01746,Sedan,70.0,3
VEH01747,Pickup,100.0,0
VEH01748,Pickup,70.0,6
VEH01749,Sedan,70.0,10
VEH01750,Hatchback,70.0,3
VEH01751,SUV,80.0,0
VEH01752,Sedan,90.0,5
VEH01753,Pickup,50.0,9
VEH01754,Hatchback,70.0,0
VEH01755,SUV,80.0,1
VEH01756,Hatchback,90.0,6
VEH01757,Hatchback,50.0,4
VEH01758,Pickup,70.0,4
VEH01759,Hatchback,70.0,3
VEH01760,SUV,60.0,0
VEH01761,Sedan,100.0,4
VEH01762,Sedan,70.0,2
VEH01763,Pickup,80.0,1
VEH01764,Sedan,60.0,5
VEH01765,SUV,80.0,10
VEH01766,SUV,50.0,2
VEH01767,SUV,80.0,9
VEH01768,SUV,50.0,10
VEH01769,Sedan,70.0,11
VEH01770,Pickup,60.0,1
VEH01771,SUV,60.0,0
VEH01772,Sedan,50.0,6
VEH01773,Sedan,70.0,3
VEH01774,Van,40.0,9
VEH01775,Hatchback,60.0,8
VEH01776,Van,60.0,1
VEH01777,Sedan,80.0,10
VEH01778,Hatchback,70.0,1
VEH01779,Sedan,60.0,8
VEH01780,Sedan,50.0,6
VEH01781,Sedan,60.0,4
VEH01782,Hatchback,70.0,11
VEH01783,Hatchback,70.0,2
VEH01784,Sedan,80.0,0
VEH01785,Hatchback,100.0,10
VEH01786,Sedan,80.0,5
VEH01787,Pickup,40.0,0
VEH01788,SUV,50.0,0
VEH01789,SUV,60.0,11
VEH01790,SUV,100.0,6
VEH01791,Hatchback,60.0,9
VEH01792,SUV,60.0,6
VEH01793,SUV,70.0,3
VEH01794,Sedan,90.0,10
VEH01795,SUV,60.0,11
VEH01796,Pickup,80.0,1
VEH01797,Sedan,60.0,10
VEH01798,SUV,90.0,11
VEH01799,Pickup,40.0,5
VEH01800,Hatchback,40.0,7
VEH01801,SUV,40.0,3
VEH01802,Sedan,70.0,4
VEH01803,Van,80.0,9
VEH01804,SUV,90.0,6
VEH01805,Hatchback,40.0,9
VEH01806,Sedan,70.0,11
VEH01807,SUV,70.0,0
VEH01808,Hatchback,60.0,9
VEH01809,SUV,80.0,0
VEH01810,Sedan,50.0,5
VEH01811,Sedan,80.0,2
VEH01812,Hatchback,80.0,5
VEH01813,Sedan,70.0,0
VEH01814,SUV,50.0,0
VEH01815,Sedan,70.0,11
VEH01816,Pickup,80.0,3
VEH01817,SUV,50.0,5
VEH01818,Hatchback,70.0,10
VEH01819,Hatchback,100.0,3
VEH01820,Hatchback,70.0,8
VEH01821,Hatchback,60.0,5
VEH01822,Hatchback,60.0,4
VEH01823,Hatchback,60.0,6
VEH01824,Van,60.0,0
VEH01825,Pickup,60.0,7
VEH01826,SUV,40.0,8
VEH01827,Sedan,50.0,10
VEH01828,Sedan,50.0,0
VEH01829,Hatchback,40.0,7
VEH01830,Sedan,40.0,7
VEH01831,Pickup,40.0,3
VEH01832,SUV,60.0,9
VEH01833,SUV,60.0,10
VEH01834,Hatchback,60.0,4
VEH01835,Van,60.0,2
VEH01836,Sedan,80.0,2
VEH01837,SUV,50.0,9
VEH01838,Hatchback,70.0,10
VEH01839,SUV,70.0,0
VEH01840,SUV,60.0,1
VEH01841,SUV,60.0,0
VEH01842,Sedan,70.0,7
VEH01843,Sedan,40.0,8
VEH01844,Van,70.0,4
VEH01845,Pickup,40.0,2
VEH01846,Van,40.0,6
VEH01847,SUV,40.0,6
VEH01848,SUV,80.0,6
VEH01849,Pickup,80.0,9
VEH01850,Van,80.0,6
VEH01851,Sedan,90.0,8
VEH01852,Pickup,80.0,3
VEH01853,Sedan,70.0,4
VEH01854,Sedan,50.0,8
VEH01855,Pickup,50.0,1
VEH01856,Pickup,70.0,9
VEH01857,Pickup,80.0,2
VEH01858,Sedan,50.0,0
VEH01859,Sedan,70.0,9
VEH01860,Hatchback,60.0,2
VEH01861,Sedan,70.0,8
VEH01862,SUV,50.0,10
VEH01863,Sedan,80.0,3
VEH01864,SUV,70.0,4
VEH01865,Sedan,40.0,9
VEH01866,Hatchback,70.0,8
VEH01867,Sedan,50.0,2
VEH01868,Sedan,60.0,10
VEH01869,Hatchback,100.0,11
VEH01870,SUV,90.0,5
VEH01871,Sedan,50.0,8
VEH01872,Hatchback,50.0,1
VEH01873,Sedan,70.0,10
VEH01874,Pickup,70.0,1
VEH01875,Sedan,100.0,10
VEH01876,Sedan,60.0,3
VEH01877,Van,90.0,10
VEH01878,Pickup,50.0,1
VEH01879,SUV,50.0,4
VEH01880,Sedan,70.0,1
VEH01881,Pickup,50.0,10
VEH01882,Sedan,50.0,1
VEH01883,SUV,80.0,6
VEH01884,Hatchback,50.0,7
VEH01885,Van,70.0,0
VEH01886,SUV,50.0,5
VEH01887,Pickup,100.0,11
VEH01888,SUV,90.0,2
VEH01889,Sedan,40.0,4
VEH01890,Sedan,90.0,6
VEH01891,Sedan,90.0,8
VEH01892,SUV,70.0,10
VEH01893,Sedan,60.0,10
VEH01894,SUV,80.0,8
VEH01895,SUV,40.0,2
VEH01896,Van,70.0,3
VEH01897,Hatchback,80.0,6
VEH01898,Hatchback,70.0,7
VEH01899,SUV,40.0,2
VEH01900,Sedan,80.0,1
VEH01901,SUV,40.0,1
VEH01902,Pickup,70.0,8
VEH01903,SUV,50.0,2
VEH01904,Hatchback,60.0,4
VEH01905,Van,100.0,7
VEH01906,Sedan,90.0,1
VEH01907,SUV,90.0,11
VEH01908,Sedan,80.0,0
VEH01909,Van,70.0,7
VEH01910,Sedan,70.0,3
VEH01911,Sedan,80.0,1
VEH01912,Sedan,90.0,3
VEH01913,SUV,70.0,9
VEH01914,Pickup,90.0,1
VEH01915,Sedan,40.0,2
VEH01916,SUV,60.0,7
VEH01917,Hatchback,60.0,2
VEH01918,Sedan,60.0,2
VEH01919,Sedan,60.0,7
VEH01920,Sedan,100.0,11
VEH01921,SUV,90.0,3
VEH01922,Hatchback,60.0,10
VEH01923,Sedan,80.0,5
VEH01924,Sedan,90.0,5
VEH01925,Hatchback,80.0,1
VEH01926,Pickup,40.0,9
VEH01927,Van,70.0,2
VEH01928,Hatchback,50.0,2
VEH01929,Van,40.0,10
VEH01930,SUV,70.0,7
VEH01931,Sedan,90.0,5
VEH01932,Sedan,60.0,9
VEH01933,SUV,90.0,6
VEH01934,Hatchback,60.0,1
VEH01935,Hatchback,50.0,8
VEH01936,Sedan,60.0,2
VEH01937,SUV,80.0,6
VEH01938,Pickup,60.0,7
VEH01939,Pickup,90.0,0
VEH01940,Sedan,40.0,6
VEH01941,Pickup,100.0,8
VEH01942,Sedan,40.0,9
VEH01943,Sedan,70.0,6
VEH01944,Van,80.0,9
VEH01945,SUV,70.0,8
VEH01946,Sedan,60.0,9
VEH01947,SUV,50.0,10
VEH01948,Sedan,90.0,4
VEH01949,Sedan,60.0,6
VEH01950,Hatchback,60.0,7
VEH01951,Pickup,100.0,4
VEH01952,Pickup,60.0,4
VEH01953,SUV,90.0,8
VEH01954,Sedan,70.0,10
VEH01955,Sedan,40.0,9
VEH01956,Hatchback,60.0,10
VEH01957,Hatchback,60.0,5
VEH01958,Sedan,40.0,6
VEH01959,Sedan,50.0,1
VEH01960,Sedan,50.0,9
VEH01961,Hatchback,70.0,6
VEH01962,Hatchback,90.0,8
VEH01963,Sedan,100.0,9
VEH01964,Pickup,80.0,0
VEH01965,Sedan,90.0,11
VEH01966,Sedan,50.0,5
VEH01967,Sedan,70.0,11
VEH01968,Pickup,60.0,8
VEH01969,Hatchback,60.0,0
VEH01970,Pickup,40.0,3
VEH01971,Sedan,80.0,2
VEH01972,SUV,70.0,6
VEH01973,Sedan,40.0,4
VEH01974,Pickup,90.0,8
VEH01975,SUV,60.0,11
VEH01976,Hatchback,100.0,8
VEH01977,Hatchback,70.0,0
VEH01978,Van,80.0,11
VEH01979,Pickup,60.0,6
VEH01980,Pickup,70.0,1
VEH01981,Pickup,80.0,6
VEH01982,Sedan,80.0,8
VEH01983,Sedan,60.0,0
VEH01984,Sedan,90.0,11
VEH01985,Hatchback,60.0,7
VEH01986,Sedan,40.0,7
VEH01987,Pickup,90.0,6
VEH01988,Sedan,70.0,6
VEH01989,SUV,90.0,4
VEH01990,SUV,70.0,7
VEH01991,Sedan,70.0,11
VEH01992,SUV,70.0,4
VEH01993,Hatchback,60.0,7
VEH01994,SUV,70.0,3
VEH01995,Sedan,70.0,5
VEH01996,SUV,80.0,3
VEH01997,SUV,60.0,1
VEH01998,Pickup,40.0,3
VEH01999,SUV,60.0,6
VEH02000,Pickup,90.0,10
VEH02001,Pickup,60.0,3
VEH02002,Van,40.0,8
VEH02003,SUV,80.0,7
VEH02004,SUV,40.0,0
VEH02005,Van,70.0,1
VEH02006,Sedan,90.0,1
VEH02007,SUV,50.0,9
VEH02008,Van,80.0,4
VEH02009,SUV,70.0,3
VEH02010,SUV,70.0,8
VEH02011,Pickup,50.0,0
VEH02012,Sedan,60.0,6
VEH02013,Sedan,60.0,4
VEH02014,Hatchback,90.0,9
VEH02015,SUV,100.0,3
VEH02016,Hatchback,90.0,2
VEH02017,Pickup,100.0,7
VEH02018,Pickup,60.0,8
VEH02019,Sedan,70.0,6
VEH02020,Hatchback,50.0,5
VEH02021,Sedan,70.0,9
VEH02022,Sedan,70.0,8
VEH02023,Hatchback,50.0,10
VEH02024,SUV,40.0,5
VEH02025,Hatchback,80.0,8
VEH02026,Van,70.0,9
VEH02027,Hatchback,50.0,10
VEH02028,SUV,100.0,11
VEH02029,Sedan,90.0,1
VEH02030,Sedan,50.0,9
VEH02031,Sedan,80.0,11
VEH02032,Van,60.0,10
VEH02033,Pickup,70.0,6
VEH02034,Sedan,40.0,7
VEH02035,SUV,100.0,11
VEH02036,Sedan,60.0,0
VEH02037,SUV,60.0,10
VEH02038,Sedan,60.0,7
VEH02039,Pickup,100.0,6
VEH02040,Sedan,40.0,7
VEH02041,Hatchback,80.0,1
VEH02042,Hatchback,40.0,7
VEH02043,SUV,80.0,0
VEH02044,Pickup,60.0,5
VEH02045,Pickup,70.0,5
VEH02046,SUV,50.0,9
VEH02047,SUV,80.0,5
VEH02048,Pickup,80.0,2
VEH02049,SUV,90.0,6
VEH02050,Pickup,50.0,10
VEH02051,SUV,70.0,11
VEH02052,Hatchback,60.0,2
VEH02053,Sedan,60.0,8
VEH02054,Pickup,80.0,11
VEH02055,Sedan,60.0,1
VEH02056,Hatchback,70.0,11
VEH02057,SUV,60.0,1
VEH02058,Pickup,50.0,10
VEH02059,Sedan,90.0,9
VEH02060,SUV,50.0,4
VEH02061,Pickup,50.0,7
VEH02062,Sedan,60.0,5
VEH02063,SUV,70.0,11
VEH02064,Hatchback,80.0,6
VEH02065,SUV,60.0,2
VEH02066,Sedan,70.0,10
VEH02067,SUV,70.0,10
VEH02068,Sedan,40.0,2
VEH02069,Sedan,100.0,8
VEH02070,SUV,70.0,0
VEH02071,SUV,80.0,4
VEH02072,Pickup,100.0,8
VEH02073,SUV,40.0,8
VEH02074,SUV,80.0,4
VEH02075,SUV,80.0,1
VEH02076,Van,40.0,11
VEH02077,Pickup,60.0,0
VEH02078,SUV,90.0,3
VEH02079,SUV,80.0,10
VEH02080,Sedan,60.0,9
VEH02081,Van,100.0,2
VEH02082,Hatchback,70.0,0
VEH02083,Hatchback,60.0,2
VEH02084,Hatchback,40.0,3
VEH02085,SUV,90.0,2
VEH02086,Hatchback,90.0,5
VEH02087,SUV,40.0,2
VEH02088,SUV,60.0,4
VEH02089,Sedan,60.0,7
VEH02090,Hatchback,80.0,6
VEH02091,Hatchback,40.0,1
VEH02092,Pickup,40.0,6
VEH02093,Sedan,90.0,7
VEH02094,Pickup,80.0,0
VEH02095,Hatchback,80.0,1
VEH02096,Pickup,40.0,6
VEH02097,Hatchback,70.0,4
VEH02098,Van,80.0,6
VEH02099,SUV,60.0,1
VEH02100,Sedan,50.0,2
VEH02101,Sedan,50.0,8
VEH02102,Sedan,70.0,4
VEH02103,SUV,60.0,11
VEH02104,Sedan,70.0,10
VEH02105,SUV,90.0,5
VEH02106,Van,60.0,6
VEH02107,SUV,40.0,8
VEH02108,Sedan,50.0,4
VEH02109,SUV,70.0,11
VEH02110,Sedan,50.0,0
VEH02111,SUV,60.0,10
VEH02112,Sedan,60.0,8
VEH02113,SUV,50.0,9
VEH02114,Sedan,50.0,7
VEH02115,SUV,50.0,5
VEH02116,Sedan,50.0,10
VEH02117,Sedan,50.0,3
VEH02118,Pickup,60.0,0
VEH02119,Van,80.0,8
VEH02120,Sedan,80.0,2
VEH02121,Van,50.0,6
VEH02122,Van,80.0,11
VEH02123,Pickup,40.0,7
VEH02124,Sedan,90.0,10
VEH02125,Sedan,60.0,0
VEH02126,Van,50.0,11
VEH02127,SUV,40.0,8
VEH02128,SUV,50.0,4
VEH02129,Sedan,50.0,2
VEH02130,Van,80.0,8
VEH02131,SUV,80.0,7
VEH02132,Van,50.0,3
VEH02133,Hatchback,60.0,5
VEH02134,Pickup,70.0,0
VEH02135,Sedan,100.0,5
VEH02136,Hatchback,70.0,7
VEH02137,Van,70.0,3
VEH02138,SUV,50.0,0
VEH02139,Hatchback,100.0,3
VEH02140,Sedan,50.0,10
VEH02141,Pickup,70.0,10
VEH02142,Hatchback,60.0,4
VEH02143,Sedan,60.0,11
VEH02144,Sedan,60.0,11
VEH02145,Pickup,50.0,2
VEH02146,Hatchback,40.0,4
VEH02147,SUV,40.0,1
VEH02148,SUV,90.0,0
VEH02149,Hatchback,40.0,1
VEH02150,SUV,40.0,11
VEH02151,SUV,40.0,2
VEH02152,Van,80.0,10
VEH02153,Sedan,70.0,6
VEH02154,Hatchback,50.0,6
VEH02155,SUV,90.0,3
VEH02156,SUV,70.0,0
VEH02157,SUV,100.0,1
VEH02158,Sedan,70.0,8
VEH02159,Sedan,60.0,9
VEH02160,Sedan,90.0,6
VEH02161,Sedan,50.0,10
VEH02162,Hatchback,60.0,2
VEH02163,Pickup,80.0,1
VEH02164,Sedan,40.0,1
VEH02165,Hatchback,80.0,11
VEH02166,SUV,50.0,2
VEH02167,Hatchback,60.0,5
VEH02168,Sedan,70.0,9
VEH02169,SUV,70.0,9
VEH02170,SUV,40.0,2
VEH02171,SUV,60.0,5
VEH02172,SUV,40.0,3
VEH02173,SUV,80.0,1
VEH02174,Hatchback,70.0,1
VEH02175,Hatchback,70.0,6
VEH02176,Van,40.0,1
VEH02177,Pickup,40.0,3
VEH02178,Sedan,80.0,6
VEH02179,SUV,40.0,2
VEH02180,Sedan,70.0,6
VEH02181,Pickup,70.0,3
VEH02182,SUV,40.0,10
VEH02183,Pickup,50.0,4
VEH02184,SUV,40.0,8
VEH02185,SUV,50.0,5
VEH02186,SUV,70.0,11
VEH02187,SUV,70.0,2
VEH02188,SUV,50.0,5
VEH02189,SUV,50.0,0
VEH02190,Hatchback,90.0,8
VEH02191,Sedan,80.0,9
VEH02192,Sedan,80.0,4
VEH02193,SUV,80.0,1
VEH02194,Sedan,50.0,8
VEH02195,SUV,70.0,3
VEH02196,Sedan,80.0,6
VEH02197,Sedan,50.0,3
VEH02198,Pickup,50.0,10
VEH02199,Sedan,60.0,5
VEH02200,SUV,80.0,4
VEH02201,SUV,40.0,7
VEH02202,Hatchback,50.0,8
VEH02203,Hatchback,40.0,11
VEH02204,SUV,80.0,9
VEH02205,Sedan,60.0,10
VEH02206,Pickup,50.0,6
VEH02207,SUV,70.0,10
VEH02208,SUV,50.0,4
VEH02209,Sedan,50.0,0
VEH02210,Hatchback,60.0,1
VEH02211,Hatchback,100.0,2
VEH02212,Hatchback,70.0,6
VEH02213,Sedan,50.0,8
VEH02214,SUV,60.0,6
VEH02215,Sedan,50.0,1
VEH02216,Sedan,70.0,4
VEH02217,Sedan,70.0,4
VEH02218,Sedan,80.0,3
VEH02219,SUV,60.0,11
VEH02220,Pickup,60.0,8
VEH02221,Van,60.0,1
VEH02222,Sedan,70.0,3
VEH02223,Sedan,90.0,11
VEH02224,Sedan,60.0,9
VEH02225,Sedan,90.0,2
VEH02226,Hatchback,80.0,7
VEH02227,Sedan,80.0,3
VEH02228,Sedan,40.0,5
VEH02229,SUV,50.0,11
VEH02230,Sedan,70.0,1
VEH02231,SUV,80.0,7
VEH02232,Pickup,50.0,1
VEH02233,SUV,90.0,5
VEH02234,SUV,40.0,2
VEH02235,Sedan,50.0,1
VEH02236,Sedan,40.0,9
VEH02237,Hatchback,70.0,7
VEH02238,Pickup,70.0,11
VEH02239,Sedan,50.0,11
VEH02240,Van,60.0,8
VEH02241,Pickup,60.0,8
VEH02242,Sedan,70.0,8
VEH02243,Hatchback,70.0,5
VEH02244,SUV,40.0,4
VEH02245,SUV,70.0,1
VEH02246,SUV,80.0,7
VEH02247,SUV,70.0,8
VEH02248,Sedan,80.0,4
VEH02249,Pickup,60.0,10
VEH02250,Pickup,40.0,11
VEH02251,Pickup,80.0,1
VEH02252,SUV,70.0,3
VEH02253,Sedan,80.0,10
VEH02254,Sedan,100.0,10
VEH02255,Hatchback,90.0,2
VEH02256,SUV,100.0,2
VEH02257,Sedan,70.0,1
VEH02258,SUV,50.0,6
VEH02259,Hatchback,90.0,10
VEH02260,Sedan,80.0,2
VEH02261,SUV,60.0,10
VEH02262,SUV,100.0,6
VEH02263,Sedan,90.0,7
VEH02264,Hatchback,60.0,8
VEH02265,Pickup,60.0,2
VEH02266,SUV,60.0,6
VEH02267,SUV,90.0,2
VEH02268,Hatchback,60.0,2
VEH02269,SUV,70.0,0
VEH02270,Hatchback,60.0,5
VEH02271,Sedan,80.0,6
VEH02272,Sedan,80.0,5
VEH02273,SUV,40.0,2
VEH02274,SUV,80.0,1
VEH02275,Sedan,60.0,4
VEH02276,Hatchback,50.0,11
VEH02277,Pickup,70.0,4
VEH02278,Sedan,60.0,1
VEH02279,Sedan,50.0,10
VEH02280,Pickup,80.0,11
VEH02281,Pickup,50.0,7
VEH02282,Hatchback,90.0,5
VEH02283,Pickup,70.0,1
VEH02284,Pickup,40.0,3
VEH02285,Pickup,60.0,11
VEH02286,Sedan,60.0,9
VEH02287,Hatchback,80.0,5
VEH02288,Pickup,80.0,4
VEH02289,SUV,50.0,4
VEH02290,SUV,50.0,6
VEH02291,Pickup,60.0,0
VEH02292,SUV,50.0,1
VEH02293,Pickup,100.0,6
VEH02294,Sedan,50.0,10
VEH02295,SUV,80.0,2
VEH02296,SUV,90.0,6
VEH02297,SUV,40.0,9
VEH02298,Hatchback,80.0,9
VEH02299,Hatchback,50.0,10
VEH02300,Pickup,90.0,0
VEH02301,Sedan,70.0,10
VEH02302,Sedan,50.0,7
VEH02303,Van,50.0,1
VEH02304,Sedan,50.0,0
VEH02305,SUV,50.0,4
VEH02306,Sedan,80.0,5
VEH02307,Van,90.0,9
VEH02308,Van,80.0,10
VEH02309,Sedan,80.0,9
VEH02310,SUV,50.0,9
VEH02311,Van,100.0,2
VEH02312,Hatchback,60.0,1
VEH02313,Pickup,70.0,9
VEH02314,Hatchback,80.0,10
VEH02315,SUV,70.0,2
VEH02316,Sedan,40.0,5
VEH02317,Pickup,70.0,9
VEH02318,Hatchback,50.0,4
VEH02319,Sedan,70.0,0
VEH02320,Sedan,50.0,0
VEH02321,Sedan,40.0,2
VEH02322,Hatchback,90.0,4
VEH02323,Sedan,80.0,5
VEH02324,Van,100.0,5
VEH02325,SUV,80.0,10
VEH02326,Van,40.0,2
VEH02327,Pickup,80.0,6
VEH02328,Sedan,60.0,1
VEH02329,SUV,70.0,9
VEH02330,Van,90.0,3
VEH02331,Sedan,50.0,8
VEH02332,Hatchback,60.0,2
VEH02333,SUV,80.0,9
VEH02334,Sedan,80.0,1
VEH02335,Hatchback,60.0,11
VEH02336,SUV,40.0,1
VEH02337,Pickup,80.0,0
VEH02338,SUV,40.0,5
VEH02339,Sedan,50.0,0
VEH02340,Pickup,80.0,0
VEH02341,Hatchback,70.0,0
VEH02342,Sedan,80.0,6
VEH02343,SUV,50.0,11
VEH02344,Pickup,50.0,6
VEH02345,Hatchback,60.0,7
VEH02346,Hatchback,60.0,1
VEH02347,Sedan,50.0,5
VEH02348,SUV,60.0,7
VEH02349,Sedan,60.0,0
VEH02350,Hatchback,80.0,5
VEH02351,Pickup,80.0,6
VEH02352,Sedan,60.0,0
VEH02353,Sedan,60.0,5
VEH02354,Sedan,80.0,0
VEH02355,Pickup,100.0,5
VEH02356,SUV,80.0,5
VEH02357,Hatchback,50.0,5
VEH02358,Hatchback,60.0,4
VEH02359,Sedan,50.0,3
VEH02360,Hatchback,50.0,8
VEH02361,Sedan,90.0,3
VEH02362,Sedan,60.0,6
VEH02363,Hatchback,50.0,2
VEH02364,Sedan,50.0,9
VEH02365,Pickup,60.0,7
VEH02366,SUV,40.0,9
VEH02367,SUV,70.0,7
VEH02368,Pickup,70.0,9
VEH02369,Sedan,40.0,9
VEH02370,SUV,80.0,1
VEH02371,Sedan,50.0,5
VEH02372,SUV,40.0,0
VEH02373,SUV,50.0,9
VEH02374,Sedan,40.0,0
VEH02375,Pickup,50.0,0
VEH02376,Pickup,60.0,6
VEH02377,SUV,70.0,5
VEH02378,SUV,70.0,6
VEH02379,Sedan,40.0,3
VEH02380,Pickup,90.0,11
VEH02381,Van,50.0,5
VEH02382,SUV,60.0,11
VEH02383,Sedan,70.0,7
VEH02384,SUV,70.0,1
VEH02385,Sedan,70.0,3
VEH02386,SUV,40.0,1
VEH02387,Hatchback,50.0,3
VEH02388,Pickup,40.0,2
VEH02389,SUV,50.0,0
VEH02390,Pickup,80.0,8
VEH02391,SUV,60.0,4
VEH02392,SUV,80.0,10
VEH02393,SUV,60.0,0
VEH02394,SUV,100.0,6
VEH02395,Sedan,60.0,11
VEH02396,Pickup,50.0,3
VEH02397,Sedan,50.0,1
VEH02398,SUV,60.0,7
VEH02399,SUV,80.0,7
VEH02400,Hatchback,70.0,8
VEH02401,Hatchback,80.0,3
VEH02402,Hatchback,80.0,6
VEH02403,Sedan,80.0,1
VEH02404,SUV,80.0,1
VEH02405,Hatchback,50.0,7
VEH02406,Van,90.0,0
VEH02407,Van,80.0,10
VEH02408,Sedan,40.0,2
VEH02409,Pickup,40.0,5
VEH02410,Sedan,70.0,2
VEH02411,Sedan,70.0,2
VEH02412,SUV,40.0,10
VEH02413,Pickup,70.0,2
VEH02414,Pickup,90.0,0
VEH02415,Hatchback,50.0,4
VEH02416,Sedan,60.0,3
VEH02417,Sedan,60.0,2
VEH02418,Sedan,70.0,5
VEH02419,SUV,100.0,11
VEH02420,SUV,70.0,3
VEH02421,Sedan,60.0,2
VEH02422,Sedan,80.0,9
VEH02423,Hatchback,40.0,1
VEH02424,Pickup,90.0,10
VEH02425,SUV,80.0,8
VEH02426,Hatchback,90.0,7
VEH02427,Pickup,60.0,9
VEH02428,Pickup,90.0,8
VEH02429,Hatchback,60.0,9
VEH02430,Hatchback,90.0,6
VEH02431,SUV,70.0,0
VEH02432,Sedan,50.0,0
VEH02433,Sedan,40.0,3
VEH02434,Van,80.0,7
VEH02435,Sedan,40.0,3
VEH02436,SUV,70.0,4
VEH02437,Sedan,50.0,10
VEH02438,SUV,80.0,2
VEH02439,Sedan,40.0,2
VEH02440,Pickup,70.0,10
VEH02441,SUV,80.0,7
VEH02442,Hatchback,60.0,4
VEH02443,Hatchback,100.0,5
VEH02444,Van,80.0,7
VEH02445,Pickup,80.0,1
VEH02446,SUV,60.0,2
VEH02447,Hatchback,40.0,10
VEH02448,Sedan,80.0,1
VEH02449,SUV,60.0,10
VEH02450,Hatchback,80.0,4
VEH02451,Hatchback,50.0,3
VEH02452,Pickup,50.0,8
VEH02453,Sedan,50.0,10
VEH02454,Pickup,60.0,6
VEH02455,Van,100.0,5
VEH02456,Sedan,70.0,8
VEH02457,SUV,80.0,7
VEH02458,Sedan,60.0,9
VEH02459,Hatchback,80.0,11
VEH02460,SUV,40.0,2
VEH02461,Hatchback,80.0,4
VEH02462,Sedan,90.0,0
VEH02463,Sedan,60.0,5
VEH02464,Pickup,70.0,1
VEH02465,SUV,80.0,4
VEH02466,SUV,60.0,2
VEH02467,Sedan,40.0,5
VEH02468,Hatchback,70.0,2
VEH02469,Hatchback,60.0,9
VEH02470,SUV,50.0,0
VEH02471,Pickup,60.0,3
VEH02472,Sedan,50.0,0
VEH02473,Pickup,70.0,7
VEH02474,Van,40.0,3
VEH02475,SUV,60.0,3
VEH02476,Sedan,70.0,3
VEH02477,SUV,70.0,8
VEH02478,SUV,90.0,11
VEH02479,SUV,80.0,8
VEH02480,Pickup,70.0,4
VEH02481,Sedan,50.0,4
VEH02482,Van,90.0,9
VEH02483,SUV,50.0,7
VEH02484,Hatchback,60.0,4
VEH02485,SUV,90.0,1
VEH02486,SUV,40.0,11
VEH02487,Pickup,60.0,5
VEH02488,SUV,80.0,11
VEH02489,Sedan,70.0,9
VEH02490,Pickup,80.0,6
VEH02491,Hatchback,60.0,6
VEH02492,Sedan,70.0,1
VEH02493,Pickup,90.0,0
VEH02494,Sedan,60.0,11
VEH02495,Van,80.0,1
VEH02496,Pickup,40.0,1
VEH02497,Hatchback,60.0,2
VEH02498,SUV,80.0,4
VEH02499,Van,60.0,5
VEH02500,Van,60.0,4
VEH02501,Hatchback,70.0,2
VEH02502,Sedan,70.0,3
VEH02503,Sedan,40.0,2
VEH02504,SUV,70.0,4
VEH02505,Sedan,60.0,4
VEH02506,SUV,50.0,6
VEH02507,Sedan,50.0,5
VEH02508,SUV,90.0,4
VEH02509,Sedan,60.0,4
VEH02510,Pickup,80.0,4
VEH02511,Sedan,90.0,1
VEH02512,Sedan,80.0,11
VEH02513,Sedan,60.0,6
VEH02514,SUV,90.0,6
VEH02515,Pickup,50.0,5
VEH02516,SUV,100.0,7
VEH02517,Sedan,60.0,11
VEH02518,Hatchback,90.0,4
VEH02519,Hatchback,70.0,6
VEH02520,Hatchback,100.0,2
VEH02521,Sedan,50.0,5
VEH02522,SUV,40.0,4
VEH02523,Pickup,70.0,7
VEH02524,Sedan,70.0,9
VEH02525,Pickup,50.0,7
VEH02526,SUV,50.0,3
VEH02527,Hatchback,60.0,2
VEH02528,Hatchback,80.0,8
VEH02529,Pickup,40.0,10
VEH02530,SUV,80.0,3
VEH02531,SUV,80.0,7
VEH02532,Sedan,70.0,0
VEH02533,Hatchback,50.0,11
VEH02534,Sedan,50.0,1
VEH02535,Sedan,40.0,3
VEH02536,Pickup,70.0,5
VEH02537,Sedan,50.0,7
VEH02538,Hatchback,90.0,0
VEH02539,SUV,50.0,1
VEH02540,Hatchback,90.0,6
VEH02541,Hatchback,80.0,0
VEH02542,SUV,50.0,2
VEH02543,Hatchback,70.0,1
VEH02544,Hatchback,60.0,10
VEH02545,SUV,60.0,4
VEH02546,SUV,40.0,2
VEH02547,Sedan,60.0,4
VEH02548,Sedan,40.0,8
VEH02549,SUV,70.0,1
VEH02550,SUV,60.0,9
VEH02551,Van,60.0,7
VEH02552,Pickup,80.0,2
VEH02553,SUV,100.0,10
VEH02554,Hatchback,90.0,4
VEH02555,SUV,40.0,5
VEH02556,SUV,100.0,0
VEH02557,SUV,50.0,7
VEH02558,Sedan,40.0,7
VEH02559,SUV,40.0,2
VEH02560,SUV,90.0,11
VEH02561,Pickup,40.0,10
VEH02562,Hatchback,40.0,0
VEH02563,Sedan,40.0,2
VEH02564,Sedan,50.0,3
VEH02565,Van,100.0,0
VEH02566,SUV,100.0,9
VEH02567,Sedan,50.0,4
VEH02568,SUV,80.0,8
VEH02569,Van,40.0,7
VEH02570,SUV,80.0,2
VEH02571,Sedan,80.0,11
VEH02572,Hatchback,60.0,9
VEH02573,SUV,90.0,5
VEH02574,Van,80.0,4
VEH02575,Sedan,90.0,7
VEH02576,SUV,50.0,5
VEH02577,Hatchback,70.0,8
VEH02578,Sedan,80.0,8
VEH02579,SUV,100.0,2
VEH02580,Van,40.0,0
VEH02581,Sedan,90.0,10
VEH02582,Sedan,60.0,3
VEH02583,Hatchback,70.0,3
VEH02584,Hatchback,40.0,8
VEH02585,SUV,100.0,7
VEH02586,Pickup,90.0,2
VEH02587,Pickup,60.0,5
VEH02588,Hatchback,50.0,6
VEH02589,Sedan,60.0,1
VEH02590,Van,80.0,10
VEH02591,SUV,80.0,8
VEH02592,SUV,60.0,4
VEH02593,Pickup,70.0,8
VEH02594,SUV,70.0,4
VEH02595,SUV,60.0,5
VEH02596,SUV,90.0,11
VEH02597,Pickup,70.0,2
VEH02598,SUV,50.0,5
VEH02599,Sedan,50.0,1
VEH02600,Pickup,90.0,0
VEH02601,Hatchback,70.0,5
VEH02602,SUV,70.0,10
VEH02603,Pickup,70.0,0
VEH02604,SUV,90.0,6
VEH02605,SUV,60.0,3
VEH02606,Van,90.0,1
VEH02607,Hatchback,70.0,7
VEH02608,Pickup,50.0,4
VEH02609,Sedan,40.0,3
VEH02610,Sedan,90.0,7
VEH02611,Pickup,70.0,10
VEH02612,Sedan,70.0,10
VEH02613,Sedan,60.0,11
VEH02614,Sedan,50.0,3
VEH02615,Sedan,60.0,9
VEH02616,Hatchback,50.0,10
VEH02617,Pickup,80.0,6
VEH02618,SUV,80.0,0
VEH02619,Van,40.0,11
VEH02620,Pickup,40.0,6
VEH02621,Sedan,50.0,11
VEH02622,SUV,60.0,11
VEH02623,Pickup,70.0,1
VEH02624,SUV,70.0,5
VEH02625,Sedan,90.0,1
VEH02626,Pickup,60.0,6
VEH02627,Hatchback,50.0,4
VEH02628,Pickup,40.0,5
VEH02629,Van,60.0,6
VEH02630,SUV,80.0,7
VEH02631,Sedan,60.0,3
VEH02632,Sedan,60.0,10
VEH02633,Sedan,50.0,5
VEH02634,Sedan,50.0,4
VEH02635,Hatchback,40.0,5
VEH02636,Sedan,80.0,7
VEH02637,Sedan,50.0,7
VEH02638,SUV,60.0,6
VEH02639,SUV,40.0,9
VEH02640,Hatchback,70.0,0
VEH02641,Hatchback,90.0,2
VEH02642,Van,100.0,1
VEH02643,Sedan,100.0,7
VEH02644,Sedan,80.0,1
VEH02645,Van,90.0,4
VEH02646,Van,50.0,8
VEH02647,Sedan,70.0,3
VEH02648,Sedan,90.0,4
VEH02649,Sedan,60.0,3
VEH02650,Pickup,90.0,11
VEH02651,Hatchback,100.0,2
VEH02652,SUV,70.0,8
VEH02653,Sedan,40.0,2
VEH02654,Sedan,60.0,1
VEH02655,Hatchback,50.0,5
VEH02656,Sedan,40.0,9
VEH02657,Sedan,70.0,11
VEH02658,SUV,50.0,4
VEH02659,SUV,70.0,11
VEH02660,Pickup,50.0,3
VEH02661,Sedan,60.0,1
VEH02662,Hatchback,70.0,11
VEH02663,Sedan,80.0,8
VEH02664,SUV,100.0,11
VEH02665,Van,50.0,4
VEH02666,Hatchback,60.0,9
VEH02667,Sedan,50.0,2
VEH02668,SUV,70.0,0
VEH02669,Sedan,50.0,2
VEH02670,Sedan,60.0,8
VEH02671,SUV,60.0,5
VEH02672,Sedan,80.0,9
VEH02673,SUV,60.0,2
VEH02674,SUV,60.0,7
VEH02675,Sedan,40.0,5
VEH02676,SUV,70.0,6
VEH02677,SUV,60.0,5
VEH02678,SUV,90.0,7
VEH02679,SUV,100.0,11
VEH02680,SUV,50.0,9
VEH02681,Hatchback,40.0,4
VEH02682,Hatchback,40.0,3
VEH02683,Sedan,70.0,11
VEH02684,Pickup,60.0,4
VEH02685,Sedan,60.0,7
VEH02686,Sedan,90.0,9
VEH02687,Sedan,60.0,6
VEH02688,Pickup,60.0,6
VEH02689,Sedan,90.0,1
VEH02690,Sedan,60.0,3
VEH02691,Hatchback,100.0,3
VEH02692,Pickup,70.0,2
VEH02693,Sedan,50.0,6
VEH02694,SUV,60.0,6
VEH02695,Van,40.0,11
VEH02696,Pickup,70.0,9
VEH02697,Hatchback,60.0,8
VEH02698,Sedan,70.0,5
VEH02699,Pickup,40.0,3
VEH02700,Pickup,70.0,9
VEH02701,Pickup,70.0,2
VEH02702,Hatchback,40.0,6
VEH02703,SUV,80.0,0
VEH02704,Sedan,70.0,3
VEH02705,Pickup,50.0,10
VEH02706,Sedan,50.0,5
VEH02707,SUV,70.0,5
VEH02708,Hatchback,70.0,11
VEH02709,SUV,70.0,1
VEH02710,Sedan,40.0,10
VEH02711,Hatchback,60.0,4
VEH02712,Sedan,70.0,10
VEH02713,Sedan,60.0,5
VEH02714,Hatchback,80.0,3
VEH02715,SUV,60.0,3
VEH02716,Pickup,50.0,2
VEH02717,Pickup,70.0,10
VEH02718,Van,80.0,10
VEH02719,Van,70.0,4
VEH02720,Sedan,50.0,1
VEH02721,SUV,100.0,1
VEH02722,Hatchback,40.0,3
VEH02723,Sedan,90.0,3
VEH02724,Van,50.0,3
VEH02725,Sedan,90.0,11
VEH02726,Hatchback,50.0,2
VEH02727,Sedan,60.0,1
VEH02728,Sedan,60.0,0
VEH02729,Sedan,60.0,8
VEH02730,SUV,40.0,6
VEH02731,Sedan,50.0,2
VEH02732,Hatchback,80.0,5
VEH02733,SUV,50.0,9
VEH02734,Sedan,70.0,10
VEH02735,SUV,70.0,3
VEH02736,Hatchback,60.0,0
VEH02737,Pickup,40.0,10
VEH02738,SUV,60.0,3
VEH02739,Sedan,40.0,9
VEH02740,Hatchback,80.0,3
VEH02741,Sedan,50.0,0
VEH02742,SUV,80.0,9
VEH02743,Pickup,90.0,1
VEH02744,Hatchback,100.0,11
VEH02745,Sedan,40.0,10
VEH02746,SUV,40.0,4
VEH02747,Sedan,60.0,9
VEH02748,Sedan,60.0,2
VEH02749,Hatchback,60.0,7
VEH02750,Pickup,80.0,4
VEH02751,Hatchback,90.0,6
VEH02752,Pickup,90.0,11
VEH02753,Hatchback,40.0,7
VEH02754,SUV,40.0,6
VEH02755,Van,60.0,11
VEH02756,Van,50.0,3
VEH02757,SUV,90.0,7
VEH02758,Sedan,50.0,5
VEH02759,SUV,90.0,3
VEH02760,Van,60.0,9
VEH02761,SUV,100.0,11
VEH02762,SUV,50.0,10
VEH02763,Hatchback,70.0,3
VEH02764,SUV,70.0,3
VEH02765,Hatchback,60.0,3
VEH02766,SUV,50.0,9
VEH02767,Sedan,70.0,4
VEH02768,Sedan,60.0,6
VEH02769,SUV,70.0,3
VEH02770,Sedan,50.0,4
VEH02771,Sedan,50.0,0
VEH02772,Pickup,80.0,4
VEH02773,Hatchback,60.0,5
VEH02774,Sedan,70.0,9
VEH02775,Sedan,70.0,6
VEH02776,Van,60.0,1
VEH02777,SUV,60.0,6
VEH02778,Sedan,50.0,8
VEH02779,SUV,100.0,9
VEH02780,SUV,40.0,9
VEH02781,Sedan,90.0,8
VEH02782,Pickup,40.0,10
VEH02783,Sedan,40.0,11
VEH02784,Sedan,70.0,4
VEH02785,Sedan,40.0,0
VEH02786,Sedan,40.0,2
VEH02787,Pickup,60.0,8
VEH02788,Pickup,100.0,2
VEH02789,Sedan,60.0,7
VEH02790,Van,80.0,0
VEH02791,SUV,80.0,11
VEH02792,Sedan,90.0,8
VEH02793,SUV,50.0,10
VEH02794,Sedan,80.0,2
VEH02795,SUV,60.0,6
VEH02796,Sedan,60.0,2
VEH02797,Sedan,60.0,4
VEH02798,SUV,60.0,6
VEH02799,Hatchback,60.0,0
VEH02800,Pickup,70.0,7
VEH02801,SUV,90.0,11
VEH02802,Sedan,80.0,1
VEH02803,SUV,70.0,3
VEH02804,Hatchback,100.0,2
VEH02805,SUV,70.0,4
VEH02806,Pickup,40.0,2
VEH02807,Van,40.0,8
VEH02808,Pickup,50.0,4
VEH02809,Hatchback,80.0,10
VEH02810,Van,60.0,6
VEH02811,Sedan,80.0,1
VEH02812,Sedan,50.0,7
VEH02813,Pickup,80.0,9
VEH02814,SUV,60.0,10
VEH02815,SUV,70.0,3
VEH02816,SUV,80.0,10
VEH02817,Sedan,70.0,9
VEH02818,SUV,50.0,8
VEH02819,Hatchback,70.0,8
VEH02820,SUV,50.0,4
VEH02821,Pickup,90.0,5
VEH02822,Hatchback,60.0,5
VEH02823,Sedan,80.0,2
VEH02824,Hatchback,70.0,9
VEH02825,Hatchback,90.0,1
VEH02826,Van,80.0,4
VEH02827,SUV,60.0,5
VEH02828,Sedan,60.0,2
VEH02829,Sedan,40.0,5
VEH02830,Sedan,60.0,7
VEH02831,Hatchback,50.0,5
VEH02832,Sedan,70.0,3
VEH02833,Sedan,50.0,5
VEH02834,Van,90.0,6
VEH02835,Sedan,90.0,5
VEH02836,SUV,70.0,4
VEH02837,SUV,50.0,0
VEH02838,Van,70.0,2
VEH02839,Pickup,50.0,10
VEH02840,Hatchback,50.0,4
VEH02841,Van,60.0,9
VEH02842,Sedan,80.0,7
VEH02843,Sedan,50.0,5
VEH02844,SUV,60.0,3
VEH02845,SUV,70.0,5
VEH02846,Pickup,60.0,2
VEH02847,Sedan,70.0,1
VEH02848,SUV,80.0,4
VEH02849,Hatchback,80.0,8
VEH02850,SUV,90.0,7
VEH02851,Hatchback,70.0,8
VEH02852,Hatchback,70.0,7
VEH02853,SUV,40.0,0
VEH02854,SUV,70.0,6
VEH02855,SUV,60.0,6
VEH02856,Sedan,40.0,8
VEH02857,Hatchback,90.0,9
VEH02858,Van,60.0,10
VEH02859,Sedan,50.0,2
VEH02860,SUV,40.0,6
VEH02861,Hatchback,90.0,2
VEH02862,SUV,70.0,7
VEH02863,Sedan,50.0,7
VEH02864,SUV,60.0,6
VEH02865,Sedan,80.0,8
VEH02866,Sedan,40.0,2
VEH02867,Hatchback,70.0,3
VEH02868,Hatchback,50.0,7
VEH02869,Van,80.0,6
VEH02870,Sedan,70.0,4
VEH02871,SUV,40.0,4
VEH02872,Hatchback,50.0,4
VEH02873,SUV,50.0,3
VEH02874,Van,50.0,7
VEH02875,Sedan,70.0,2
VEH02876,Van,40.0,9
VEH02877,Van,60.0,9
VEH02878,SUV,90.0,9
VEH02879,Hatchback,40.0,10
VEH02880,Pickup,90.0,6
VEH02881,Sedan,60.0,9
VEH02882,Hatchback,60.0,0
VEH02883,SUV,60.0,4
VEH02884,Sedan,100.0,0
VEH02885,Hatchback,70.0,4
VEH02886,SUV,70.0,4
VEH02887,Sedan,80.0,0
VEH02888,Pickup,70.0,9
VEH02889,Hatchback,50.0,4
VEH02890,SUV,90.0,3
VEH02891,Hatchback,60.0,10
VEH02892,Hatchback,50.0,2
VEH02893,SUV,70.0,6
VEH02894,Sedan,60.0,11
VEH02895,Sedan,60.0,6
VEH02896,SUV,60.0,5
VEH02897,Pickup,60.0,7
VEH02898,Pickup,60.0,6
VEH02899,Sedan,70.0,4
VEH02900,Sedan,50.0,3
VEH02901,Sedan,50.0,8
VEH02902,Hatchback,40.0,0
VEH02903,SUV,70.0,11
VEH02904,Sedan,40.0,7
VEH02905,SUV,90.0,11
VEH02906,Hatchback,90.0,11
VEH02907,Sedan,60.0,8
VEH02908,Sedan,60.0,8
VEH02909,SUV,40.0,4
VEH02910,SUV,50.0,8
VEH02911,Hatchback,90.0,11
VEH02912,SUV,70.0,7
VEH02913,Pickup,60.0,5
VEH02914,Van,80.0,4
VEH02915,Sedan,70.0,6
VEH02916,Hatchback,90.0,8
VEH02917,Van,40.0,5
VEH02918,Sedan,60.0,0
VEH02919,Hatchback,80.0,11
VEH02920,SUV,70.0,1
VEH02921,Pickup,50.0,1
VEH02922,Hatchback,50.0,0
VEH02923,Van,70.0,10
VEH02924,SUV,100.0,10
VEH02925,Sedan,40.0,9
VEH02926,SUV,70.0,1
VEH02927,Van,60.0,5
VEH02928,Pickup,80.0,9
VEH02929,SUV,40.0,3
VEH02930,Sedan,40.0,2
VEH02931,Sedan,50.0,0
VEH02932,Pickup,80.0,11
VEH02933,SUV,50.0,3
VEH02934,SUV,80.0,1
VEH02935,Pickup,60.0,9
VEH02936,Sedan,80.0,4
VEH02937,SUV,70.0,6
VEH02938,Pickup,40.0,6
VEH02939,SUV,80.0,8
VEH02940,SUV,80.0,7
VEH02941,Van,90.0,0
VEH02942,Hatchback,80.0,6
VEH02943,Van,50.0,2
VEH02944,SUV,60.0,3
VEH02945,SUV,60.0,4
VEH02946,Sedan,50.0,3
VEH02947,SUV,90.0,1
VEH02948,Hatchback,80.0,2
VEH02949,Pickup,40.0,2
VEH02950,Van,100.0,1
VEH02951,Pickup,60.0,8
VEH02952,SUV,50.0,0
VEH02953,Hatchback,70.0,6
VEH02954,Hatchback,40.0,10
VEH02955,Sedan,50.0,11
VEH02956,Sedan,60.0,0
VEH02957,Hatchback,90.0,5
VEH02958,Sedan,70.0,3
VEH02959,Pickup,80.0,4
VEH02960,SUV,70.0,8
VEH02961,SUV,50.0,11
VEH02962,Hatchback,50.0,9
VEH02963,Hatchback,50.0,4
VEH02964,Sedan,40.0,3
VEH02965,SUV,40.0,7
VEH02966,SUV,90.0,2
VEH02967,Hatchback,100.0,9
VEH02968,SUV,50.0,6
VEH02969,Sedan,40.0,4
VEH02970,Hatchback,100.0,7
VEH02971,Hatchback,80.0,1
VEH02972,Hatchback,40.0,8
VEH02973,Hatchback,80.0,3
VEH02974,SUV,50.0,11
VEH02975,Sedan,50.0,8
VEH02976,Sedan,50.0,7
VEH02977,SUV,80.0,11
VEH02978,Hatchback,40.0,11
VEH02979,Sedan,70.0,1
VEH02980,Van,50.0,0
VEH02981,SUV,80.0,10
VEH02982,Sedan,70.0,0
VEH02983,SUV,90.0,3
VEH02984,Sedan,100.0,2
VEH02985,SUV,50.0,11
VEH02986,Sedan,60.0,4
VEH02987,Sedan,80.0,10
VEH02988,Van,40.0,4
VEH02989,Sedan,70.0,7
VEH02990,Sedan,50.0,11
VEH02991,SUV,70.0,10
VEH02992,SUV,40.0,11
VEH02993,Sedan,90.0,8
VEH02994,Van,50.0,9
VEH02995,Sedan,60.0,0
VEH02996,Van,80.0,8
VEH02997,Hatchback,60.0,6
VEH02998,Sedan,50.0,10
VEH02999,Sedan,50.0,1
VEH03000,Pickup,90.0,2
VEH03001,Sedan,70.0,1
VEH03002,Pickup,50.0,0
VEH03003,Pickup,60.0,4
VEH03004,SUV,70.0,7
VEH03005,SUV,70.0,1
VEH03006,SUV,50.0,0
VEH03007,SUV,50.0,5
VEH03008,Hatchback,80.0,6
VEH03009,Van,50.0,1
VEH03010,Van,60.0,4
VEH03011,SUV,70.0,7
VEH03012,Hatchback,60.0,6
VEH03013,Pickup,100.0,1
VEH03014,SUV,40.0,0
VEH03015,Sedan,50.0,9
VEH03016,Van,60.0,0
VEH03017,Hatchback,100.0,4
VEH03018,Sedan,50.0,0
VEH03019,Pickup,70.0,6
VEH03020,SUV,60.0,5
VEH03021,Sedan,100.0,4
VEH03022,Hatchback,90.0,7
VEH03023,Sedan,100.0,8
VEH03024,SUV,60.0,11
VEH03025,Sedan,50.0,3
VEH03026,SUV,60.0,9
VEH03027,Van,70.0,8
VEH03028,Sedan,50.0,6
VEH03029,SUV,100.0,9
VEH03030,Sedan,70.0,10
VEH03031,Sedan,50.0,1
VEH03032,SUV,40.0,7
VEH03033,SUV,60.0,5
VEH03034,Hatchback,90.0,1
VEH03035,Pickup,60.0,10
VEH03036,SUV,60.0,11
VEH03037,SUV,40.0,0
VEH03038,Sedan,70.0,11
VEH03039,Sedan,90.0,0
VEH03040,Pickup,50.0,10
VEH03041,SUV,60.0,4
VEH03042,SUV,60.0,4
VEH03043,Pickup,50.0,9
VEH03044,Van,40.0,8
VEH03045,Hatchback,50.0,2
VEH03046,Sedan,40.0,10
VEH03047,Hatchback,80.0,10
VEH03048,Pickup,100.0,7
VEH03049,Van,70.0,0
VEH03050,SUV,50.0,4
VEH03051,Hatchback,100.0,3
VEH03052,Hatchback,60.0,5
VEH03053,Hatchback,40.0,6
VEH03054,Sedan,60.0,7
VEH03055,Pickup,70.0,6
VEH03056,Sedan,50.0,4
VEH03057,Van,60.0,0
VEH03058,Hatchback,60.0,3
VEH03059,Sedan,80.0,2
VEH03060,SUV,70.0,4
VEH03061,Sedan,60.0,6
VEH03062,Pickup,80.0,8
VEH03063,Hatchback,80.0,8
VEH03064,SUV,70.0,5
VEH03065,Sedan,40.0,11
VEH03066,Sedan,50.0,11
VEH03067,Hatchback,50.0,6
VEH03068,Sedan,50.0,9
VEH03069,Sedan,70.0,10
VEH03070,Hatchback,50.0,10
VEH03071,Sedan,50.0,9
VEH03072,Sedan,50.0,7
VEH03073,Van,50.0,5
VEH03074,SUV,80.0,5
VEH03075,Pickup,60.0,11
VEH03076,SUV,60.0,2
VEH03077,SUV,90.0,10
VEH03078,SUV,80.0,6
VEH03079,Sedan,60.0,4
VEH03080,Pickup,90.0,6
VEH03081,Van,60.0,8
VEH03082,Hatchback,40.0,6
VEH03083,Sedan,40.0,0
VEH03084,SUV,40.0,9
VEH03085,SUV,60.0,8
VEH03086,Pickup,80.0,0
VEH03087,SUV,50.0,6
VEH03088,SUV,50.0,11
VEH03089,Sedan,80.0,2
VEH03090,Sedan,70.0,0
VEH03091,Pickup,40.0,10
VEH03092,SUV,50.0,6
VEH03093,SUV,40.0,8
VEH03094,SUV,70.0,3
VEH03095,Sedan,70.0,5
VEH03096,Pickup,40.0,3
VEH03097,SUV,40.0,4
VEH03098,Pickup,80.0,3
VEH03099,Sedan,40.0,9
VEH03100,Van,70.0,4
VEH03101,Van,70.0,1
VEH03102,Hatchback,80.0,7
VEH03103,SUV,70.0,1
VEH03104,Hatchback,40.0,1
VEH03105,Sedan,50.0,6
VEH03106,Sedan,70.0,11
VEH03107,Hatchback,80.0,5
VEH03108,Sedan,60.0,10
VEH03109,SUV,70.0,1
VEH03110,Pickup,90.0,5
VEH03111,Sedan,40.0,11
VEH03112,Sedan,50.0,2
VEH03113,Pickup,80.0,6
VEH03114,Sedan,100.0,4
VEH03115,SUV,80.0,8
VEH03116,Sedan,40.0,6
VEH03117,Pickup,60.0,6
VEH03118,Pickup,50.0,8
VEH03119,SUV,40.0,9
VEH03120,Pickup,50.0,2
VEH03121,Sedan,50.0,10
VEH03122,SUV,100.0,3
VEH03123,SUV,60.0,10
VEH03124,Sedan,60.0,3
VEH03125,Pickup,80.0,3
VEH03126,Hatchback,70.0,7
VEH03127,Van,60.0,1
VEH03128,SUV,70.0,1
VEH03129,Sedan,50.0,3
VEH03130,SUV,70.0,2
VEH03131,SUV,60.0,8
VEH03132,SUV,80.0,0
VEH03133,SUV,70.0,11
VEH03134,Sedan,80.0,8
VEH03135,SUV,40.0,2
VEH03136,Sedan,100.0,6
VEH03137,SUV,70.0,10
VEH03138,Pickup,80.0,5
VEH03139,Sedan,50.0,9
VEH03140,SUV,70.0,8
VEH03141,Hatchback,90.0,2
VEH03142,SUV,70.0,1
VEH03143,Pickup,60.0,4
VEH03144,Van,50.0,9
VEH03145,SUV,50.0,0
VEH03146,SUV,60.0,1
VEH03147,Pickup,40.0,1
VEH03148,Pickup,50.0,8
VEH03149,Sedan,60.0,10
VEH03150,Sedan,40.0,8
VEH03151,SUV,90.0,3
VEH03152,SUV,40.0,1
VEH03153,Sedan,40.0,3
VEH03154,Pickup,100.0,7
VEH03155,SUV,80.0,6
VEH03156,Hatchback,40.0,8
VEH03157,Hatchback,70.0,9
VEH03158,SUV,50.0,4
VEH03159,Pickup,80.0,10
VEH03160,SUV,80.0,6
VEH03161,Sedan,60.0,9
VEH03162,Sedan,60.0,10
VEH03163,Pickup,70.0,5
VEH03164,SUV,70.0,4
VEH03165,Sedan,70.0,1
VEH03166,Sedan,70.0,1
VEH03167,Van,60.0,6
VEH03168,Van,90.0,8
VEH03169,SUV,70.0,10
VEH03170,SUV,50.0,1
VEH03171,Hatchback,50.0,5
VEH03172,Hatchback,70.0,0
VEH03173,Pickup,50.0,1
VEH03174,SUV,80.0,1
VEH03175,Hatchback,50.0,8
VEH03176,Hatchback,80.0,10
VEH03177,Sedan,80.0,7
VEH03178,SUV,50.0,4
VEH03179,Sedan,80.0,11
VEH03180,Hatchback,70.0,11
VEH03181,Sedan,80.0,5
VEH03182,Sedan,50.0,10
VEH03183,SUV,60.0,11
VEH03184,Sedan,60.0,8
VEH03185,Hatchback,50.0,1
VEH03186,SUV,100.0,3
VEH03187,Sedan,90.0,5
VEH03188,Hatchback,60.0,10
VEH03189,SUV,60.0,6
VEH03190,SUV,50.0,8
VEH03191,SUV,40.0,2
VEH03192,Sedan,50.0,3
VEH03193,Pickup,70.0,3
VEH03194,SUV,50.0,3
VEH03195,Sedan,70.0,0
VEH03196,SUV,90.0,1
VEH03197,Sedan,60.0,9
VEH03198,Pickup,40.0,5
VEH03199,Hatchback,70.0,0
VEH03200,Hatchback,50.0,11
VEH03201,SUV,40.0,2
VEH03202,Sedan,40.0,9
VEH03203,Hatchback,100.0,6
VEH03204,Sedan,60.0,5
VEH03205,Hatchback,70.0,2
VEH03206,Sedan,80.0,3
VEH03207,SUV,50.0,5
VEH03208,SUV,70.0,6
VEH03209,Hatchback,70.0,3
VEH03210,Sedan,70.0,2
VEH03211,Sedan,50.0,3
VEH03212,Pickup,60.0,8
VEH03213,SUV,50.0,11
VEH03214,SUV,80.0,2
VEH03215,Sedan,60.0,4
VEH03216,SUV,50.0,7
VEH03217,Sedan,40.0,0
VEH03218,Sedan,100.0,9
VEH03219,Sedan,50.0,1
VEH03220,SUV,40.0,8
VEH03221,Hatchback,60.0,11
VEH03222,Hatchback,50.0,0
VEH03223,Pickup,60.0,5
VEH03224,SUV,70.0,11
VEH03225,Hatchback,70.0,1
VEH03226,Sedan,40.0,6
VEH03227,SUV,40.0,0
VEH03228,SUV,40.0,5
VEH03229,Pickup,50.0,9
VEH03230,Hatchback,50.0,4
VEH03231,Sedan,70.0,2
VEH03232,SUV,80.0,8
VEH03233,Pickup,70.0,11
VEH03234,SUV,50.0,6
VEH03235,SUV,90.0,0
VEH03236,Van,60.0,0
VEH03237,Sedan,50.0,11
VEH03238,Pickup,60.0,10
VEH03239,Pickup,100.0,3
VEH03240,Sedan,50.0,8
VEH03241,Hatchback,60.0,9
VEH03242,Hatchback,100.0,9
VEH03243,Sedan,90.0,9
VEH03244,Hatchback,70.0,8
VEH03245,Sedan,40.0,3
VEH03246,Sedan,50.0,0
VEH03247,SUV,80.0,0
VEH03248,SUV,40.0,11
VEH03249,SUV,60.0,9
VEH03250,Hatchback,90.0,5
VEH03251,Hatchback,80.0,5
VEH03252,Van,50.0,3
VEH03253,Sedan,70.0,3
VEH03254,SUV,70.0,3
VEH03255,Sedan,40.0,6
VEH03256,Sedan,80.0,11
VEH03257,SUV,70.0,0
VEH03258,SUV,70.0,5
VEH03259,Hatchback,70.0,7
VEH03260,SUV,80.0,2
VEH03261,Sedan,70.0,2
VEH03262,Hatchback,50.0,11
VEH03263,Van,50.0,8
VEH03264,SUV,80.0,1
VEH03265,Sedan,70.0,5
VEH03266,Van,50.0,3
VEH03267,Sedan,50.0,0
VEH03268,Van,70.0,11
VEH03269,SUV,60.0,11
VEH03270,Hatchback,50.0,0
VEH03271,Sedan,50.0,1
VEH03272,Van,80.0,11
VEH03273,Hatchback,70.0,11
VEH03274,Sedan,100.0,3
VEH03275,SUV,40.0,9
VEH03276,Sedan,70.0,5
VEH03277,SUV,70.0,11
VEH03278,Van,80.0,8
VEH03279,Sedan,40.0,4
VEH03280,Sedan,50.0,4
VEH03281,Pickup,90.0,1
VEH03282,Sedan,70.0,4
VEH03283,Sedan,90.0,11
VEH03284,Hatchback,40.0,4
VEH03285,Hatchback,60.0,10
VEH03286,Van,60.0,11
VEH03287,Hatchback,60.0,6
VEH03288,Hatchback,70.0,10
VEH03289,Pickup,80.0,2
VEH03290,Sedan,70.0,8
VEH03291,Pickup,40.0,7
VEH03292,SUV,40.0,3
VEH03293,Sedan,80.0,4
VEH03294,Sedan,60.0,3
VEH03295,Hatchback,90.0,9
VEH03296,Sedan,50.0,10
VEH03297,Hatchback,40.0,11
VEH03298,SUV,70.0,10
VEH03299,Sedan,40.0,5
VEH03300,Pickup,80.0,6
VEH03301,Sedan,60.0,8
VEH03302,Sedan,60.0,2
VEH03303,Sedan,80.0,5
VEH03304,SUV,70.0,3
VEH03305,Pickup,70.0,7
VEH03306,SUV,70.0,7
VEH03307,Sedan,80.0,1
VEH03308,Hatchback,40.0,3
VEH03309,Sedan,90.0,10
VEH03310,Van,80.0,1
VEH03311,Pickup,80.0,0
VEH03312,SUV,90.0,4
VEH03313,Hatchback,40.0,9
VEH03314,Sedan,40.0,11
VEH03315,SUV,80.0,5
VEH03316,Hatchback,70.0,5
VEH03317,Sedan,50.0,5
VEH03318,SUV,60.0,2
VEH03319,SUV,70.0,7
VEH03320,SUV,50.0,7
VEH03321,Hatchback,90.0,7
VEH03322,SUV,90.0,8
VEH03323,SUV,40.0,10
VEH03324,SUV,90.0,11
VEH03325,Sedan,60.0,4
VEH03326,SUV,60.0,5
VEH03327,SUV,100.0,7
VEH03328,Van,60.0,7
VEH03329,SUV,50.0,4
VEH03330,SUV,80.0,4
VEH03331,Hatchback,70.0,0
VEH03332,Hatchback,60.0,3
VEH03333,Van,70.0,0
VEH03334,SUV,60.0,9
VEH03335,SUV,50.0,8
VEH03336,Pickup,70.0,10
VEH03337,Sedan,70.0,0
VEH03338,Sedan,70.0,7
VEH03339,Hatchback,50.0,5
VEH03340,SUV,50.0,2
VEH03341,Sedan,60.0,7
VEH03342,Sedan,80.0,10
VEH03343,Pickup,80.0,2
VEH03344,Sedan,80.0,7
VEH03345,Hatchback,50.0,6
VEH03346,Sedan,60.0,5
VEH03347,Hatchback,50.0,10
VEH03348,Sedan,70.0,2
VEH03349,Hatchback,70.0,0
VEH03350,Van,70.0,3
VEH03351,Pickup,70.0,9
VEH03352,Sedan,40.0,6
VEH03353,SUV,40.0,5
VEH03354,SUV,60.0,0
VEH03355,Pickup,60.0,7
VEH03356,SUV,60.0,11
VEH03357,Sedan,70.0,10
VEH03358,Hatchback,50.0,1
VEH03359,Sedan,80.0,9
VEH03360,Hatchback,70.0,5
VEH03361,SUV,60.0,3
VEH03362,SUV,50.0,4
VEH03363,Sedan,70.0,5
VEH03364,Van,50.0,4
VEH03365,SUV,70.0,9
VEH03366,SUV,60.0,10
VEH03367,Hatchback,70.0,4
VEH03368,Hatchback,50.0,11
VEH03369,SUV,40.0,2
VEH03370,Van,80.0,6
VEH03371,Sedan,50.0,8
VEH03372,Hatchback,80.0,3
VEH03373,Sedan,90.0,10
VEH03374,Hatchback,60.0,0
VEH03375,Sedan,80.0,5
VEH03376,SUV,60.0,4
VEH03377,Pickup,60.0,8
VEH03378,SUV,70.0,9
VEH03379,Sedan,60.0,10
VEH03380,Hatchback,40.0,9
VEH03381,Sedan,40.0,7
VEH03382,Hatchback,70.0,4
VEH03383,Hatchback,50.0,3
VEH03384,Hatchback,90.0,1
VEH03385,SUV,50.0,6
VEH03386,Hatchback,60.0,1
VEH03387,Pickup,80.0,11
VEH03388,SUV,90.0,4
VEH03389,Hatchback,60.0,1
VEH03390,SUV,100.0,2
VEH03391,Hatchback,50.0,3
VEH03392,Pickup,70.0,7
VEH03393,Hatchback,50.0,3
VEH03394,Sedan,70.0,11
VEH03395,SUV,100.0,10
VEH03396,SUV,80.0,10
VEH03397,Sedan,100.0,9
VEH03398,Sedan,50.0,10
VEH03399,Hatchback,70.0,11
VEH03400,SUV,50.0,1
VEH03401,Sedan,90.0,0
VEH03402,Sedan,60.0,6
VEH03403,Pickup,50.0,5
VEH03404,Hatchback,70.0,2
VEH03405,Hatchback,90.0,10
VEH03406,Sedan,50.0,5
VEH03407,SUV,90.0,1
VEH03408,Sedan,80.0,9
VEH03409,Hatchback,60.0,7
VEH03410,SUV,60.0,7
VEH03411,SUV,40.0,4
VEH03412,Hatchback,40.0,9
VEH03413,Sedan,100.0,4
VEH03414,Sedan,70.0,3
VEH03415,Van,40.0,1
VEH03416,Sedan,60.0,5
VEH03417,Sedan,90.0,9
VEH03418,Hatchback,80.0,6
VEH03419,SUV,40.0,1
VEH03420,SUV,40.0,3
VEH03421,SUV,60.0,7
VEH03422,SUV,70.0,9
VEH03423,SUV,40.0,3
VEH03424,Sedan,60.0,0
VEH03425,Van,60.0,5
VEH03426,Sedan,80.0,7
VEH03427,Hatchback,80.0,6
VEH03428,Van,50.0,1
VEH03429,Van,60.0,8
VEH03430,SUV,60.0,3
VEH03431,SUV,70.0,0
VEH03432,SUV,90.0,2
VEH03433,SUV,80.0,3
VEH03434,Sedan,100.0,3
VEH03435,SUV,50.0,2
VEH03436,Van,50.0,0
VEH03437,SUV,80.0,5
VEH03438,SUV,60.0,7
VEH03439,Sedan,90.0,1
VEH03440,Sedan,50.0,9
VEH03441,Hatchback,50.0,0
VEH03442,Sedan,90.0,1
VEH03443,Sedan,60.0,0
VEH03444,Pickup,70.0,4
VEH03445,SUV,70.0,6
VEH03446,Hatchback,80.0,3
VEH03447,SUV,50.0,10
VEH03448,SUV,50.0,8
VEH03449,SUV,70.0,2
VEH03450,Hatchback,70.0,7
VEH03451,Sedan,70.0,11
VEH03452,Sedan,50.0,6
VEH03453,Sedan,70.0,5
VEH03454,Sedan,50.0,6
VEH03455,Hatchback,80.0,4
VEH03456,Pickup,40.0,8
VEH03457,SUV,40.0,1
VEH03458,Pickup,90.0,1
VEH03459,Pickup,80.0,1
VEH03460,Pickup,60.0,9
VEH03461,Van,70.0,11
VEH03462,SUV,60.0,6
VEH03463,Sedan,40.0,9
VEH03464,Sedan,70.0,7
VEH03465,SUV,50.0,1
VEH03466,SUV,80.0,11
VEH03467,SUV,40.0,4
VEH03468,Pickup,80.0,0
VEH03469,SUV,90.0,9
VEH03470,SUV,40.0,7
VEH03471,SUV,70.0,0
VEH03472,Sedan,80.0,10
VEH03473,Hatchback,40.0,5
VEH03474,Pickup,50.0,4
VEH03475,Hatchback,40.0,1
VEH03476,Pickup,70.0,4
VEH03477,Pickup,90.0,11
VEH03478,Sedan,60.0,5
VEH03479,Van,60.0,10
VEH03480,SUV,40.0,7
VEH03481,SUV,50.0,10
VEH03482,Van,80.0,7
VEH03483,Pickup,60.0,2
VEH03484,Sedan,60.0,11
VEH03485,SUV,70.0,7
VEH03486,Sedan,60.0,2
VEH03487,Pickup,50.0,8
VEH03488,Sedan,60.0,1
VEH03489,SUV,80.0,8
VEH03490,SUV,80.0,5
VEH03491,SUV,60.0,1
VEH03492,Sedan,90.0,1
VEH03493,SUV,70.0,7
VEH03494,Hatchback,70.0,0
VEH03495,SUV,50.0,8
VEH03496,Hatchback,50.0,1
VEH03497,Sedan,80.0,0
VEH03498,SUV,80.0,6
VEH03499,Sedan,80.0,7
VEH03500,Hatchback,80.0,0
VEH03501,Pickup,50.0,9
VEH03502,Sedan,80.0,0
VEH03503,SUV,50.0,3
VEH03504,Sedan,80.0,4
VEH03505,Sedan,40.0,11
VEH03506,Sedan,50.0,6
VEH03507,Hatchback,50.0,7
VEH03508,SUV,70.0,7
VEH03509,Pickup,70.0,3
VEH03510,SUV,50.0,9
VEH03511,Hatchback,90.0,2
VEH03512,Sedan,70.0,4
VEH03513,Sedan,90.0,10
VEH03514,Sedan,80.0,0
VEH03515,Sedan,80.0,11
VEH03516,SUV,70.0,5
VEH03517,Sedan,60.0,8
VEH03518,Hatchback,80.0,0
VEH03519,Hatchback,60.0,6
VEH03520,SUV,70.0,11
VEH03521,Sedan,80.0,5
VEH03522,SUV,80.0,11
VEH03523,SUV,70.0,9
VEH03524,SUV,70.0,7
VEH03525,SUV,90.0,11
VEH03526,Hatchback,40.0,0
VEH03527,Pickup,50.0,11
VEH03528,Hatchback,50.0,5
VEH03529,Sedan,90.0,6
VEH03530,Hatchback,100.0,1
VEH03531,Van,60.0,10
VEH03532,SUV,40.0,7
VEH03533,SUV,60.0,3
VEH03534,Pickup,40.0,3
VEH03535,Pickup,90.0,4
VEH03536,Hatchback,50.0,6
VEH03537,SUV,80.0,9
VEH03538,Pickup,70.0,8
VEH03539,SUV,60.0,1
VEH03540,SUV,60.0,2
VEH03541,Hatchback,60.0,7
VEH03542,SUV,60.0,10
VEH03543,Hatchback,40.0,7
VEH03544,SUV,90.0,0
VEH03545,SUV,80.0,6
VEH03546,Sedan,60.0,8
VEH03547,Sedan,100.0,8
VEH03548,Pickup,60.0,8
VEH03549,Sedan,60.0,9
VEH03550,SUV,50.0,9
VEH03551,SUV,70.0,7
VEH03552,Sedan,100.0,4
VEH03553,Van,40.0,0
VEH03554,Pickup,70.0,5
VEH03555,Pickup,70.0,2
VEH03556,Sedan,60.0,1
VEH03557,Van,90.0,6
VEH03558,SUV,60.0,7
VEH03559,Sedan,80.0,6
VEH03560,SUV,100.0,6
VEH03561,Pickup,60.0,10
VEH03562,SUV,70.0,3
VEH03563,Sedan,90.0,8
VEH03564,SUV,70.0,1
VEH03565,Sedan,40.0,8
VEH03566,SUV,100.0,6
VEH03567,Sedan,100.0,8
VEH03568,SUV,90.0,9
VEH03569,Pickup,80.0,9
VEH03570,Pickup,90.0,7
VEH03571,Pickup,80.0,4
VEH03572,SUV,70.0,7
VEH03573,SUV,60.0,0
VEH03574,SUV,40.0,3
VEH03575,SUV,80.0,11
VEH03576,Sedan,50.0,2
VEH03577,Sedan,50.0,9
VEH03578,SUV,80.0,11
VEH03579,Pickup,100.0,2
VEH03580,Sedan,60.0,1
VEH03581,Van,40.0,2
VEH03582,Van,90.0,5
VEH03583,SUV,70.0,9
VEH03584,Sedan,90.0,5
VEH03585,Sedan,100.0,10
VEH03586,Van,70.0,3
VEH03587,Pickup,80.0,9
VEH03588,SUV,70.0,10
VEH03589,SUV,60.0,3
VEH03590,Pickup,40.0,6
VEH03591,SUV,60.0,10
VEH03592,SUV,80.0,11
VEH03593,Sedan,70.0,3
VEH03594,Sedan,80.0,1
VEH03595,Hatchback,50.0,9
VEH03596,SUV,50.0,9
VEH03597,Pickup,50.0,3
VEH03598,SUV,100.0,0
VEH03599,Van,50.0,8
VEH03600,Sedan,70.0,5
VEH03601,Hatchback,60.0,4
VEH03602,SUV,50.0,11
VEH03603,Sedan,100.0,3
VEH03604,SUV,50.0,3
VEH03605,Hatchback,60.0,3
VEH03606,SUV,70.0,8
VEH03607,Pickup,60.0,5
VEH03608,SUV,60.0,8
VEH03609,SUV,50.0,2
VEH03610,Sedan,60.0,3
VEH03611,Hatchback,70.0,11
VEH03612,Pickup,70.0,1
VEH03613,Sedan,100.0,4
VEH03614,Hatchback,80.0,4
VEH03615,Hatchback,60.0,11
VEH03616,Pickup,70.0,10
VEH03617,SUV,40.0,7
VEH03618,Sedan,100.0,3
VEH03619,Hatchback,40.0,10
VEH03620,Hatchback,70.0,3
VEH03621,SUV,60.0,9
VEH03622,Pickup,40.0,3
VEH03623,Hatchback,50.0,3
VEH03624,Sedan,40.0,4
VEH03625,Hatchback,50.0,0
VEH03626,SUV,50.0,1
VEH03627,SUV,90.0,10
VEH03628,Hatchback,70.0,7
VEH03629,Pickup,70.0,11
VEH03630,SUV,40.0,0
VEH03631,SUV,40.0,1
VEH03632,Hatchback,50.0,0
VEH03633,SUV,70.0,1
VEH03634,Hatchback,40.0,2
VEH03635,Sedan,60.0,8
VEH03636,Pickup,100.0,8
VEH03637,Sedan,60.0,11
VEH03638,Hatchback,80.0,0
VEH03639,Pickup,60.0,2
VEH03640,SUV,60.0,2
VEH03641,SUV,80.0,0
VEH03642,Sedan,90.0,8
VEH03643,Pickup,60.0,1
VEH03644,Pickup,60.0,5
VEH03645,Pickup,40.0,6
VEH03646,SUV,60.0,7
VEH03647,SUV,70.0,11
VEH03648,SUV,50.0,1
VEH03649,SUV,70.0,8
VEH03650,SUV,100.0,8
VEH03651,SUV,60.0,5
VEH03652,Pickup,70.0,8
VEH03653,Sedan,60.0,10
VEH03654,SUV,80.0,4
VEH03655,SUV,50.0,8
VEH03656,SUV,100.0,2
VEH03657,SUV,50.0,5
VEH03658,Sedan,90.0,6
VEH03659,Pickup,70.0,10
VEH03660,Van,60.0,8
VEH03661,Sedan,90.0,8
VEH03662,Sedan,90.0,0
VEH03663,SUV,90.0,11
VEH03664,Sedan,80.0,4
VEH03665,SUV,90.0,5
VEH03666,Van,60.0,8
VEH03667,Sedan,70.0,8
VEH03668,Hatchback,60.0,2
VEH03669,Sedan,60.0,4
VEH03670,Pickup,60.0,9
VEH03671,Sedan,40.0,6
VEH03672,Hatchback,50.0,3
VEH03673,SUV,50.0,10
VEH03674,Hatchback,100.0,10
VEH03675,Sedan,70.0,10
VEH03676,SUV,40.0,2
VEH03677,Pickup,60.0,11
VEH03678,Sedan,70.0,9
VEH03679,SUV,60.0,5
VEH03680,Sedan,50.0,2
VEH03681,SUV,50.0,9
VEH03682,Pickup,70.0,10
VEH03683,Pickup,60.0,4
VEH03684,Sedan,100.0,10
VEH03685,Hatchback,50.0,4
VEH03686,SUV,80.0,5
VEH03687,SUV,50.0,1
VEH03688,SUV,80.0,5
VEH03689,Hatchback,40.0,9
VEH03690,Sedan,100.0,8
VEH03691,SUV,70.0,10
VEH03692,Sedan,50.0,10
VEH03693,Pickup,60.0,4
VEH03694,Sedan,60.0,3
VEH03695,Sedan,80.0,11
VEH03696,SUV,60.0,9
VEH03697,Sedan,70.0,5
VEH03698,Sedan,60.0,5
VEH03699,Hatchback,50.0,10
VEH03700,SUV,60.0,7
VEH03701,SUV,70.0,9
VEH03702,SUV,80.0,10
VEH03703,Hatchback,90.0,2
VEH03704,SUV,60.0,7
VEH03705,Sedan,50.0,11
VEH03706,SUV,90.0,5
VEH03707,Van,90.0,3
VEH03708,SUV,80.0,4
VEH03709,Van,60.0,6
VEH03710,Sedan,50.0,6
VEH03711,Hatchback,60.0,3
VEH03712,Sedan,70.0,10
VEH03713,Sedan,40.0,5
VEH03714,Hatchback,40.0,8
VEH03715,SUV,60.0,7
VEH03716,SUV,90.0,4
VEH03717,Van,80.0,0
VEH03718,Hatchback,80.0,1
VEH03719,Sedan,50.0,10
VEH03720,Hatchback,40.0,1
VEH03721,Sedan,40.0,9
VEH03722,SUV,60.0,7
VEH03723,SUV,70.0,11
VEH03724,Hatchback,80.0,7
VEH03725,SUV,50.0,10
VEH03726,SUV,80.0,0
VEH03727,Sedan,70.0,11
VEH03728,Sedan,40.0,11
VEH03729,Pickup,60.0,3
VEH03730,SUV,50.0,6
VEH03731,Hatchback,100.0,4
VEH03732,SUV,90.0,8
VEH03733,Hatchback,40.0,2
VEH03734,Sedan,80.0,7
VEH03735,SUV,60.0,8
VEH03736,Sedan,70.0,3
VEH03737,SUV,40.0,0
VEH03738,Sedan,50.0,10
VEH03739,Sedan,60.0,7
VEH03740,SUV,90.0,1
VEH03741,SUV,40.0,3
VEH03742,Hatchback,70.0,8
VEH03743,Sedan,70.0,6
VEH03744,SUV,90.0,4
VEH03745,SUV,70.0,3
VEH03746,SUV,60.0,6
VEH03747,Hatchback,80.0,5
VEH03748,Hatchback,60.0,5
VEH03749,Hatchback,90.0,4
VEH03750,Pickup,40.0,6
VEH03751,Van,60.0,5
VEH03752,SUV,80.0,7
VEH03753,Pickup,50.0,11
VEH03754,Hatchback,60.0,9
VEH03755,Sedan,90.0,6
VEH03756,Sedan,50.0,2
VEH03757,SUV,90.0,5
VEH03758,Van,90.0,3
VEH03759,SUV,70.0,5
VEH03760,Hatchback,60.0,7
VEH03761,Sedan,60.0,5
VEH03762,Sedan,70.0,1
VEH03763,SUV,90.0,3
VEH03764,Van,40.0,7
VEH03765,Pickup,80.0,4
VEH03766,SUV,80.0,1
VEH03767,Sedan,90.0,0
VEH03768,Sedan,80.0,0
VEH03769,Hatchback,50.0,3
VEH03770,SUV,70.0,9
VEH03771,Hatchback,50.0,2
VEH03772,Pickup,70.0,10
VEH03773,SUV,60.0,7
VEH03774,Sedan,60.0,4
VEH03775,SUV,70.0,9
VEH03776,SUV,50.0,7
VEH03777,Van,80.0,0
VEH03778,SUV,40.0,7
VEH03779,SUV,60.0,11
VEH03780,Sedan,50.0,6
VEH03781,Van,80.0,7
VEH03782,Sedan,80.0,8
VEH03783,Hatchback,50.0,3
VEH03784,Hatchback,50.0,7
VEH03785,Hatchback,70.0,3
VEH03786,Hatchback,60.0,10
VEH03787,SUV,60.0,6
VEH03788,Hatchback,70.0,8
VEH03789,SUV,60.0,6
VEH03790,Sedan,80.0,5
VEH03791,SUV,90.0,0
VEH03792,SUV,40.0,0
VEH03793,Sedan,60.0,9
VEH03794,Pickup,100.0,7
VEH03795,Pickup,40.0,2
VEH03796,Sedan,50.0,4
VEH03797,SUV,50.0,6
VEH03798,Sedan,70.0,7
VEH03799,Van,70.0,11
VEH03800,SUV,80.0,9
VEH03801,Hatchback,80.0,5
VEH03802,SUV,70.0,3
VEH03803,Van,50.0,8
VEH03804,Hatchback,60.0,3
VEH03805,Sedan,70.0,5
VEH03806,SUV,50.0,5
VEH03807,Sedan,70.0,1
VEH03808,Sedan,50.0,1
VEH03809,Pickup,70.0,6
VEH03810,SUV,80.0,8
VEH03811,Sedan,60.0,0
VEH03812,Sedan,50.0,9
VEH03813,Sedan,40.0,6
VEH03814,SUV,100.0,1
VEH03815,Pickup,90.0,4
VEH03816,SUV,60.0,4
VEH03817,Pickup,100.0,3
VEH03818,SUV,40.0,7
VEH03819,Sedan,60.0,8
VEH03820,Hatchback,70.0,0
VEH03821,SUV,90.0,6
VEH03822,Pickup,50.0,5
VEH03823,Pickup,60.0,3
VEH03824,Pickup,60.0,3
VEH03825,Pickup,40.0,7
VEH03826,Hatchback,60.0,2
VEH03827,SUV,40.0,8
VEH03828,Sedan,60.0,6
VEH03829,Sedan,70.0,11
VEH03830,Pickup,80.0,10
VEH03831,SUV,50.0,6
VEH03832,Sedan,60.0,11
VEH03833,SUV,40.0,0
VEH03834,Sedan,90.0,0
VEH03835,SUV,90.0,1
VEH03836,Sedan,60.0,3
VEH03837,Sedan,60.0,0
VEH03838,Sedan,80.0,11
VEH03839,Hatchback,60.0,10
VEH03840,Pickup,60.0,8
VEH03841,Hatchback,70.0,2
VEH03842,Sedan,40.0,2
VEH03843,SUV,60.0,10
VEH03844,Hatchback,80.0,3
VEH03845,SUV,70.0,10
VEH03846,Sedan,80.0,7
VEH03847,Hatchback,70.0,9
VEH03848,SUV,50.0,3
VEH03849,Hatchback,70.0,2
VEH03850,SUV,50.0,7
VEH03851,Sedan,40.0,10
VEH03852,Sedan,70.0,10
VEH03853,SUV,70.0,0
VEH03854,SUV,40.0,5
VEH03855,Sedan,70.0,7
VEH03856,Sedan,60.0,2
VEH03857,Sedan,50.0,10
VEH03858,SUV,50.0,10
VEH03859,SUV,40.0,9
VEH03860,SUV,80.0,10
VEH03861,Hatchback,70.0,8
VEH03862,Pickup,70.0,2
VEH03863,SUV,60.0,10
VEH03864,Hatchback,60.0,3
VEH03865,Sedan,60.0,9
VEH03866,Pickup,80.0,2
VEH03867,SUV,70.0,5
VEH03868,SUV,60.0,0
VEH03869,Sedan,40.0,11
VEH03870,Sedan,40.0,3
VEH03871,Pickup,60.0,2
VEH03872,SUV,50.0,7
VEH03873,Sedan,70.0,4
VEH03874,Hatchback,90.0,8
VEH03875,Van,60.0,2
VEH03876,Hatchback,60.0,6
VEH03877,SUV,80.0,5
VEH03878,SUV,60.0,9
VEH03879,Van,80.0,10
VEH03880,SUV,60.0,0
VEH03881,Pickup,60.0,4
VEH03882,Van,60.0,5
VEH03883,Sedan,100.0,3
VEH03884,SUV,60.0,3
VEH03885,SUV,60.0,7
VEH03886,Sedan,90.0,1
VEH03887,Sedan,40.0,2
VEH03888,SUV,90.0,4
VEH03889,Sedan,50.0,5
VEH03890,Pickup,90.0,5
VEH03891,Sedan,70.0,6
VEH03892,Sedan,90.0,4
VEH03893,SUV,100.0,0
VEH03894,Sedan,70.0,6
VEH03895,Van,50.0,7
VEH03896,Sedan,50.0,8
VEH03897,Pickup,40.0,2
VEH03898,SUV,50.0,1
VEH03899,Pickup,70.0,5
VEH03900,Pickup,60.0,6
VEH03901,Sedan,100.0,4
VEH03902,SUV,60.0,7
VEH03903,SUV,60.0,2
VEH03904,Sedan,70.0,7
VEH03905,SUV,60.0,7
VEH03906,Sedan,100.0,2
VEH03907,Sedan,60.0,0
VEH03908,SUV,60.0,2
VEH03909,Van,50.0,0
VEH03910,Sedan,60.0,7
VEH03911,Sedan,50.0,10
VEH03912,Hatchback,80.0,10
VEH03913,SUV,50.0,6
VEH03914,Hatchback,80.0,9
VEH03915,Sedan,70.0,0
VEH03916,SUV,100.0,5
VEH03917,SUV,100.0,5
VEH03918,Hatchback,90.0,4
VEH03919,Hatchback,50.0,0
VEH03920,Pickup,70.0,11
VEH03921,Sedan,70.0,5
VEH03922,Hatchback,80.0,7
VEH03923,Sedan,70.0,0
VEH03924,SUV,50.0,6
VEH03925,SUV,70.0,4
VEH03926,Pickup,50.0,10
VEH03927,Hatchback,90.0,5
VEH03928,SUV,50.0,3
VEH03929,Sedan,60.0,11
VEH03930,SUV,40.0,9
VEH03931,Sedan,60.0,6
VEH03932,SUV,100.0,9
VEH03933,Sedan,60.0,9
VEH03934,Hatchback,70.0,11
VEH03935,Van,40.0,5
VEH03936,Pickup,60.0,6
VEH03937,Van,70.0,5
VEH03938,Sedan,50.0,6
VEH03939,Hatchback,60.0,1
VEH03940,Sedan,70.0,9
VEH03941,Hatchback,80.0,4
VEH03942,Pickup,60.0,8
VEH03943,Sedan,50.0,5
VEH03944,SUV,90.0,0
VEH03945,Sedan,50.0,1
VEH03946,Pickup,50.0,5
VEH03947,SUV,80.0,4
VEH03948,Sedan,70.0,3
VEH03949,Hatchback,90.0,7
VEH03950,Hatchback,70.0,6
VEH03951,Pickup,60.0,11
VEH03952,Hatchback,100.0,11
VEH03953,Pickup,70.0,3
VEH03954,Hatchback,80.0,10
VEH03955,Pickup,90.0,6
VEH03956,Hatchback,60.0,2
VEH03957,Hatchback,50.0,4
VEH03958,SUV,80.0,4
VEH03959,SUV,40.0,7
VEH03960,Hatchback,40.0,7
VEH03961,Sedan,70.0,3
VEH03962,Pickup,40.0,7
VEH03963,Sedan,70.0,7
VEH03964,SUV,90.0,11
VEH03965,Van,90.0,9
VEH03966,SUV,50.0,5
VEH03967,SUV,50.0,7
VEH03968,SUV,70.0,4
VEH03969,Pickup,40.0,8
VEH03970,SUV,60.0,4
VEH03971,Pickup,70.0,10
VEH03972,Sedan,50.0,3
VEH03973,Sedan,80.0,6
VEH03974,SUV,50.0,10
VEH03975,Pickup,70.0,1
VEH03976,Van,80.0,6
VEH03977,Sedan,100.0,0
VEH03978,SUV,70.0,8
VEH03979,SUV,70.0,8
VEH03980,Sedan,60.0,3
VEH03981,Pickup,60.0,7
VEH03982,Hatchback,60.0,0
VEH03983,SUV,80.0,2
VEH03984,SUV,80.0,8
VEH03985,Sedan,60.0,4
VEH03986,Sedan,80.0,4
VEH03987,Pickup,50.0,8
VEH03988,Sedan,40.0,7
VEH03989,Pickup,60.0,5
VEH03990,Hatchback,70.0,0
VEH03991,SUV,40.0,2
VEH03992,Van,70.0,11
VEH03993,Pickup,40.0,9
VEH03994,Pickup,70.0,10
VEH03995,Pickup,60.0,5
VEH03996,Sedan,90.0,11
VEH03997,SUV,60.0,7
VEH03998,SUV,60.0,11
VEH03999,Sedan,80.0,9
VEH04000,SUV,80.0,11
VEH04001,SUV,40.0,4
VEH04002,Hatchback,40.0,1
VEH04003,Van,50.0,11
VEH04004,SUV,40.0,9
VEH04005,Hatchback,80.0,1
VEH04006,Sedan,50.0,7
VEH04007,Pickup,90.0,3
VEH04008,Sedan,50.0,8
VEH04009,Hatchback,90.0,11
VEH04010,SUV,40.0,0
VEH04011,SUV,50.0,7
VEH04012,Pickup,60.0,9
VEH04013,Van,50.0,8
VEH04014,Sedan,90.0,2
VEH04015,Pickup,80.0,7
VEH04016,Pickup,80.0,9
VEH04017,Van,60.0,1
VEH04018,Hatchback,70.0,2
VEH04019,Hatchback,70.0,11
VEH04020,SUV,80.0,9
VEH04021,Sedan,70.0,5
VEH04022,Sedan,40.0,3
VEH04023,SUV,70.0,10
VEH04024,Hatchback,50.0,3
VEH04025,SUV,60.0,2
VEH04026,Van,60.0,0
VEH04027,Sedan,70.0,9
VEH04028,Van,100.0,8
VEH04029,Hatchback,60.0,3
VEH04030,SUV,60.0,0
VEH04031,SUV,40.0,11
VEH04032,Van,60.0,4
VEH04033,Sedan,70.0,2
VEH04034,Hatchback,100.0,1
VEH04035,Pickup,70.0,1
VEH04036,SUV,60.0,6
VEH04037,Hatchback,80.0,8
VEH04038,SUV,40.0,7
VEH04039,SUV,70.0,5
VEH04040,Sedan,70.0,10
VEH04041,Pickup,90.0,6
VEH04042,Hatchback,80.0,1
VEH04043,Hatchback,60.0,0
VEH04044,Pickup,60.0,10
VEH04045,SUV,50.0,7
VEH04046,Hatchback,50.0,2
VEH04047,Sedan,60.0,11
VEH04048,SUV,70.0,2
VEH04049,Sedan,80.0,7
VEH04050,Van,90.0,5
VEH04051,Van,40.0,10
VEH04052,Sedan,70.0,11
VEH04053,Pickup,60.0,11
VEH04054,Van,50.0,3
VEH04055,SUV,60.0,4
VEH04056,Hatchback,60.0,2
VEH04057,SUV,80.0,6
VEH04058,SUV,60.0,9
VEH04059,Sedan,90.0,1
VEH04060,Pickup,70.0,0
VEH04061,SUV,70.0,7
VEH04062,Sedan,50.0,1
VEH04063,Sedan,50.0,7
VEH04064,SUV,40.0,3
VEH04065,SUV,50.0,1
VEH04066,Van,70.0,5
VEH04067,SUV,70.0,7
VEH04068,Hatchback,40.0,4
VEH04069,Sedan,50.0,7
VEH04070,Sedan,50.0,11
VEH04071,SUV,90.0,3
VEH04072,Hatchback,100.0,10
VEH04073,Sedan,80.0,0
VEH04074,Hatchback,60.0,7
VEH04075,SUV,60.0,10
VEH04076,SUV,50.0,3
VEH04077,Sedan,80.0,5
VEH04078,SUV,40.0,2
VEH04079,Van,70.0,2
VEH04080,Sedan,70.0,4
VEH04081,SUV,90.0,11
VEH04082,SUV,50.0,5
VEH04083,Hatchback,70.0,3
VEH04084,Sedan,60.0,1
VEH04085,Sedan,50.0,10
VEH04086,Sedan,60.0,0
VEH04087,SUV,60.0,3
VEH04088,Sedan,70.0,8
VEH04089,Pickup,50.0,0
VEH04090,SUV,70.0,9
VEH04091,Pickup,40.0,0
VEH04092,Sedan,50.0,2
VEH04093,Pickup,50.0,11
VEH04094,Pickup,70.0,6
VEH04095,SUV,70.0,0
VEH04096,Pickup,90.0,3
VEH04097,SUV,60.0,3
VEH04098,Sedan,50.0,10
VEH04099,Sedan,60.0,11
VEH04100,Hatchback,60.0,2
VEH04101,SUV,100.0,9
VEH04102,SUV,60.0,11
VEH04103,Hatchback,50.0,6
VEH04104,Pickup,40.0,5
VEH04105,Sedan,50.0,7
VEH04106,Van,60.0,1
VEH04107,Sedan,40.0,5
VEH04108,Pickup,50.0,0
VEH04109,Sedan,60.0,5
VEH04110,SUV,60.0,7
VEH04111,Hatchback,50.0,9
VEH04112,Van,80.0,5
VEH04113,Sedan,40.0,3
VEH04114,Sedan,90.0,3
VEH04115,SUV,40.0,1
VEH04116,Pickup,80.0,1
VEH04117,SUV,60.0,11
VEH04118,Sedan,70.0,7
VEH04119,SUV,70.0,9
VEH04120,Pickup,90.0,9
VEH04121,Hatchback,60.0,1
VEH04122,Sedan,80.0,7
VEH04123,Pickup,60.0,5
VEH04124,SUV,50.0,8
VEH04125,Pickup,60.0,2
VEH04126,Hatchback,60.0,4
VEH04127,SUV,90.0,3
VEH04128,Hatchback,50.0,2
VEH04129,Sedan,70.0,6
VEH04130,Sedan,90.0,6
VEH04131,Sedan,60.0,10
VEH04132,SUV,70.0,10
VEH04133,Sedan,90.0,8
VEH04134,Van,60.0,8
VEH04135,Sedan,40.0,9
VEH04136,SUV,70.0,3
VEH04137,Sedan,70.0,10
VEH04138,Sedan,70.0,6
VEH04139,Sedan,80.0,10
VEH04140,Hatchback,90.0,3
VEH04141,Sedan,80.0,3
VEH04142,Hatchback,70.0,5
VEH04143,Sedan,70.0,4
VEH04144,Sedan,90.0,6
VEH04145,SUV,70.0,7
VEH04146,Sedan,80.0,7
VEH04147,SUV,70.0,9
VEH04148,Hatchback,40.0,7
VEH04149,SUV,100.0,6
VEH04150,SUV,50.0,1
VEH04151,Hatchback,70.0,8
VEH04152,SUV,70.0,0
VEH04153,Pickup,90.0,7
VEH04154,Sedan,70.0,11
VEH04155,Sedan,50.0,7
VEH04156,Hatchback,60.0,7
VEH04157,Pickup,40.0,6
VEH04158,SUV,90.0,2
VEH04159,Hatchback,60.0,4
VEH04160,SUV,60.0,2
VEH04161,SUV,40.0,7
VEH04162,Hatchback,70.0,3
VEH04163,Pickup,40.0,3
VEH04164,SUV,60.0,0
VEH04165,Van,50.0,6
VEH04166,Pickup,40.0,5
VEH04167,Hatchback,60.0,11
VEH04168,Sedan,60.0,8
VEH04169,SUV,40.0,0
VEH04170,Van,80.0,11
VEH04171,Sedan,60.0,7
VEH04172,Hatchback,60.0,7
VEH04173,Sedan,40.0,5
VEH04174,Hatchback,100.0,11
VEH04175,Pickup,60.0,3
VEH04176,SUV,90.0,4
VEH04177,Pickup,80.0,2
VEH04178,SUV,40.0,6
VEH04179,SUV,50.0,2
VEH04180,Hatchback,90.0,8
VEH04181,Sedan,80.0,11
VEH04182,Sedan,80.0,7
VEH04183,SUV,100.0,2
VEH04184,Hatchback,90.0,11
VEH04185,SUV,60.0,4
VEH04186,SUV,100.0,5
VEH04187,Sedan,60.0,7
VEH04188,Sedan,70.0,3
VEH04189,Sedan,80.0,5
VEH04190,Sedan,80.0,7
VEH04191,SUV,70.0,5
VEH04192,SUV,40.0,3
VEH04193,SUV,70.0,3
VEH04194,SUV,70.0,10
VEH04195,Sedan,70.0,9
VEH04196,Hatchback,50.0,5
VEH04197,Sedan,60.0,5
VEH04198,Pickup,70.0,3
VEH04199,Hatchback,40.0,11
VEH04200,Pickup,50.0,4
VEH04201,Hatchback,90.0,8
VEH04202,SUV,90.0,4
VEH04203,Sedan,60.0,0
VEH04204,Pickup,50.0,7
VEH04205,Pickup,60.0,1
VEH04206,Pickup,60.0,6
VEH04207,Pickup,80.0,2
VEH04208,Sedan,40.0,8
VEH04209,Pickup,50.0,1
VEH04210,Hatchback,50.0,7
VEH04211,SUV,70.0,4
VEH04212,Sedan,60.0,8
VEH04213,SUV,60.0,8
VEH04214,Pickup,90.0,9
VEH04215,SUV,70.0,6
VEH04216,Hatchback,50.0,9
VEH04217,SUV,60.0,9
VEH04218,Van,60.0,0
VEH04219,Sedan,80.0,9
VEH04220,Pickup,100.0,6
VEH04221,Sedan,70.0,7
VEH04222,Sedan,100.0,10
VEH04223,Sedan,50.0,1
VEH04224,SUV,40.0,8
VEH04225,SUV,50.0,9
VEH04226,SUV,50.0,1
VEH04227,Van,50.0,6
VEH04228,Sedan,40.0,7
VEH04229,SUV,50.0,3
VEH04230,Sedan,60.0,2
VEH04231,Sedan,80.0,8
VEH04232,SUV,80.0,3
VEH04233,Sedan,50.0,1
VEH04234,Hatchback,50.0,3
VEH04235,Pickup,70.0,11
VEH04236,SUV,80.0,2
VEH04237,Pickup,70.0,10
VEH04238,SUV,50.0,6
VEH04239,Hatchback,50.0,10
VEH04240,Pickup,70.0,11
VEH04241,Hatchback,70.0,5
VEH04242,Hatchback,70.0,0
VEH04243,SUV,50.0,10
VEH04244,Sedan,80.0,4
VEH04245,Pickup,90.0,11
VEH04246,SUV,50.0,5
VEH04247,Sedan,90.0,8
VEH04248,SUV,80.0,8
VEH04249,SUV,70.0,3
VEH04250,SUV,70.0,9
VEH04251,Pickup,40.0,2
VEH04252,Van,90.0,7
VEH04253,Pickup,70.0,6
VEH04254,Hatchback,80.0,4
VEH04255,Sedan,70.0,4
VEH04256,Pickup,90.0,9
VEH04257,Hatchback,90.0,2
VEH04258,SUV,50.0,6
VEH04259,SUV,100.0,5
VEH04260,SUV,70.0,3
VEH04261,Hatchback,70.0,10
VEH04262,Van,100.0,9
VEH04263,Sedan,50.0,4
VEH04264,Sedan,90.0,6
VEH04265,SUV,80.0,3
VEH04266,Pickup,90.0,7
VEH04267,Van,90.0,10
VEH04268,Sedan,70.0,8
VEH04269,SUV,60.0,1
VEH04270,Sedan,70.0,5
VEH04271,Sedan,50.0,8
VEH04272,SUV,40.0,8
VEH04273,SUV,90.0,0
VEH04274,Hatchback,80.0,0
VEH04275,Sedan,70.0,10
VEH04276,Van,50.0,0
VEH04277,Hatchback,40.0,3
VEH04278,SUV,80.0,6
VEH04279,SUV,40.0,1
VEH04280,Pickup,100.0,6
VEH04281,Pickup,90.0,5
VEH04282,Hatchback,80.0,4
VEH04283,SUV,100.0,4
VEH04284,Hatchback,90.0,7
VEH04285,Hatchback,60.0,7
VEH04286,Sedan,70.0,7
VEH04287,Van,60.0,5
VEH04288,Pickup,40.0,11
VEH04289,SUV,70.0,8
VEH04290,Hatchback,70.0,11
VEH04291,Van,100.0,0
VEH04292,SUV,50.0,9
VEH04293,Hatchback,40.0,3
VEH04294,Pickup,80.0,9
VEH04295,SUV,100.0,1
VEH04296,Sedan,90.0,5
VEH04297,Pickup,100.0,8
VEH04298,Van,70.0,6
VEH04299,Sedan,80.0,0
VEH04300,Hatchback,100.0,5
VEH04301,Sedan,80.0,8
VEH04302,Sedan,70.0,2
VEH04303,SUV,90.0,11
VEH04304,SUV,50.0,2
VEH04305,Hatchback,50.0,5
VEH04306,Pickup,90.0,4
VEH04307,SUV,90.0,6
VEH04308,SUV,70.0,11
VEH04309,SUV,50.0,3
VEH04310,SUV,60.0,5
VEH04311,Hatchback,80.0,2
VEH04312,Pickup,90.0,0
VEH04313,SUV,80.0,8
VEH04314,SUV,70.0,10
VEH04315,Sedan,60.0,9
VEH04316,Sedan,50.0,10
VEH04317,SUV,40.0,3
VEH04318,Hatchback,70.0,3
VEH04319,SUV,80.0,4
VEH04320,Pickup,80.0,6
VEH04321,SUV,90.0,4
VEH04322,Sedan,80.0,0
VEH04323,SUV,70.0,10
VEH04324,Hatchback,50.0,11
VEH04325,Hatchback,70.0,0
VEH04326,Sedan,70.0,6
VEH04327,Sedan,40.0,10
VEH04328,Pickup,60.0,10
VEH04329,Van,50.0,4
VEH04330,Pickup,50.0,4
VEH04331,SUV,60.0,2
VEH04332,Pickup,60.0,11
VEH04333,Pickup,70.0,4
VEH04334,SUV,50.0,8
VEH04335,Hatchback,90.0,1
VEH04336,SUV,80.0,0
VEH04337,SUV,80.0,3
VEH04338,SUV,70.0,5
VEH04339,Hatchback,60.0,4
VEH04340,Pickup,50.0,3
VEH04341,Hatchback,50.0,7
VEH04342,Sedan,80.0,11
VEH04343,Pickup,50.0,4
VEH04344,Pickup,50.0,2
VEH04345,SUV,80.0,5
VEH04346,Hatchback,50.0,0
VEH04347,Sedan,50.0,3
VEH04348,Sedan,50.0,1
VEH04349,Hatchback,60.0,2
VEH04350,SUV,80.0,7
VEH04351,SUV,100.0,5
VEH04352,Pickup,70.0,10
VEH04353,Van,70.0,7
VEH04354,SUV,60.0,5
VEH04355,Sedan,70.0,6
VEH04356,SUV,50.0,2
VEH04357,Hatchback,60.0,0
VEH04358,SUV,70.0,1
VEH04359,Sedan,50.0,9
VEH04360,Pickup,70.0,9
VEH04361,Sedan,50.0,11
VEH04362,Sedan,50.0,8
VEH04363,Sedan,70.0,11
VEH04364,Hatchback,80.0,1
VEH04365,SUV,90.0,3
VEH04366,Hatchback,90.0,9
VEH04367,Pickup,40.0,1
VEH04368,SUV,80.0,6
VEH04369,Hatchback,60.0,1
VEH04370,Hatchback,40.0,6
VEH04371,Hatchback,100.0,6
VEH04372,Sedan,80.0,4
VEH04373,Van,60.0,0
VEH04374,Pickup,70.0,5
VEH04375,SUV,100.0,9
VEH04376,SUV,80.0,2
VEH04377,Sedan,70.0,6
VEH04378,Sedan,70.0,4
VEH04379,SUV,60.0,2
VEH04380,Sedan,100.0,5
VEH04381,Sedan,90.0,2
VEH04382,Hatchback,60.0,1
VEH04383,SUV,70.0,11
VEH04384,SUV,70.0,2
VEH04385,Hatchback,90.0,10
VEH04386,SUV,90.0,9
VEH04387,Sedan,70.0,4
VEH04388,Sedan,40.0,0
VEH04389,Hatchback,70.0,1
VEH04390,Pickup,70.0,10
VEH04391,SUV,80.0,8
VEH04392,SUV,90.0,4
VEH04393,Sedan,90.0,8
VEH04394,Hatchback,50.0,5
VEH04395,Pickup,100.0,0
VEH04396,Hatchback,70.0,0
VEH04397,SUV,90.0,1
VEH04398,Van,70.0,10
VEH04399,SUV,60.0,3
VEH04400,SUV,50.0,0
VEH04401,Hatchback,80.0,3
VEH04402,SUV,50.0,8
VEH04403,SUV,40.0,2
VEH04404,Sedan,70.0,2
VEH04405,SUV,60.0,3
VEH04406,SUV,40.0,7
VEH04407,Sedan,80.0,7
VEH04408,SUV,70.0,2
VEH04409,Sedan,50.0,9
VEH04410,SUV,80.0,3
VEH04411,Van,60.0,1
VEH04412,SUV,70.0,4
VEH04413,SUV,60.0,0
VEH04414,SUV,70.0,7
VEH04415,Sedan,50.0,2
VEH04416,Sedan,90.0,1
VEH04417,Sedan,60.0,3
VEH04418,SUV,90.0,11
VEH04419,SUV,60.0,8
VEH04420,SUV,80.0,5
VEH04421,Hatchback,60.0,6
VEH04422,SUV,50.0,1
VEH04423,Pickup,40.0,9
VEH04424,SUV,50.0,11
VEH04425,Van,70.0,10
VEH04426,Hatchback,60.0,7
VEH04427,SUV,80.0,4
VEH04428,SUV,70.0,7
VEH04429,SUV,100.0,1
VEH04430,Sedan,50.0,8
VEH04431,SUV,80.0,3
VEH04432,Pickup,70.0,1
VEH04433,Pickup,40.0,5
VEH04434,SUV,60.0,4
VEH04435,Sedan,80.0,2
VEH04436,SUV,80.0,10
VEH04437,Sedan,70.0,5
VEH04438,SUV,90.0,11
VEH04439,Hatchback,50.0,11
VEH04440,Pickup,70.0,8
VEH04441,Pickup,70.0,3
VEH04442,Hatchback,50.0,9
VEH04443,Sedan,50.0,4
VEH04444,Pickup,80.0,8
VEH04445,Hatchback,80.0,8
VEH04446,Pickup,100.0,7
VEH04447,Hatchback,70.0,8
VEH04448,Sedan,90.0,5
VEH04449,Van,50.0,7
VEH04450,Sedan,70.0,10
VEH04451,SUV,40.0,0
VEH04452,SUV,70.0,2
VEH04453,Sedan,90.0,11
VEH04454,Hatchback,80.0,7
VEH04455,SUV,80.0,11
VEH04456,Pickup,40.0,3
VEH04457,Pickup,80.0,8
VEH04458,Sedan,40.0,11
VEH04459,Pickup,80.0,1
VEH04460,Van,40.0,4
VEH04461,SUV,60.0,9
VEH04462,Sedan,70.0,6
VEH04463,Sedan,50.0,8
VEH04464,Pickup,70.0,11
VEH04465,SUV,40.0,11
VEH04466,Hatchback,70.0,11
VEH04467,Sedan,50.0,5
VEH04468,Sedan,80.0,1
VEH04469,Sedan,60.0,1
VEH04470,Sedan,40.0,7
VEH04471,SUV,50.0,2
VEH04472,Hatchback,50.0,5
VEH04473,Hatchback,60.0,9
VEH04474,Hatchback,100.0,3
VEH04475,SUV,40.0,4
VEH04476,SUV,50.0,7
VEH04477,Sedan,60.0,4
VEH04478,Van,40.0,9
VEH04479,Pickup,60.0,8
VEH04480,Pickup,40.0,9
VEH04481,Hatchback,90.0,6
VEH04482,SUV,80.0,1
VEH04483,Sedan,40.0,7
VEH04484,SUV,50.0,7
VEH04485,Hatchback,60.0,8
VEH04486,SUV,60.0,10
VEH04487,Hatchback,80.0,6
VEH04488,Hatchback,80.0,4
VEH04489,Hatchback,50.0,9
VEH04490,SUV,60.0,0
VEH04491,Sedan,40.0,9
VEH04492,Pickup,80.0,10
VEH04493,Pickup,80.0,8
VEH04494,Van,90.0,4
VEH04495,Sedan,50.0,9
VEH04496,Van,70.0,0
VEH04497,Sedan,100.0,7
VEH04498,Sedan,80.0,11
VEH04499,SUV,50.0,9
VEH04500,Pickup,90.0,10
VEH04501,SUV,80.0,6
VEH04502,Sedan,60.0,1
VEH04503,Hatchback,60.0,5
VEH04504,Sedan,50.0,9
VEH04505,Sedan,60.0,9
VEH04506,SUV,100.0,3
VEH04507,Sedan,80.0,8
VEH04508,SUV,80.0,11
VEH04509,Sedan,60.0,5
VEH04510,SUV,50.0,7
VEH04511,Sedan,50.0,4
VEH04512,Van,60.0,2
VEH04513,SUV,80.0,8
VEH04514,Van,60.0,0
VEH04515,Van,40.0,5
VEH04516,Sedan,50.0,7
VEH04517,Sedan,50.0,0
VEH04518,Sedan,80.0,7
VEH04519,SUV,60.0,8
VEH04520,Sedan,60.0,6
VEH04521,Sedan,40.0,8
VEH04522,Van,60.0,5
VEH04523,SUV,80.0,8
VEH04524,SUV,50.0,5
VEH04525,SUV,60.0,4
VEH04526,SUV,100.0,5
VEH04527,SUV,70.0,1
VEH04528,Hatchback,100.0,4
VEH04529,SUV,100.0,11
VEH04530,Sedan,80.0,7
VEH04531,Sedan,60.0,0
VEH04532,Sedan,80.0,10
VEH04533,Pickup,90.0,6
VEH04534,Pickup,80.0,5
VEH04535,Sedan,40.0,3
VEH04536,Pickup,80.0,3
VEH04537,SUV,80.0,2
VEH04538,Sedan,40.0,1
VEH04539,Hatchback,80.0,1
VEH04540,SUV,40.0,8
VEH04541,Sedan,60.0,7
VEH04542,Hatchback,60.0,2
VEH04543,SUV,100.0,2
VEH04544,SUV,50.0,7
VEH04545,Pickup,70.0,2
VEH04546,Van,90.0,10
VEH04547,Sedan,50.0,3
VEH04548,SUV,40.0,2
VEH04549,Hatchback,50.0,5
VEH04550,SUV,50.0,5
VEH04551,Pickup,50.0,4
VEH04552,Sedan,60.0,3
VEH04553,Sedan,70.0,0
VEH04554,Sedan,60.0,8
VEH04555,Van,60.0,11
VEH04556,Sedan,60.0,6
VEH04557,SUV,60.0,0
VEH04558,Pickup,60.0,4
VEH04559,SUV,90.0,5
VEH04560,Hatchback,40.0,9
VEH04561,Van,70.0,5
VEH04562,SUV,40.0,0
VEH04563,Pickup,90.0,9
VEH04564,Pickup,90.0,10
VEH04565,SUV,70.0,3
VEH04566,Sedan,40.0,0
VEH04567,Pickup,80.0,6
VEH04568,SUV,50.0,0
VEH04569,Sedan,50.0,8
VEH04570,Van,40.0,3
VEH04571,Sedan,100.0,10
VEH04572,Van,70.0,5
VEH04573,Sedan,60.0,10
VEH04574,Sedan,70.0,8
VEH04575,Van,70.0,1
VEH04576,Sedan,80.0,3
VEH04577,Pickup,60.0,8
VEH04578,SUV,90.0,3
VEH04579,Van,80.0,2
VEH04580,SUV,70.0,3
VEH04581,Hatchback,90.0,1
VEH04582,Sedan,80.0,3
VEH04583,Sedan,50.0,10
VEH04584,SUV,50.0,4
VEH04585,Sedan,50.0,5
VEH04586,Hatchback,50.0,1
VEH04587,Sedan,100.0,11
VEH04588,Hatchback,60.0,4
VEH04589,SUV,50.0,6
VEH04590,SUV,60.0,5
VEH04591,Pickup,100.0,9
VEH04592,Hatchback,50.0,11
VEH04593,Pickup,40.0,10
VEH04594,Pickup,60.0,4
VEH04595,SUV,70.0,3
VEH04596,SUV,40.0,1
VEH04597,SUV,70.0,3
VEH04598,Hatchback,70.0,6
VEH04599,Sedan,60.0,4
VEH04600,Pickup,100.0,7
VEH04601,SUV,50.0,2
VEH04602,SUV,50.0,7
VEH04603,SUV,50.0,6
VEH04604,Van,50.0,10
VEH04605,Hatchback,60.0,9
VEH04606,SUV,90.0,2
VEH04607,SUV,50.0,1
VEH04608,SUV,80.0,9
VEH04609,SUV,70.0,10
VEH04610,Hatchback,40.0,2
VEH04611,SUV,80.0,4
VEH04612,Pickup,70.0,8
VEH04613,Sedan,50.0,11
VEH04614,Sedan,50.0,0
VEH04615,SUV,50.0,4
VEH04616,SUV,100.0,9
VEH04617,Sedan,100.0,1
VEH04618,SUV,40.0,5
VEH04619,Sedan,80.0,1
VEH04620,SUV,60.0,10
VEH04621,Hatchback,40.0,1
VEH04622,Pickup,60.0,3
VEH04623,Hatchback,90.0,9
VEH04624,Pickup,60.0,11
VEH04625,Sedan,70.0,0
VEH04626,Pickup,90.0,8
VEH04627,SUV,60.0,9
VEH04628,Hatchback,60.0,7
VEH04629,Sedan,70.0,10
VEH04630,Sedan,100.0,3
VEH04631,SUV,70.0,0
VEH04632,SUV,100.0,9
VEH04633,SUV,60.0,2
VEH04634,SUV,70.0,4
VEH04635,SUV,60.0,4
VEH04636,Van,70.0,3
VEH04637,Van,80.0,4
VEH04638,Sedan,70.0,7
VEH04639,Hatchback,90.0,11
VEH04640,Pickup,70.0,11
VEH04641,Pickup,70.0,5
VEH04642,Sedan,50.0,5
VEH04643,Sedan,90.0,7
VEH04644,SUV,40.0,1
VEH04645,Sedan,40.0,3
VEH04646,SUV,60.0,8
VEH04647,Hatchback,60.0,8
VEH04648,Sedan,60.0,2
VEH04649,SUV,50.0,4
VEH04650,Van,50.0,2
VEH04651,Van,100.0,4
VEH04652,Pickup,50.0,2
VEH04653,Sedan,80.0,0
VEH04654,SUV,50.0,6
VEH04655,SUV,70.0,11
VEH04656,Hatchback,80.0,8
VEH04657,Sedan,60.0,11
VEH04658,Sedan,80.0,7
VEH04659,Sedan,60.0,8
VEH04660,Hatchback,40.0,1
VEH04661,Van,50.0,7
VEH04662,Pickup,50.0,2
VEH04663,Van,70.0,9
VEH04664,SUV,80.0,0
VEH04665,Sedan,50.0,11
VEH04666,SUV,70.0,6
VEH04667,Sedan,80.0,5
VEH04668,Sedan,50.0,10
VEH04669,SUV,60.0,0
VEH04670,Sedan,60.0,7
VEH04671,Sedan,70.0,5
VEH04672,SUV,90.0,0
VEH04673,Hatchback,60.0,0
VEH04674,Sedan,70.0,6
VEH04675,Hatchback,40.0,3
VEH04676,Sedan,60.0,11
VEH04677,Hatchback,50.0,0
VEH04678,SUV,90.0,9
VEH04679,Hatchback,50.0,0
VEH04680,SUV,50.0,9
VEH04681,SUV,70.0,10
VEH04682,Hatchback,70.0,2
VEH04683,SUV,70.0,3
VEH04684,SUV,60.0,11
VEH04685,Hatchback,70.0,7
VEH04686,SUV,90.0,10
VEH04687,Hatchback,70.0,3
VEH04688,Sedan,80.0,8
VEH04689,Pickup,50.0,7
VEH04690,SUV,40.0,9
VEH04691,Van,100.0,8
VEH04692,SUV,100.0,0
VEH04693,Pickup,70.0,1
VEH04694,Sedan,50.0,7
VEH04695,Sedan,80.0,4
VEH04696,Sedan,40.0,9
VEH04697,Pickup,70.0,11
VEH04698,SUV,60.0,8
VEH04699,SUV,70.0,5
VEH04700,SUV,70.0,8
VEH04701,SUV,60.0,11
VEH04702,SUV,70.0,9
VEH04703,SUV,40.0,11
VEH04704,Van,90.0,11
VEH04705,SUV,70.0,1
VEH04706,Pickup,60.0,9
VEH04707,Hatchback,60.0,4
VEH04708,Pickup,50.0,0
VEH04709,Hatchback,50.0,5
VEH04710,Sedan,60.0,8
VEH04711,Hatchback,100.0,11
VEH04712,Hatchback,40.0,9
VEH04713,Sedan,80.0,10
VEH04714,Sedan,70.0,10
VEH04715,Sedan,90.0,8
VEH04716,Sedan,50.0,1
VEH04717,SUV,70.0,5
VEH04718,Hatchback,60.0,4
VEH04719,SUV,60.0,10
VEH04720,SUV,100.0,8
VEH04721,Pickup,80.0,0
VEH04722,Hatchback,40.0,3
VEH04723,SUV,90.0,10
VEH04724,Sedan,70.0,9
VEH04725,Hatchback,60.0,3
VEH04726,SUV,50.0,3
VEH04727,Pickup,60.0,11
VEH04728,Pickup,40.0,5
VEH04729,Pickup,50.0,4
VEH04730,Van,50.0,9
VEH04731,SUV,60.0,2
VEH04732,SUV,70.0,1
VEH04733,Hatchback,80.0,5
VEH04734,Sedan,50.0,2
VEH04735,SUV,60.0,4
VEH04736,Pickup,70.0,10
VEH04737,Sedan,60.0,3
VEH04738,Pickup,60.0,11
VEH04739,SUV,60.0,5
VEH04740,SUV,50.0,6
VEH04741,Pickup,40.0,9
VEH04742,Sedan,50.0,6
VEH04743,SUV,60.0,11
VEH04744,Hatchback,40.0,1
VEH04745,Sedan,100.0,3
VEH04746,Sedan,70.0,0
VEH04747,SUV,80.0,9
VEH04748,Sedan,70.0,4
VEH04749,Pickup,40.0,3
VEH04750,Hatchback,70.0,2
VEH04751,Pickup,90.0,3
VEH04752,Sedan,70.0,6
VEH04753,SUV,90.0,8
VEH04754,Hatchback,80.0,11
VEH04755,SUV,80.0,7
VEH04756,SUV,60.0,7
VEH04757,Sedan,70.0,0
VEH04758,Sedan,70.0,5
VEH04759,Pickup,90.0,6
VEH04760,Hatchback,60.0,5
VEH04761,Sedan,50.0,4
VEH04762,SUV,60.0,3
VEH04763,Pickup,60.0,7
VEH04764,SUV,70.0,8
VEH04765,SUV,50.0,4
VEH04766,SUV,70.0,10
VEH04767,Van,60.0,3
VEH04768,Van,60.0,4
VEH04769,Pickup,60.0,3
VEH04770,Sedan,80.0,3
VEH04771,Sedan,80.0,2
VEH04772,Van,100.0,0
VEH04773,Pickup,60.0,10
VEH04774,Sedan,70.0,4
VEH04775,Sedan,80.0,11
VEH04776,Pickup,60.0,6
VEH04777,SUV,90.0,5
VEH04778,Pickup,40.0,2
VEH04779,Pickup,60.0,2
VEH04780,Sedan,70.0,5
VEH04781,SUV,50.0,0
VEH04782,Hatchback,60.0,3
VEH04783,Sedan,50.0,3
VEH04784,Van,60.0,3
VEH04785,Van,70.0,10
VEH04786,SUV,80.0,0
VEH04787,SUV,50.0,3
VEH04788,Van,50.0,4
VEH04789,Van,90.0,9
VEH04790,Hatchback,60.0,11
VEH04791,Van,60.0,8
VEH04792,Hatchback,70.0,2
VEH04793,SUV,60.0,10
VEH04794,Sedan,50.0,5
VEH04795,Sedan,50.0,7
VEH04796,Pickup,50.0,7
VEH04797,Hatchback,50.0,7
VEH04798,Sedan,80.0,6
VEH04799,Sedan,70.0,10
VEH04800,SUV,70.0,10
VEH04801,Sedan,60.0,6
VEH04802,Pickup,90.0,0
VEH04803,Sedan,50.0,1
VEH04804,Hatchback,80.0,11
VEH04805,Pickup,60.0,3
VEH04806,Sedan,100.0,11
VEH04807,SUV,50.0,10
VEH04808,SUV,80.0,7
VEH04809,Hatchback,100.0,3
VEH04810,SUV,60.0,8
VEH04811,Hatchback,50.0,11
VEH04812,SUV,50.0,9
VEH04813,SUV,60.0,5
VEH04814,Hatchback,60.0,2
VEH04815,Hatchback,50.0,11
VEH04816,SUV,90.0,6
VEH04817,Sedan,60.0,6
VEH04818,Hatchback,90.0,9
VEH04819,Sedan,60.0,3
VEH04820,SUV,60.0,9
VEH04821,Sedan,70.0,4
VEH04822,Sedan,50.0,3
VEH04823,Pickup,40.0,5
VEH04824,SUV,80.0,1
VEH04825,Hatchback,70.0,9
VEH04826,Sedan,50.0,6
VEH04827,SUV,40.0,4
VEH04828,Van,60.0,9
VEH04829,Sedan,70.0,11
VEH04830,SUV,70.0,4
VEH04831,SUV,50.0,9
VEH04832,Sedan,70.0,9
VEH04833,Sedan,50.0,2
VEH04834,Van,70.0,3
VEH04835,Sedan,80.0,6
VEH04836,Hatchback,70.0,6
VEH04837,Hatchback,40.0,8
VEH04838,Pickup,80.0,5
VEH04839,Hatchback,80.0,0
VEH04840,Van,100.0,6
VEH04841,Sedan,50.0,1
VEH04842,SUV,70.0,11
VEH04843,Pickup,70.0,8
VEH04844,Hatchback,80.0,2
VEH04845,Hatchback,80.0,3
VEH04846,SUV,90.0,6
VEH04847,Pickup,50.0,7
VEH04848,SUV,60.0,1
VEH04849,Sedan,50.0,0
VEH04850,Pickup,70.0,9
VEH04851,Sedan,60.0,8
VEH04852,SUV,70.0,8
VEH04853,Hatchback,60.0,5
VEH04854,SUV,90.0,7
VEH04855,Hatchback,60.0,9
VEH04856,Sedan,70.0,7
VEH04857,Sedan,50.0,3
VEH04858,Pickup,80.0,8
VEH04859,Sedan,50.0,6
VEH04860,SUV,70.0,8
VEH04861,Sedan,40.0,11
VEH04862,Hatchback,60.0,5
VEH04863,Sedan,100.0,3
VEH04864,SUV,70.0,7
VEH04865,SUV,90.0,4
VEH04866,SUV,60.0,6
VEH04867,SUV,80.0,0
VEH04868,Pickup,60.0,10
VEH04869,Van,80.0,0
VEH04870,Hatchback,90.0,2
VEH04871,Pickup,100.0,2
VEH04872,Sedan,100.0,7
VEH04873,SUV,50.0,0
VEH04874,Sedan,80.0,11
VEH04875,SUV,60.0,10
VEH04876,Sedan,50.0,4
VEH04877,Hatchback,80.0,8
VEH04878,Hatchback,60.0,6
VEH04879,Van,70.0,10
VEH04880,SUV,80.0,3
VEH04881,Hatchback,50.0,3
VEH04882,Sedan,80.0,11
VEH04883,Pickup,60.0,4
VEH04884,Pickup,60.0,6
VEH04885,Sedan,60.0,8
VEH04886,SUV,70.0,1
VEH04887,Pickup,50.0,7
VEH04888,Hatchback,80.0,4
VEH04889,SUV,90.0,11
VEH04890,Pickup,40.0,4
VEH04891,SUV,70.0,2
VEH04892,Sedan,60.0,9
VEH04893,Hatchback,50.0,4
VEH04894,Pickup,70.0,8
VEH04895,Hatchback,80.0,4
VEH04896,Van,60.0,11
VEH04897,Hatchback,40.0,2
VEH04898,SUV,100.0,0
VEH04899,SUV,80.0,3
VEH04900,SUV,70.0,10
VEH04901,Sedan,60.0,7
VEH04902,Sedan,60.0,1
VEH04903,Pickup,70.0,5
VEH04904,SUV,80.0,0
VEH04905,SUV,70.0,1
VEH04906,Hatchback,90.0,6
VEH04907,Hatchback,60.0,2
VEH04908,Hatchback,50.0,0
VEH04909,Van,100.0,5
VEH04910,Van,100.0,2
VEH04911,Van,40.0,11
VEH04912,Sedan,70.0,9
VEH04913,SUV,70.0,0
VEH04914,Sedan,70.0,0
VEH04915,Hatchback,60.0,10
VEH04916,SUV,60.0,10
VEH04917,SUV,60.0,10
VEH04918,SUV,50.0,5
VEH04919,Pickup,90.0,3
VEH04920,Hatchback,80.0,2
VEH04921,Van,70.0,9
VEH04922,Van,50.0,1
VEH04923,Sedan,90.0,6
VEH04924,SUV,60.0,6
VEH04925,SUV,80.0,4
VEH04926,Pickup,90.0,8
VEH04927,Sedan,100.0,7
VEH04928,Hatchback,70.0,11
VEH04929,Sedan,70.0,9
VEH04930,Van,50.0,2
VEH04931,Pickup,70.0,7
VEH04932,Sedan,70.0,4
VEH04933,Sedan,80.0,9
VEH04934,Hatchback,60.0,3
VEH04935,SUV,60.0,7
VEH04936,Hatchback,80.0,1
VEH04937,Van,90.0,0
VEH04938,Hatchback,90.0,10
VEH04939,SUV,60.0,4
VEH04940,Sedan,40.0,1
VEH04941,Hatchback,60.0,1
VEH04942,Pickup,100.0,11
VEH04943,SUV,90.0,2
VEH04944,Van,90.0,1
VEH04945,Sedan,40.0,1
VEH04946,Sedan,40.0,3
VEH04947,Hatchback,80.0,9
VEH04948,Hatchback,50.0,1
VEH04949,Sedan,50.0,1
VEH04950,SUV,50.0,0
VEH04951,Sedan,60.0,7
VEH04952,SUV,60.0,11
VEH04953,Sedan,60.0,8
VEH04954,Van,60.0,0
VEH04955,Sedan,80.0,4
VEH04956,Sedan,50.0,6
VEH04957,SUV,60.0,4
VEH04958,Pickup,60.0,11
VEH04959,Hatchback,40.0,1
VEH04960,Sedan,100.0,9
VEH04961,Pickup,80.0,1
VEH04962,Pickup,50.0,11
VEH04963,SUV,80.0,10
VEH04964,Hatchback,70.0,5
VEH04965,Sedan,90.0,6
VEH04966,SUV,60.0,10
VEH04967,Pickup,50.0,4
VEH04968,Hatchback,50.0,1
VEH04969,Van,50.0,11
VEH04970,Pickup,40.0,7
VEH04971,Sedan,80.0,0
VEH04972,Hatchback,70.0,0
VEH04973,Van,40.0,4
VEH04974,Sedan,80.0,6
VEH04975,SUV,90.0,2
VEH04976,Sedan,80.0,1
VEH04977,SUV,80.0,8
VEH04978,Pickup,60.0,7
VEH04979,SUV,70.0,2
VEH04980,Sedan,70.0,11
VEH04981,SUV,50.0,11
VEH04982,Van,90.0,2
VEH04983,SUV,40.0,8
VEH04984,Hatchback,60.0,3
VEH04985,Van,70.0,8
VEH04986,SUV,70.0,9
VEH04987,SUV,60.0,11
VEH04988,Pickup,60.0,8
VEH04989,Hatchback,70.0,5
VEH04990,Sedan,70.0,10
VEH04991,Hatchback,50.0,1
VEH04992,Sedan,80.0,11
VEH04993,Hatchback,80.0,2
VEH04994,Pickup,50.0,4
VEH04995,Hatchback,40.0,7
VEH04996,SUV,50.0,10
VEH04997,Sedan,60.0,10
VEH04998,Sedan,60.0,2
VEH04999,Pickup,70.0,11
VEH05000,Hatchback,60.0,8
VEH05001,Sedan,60.0,8
VEH05002,Sedan,100.0,0
VEH05003,SUV,50.0,8
VEH05004,Hatchback,40.0,2
VEH05005,Sedan,70.0,5
VEH05006,Sedan,40.0,5
VEH05007,Hatchback,60.0,9
VEH05008,Sedan,60.0,6
VEH05009,SUV,40.0,11
VEH05010,SUV,40.0,2
VEH05011,Hatchback,40.0,6
VEH05012,Hatchback,80.0,7
VEH05013,Sedan,50.0,7
VEH05014,SUV,60.0,8
VEH05015,SUV,40.0,1
VEH05016,SUV,70.0,0
VEH05017,SUV,70.0,6
VEH05018,Hatchback,70.0,4
VEH05019,Van,70.0,2
VEH05020,Sedan,60.0,5
VEH05021,Hatchback,80.0,5
VEH05022,SUV,70.0,0
VEH05023,Hatchback,50.0,3
VEH05024,SUV,60.0,7
VEH05025,Hatchback,90.0,3
VEH05026,SUV,40.0,4
VEH05027,Pickup,70.0,11
VEH05028,Sedan,60.0,1
VEH05029,Hatchback,60.0,0
VEH05030,Pickup,90.0,5
VEH05031,SUV,80.0,10
VEH05032,Van,70.0,8
VEH05033,Sedan,50.0,9
VEH05034,Pickup,80.0,6
VEH05035,Sedan,60.0,1
VEH05036,SUV,50.0,11
VEH05037,Pickup,60.0,6
VEH05038,Hatchback,40.0,11
VEH05039,Hatchback,90.0,11
VEH05040,SUV,80.0,10
VEH05041,SUV,80.0,3
VEH05042,Hatchback,60.0,7
VEH05043,Hatchback,90.0,11
VEH05044,Hatchback,50.0,7
VEH05045,Van,80.0,9
VEH05046,Sedan,70.0,9
VEH05047,Van,60.0,10
VEH05048,Sedan,90.0,6
VEH05049,Sedan,90.0,3
VEH05050,Van,80.0,1
VEH05051,SUV,50.0,11
VEH05052,SUV,90.0,0
VEH05053,Pickup,40.0,3
VEH05054,SUV,50.0,9
VEH05055,SUV,80.0,5
VEH05056,Hatchback,70.0,11
VEH05057,SUV,100.0,9
VEH05058,Sedan,80.0,5
VEH05059,Sedan,90.0,4
VEH05060,SUV,90.0,2
VEH05061,SUV,80.0,0
VEH05062,Sedan,40.0,1
VEH05063,SUV,60.0,2
VEH05064,Pickup,100.0,6
VEH05065,Hatchback,40.0,10
VEH05066,SUV,50.0,11
VEH05067,Pickup,50.0,1
VEH05068,Sedan,100.0,8
VEH05069,Hatchback,70.0,10
VEH05070,SUV,80.0,1
VEH05071,Van,40.0,9
VEH05072,Sedan,80.0,2
VEH05073,Hatchback,90.0,3
VEH05074,SUV,70.0,2
VEH05075,SUV,70.0,2
VEH05076,Pickup,70.0,0
VEH05077,Pickup,70.0,9
VEH05078,Pickup,70.0,1
VEH05079,Sedan,50.0,11
VEH05080,Van,90.0,8
VEH05081,Hatchback,90.0,3
VEH05082,SUV,70.0,2
VEH05083,Pickup,40.0,5
VEH05084,SUV,70.0,4
VEH05085,Pickup,60.0,7
VEH05086,Hatchback,70.0,5
VEH05087,Hatchback,60.0,0
VEH05088,SUV,50.0,0
VEH05089,SUV,70.0,1
VEH05090,Hatchback,50.0,3
VEH05091,Sedan,90.0,1
VEH05092,Van,40.0,2
VEH05093,Sedan,50.0,1
VEH05094,SUV,60.0,4
VEH05095,Hatchback,60.0,4
VEH05096,Sedan,90.0,1
VEH05097,Sedan,90.0,0
VEH05098,SUV,100.0,9
VEH05099,Hatchback,80.0,7
VEH05100,Hatchback,100.0,7
VEH05101,SUV,90.0,1
VEH05102,Sedan,40.0,8
VEH05103,Pickup,70.0,3
VEH05104,Van,80.0,5
VEH05105,SUV,90.0,5
VEH05106,SUV,70.0,7
VEH05107,Hatchback,60.0,10
VEH05108,Hatchback,60.0,11
VEH05109,Sedan,80.0,8
VEH05110,Pickup,50.0,8
VEH05111,Sedan,80.0,9
VEH05112,Pickup,100.0,7
VEH05113,SUV,60.0,5
VEH05114,Hatchback,90.0,1
VEH05115,Sedan,50.0,3
VEH05116,Sedan,90.0,3
VEH05117,Van,70.0,4
VEH05118,SUV,80.0,4
VEH05119,Pickup,60.0,1
VEH05120,Hatchback,80.0,3
VEH05121,SUV,90.0,10
VEH05122,Hatchback,70.0,5
VEH05123,Sedan,40.0,8
VEH05124,Pickup,60.0,9
VEH05125,Sedan,70.0,6
VEH05126,Sedan,50.0,5
VEH05127,Hatchback,50.0,6
VEH05128,SUV,50.0,3
VEH05129,Hatchback,70.0,0
VEH05130,Sedan,70.0,6
VEH05131,SUV,50.0,11
VEH05132,Hatchback,60.0,3
VEH05133,Sedan,70.0,5
VEH05134,Hatchback,70.0,8
VEH05135,Hatchback,100.0,10
VEH05136,SUV,40.0,7
VEH05137,Sedan,60.0,0
VEH05138,SUV,40.0,9
VEH05139,SUV,90.0,9
VEH05140,Van,60.0,5
VEH05141,Sedan,50.0,3
VEH05142,Pickup,60.0,6
VEH05143,Van,50.0,7
VEH05144,Hatchback,40.0,5
VEH05145,Sedan,50.0,9
VEH05146,SUV,70.0,8
VEH05147,Sedan,70.0,9
VEH05148,Pickup,60.0,1
VEH05149,Pickup,50.0,9
VEH05150,Van,70.0,8
VEH05151,SUV,80.0,10
VEH05152,Pickup,100.0,9
VEH05153,Pickup,70.0,7
VEH05154,Hatchback,40.0,9
VEH05155,Pickup,70.0,6
VEH05156,SUV,40.0,11
VEH05157,Pickup,70.0,11
VEH05158,Pickup,50.0,10
VEH05159,Pickup,70.0,10
VEH05160,Pickup,60.0,11
VEH05161,Pickup,40.0,1
VEH05162,Hatchback,80.0,3
VEH05163,SUV,60.0,10
VEH05164,Sedan,90.0,8
VEH05165,Hatchback,50.0,10
VEH05166,Pickup,60.0,5
VEH05167,SUV,50.0,10
VEH05168,Sedan,70.0,0
VEH05169,Sedan,80.0,1
VEH05170,Pickup,50.0,9
VEH05171,Hatchback,60.0,1
VEH05172,Sedan,90.0,2
VEH05173,SUV,80.0,5
VEH05174,Sedan,60.0,8
VEH05175,Pickup,40.0,11
VEH05176,Hatchback,60.0,6
VEH05177,SUV,80.0,1
VEH05178,Pickup,70.0,4
VEH05179,Sedan,60.0,6
VEH05180,Sedan,80.0,8
VEH05181,Sedan,90.0,11
VEH05182,Pickup,50.0,6
VEH05183,Sedan,60.0,7
VEH05184,Pickup,70.0,11
VEH05185,SUV,60.0,0
VEH05186,Sedan,70.0,11
VEH05187,Sedan,80.0,7
VEH05188,SUV,70.0,3
VEH05189,Van,70.0,10
VEH05190,SUV,60.0,10
VEH05191,SUV,50.0,7
VEH05192,Van,70.0,11
VEH05193,Sedan,50.0,3
VEH05194,SUV,60.0,3
VEH05195,SUV,60.0,10
VEH05196,SUV,40.0,4
VEH05197,SUV,60.0,6
VEH05198,Sedan,70.0,9
VEH05199,SUV,90.0,2
VEH05200,Sedan,70.0,3
VEH05201,Sedan,90.0,5
VEH05202,Pickup,80.0,10
VEH05203,SUV,90.0,6
VEH05204,Pickup,80.0,1
VEH05205,Hatchback,80.0,8
VEH05206,Sedan,40.0,2
VEH05207,Sedan,50.0,3
VEH05208,SUV,80.0,4
VEH05209,Van,70.0,0
VEH05210,Hatchback,40.0,3
VEH05211,Pickup,70.0,7
VEH05212,Sedan,60.0,2
VEH05213,Van,70.0,4
VEH05214,Sedan,60.0,9
VEH05215,Hatchback,70.0,10
VEH05216,Sedan,100.0,7
VEH05217,Sedan,70.0,5
VEH05218,SUV,90.0,3
VEH05219,Pickup,60.0,4
VEH05220,Pickup,100.0,6
VEH05221,Sedan,80.0,3
VEH05222,Sedan,40.0,2
VEH05223,Hatchback,50.0,7
VEH05224,Sedan,80.0,7
VEH05225,SUV,60.0,2
VEH05226,Hatchback,80.0,0
VEH05227,SUV,90.0,11
VEH05228,Pickup,50.0,10
VEH05229,Pickup,70.0,11
VEH05230,Hatchback,40.0,0
VEH05231,Van,80.0,4
VEH05232,Pickup,60.0,6
VEH05233,Pickup,60.0,11
VEH05234,Sedan,80.0,7
VEH05235,Sedan,80.0,9
VEH05236,Pickup,70.0,0
VEH05237,Sedan,60.0,9
VEH05238,Sedan,80.0,8
VEH05239,SUV,90.0,7
VEH05240,Sedan,50.0,7
VEH05241,Pickup,90.0,3
VEH05242,SUV,60.0,1
VEH05243,SUV,50.0,5
VEH05244,SUV,80.0,3
VEH05245,SUV,70.0,2
VEH05246,Sedan,70.0,8
VEH05247,Van,40.0,2
VEH05248,Sedan,70.0,5
VEH05249,Pickup,80.0,6
VEH05250,SUV,50.0,0
VEH05251,Pickup,90.0,1
VEH05252,Hatchback,80.0,3
VEH05253,Sedan,70.0,3
VEH05254,Van,60.0,11
VEH05255,Sedan,90.0,2
VEH05256,SUV,50.0,9
VEH05257,Sedan,70.0,3
VEH05258,Sedan,40.0,6
VEH05259,Sedan,100.0,9
VEH05260,Hatchback,80.0,2
VEH05261,Hatchback,70.0,9
VEH05262,Sedan,40.0,0
VEH05263,SUV,70.0,2
VEH05264,SUV,60.0,7
VEH05265,SUV,60.0,3
VEH05266,SUV,90.0,3
VEH05267,Sedan,50.0,10
VEH05268,SUV,40.0,10
VEH05269,Pickup,50.0,4
VEH05270,Sedan,80.0,2
VEH05271,Hatchback,60.0,3
VEH05272,Sedan,60.0,1
VEH05273,Sedan,90.0,7
VEH05274,Sedan,50.0,2
VEH05275,SUV,40.0,2
VEH05276,Pickup,50.0,7
VEH05277,Sedan,60.0,9
VEH05278,Sedan,60.0,5
VEH05279,Pickup,50.0,8
VEH05280,Pickup,50.0,1
VEH05281,Sedan,70.0,3
VEH05282,Sedan,50.0,8
VEH05283,SUV,60.0,8
VEH05284,Hatchback,80.0,3
VEH05285,SUV,80.0,2
VEH05286,Hatchback,70.0,3
VEH05287,Pickup,50.0,4
VEH05288,SUV,90.0,3
VEH05289,SUV,40.0,1
VEH05290,Hatchback,50.0,2
VEH05291,Sedan,60.0,6
VEH05292,SUV,70.0,4
VEH05293,Sedan,80.0,8
VEH05294,Pickup,90.0,10
VEH05295,Sedan,80.0,0
VEH05296,SUV,100.0,11
VEH05297,Hatchback,70.0,10
VEH05298,Pickup,60.0,5
VEH05299,Hatchback,60.0,6
VEH05300,Sedan,60.0,11
VEH05301,Pickup,50.0,11
VEH05302,Van,50.0,10
VEH05303,SUV,50.0,8
VEH05304,Pickup,50.0,8
VEH05305,Hatchback,100.0,4
VEH05306,Van,70.0,4
VEH05307,SUV,80.0,3
VEH05308,Pickup,90.0,3
VEH05309,SUV,50.0,0
VEH05310,Sedan,90.0,6
VEH05311,SUV,50.0,6
VEH05312,Pickup,70.0,9
VEH05313,SUV,50.0,3
VEH05314,Van,60.0,10
VEH05315,Sedan,50.0,11
VEH05316,SUV,60.0,11
VEH05317,Pickup,40.0,0
VEH05318,Sedan,50.0,8
VEH05319,Hatchback,40.0,6
VEH05320,Sedan,40.0,1
VEH05321,SUV,90.0,8
VEH05322,SUV,50.0,9
VEH05323,SUV,90.0,11
VEH05324,SUV,50.0,3
VEH05325,Sedan,40.0,11
VEH05326,Hatchback,70.0,9
VEH05327,Sedan,60.0,11
VEH05328,Hatchback,40.0,8
VEH05329,Hatchback,80.0,3
VEH05330,SUV,60.0,8
VEH05331,Sedan,70.0,2
VEH05332,Sedan,90.0,6
VEH05333,SUV,60.0,3
VEH05334,SUV,80.0,8
VEH05335,Sedan,50.0,7
VEH05336,Pickup,50.0,1
VEH05337,Sedan,60.0,11
VEH05338,SUV,100.0,9
VEH05339,Pickup,70.0,5
VEH05340,Hatchback,50.0,8
VEH05341,SUV,50.0,9
VEH05342,Hatchback,40.0,6
VEH05343,SUV,90.0,0
VEH05344,Van,70.0,6
VEH05345,Hatchback,40.0,1
VEH05346,Sedan,80.0,9
VEH05347,Sedan,50.0,7
VEH05348,Sedan,50.0,9
VEH05349,SUV,70.0,9
VEH05350,Hatchback,40.0,9
VEH05351,Hatchback,70.0,11
VEH05352,SUV,70.0,11
VEH05353,Sedan,80.0,2
VEH05354,Sedan,70.0,8
VEH05355,SUV,80.0,7
VEH05356,SUV,50.0,11
VEH05357,Hatchback,90.0,10
VEH05358,Hatchback,50.0,1
VEH05359,Sedan,40.0,4
VEH05360,Sedan,90.0,6
VEH05361,Van,50.0,9
VEH05362,Sedan,80.0,2
VEH05363,Pickup,60.0,11
VEH05364,SUV,90.0,7
VEH05365,Sedan,80.0,4
VEH05366,Sedan,70.0,7
VEH05367,Van,60.0,0
VEH05368,Pickup,50.0,6
VEH05369,Hatchback,100.0,4
VEH05370,Hatchback,80.0,1
VEH05371,SUV,80.0,6
VEH05372,Hatchback,70.0,1
VEH05373,SUV,60.0,10
VEH05374,Hatchback,60.0,4
VEH05375,SUV,60.0,4
VEH05376,Pickup,90.0,9
VEH05377,SUV,70.0,2
VEH05378,Sedan,60.0,9
VEH05379,Sedan,100.0,5
VEH05380,SUV,80.0,1
VEH05381,Hatchback,80.0,8
VEH05382,Sedan,60.0,3
VEH05383,Hatchback,40.0,10
VEH05384,Hatchback,60.0,1
VEH05385,SUV,60.0,9
VEH05386,SUV,70.0,1
VEH05387,Hatchback,60.0,1
VEH05388,SUV,80.0,0
VEH05389,Pickup,60.0,5
VEH05390,Hatchback,50.0,5
VEH05391,SUV,60.0,1
VEH05392,Hatchback,90.0,7
VEH05393,Sedan,90.0,8
VEH05394,Pickup,80.0,7
VEH05395,Hatchback,70.0,1
VEH05396,SUV,70.0,1
VEH05397,Sedan,60.0,5
VEH05398,SUV,80.0,2
VEH05399,SUV,80.0,6
VEH05400,Hatchback,70.0,9
VEH05401,Pickup,80.0,2
VEH05402,SUV,90.0,9
VEH05403,Pickup,80.0,1
VEH05404,SUV,50.0,11
VEH05405,Sedan,60.0,11
VEH05406,Sedan,40.0,7
VEH05407,SUV,80.0,4
VEH05408,Sedan,50.0,1
VEH05409,SUV,70.0,9
VEH05410,Hatchback,70.0,0
VEH05411,SUV,50.0,3
VEH05412,Sedan,60.0,10
VEH05413,Hatchback,40.0,9
VEH05414,Pickup,90.0,2
VEH05415,Sedan,50.0,11
VEH05416,Van,60.0,7
VEH05417,SUV,70.0,2
VEH05418,Sedan,90.0,3
VEH05419,Hatchback,80.0,9
VEH05420,Pickup,80.0,2
VEH05421,Van,50.0,5
VEH05422,Van,70.0,0
VEH05423,SUV,90.0,4
VEH05424,Sedan,40.0,8
VEH05425,SUV,40.0,4
VEH05426,Sedan,70.0,3
VEH05427,SUV,60.0,11
VEH05428,SUV,60.0,7
VEH05429,Van,70.0,2
VEH05430,SUV,80.0,5
VEH05431,SUV,90.0,9
VEH05432,Sedan,40.0,9
VEH05433,SUV,80.0,7
VEH05434,Hatchback,40.0,11
VEH05435,Sedan,70.0,8
VEH05436,Sedan,100.0,11
VEH05437,Pickup,100.0,11
VEH05438,Hatchback,40.0,10
VEH05439,Hatchback,40.0,1
VEH05440,Pickup,70.0,4
VEH05441,Sedan,100.0,9
VEH05442,SUV,80.0,1
VEH05443,Pickup,40.0,9
VEH05444,Sedan,60.0,11
VEH05445,SUV,70.0,9
VEH05446,SUV,70.0,3
VEH05447,SUV,40.0,10
VEH05448,SUV,60.0,5
VEH05449,Pickup,80.0,1
VEH05450,SUV,80.0,0
VEH05451,Pickup,90.0,5
VEH05452,Pickup,90.0,11
VEH05453,Hatchback,60.0,8
VEH05454,Hatchback,70.0,5
VEH05455,Van,90.0,8
VEH05456,SUV,60.0,4
VEH05457,Van,70.0,1
VEH05458,Hatchback,70.0,4
VEH05459,Pickup,40.0,11
VEH05460,Sedan,60.0,9
VEH05461,Hatchback,80.0,8
VEH05462,SUV,60.0,9
VEH05463,Hatchback,60.0,6
VEH05464,SUV,60.0,1
VEH05465,Hatchback,70.0,5
VEH05466,Van,40.0,3
VEH05467,Sedan,50.0,6
VEH05468,Sedan,40.0,1
VEH05469,SUV,70.0,7
VEH05470,Sedan,60.0,9
VEH05471,SUV,70.0,8
VEH05472,SUV,80.0,5
VEH05473,SUV,50.0,1
VEH05474,Van,70.0,9
VEH05475,SUV,90.0,3
VEH05476,SUV,40.0,1
VEH05477,Hatchback,60.0,3
VEH05478,Sedan,50.0,0
VEH05479,Pickup,100.0,3
VEH05480,Pickup,70.0,9
VEH05481,Sedan,50.0,11
VEH05482,Hatchback,90.0,2
VEH05483,SUV,50.0,2
VEH05484,SUV,40.0,0
VEH05485,Pickup,40.0,2
VEH05486,SUV,80.0,6
VEH05487,SUV,70.0,11
VEH05488,Hatchback,60.0,1
VEH05489,Pickup,60.0,2
VEH05490,Pickup,90.0,7
VEH05491,Hatchback,80.0,7
VEH05492,Sedan,70.0,9
VEH05493,Pickup,50.0,3
VEH05494,Sedan,50.0,8
VEH05495,Hatchback,80.0,6
VEH05496,Sedan,80.0,7
VEH05497,Sedan,80.0,8
VEH05498,Pickup,40.0,3
VEH05499,SUV,100.0,6
VEH05500,Van,60.0,3
VEH05501,Sedan,60.0,2
VEH05502,Sedan,90.0,6
VEH05503,SUV,70.0,3
VEH05504,Sedan,70.0,6
VEH05505,Van,50.0,6
VEH05506,Sedan,70.0,7
VEH05507,SUV,50.0,7
VEH05508,Sedan,80.0,9
VEH05509,Pickup,60.0,10
VEH05510,Hatchback,70.0,5
VEH05511,SUV,60.0,1
VEH05512,Sedan,60.0,5
VEH05513,Sedan,80.0,3
VEH05514,Sedan,90.0,1
VEH05515,Hatchback,80.0,4
VEH05516,SUV,70.0,7
VEH05517,Hatchback,60.0,10
VEH05518,Pickup,50.0,3
VEH05519,SUV,60.0,1
VEH05520,Hatchback,100.0,1
VEH05521,Sedan,80.0,7
VEH05522,Sedan,70.0,7
VEH05523,Sedan,80.0,10
VEH05524,SUV,80.0,10
VEH05525,SUV,70.0,6
VEH05526,Pickup,60.0,10
VEH05527,SUV,80.0,5
VEH05528,Sedan,80.0,5
VEH05529,Van,60.0,3
VEH05530,SUV,40.0,8
VEH05531,SUV,100.0,10
VEH05532,Pickup,90.0,10
VEH05533,Hatchback,60.0,0
VEH05534,Pickup,50.0,9
VEH05535,Hatchback,70.0,5
VEH05536,Hatchback,80.0,0
VEH05537,Sedan,50.0,1
VEH05538,SUV,40.0,6
VEH05539,Sedan,90.0,7
VEH05540,Hatchback,90.0,3
VEH05541,SUV,100.0,8
VEH05542,SUV,60.0,11
VEH05543,SUV,80.0,3
VEH05544,Sedan,40.0,5
VEH05545,Sedan,60.0,10
VEH05546,Pickup,50.0,8
VEH05547,Pickup,60.0,4
VEH05548,Sedan,40.0,9
VEH05549,SUV,90.0,2
VEH05550,Van,40.0,10
VEH05551,Sedan,80.0,2
VEH05552,Sedan,70.0,10
VEH05553,Hatchback,50.0,2
VEH05554,SUV,60.0,1
VEH05555,SUV,50.0,2
VEH05556,SUV,60.0,0
VEH05557,Van,60.0,0
VEH05558,SUV,60.0,10
VEH05559,Van,70.0,2
VEH05560,Van,70.0,9
VEH05561,Hatchback,60.0,11
VEH05562,SUV,50.0,8
VEH05563,SUV,80.0,8
VEH05564,Pickup,40.0,2
VEH05565,Sedan,70.0,6
VEH05566,SUV,50.0,3
VEH05567,Sedan,60.0,3
VEH05568,Hatchback,100.0,7
VEH05569,Hatchback,70.0,1
VEH05570,Hatchback,60.0,4
VEH05571,SUV,70.0,3
VEH05572,SUV,60.0,6
VEH05573,Sedan,80.0,11
VEH05574,Hatchback,70.0,1
VEH05575,Sedan,70.0,1
VEH05576,Pickup,80.0,5
VEH05577,Pickup,60.0,0
VEH05578,Sedan,60.0,1
VEH05579,Hatchback,60.0,8
VEH05580,SUV,60.0,0
VEH05581,Sedan,40.0,1
VEH05582,Pickup,60.0,8
VEH05583,Sedan,50.0,4
VEH05584,Hatchback,80.0,0
VEH05585,Sedan,50.0,5
VEH05586,Van,40.0,7
VEH05587,Sedan,60.0,6
VEH05588,Van,50.0,9
VEH05589,SUV,50.0,3
VEH05590,Hatchback,60.0,11
VEH05591,SUV,50.0,2
VEH05592,Hatchback,60.0,5
VEH05593,Hatchback,70.0,4
VEH05594,Sedan,60.0,5
VEH05595,Hatchback,60.0,7
VEH05596,Hatchback,70.0,8
VEH05597,Pickup,70.0,8
VEH05598,Sedan,60.0,6
VEH05599,SUV,60.0,7
VEH05600,Hatchback,60.0,4
VEH05601,SUV,80.0,2
VEH05602,Pickup,90.0,3
VEH05603,Sedan,60.0,5
VEH05604,Pickup,60.0,9
VEH05605,SUV,80.0,4
VEH05606,Hatchback,50.0,5
VEH05607,SUV,60.0,1
VEH05608,Sedan,40.0,6
VEH05609,Sedan,90.0,11
VEH05610,SUV,80.0,5
VEH05611,Sedan,50.0,8
VEH05612,Hatchback,80.0,0
VEH05613,Sedan,100.0,0
VEH05614,Pickup,50.0,2
VEH05615,SUV,80.0,11
VEH05616,SUV,90.0,4
VEH05617,Sedan,80.0,4
VEH05618,SUV,40.0,4
VEH05619,Sedan,70.0,6
VEH05620,Van,70.0,6
VEH05621,Pickup,50.0,8
VEH05622,Pickup,50.0,0
VEH05623,SUV,60.0,7
VEH05624,SUV,50.0,7
VEH05625,Sedan,50.0,6
VEH05626,Sedan,50.0,7
VEH05627,Hatchback,70.0,5
VEH05628,Sedan,40.0,9
VEH05629,Hatchback,70.0,11
VEH05630,Sedan,70.0,7
VEH05631,SUV,50.0,1
VEH05632,Sedan,60.0,0
VEH05633,SUV,100.0,3
VEH05634,Sedan,90.0,6
VEH05635,Hatchback,80.0,1
VEH05636,SUV,100.0,4
VEH05637,Hatchback,50.0,0
VEH05638,Sedan,40.0,7
VEH05639,SUV,60.0,5
VEH05640,SUV,50.0,4
VEH05641,Hatchback,60.0,7
VEH05642,SUV,80.0,3
VEH05643,SUV,90.0,0
VEH05644,Hatchback,60.0,9
VEH05645,SUV,80.0,8
VEH05646,Sedan,100.0,4
VEH05647,Van,70.0,7
VEH05648,Hatchback,100.0,11
VEH05649,Hatchback,40.0,0
VEH05650,Hatchback,60.0,4
VEH05651,Sedan,40.0,11
VEH05652,Pickup,100.0,3
VEH05653,Sedan,50.0,0
VEH05654,Hatchback,60.0,3
VEH05655,SUV,60.0,4
VEH05656,SUV,50.0,8
VEH05657,SUV,40.0,2
VEH05658,Sedan,50.0,6
VEH05659,Sedan,80.0,4
VEH05660,Pickup,60.0,10
VEH05661,Sedan,80.0,4
VEH05662,Pickup,70.0,1
VEH05663,SUV,60.0,10
VEH05664,Sedan,60.0,4
VEH05665,Pickup,60.0,1
VEH05666,SUV,50.0,11
VEH05667,Pickup,80.0,4
VEH05668,Hatchback,90.0,9
VEH05669,Pickup,50.0,1
VEH05670,Sedan,40.0,7
VEH05671,Hatchback,70.0,10
VEH05672,Pickup,70.0,11
VEH05673,SUV,60.0,9
VEH05674,Sedan,40.0,1
VEH05675,Pickup,40.0,11
VEH05676,SUV,80.0,3
VEH05677,Pickup,80.0,3
VEH05678,Sedan,80.0,2
VEH05679,SUV,70.0,11
VEH05680,SUV,50.0,9
VEH05681,Hatchback,50.0,0
VEH05682,Hatchback,40.0,3
VEH05683,Sedan,50.0,9
VEH05684,Hatchback,50.0,2
VEH05685,Pickup,70.0,0
VEH05686,Van,70.0,1
VEH05687,Hatchback,70.0,2
VEH05688,Sedan,60.0,10
VEH05689,Sedan,70.0,9
VEH05690,Sedan,80.0,6
VEH05691,Hatchback,90.0,9
VEH05692,Pickup,70.0,8
VEH05693,Pickup,70.0,6
VEH05694,Hatchback,50.0,9
VEH05695,Sedan,70.0,0
VEH05696,Pickup,50.0,7
VEH05697,Van,80.0,9
VEH05698,SUV,50.0,6
VEH05699,SUV,80.0,8
VEH05700,Sedan,60.0,8
VEH05701,Pickup,80.0,11
VEH05702,SUV,70.0,10
VEH05703,Hatchback,90.0,0
VEH05704,Sedan,70.0,6
VEH05705,Pickup,60.0,9
VEH05706,Pickup,50.0,0
VEH05707,Sedan,90.0,6
VEH05708,SUV,50.0,1
VEH05709,SUV,70.0,9
VEH05710,Pickup,90.0,10
VEH05711,Sedan,80.0,11
VEH05712,Sedan,60.0,3
VEH05713,Van,80.0,9
VEH05714,Hatchback,50.0,7
VEH05715,Sedan,40.0,0
VEH05716,SUV,70.0,11
VEH05717,Hatchback,50.0,4
VEH05718,Hatchback,80.0,8
VEH05719,Hatchback,40.0,8
VEH05720,SUV,70.0,3
VEH05721,Sedan,80.0,9
VEH05722,Van,70.0,1
VEH05723,SUV,70.0,3
VEH05724,SUV,40.0,8
VEH05725,SUV,40.0,10
VEH05726,Pickup,60.0,3
VEH05727,Pickup,50.0,5
VEH05728,Sedan,80.0,2
VEH05729,Sedan,90.0,2
VEH05730,Hatchback,50.0,10
VEH05731,Sedan,70.0,2
VEH05732,Hatchback,80.0,7
VEH05733,Sedan,80.0,1
VEH05734,Hatchback,40.0,11
VEH05735,Sedan,100.0,9
VEH05736,Sedan,50.0,8
VEH05737,Hatchback,70.0,3
VEH05738,SUV,60.0,1
VEH05739,Sedan,80.0,9
VEH05740,SUV,60.0,3
VEH05741,SUV,90.0,6
VEH05742,Hatchback,70.0,4
VEH05743,SUV,80.0,2
VEH05744,Sedan,80.0,9
VEH05745,Sedan,70.0,8
VEH05746,Pickup,80.0,8
VEH05747,SUV,70.0,3
VEH05748,Sedan,40.0,4
VEH05749,Hatchback,90.0,3
VEH05750,Hatchback,70.0,10
VEH05751,SUV,50.0,2
VEH05752,Sedan,50.0,2
VEH05753,SUV,40.0,5
VEH05754,Pickup,90.0,1
VEH05755,Pickup,80.0,6
VEH05756,Pickup,40.0,1
VEH05757,Sedan,80.0,0
VEH05758,Van,80.0,4
VEH05759,Hatchback,90.0,7
VEH05760,Van,90.0,11
VEH05761,Van,60.0,0
VEH05762,SUV,80.0,0
VEH05763,SUV,90.0,10
VEH05764,Sedan,70.0,1
VEH05765,Sedan,80.0,8
VEH05766,Pickup,90.0,9
VEH05767,Sedan,90.0,10
VEH05768,Sedan,60.0,4
VEH05769,Sedan,80.0,4
VEH05770,SUV,70.0,6
VEH05771,Sedan,70.0,6
VEH05772,Hatchback,60.0,0
VEH05773,Pickup,70.0,10
VEH05774,SUV,50.0,10
VEH05775,Pickup,60.0,4
VEH05776,Hatchback,60.0,0
VEH05777,Sedan,70.0,1
VEH05778,Sedan,70.0,9
VEH05779,SUV,90.0,1
VEH05780,SUV,50.0,1
VEH05781,Sedan,60.0,1
VEH05782,Van,70.0,6
VEH05783,SUV,70.0,7
VEH05784,SUV,70.0,8
VEH05785,Van,100.0,7
VEH05786,Hatchback,40.0,10
VEH05787,Hatchback,60.0,5
VEH05788,Sedan,70.0,10
VEH05789,Hatchback,60.0,6
VEH05790,Pickup,60.0,0
VEH05791,SUV,50.0,3
VEH05792,SUV,80.0,5
VEH05793,SUV,50.0,10
VEH05794,Pickup,90.0,5
VEH05795,SUV,50.0,0
VEH05796,Pickup,70.0,0
VEH05797,Hatchback,70.0,2
VEH05798,SUV,70.0,10
VEH05799,SUV,50.0,3
VEH05800,SUV,90.0,9
VEH05801,Hatchback,70.0,4
VEH05802,Van,60.0,5
VEH05803,Sedan,80.0,2
VEH05804,SUV,50.0,8
VEH05805,Sedan,60.0,1
VEH05806,Pickup,50.0,10
VEH05807,Pickup,80.0,1
VEH05808,Hatchback,70.0,6
VEH05809,Sedan,60.0,11
VEH05810,Sedan,70.0,2
VEH05811,SUV,60.0,9
VEH05812,Hatchback,70.0,10
VEH05813,Sedan,60.0,9
VEH05814,Sedan,60.0,0
VEH05815,SUV,90.0,2
VEH05816,Hatchback,40.0,6
VEH05817,Pickup,100.0,11
VEH05818,SUV,60.0,5
VEH05819,Hatchback,100.0,9
VEH05820,Hatchback,80.0,5
VEH05821,Sedan,90.0,9
VEH05822,Sedan,60.0,5
VEH05823,Hatchback,80.0,0
VEH05824,Hatchback,60.0,6
VEH05825,Sedan,40.0,1
VEH05826,Pickup,100.0,1
VEH05827,Sedan,80.0,6
VEH05828,Hatchback,40.0,4
VEH05829,Hatchback,50.0,1
VEH05830,Hatchback,70.0,6
VEH05831,SUV,60.0,10
VEH05832,SUV,80.0,4
VEH05833,Sedan,40.0,6
VEH05834,Van,50.0,11
VEH05835,Sedan,70.0,3
VEH05836,SUV,70.0,11
VEH05837,Hatchback,60.0,7
VEH05838,Pickup,90.0,6
VEH05839,Sedan,100.0,7
VEH05840,SUV,60.0,7
VEH05841,Sedan,90.0,8
VEH05842,Hatchback,70.0,1
VEH05843,Hatchback,100.0,8
VEH05844,Sedan,50.0,8
VEH05845,Sedan,80.0,8
VEH05846,Sedan,60.0,5
VEH05847,Hatchback,50.0,7
VEH05848,Pickup,90.0,6
VEH05849,Pickup,70.0,11
VEH05850,Hatchback,70.0,7
VEH05851,Pickup,50.0,5
VEH05852,SUV,60.0,7
VEH05853,SUV,70.0,5
VEH05854,Sedan,50.0,11
VEH05855,SUV,100.0,6
VEH05856,SUV,70.0,2
VEH05857,SUV,40.0,5
VEH05858,Sedan,60.0,10
VEH05859,SUV,60.0,9
VEH05860,Pickup,100.0,11
VEH05861,Sedan,100.0,9
VEH05862,Van,90.0,10
VEH05863,SUV,80.0,10
VEH05864,Sedan,80.0,8
VEH05865,Sedan,80.0,4
VEH05866,Pickup,50.0,3
VEH05867,Hatchback,60.0,4
VEH05868,Pickup,60.0,5
VEH05869,Hatchback,70.0,9
VEH05870,Hatchback,40.0,2
VEH05871,Hatchback,70.0,3
VEH05872,Sedan,80.0,11
VEH05873,Pickup,60.0,5
VEH05874,Sedan,60.0,0
VEH05875,Pickup,70.0,6
VEH05876,Hatchback,70.0,0
VEH05877,Sedan,60.0,4
VEH05878,Hatchback,60.0,10
VEH05879,SUV,60.0,1
VEH05880,Hatchback,40.0,2
VEH05881,SUV,90.0,6
VEH05882,Pickup,90.0,11
VEH05883,Sedan,80.0,5
VEH05884,Van,90.0,5
VEH05885,SUV,60.0,0
VEH05886,Sedan,80.0,3
VEH05887,Sedan,70.0,9
VEH05888,SUV,90.0,0
VEH05889,SUV,60.0,6
VEH05890,Van,70.0,4
VEH05891,Sedan,60.0,6
VEH05892,SUV,70.0,9
VEH05893,Pickup,60.0,1
VEH05894,Sedan,80.0,3
VEH05895,Hatchback,50.0,4
VEH05896,SUV,60.0,1
VEH05897,Sedan,50.0,6
VEH05898,Hatchback,80.0,6
VEH05899,Sedan,40.0,10
VEH05900,Pickup,50.0,8
VEH05901,Van,70.0,4
VEH05902,Sedan,80.0,10
VEH05903,Hatchback,70.0,4
VEH05904,Hatchback,60.0,0
VEH05905,Pickup,40.0,11
VEH05906,SUV,40.0,11
VEH05907,Sedan,50.0,8
VEH05908,Sedan,70.0,7
VEH05909,Sedan,60.0,1
VEH05910,Sedan,60.0,3
VEH05911,SUV,40.0,1
VEH05912,Hatchback,60.0,0
VEH05913,Sedan,100.0,1
VEH05914,Pickup,50.0,4
VEH05915,Sedan,70.0,10
VEH05916,SUV,40.0,11
VEH05917,SUV,80.0,5
VEH05918,Pickup,90.0,9
VEH05919,SUV,50.0,2
VEH05920,Hatchback,90.0,7
VEH05921,Sedan,80.0,8
VEH05922,Pickup,70.0,6
VEH05923,Pickup,90.0,0
VEH05924,SUV,40.0,3
VEH05925,Pickup,70.0,10
VEH05926,Sedan,40.0,8
VEH05927,Pickup,70.0,2
VEH05928,Sedan,70.0,11
VEH05929,SUV,50.0,0
VEH05930,Sedan,70.0,6
VEH05931,Sedan,80.0,1
VEH05932,SUV,70.0,0
VEH05933,SUV,70.0,3
VEH05934,Pickup,80.0,7
VEH05935,SUV,60.0,2
VEH05936,SUV,70.0,5
VEH05937,SUV,90.0,6
VEH05938,SUV,70.0,7
VEH05939,SUV,80.0,5
VEH05940,Van,70.0,8
VEH05941,SUV,80.0,9
VEH05942,Van,40.0,9
VEH05943,Sedan,90.0,1
VEH05944,SUV,70.0,11
VEH05945,Hatchback,80.0,3
VEH05946,Hatchback,50.0,0
VEH05947,Pickup,80.0,3
VEH05948,Sedan,60.0,9
VEH05949,Sedan,100.0,8
VEH05950,Pickup,50.0,6
VEH05951,Hatchback,50.0,9
VEH05952,Sedan,80.0,0
VEH05953,SUV,50.0,4
VEH05954,Sedan,90.0,2
VEH05955,Sedan,60.0,3
VEH05956,SUV,90.0,7
VEH05957,Sedan,60.0,3
VEH05958,SUV,70.0,5
VEH05959,SUV,80.0,5
VEH05960,SUV,50.0,8
VEH05961,Pickup,100.0,0
VEH05962,Pickup,50.0,11
VEH05963,Hatchback,80.0,1
VEH05964,SUV,40.0,11
VEH05965,Pickup,80.0,7
VEH05966,Sedan,60.0,2
VEH05967,SUV,40.0,1
VEH05968,Hatchback,60.0,3
VEH05969,Van,50.0,10
VEH05970,Hatchback,60.0,2
VEH05971,SUV,100.0,11
VEH05972,Sedan,50.0,8
VEH05973,Pickup,100.0,9
VEH05974,Sedan,60.0,5
VEH05975,Hatchback,60.0,10
VEH05976,Sedan,50.0,10
VEH05977,SUV,80.0,5
VEH05978,SUV,90.0,8
VEH05979,Van,70.0,5
VEH05980,Sedan,100.0,11
VEH05981,Hatchback,60.0,7
VEH05982,Van,60.0,0
VEH05983,Hatchback,80.0,2
VEH05984,SUV,50.0,10
VEH05985,SUV,50.0,11
VEH05986,Van,100.0,3
VEH05987,SUV,60.0,10
VEH05988,Hatchback,70.0,8
VEH05989,Pickup,50.0,2
VEH05990,Hatchback,70.0,4
VEH05991,SUV,60.0,7
VEH05992,Sedan,70.0,11
VEH05993,Hatchback,60.0,4
VEH05994,SUV,80.0,5
VEH05995,Sedan,90.0,11
VEH05996,SUV,60.0,0
VEH05997,Sedan,80.0,4
VEH05998,SUV,40.0,2
VEH05999,Van,60.0,6
VEH06000,Hatchback,50.0,10
VEH06001,SUV,60.0,7
VEH06002,SUV,50.0,11
VEH06003,SUV,60.0,0
VEH06004,Sedan,100.0,2
VEH06005,SUV,50.0,8
VEH06006,Sedan,50.0,2
VEH06007,Hatchback,40.0,8
VEH06008,SUV,70.0,6
VEH06009,Sedan,70.0,6
VEH06010,SUV,70.0,11
VEH06011,Van,40.0,6
VEH06012,Sedan,100.0,6
VEH06013,SUV,80.0,1
VEH06014,SUV,50.0,8
VEH06015,Pickup,50.0,2
VEH06016,Hatchback,40.0,2
VEH06017,SUV,90.0,3
VEH06018,Hatchback,50.0,3
VEH06019,SUV,40.0,6
VEH06020,SUV,70.0,6
VEH06021,Hatchback,70.0,9
VEH06022,SUV,80.0,7
VEH06023,Van,80.0,11
VEH06024,Sedan,60.0,11
VEH06025,Hatchback,50.0,9
VEH06026,Pickup,40.0,7
VEH06027,SUV,60.0,2
VEH06028,Pickup,60.0,0
VEH06029,Sedan,90.0,7
VEH06030,SUV,40.0,11
VEH06031,Sedan,50.0,2
VEH06032,Van,40.0,7
VEH06033,SUV,50.0,8
VEH06034,Hatchback,60.0,7
VEH06035,Pickup,60.0,6
VEH06036,Sedan,60.0,1
VEH06037,Sedan,60.0,0
VEH06038,SUV,50.0,3
VEH06039,Hatchback,90.0,11
VEH06040,Sedan,80.0,0
VEH06041,Sedan,50.0,5
VEH06042,Hatchback,70.0,0
VEH06043,Van,90.0,1
VEH06044,SUV,60.0,11
VEH06045,Pickup,90.0,1
VEH06046,Van,50.0,9
VEH06047,Sedan,50.0,7
VEH06048,Sedan,90.0,10
VEH06049,Van,40.0,11
VEH06050,SUV,80.0,4
VEH06051,Hatchback,90.0,3
VEH06052,SUV,80.0,4
VEH06053,Sedan,60.0,8
VEH06054,Van,80.0,8
VEH06055,Van,100.0,0
VEH06056,Sedan,70.0,3
VEH06057,Sedan,60.0,1
VEH06058,SUV,40.0,5
VEH06059,Hatchback,80.0,2
VEH06060,Pickup,70.0,3
VEH06061,Hatchback,90.0,2
VEH06062,Van,80.0,7
VEH06063,SUV,70.0,9
VEH06064,Hatchback,80.0,0
VEH06065,Pickup,40.0,2
VEH06066,SUV,80.0,0
VEH06067,Hatchback,60.0,4
VEH06068,Hatchback,70.0,2
VEH06069,SUV,60.0,0
VEH06070,SUV,40.0,11
VEH06071,SUV,70.0,6
VEH06072,Pickup,90.0,1
VEH06073,Sedan,70.0,10
VEH06074,Sedan,60.0,2
VEH06075,Pickup,60.0,5
VEH06076,Sedan,50.0,1
VEH06077,Hatchback,90.0,3
VEH06078,SUV,70.0,5
VEH06079,SUV,80.0,2
VEH06080,Hatchback,80.0,2
VEH06081,SUV,70.0,7
VEH06082,Pickup,60.0,1
VEH06083,Sedan,70.0,2
VEH06084,Van,50.0,7
VEH06085,Hatchback,90.0,7
VEH06086,SUV,70.0,2
VEH06087,SUV,70.0,4
VEH06088,Hatchback,80.0,11
VEH06089,SUV,50.0,1
VEH06090,Pickup,40.0,0
VEH06091,Hatchback,60.0,2
VEH06092,SUV,90.0,8
VEH06093,SUV,90.0,2
VEH06094,Hatchback,40.0,0
VEH06095,Sedan,100.0,9
VEH06096,SUV,60.0,8
VEH06097,Sedan,100.0,5
VEH06098,SUV,70.0,10
VEH06099,Sedan,40.0,0
VEH06100,SUV,40.0,6
VEH06101,SUV,60.0,2
VEH06102,SUV,90.0,10
VEH06103,Hatchback,80.0,0
VEH06104,Sedan,90.0,2
VEH06105,SUV,80.0,7
VEH06106,SUV,50.0,9
VEH06107,Pickup,80.0,3
VEH06108,SUV,50.0,2
VEH06109,SUV,70.0,4
VEH06110,Sedan,70.0,8
VEH06111,Pickup,90.0,3
VEH06112,Hatchback,50.0,2
VEH06113,SUV,90.0,6
VEH06114,SUV,60.0,9
VEH06115,Pickup,70.0,10
VEH06116,Hatchback,60.0,9
VEH06117,Hatchback,90.0,0
VEH06118,Sedan,70.0,7
VEH06119,Hatchback,90.0,3
VEH06120,Sedan,100.0,6
VEH06121,Van,60.0,3
VEH06122,Pickup,90.0,8
VEH06123,Sedan,40.0,5
VEH06124,SUV,60.0,11
VEH06125,SUV,70.0,0
VEH06126,Pickup,40.0,4
VEH06127,SUV,50.0,3
VEH06128,SUV,40.0,3
VEH06129,SUV,60.0,9
VEH06130,Sedan,80.0,9
VEH06131,Hatchback,90.0,1
VEH06132,Sedan,90.0,6
VEH06133,SUV,100.0,10
VEH06134,Hatchback,60.0,9
VEH06135,Hatchback,50.0,7
VEH06136,Pickup,70.0,4
VEH06137,Sedan,50.0,5
VEH06138,SUV,70.0,11
VEH06139,Sedan,70.0,1
VEH06140,Sedan,50.0,3
VEH06141,SUV,80.0,0
VEH06142,Sedan,70.0,0
VEH06143,SUV,90.0,9
VEH06144,Pickup,40.0,11
VEH06145,SUV,70.0,0
VEH06146,Hatchback,40.0,7
VEH06147,SUV,50.0,1
VEH06148,SUV,80.0,8
VEH06149,Sedan,60.0,9
VEH06150,Sedan,60.0,4
VEH06151,Sedan,90.0,6
VEH06152,Sedan,70.0,10
VEH06153,Sedan,50.0,11
VEH06154,Sedan,60.0,1
VEH06155,Pickup,40.0,4
VEH06156,SUV,60.0,3
VEH06157,Hatchback,60.0,11
VEH06158,Pickup,70.0,11
VEH06159,Pickup,40.0,11
VEH06160,SUV,60.0,7
VEH06161,Hatchback,90.0,9
VEH06162,Pickup,70.0,10
VEH06163,Hatchback,80.0,6
VEH06164,Hatchback,60.0,7
VEH06165,Sedan,100.0,10
VEH06166,Hatchback,50.0,4
VEH06167,SUV,50.0,4
VEH06168,Sedan,80.0,0
VEH06169,SUV,100.0,2
VEH06170,SUV,80.0,6
VEH06171,Pickup,70.0,8
VEH06172,Sedan,70.0,0
VEH06173,SUV,80.0,5
VEH06174,Van,90.0,10
VEH06175,Van,40.0,10
VEH06176,Van,40.0,4
VEH06177,SUV,70.0,4
VEH06178,Sedan,70.0,3
VEH06179,Sedan,50.0,8
VEH06180,Sedan,70.0,5
VEH06181,Hatchback,100.0,11
VEH06182,SUV,60.0,11
VEH06183,SUV,90.0,2
VEH06184,SUV,60.0,8
VEH06185,Pickup,60.0,9
VEH06186,Sedan,80.0,3
VEH06187,Pickup,70.0,11
VEH06188,Pickup,70.0,6
VEH06189,Hatchback,50.0,1
VEH06190,SUV,80.0,7
VEH06191,Pickup,80.0,2
VEH06192,Sedan,100.0,8
VEH06193,Hatchback,60.0,7
VEH06194,Hatchback,50.0,9
VEH06195,Sedan,60.0,9
VEH06196,Van,80.0,6
VEH06197,Pickup,70.0,0
VEH06198,SUV,60.0,1
VEH06199,Sedan,90.0,3
VEH06200,Van,70.0,8
VEH06201,SUV,50.0,11
VEH06202,Sedan,90.0,6
VEH06203,Sedan,50.0,1
VEH06204,Hatchback,40.0,11
VEH06205,Hatchback,60.0,1
VEH06206,SUV,70.0,2
VEH06207,SUV,80.0,10
VEH06208,Pickup,60.0,7
VEH06209,Sedan,70.0,9
VEH06210,Sedan,60.0,3
VEH06211,SUV,70.0,1
VEH06212,Van,80.0,9
VEH06213,Sedan,70.0,6
VEH06214,SUV,40.0,10
VEH06215,Hatchback,90.0,4
VEH06216,SUV,70.0,6
VEH06217,Sedan,60.0,11
VEH06218,Sedan,60.0,0
VEH06219,Hatchback,70.0,3
VEH06220,Hatchback,60.0,10
VEH06221,Hatchback,50.0,8
VEH06222,Hatchback,70.0,6
VEH06223,Hatchback,80.0,10
VEH06224,Sedan,60.0,4
VEH06225,SUV,50.0,7
VEH06226,Hatchback,80.0,7
VEH06227,Hatchback,60.0,1
VEH06228,Pickup,70.0,9
VEH06229,SUV,70.0,1
VEH06230,Sedan,50.0,6
VEH06231,Sedan,80.0,1
VEH06232,Sedan,90.0,0
VEH06233,Van,40.0,1
VEH06234,SUV,70.0,8
VEH06235,Pickup,70.0,11
VEH06236,Sedan,90.0,10
VEH06237,Pickup,40.0,7
VEH06238,SUV,40.0,4
VEH06239,Hatchback,70.0,5
VEH06240,SUV,40.0,4
VEH06241,Hatchback,50.0,5
VEH06242,SUV,80.0,10
VEH06243,Sedan,100.0,1
VEH06244,Pickup,70.0,5
VEH06245,SUV,50.0,1
VEH06246,SUV,60.0,0
VEH06247,SUV,70.0,3
VEH06248,Hatchback,50.0,9
VEH06249,Sedan,40.0,11
VEH06250,Sedan,80.0,7
VEH06251,Pickup,50.0,11
VEH06252,Sedan,60.0,5
VEH06253,Hatchback,40.0,9
VEH06254,Hatchback,60.0,2
VEH06255,Hatchback,40.0,1
VEH06256,Hatchback,90.0,2
VEH06257,Pickup,60.0,6
VEH06258,Sedan,60.0,0
VEH06259,SUV,70.0,1
VEH06260,Hatchback,70.0,7
VEH06261,Van,80.0,10
VEH06262,SUV,80.0,0
VEH06263,SUV,70.0,6
VEH06264,Sedan,80.0,6
VEH06265,Sedan,40.0,0
VEH06266,SUV,70.0,4
VEH06267,SUV,90.0,9
VEH06268,Van,80.0,2
VEH06269,Pickup,40.0,3
VEH06270,SUV,70.0,7
VEH06271,SUV,60.0,7
VEH06272,SUV,60.0,7
VEH06273,SUV,80.0,6
VEH06274,SUV,80.0,0
VEH06275,SUV,70.0,4
VEH06276,Pickup,80.0,2
VEH06277,SUV,60.0,2
VEH06278,Sedan,90.0,4
VEH06279,SUV,70.0,4
VEH06280,Pickup,60.0,5
VEH06281,Sedan,70.0,1
VEH06282,SUV,60.0,3
VEH06283,Hatchback,50.0,0
VEH06284,Hatchback,50.0,11
VEH06285,Pickup,40.0,8
VEH06286,Hatchback,40.0,1
VEH06287,Hatchback,40.0,11
VEH06288,SUV,70.0,5
VEH06289,Sedan,60.0,5
VEH06290,Pickup,60.0,2
VEH06291,SUV,60.0,5
VEH06292,SUV,70.0,0
VEH06293,Pickup,90.0,10
VEH06294,SUV,90.0,5
VEH06295,Sedan,90.0,7
VEH06296,Pickup,80.0,1
VEH06297,Pickup,60.0,2
VEH06298,Hatchback,80.0,0
VEH06299,SUV,70.0,0
VEH06300,Hatchback,60.0,3
VEH06301,Hatchback,60.0,1
VEH06302,Sedan,70.0,0
VEH06303,Sedan,70.0,9
VEH06304,SUV,60.0,2
VEH06305,SUV,40.0,7
VEH06306,Sedan,100.0,1
VEH06307,SUV,80.0,0
VEH06308,SUV,40.0,9
VEH06309,Pickup,70.0,6
VEH06310,Van,70.0,0
VEH06311,Hatchback,100.0,7
VEH06312,Pickup,60.0,6
VEH06313,SUV,100.0,0
VEH06314,Pickup,60.0,6
VEH06315,SUV,40.0,2
VEH06316,SUV,70.0,11
VEH06317,Sedan,60.0,10
VEH06318,Sedan,50.0,5
VEH06319,SUV,70.0,8
VEH06320,SUV,50.0,0
VEH06321,SUV,70.0,3
VEH06322,SUV,60.0,0
VEH06323,SUV,50.0,6
VEH06324,Sedan,60.0,10
VEH06325,Sedan,50.0,6
VEH06326,Sedan,80.0,5
VEH06327,Pickup,60.0,3
VEH06328,SUV,50.0,2
VEH06329,Sedan,90.0,9
VEH06330,Hatchback,40.0,11
VEH06331,SUV,100.0,11
VEH06332,SUV,60.0,6
VEH06333,Van,60.0,0
VEH06334,SUV,70.0,4
VEH06335,Hatchback,50.0,4
VEH06336,Hatchback,50.0,3
VEH06337,SUV,40.0,7
VEH06338,Pickup,40.0,11
VEH06339,Sedan,90.0,0
VEH06340,Hatchback,50.0,10
VEH06341,Sedan,70.0,11
VEH06342,Sedan,40.0,11
VEH06343,SUV,90.0,0
VEH06344,Hatchback,50.0,0
VEH06345,SUV,40.0,8
VEH06346,Sedan,60.0,9
VEH06347,Hatchback,80.0,11
VEH06348,Pickup,90.0,2
VEH06349,SUV,80.0,0
VEH06350,Sedan,70.0,7
VEH06351,Pickup,60.0,3
VEH06352,SUV,80.0,10
VEH06353,Hatchback,90.0,1
VEH06354,SUV,70.0,1
VEH06355,Sedan,60.0,11
VEH06356,SUV,70.0,6
VEH06357,SUV,70.0,2
VEH06358,SUV,60.0,11
VEH06359,Hatchback,50.0,10
VEH06360,SUV,40.0,5
VEH06361,SUV,60.0,11
VEH06362,Hatchback,50.0,10
VEH06363,Pickup,50.0,1
VEH06364,Sedan,60.0,6
VEH06365,Sedan,50.0,3
VEH06366,Van,60.0,6
VEH06367,Sedan,60.0,1
VEH06368,Hatchback,100.0,6
VEH06369,Sedan,60.0,9
VEH06370,Sedan,60.0,1
VEH06371,Sedan,80.0,3
VEH06372,SUV,50.0,10
VEH06373,Pickup,100.0,6
VEH06374,SUV,80.0,5
VEH06375,Sedan,70.0,1
VEH06376,Sedan,90.0,2
VEH06377,Hatchback,100.0,9
VEH06378,Sedan,70.0,2
VEH06379,SUV,50.0,9
VEH06380,Hatchback,60.0,6
VEH06381,Sedan,90.0,6
VEH06382,Sedan,60.0,8
VEH06383,SUV,70.0,2
VEH06384,Hatchback,90.0,8
VEH06385,Hatchback,70.0,0
VEH06386,SUV,70.0,0
VEH06387,Sedan,70.0,8
VEH06388,SUV,60.0,11
VEH06389,Sedan,100.0,8
VEH06390,Pickup,40.0,2
VEH06391,Sedan,80.0,4
VEH06392,Hatchback,60.0,11
VEH06393,Hatchback,80.0,3
VEH06394,Sedan,70.0,2
VEH06395,SUV,80.0,3
VEH06396,Pickup,70.0,7
VEH06397,Sedan,50.0,6
VEH06398,SUV,50.0,5
VEH06399,Hatchback,90.0,2
VEH06400,Pickup,80.0,2
VEH06401,Sedan,50.0,11
VEH06402,Van,50.0,8
VEH06403,Sedan,50.0,7
VEH06404,Van,90.0,1
VEH06405,Hatchback,100.0,7
VEH06406,SUV,90.0,7
VEH06407,Sedan,70.0,6
VEH06408,Pickup,90.0,10
VEH06409,Sedan,80.0,7
VEH06410,Sedan,80.0,6
VEH06411,Pickup,90.0,3
VEH06412,Hatchback,60.0,10
VEH06413,Pickup,40.0,7
VEH06414,Pickup,60.0,11
VEH06415,Hatchback,100.0,4
VEH06416,Sedan,50.0,5
VEH06417,Hatchback,60.0,10
VEH06418,SUV,70.0,3
VEH06419,Sedan,70.0,3
VEH06420,SUV,60.0,10
VEH06421,Pickup,50.0,10
VEH06422,Sedan,90.0,3
VEH06423,SUV,70.0,8
VEH06424,Sedan,70.0,7
VEH06425,Sedan,70.0,11
VEH06426,SUV,50.0,10
VEH06427,Hatchback,80.0,7
VEH06428,Van,70.0,2
VEH06429,SUV,50.0,7
VEH06430,SUV,40.0,8
VEH06431,Sedan,70.0,2
VEH06432,Sedan,70.0,6
VEH06433,SUV,60.0,10
VEH06434,SUV,70.0,8
VEH06435,Pickup,80.0,1
VEH06436,Sedan,50.0,8
VEH06437,Hatchback,40.0,11
VEH06438,Sedan,60.0,1
VEH06439,Pickup,60.0,4
VEH06440,Van,50.0,3
VEH06441,Sedan,90.0,2
VEH06442,Sedan,70.0,0
VEH06443,SUV,60.0,4
VEH06444,Van,60.0,10
VEH06445,Sedan,90.0,2
VEH06446,Sedan,70.0,10
VEH06447,SUV,50.0,4
VEH06448,Van,40.0,9
VEH06449,Sedan,70.0,7
VEH06450,SUV,50.0,8
VEH06451,SUV,70.0,7
VEH06452,Sedan,80.0,3
VEH06453,Sedan,50.0,6
VEH06454,Pickup,50.0,5
VEH06455,Pickup,90.0,10
VEH06456,Sedan,40.0,2
VEH06457,Sedan,60.0,1
VEH06458,Hatchback,60.0,8
VEH06459,Sedan,60.0,6
VEH06460,Sedan,70.0,10
VEH06461,Sedan,90.0,8
VEH06462,Van,70.0,5
VEH06463,Van,50.0,3
VEH06464,Hatchback,50.0,6
VEH06465,SUV,70.0,5
VEH06466,Pickup,40.0,9
VEH06467,Van,80.0,2
VEH06468,SUV,80.0,3
VEH06469,Sedan,80.0,5
VEH06470,Pickup,60.0,4
VEH06471,Hatchback,70.0,5
VEH06472,Sedan,50.0,1
VEH06473,Hatchback,80.0,11
VEH06474,Sedan,80.0,1
VEH06475,Sedan,40.0,3
VEH06476,Sedan,80.0,7
VEH06477,Sedan,90.0,7
VEH06478,Hatchback,40.0,5
VEH06479,Sedan,60.0,10
VEH06480,Pickup,70.0,2
VEH06481,Sedan,80.0,8
VEH06482,Sedan,40.0,6
VEH06483,Hatchback,60.0,8
VEH06484,Hatchback,60.0,11
VEH06485,SUV,90.0,5
VEH06486,Sedan,60.0,6
VEH06487,SUV,80.0,0
VEH06488,Sedan,60.0,8
VEH06489,SUV,60.0,8
VEH06490,SUV,60.0,11
VEH06491,Hatchback,70.0,9
VEH06492,Sedan,50.0,10
VEH06493,Sedan,50.0,11
VEH06494,SUV,80.0,7
VEH06495,Hatchback,80.0,11
VEH06496,Pickup,90.0,6
VEH06497,Pickup,50.0,9
VEH06498,SUV,70.0,4
VEH06499,SUV,80.0,6
VEH06500,SUV,50.0,6
VEH06501,Sedan,50.0,6
VEH06502,Hatchback,60.0,9
VEH06503,Sedan,80.0,9
VEH06504,SUV,50.0,1
VEH06505,Sedan,80.0,9
VEH06506,Sedan,40.0,4
VEH06507,Sedan,50.0,3
VEH06508,SUV,50.0,1
VEH06509,Hatchback,40.0,9
VEH06510,Sedan,80.0,4
VEH06511,SUV,50.0,6
VEH06512,SUV,60.0,5
VEH06513,SUV,60.0,2
VEH06514,Hatchback,80.0,2
VEH06515,SUV,80.0,11
VEH06516,Hatchback,70.0,6
VEH06517,SUV,50.0,0
VEH06518,SUV,60.0,9
VEH06519,Hatchback,40.0,0
VEH06520,SUV,50.0,0
VEH06521,Sedan,90.0,5
VEH06522,Hatchback,70.0,8
VEH06523,Sedan,50.0,0
VEH06524,Hatchback,80.0,6
VEH06525,Sedan,60.0,8
VEH06526,Pickup,60.0,6
VEH06527,SUV,70.0,8
VEH06528,Pickup,80.0,1
VEH06529,SUV,70.0,3
VEH06530,Van,80.0,5
VEH06531,Sedan,90.0,9
VEH06532,SUV,90.0,7
VEH06533,Hatchback,70.0,7
VEH06534,Sedan,50.0,10
VEH06535,SUV,70.0,1
VEH06536,SUV,80.0,3
VEH06537,Hatchback,90.0,1
VEH06538,Sedan,80.0,11
VEH06539,Sedan,70.0,6
VEH06540,Hatchback,40.0,3
VEH06541,Sedan,40.0,5
VEH06542,Sedan,40.0,4
VEH06543,Sedan,70.0,8
VEH06544,Sedan,50.0,11
VEH06545,Sedan,70.0,6
VEH06546,Van,80.0,5
VEH06547,SUV,60.0,5
VEH06548,Sedan,70.0,3
VEH06549,Pickup,70.0,7
VEH06550,Pickup,80.0,3
VEH06551,Hatchback,80.0,2
VEH06552,SUV,80.0,2
VEH06553,Hatchback,70.0,5
VEH06554,Sedan,60.0,4
VEH06555,Sedan,80.0,0
VEH06556,SUV,70.0,4
VEH06557,Sedan,70.0,4
VEH06558,SUV,70.0,9
VEH06559,Hatchback,70.0,9
VEH06560,Sedan,90.0,3
VEH06561,SUV,90.0,3
VEH06562,Hatchback,40.0,6
VEH06563,SUV,50.0,2
VEH06564,Sedan,80.0,8
VEH06565,SUV,40.0,6
VEH06566,Pickup,70.0,4
VEH06567,Van,40.0,1
VEH06568,Van,70.0,7
VEH06569,Sedan,80.0,9
VEH06570,Van,70.0,11
VEH06571,Pickup,40.0,3
VEH06572,Sedan,50.0,5
VEH06573,Hatchback,100.0,8
VEH06574,SUV,50.0,9
VEH06575,Pickup,40.0,0
VEH06576,Van,60.0,1
VEH06577,Hatchback,60.0,0
VEH06578,Sedan,90.0,2
VEH06579,Hatchback,80.0,1
VEH06580,Hatchback,80.0,9
VEH06581,Hatchback,40.0,9
VEH06582,Sedan,50.0,1
VEH06583,Hatchback,80.0,7
VEH06584,SUV,70.0,7
VEH06585,Pickup,70.0,10
VEH06586,Hatchback,70.0,11
VEH06587,Hatchback,70.0,11
VEH06588,SUV,50.0,6
VEH06589,SUV,80.0,7
VEH06590,Hatchback,80.0,6
VEH06591,Sedan,90.0,10
VEH06592,Sedan,50.0,2
VEH06593,SUV,70.0,7
VEH06594,SUV,70.0,4
VEH06595,SUV,50.0,9
VEH06596,Pickup,50.0,0
VEH06597,Sedan,50.0,3
VEH06598,Pickup,50.0,9
VEH06599,Sedan,90.0,0
VEH06600,Hatchback,60.0,10
VEH06601,Sedan,70.0,11
VEH06602,SUV,50.0,10
VEH06603,Pickup,70.0,11
VEH06604,SUV,60.0,1
VEH06605,SUV,70.0,6
VEH06606,Hatchback,80.0,11
VEH06607,SUV,50.0,5
VEH06608,Van,60.0,1
VEH06609,SUV,70.0,6
VEH06610,Van,60.0,7
VEH06611,Pickup,50.0,4
VEH06612,Hatchback,50.0,7
VEH06613,SUV,60.0,9
VEH06614,Sedan,70.0,5
VEH06615,Van,70.0,9
VEH06616,SUV,40.0,6
VEH06617,Hatchback,60.0,1
VEH06618,Sedan,50.0,4
VEH06619,Sedan,80.0,2
VEH06620,SUV,50.0,6
VEH06621,Hatchback,40.0,1
VEH06622,Pickup,60.0,3
VEH06623,Van,50.0,5
VEH06624,SUV,50.0,0
VEH06625,Sedan,70.0,8
VEH06626,Hatchback,90.0,9
VEH06627,SUV,40.0,6
VEH06628,Hatchback,80.0,8
VEH06629,Sedan,60.0,5
VEH06630,Van,100.0,2
VEH06631,Van,50.0,10
VEH06632,SUV,80.0,10
VEH06633,Hatchback,50.0,7
VEH06634,Sedan,80.0,0
VEH06635,Sedan,100.0,0
VEH06636,Sedan,90.0,5
VEH06637,SUV,50.0,0
VEH06638,Sedan,80.0,0
VEH06639,Sedan,60.0,9
VEH06640,Hatchback,60.0,10
VEH06641,Sedan,70.0,2
VEH06642,Hatchback,60.0,5
VEH06643,SUV,50.0,7
VEH06644,Sedan,60.0,4
VEH06645,Van,50.0,0
VEH06646,Pickup,50.0,11
VEH06647,Hatchback,70.0,4
VEH06648,SUV,60.0,8
VEH06649,SUV,40.0,2
VEH06650,Hatchback,100.0,10
VEH06651,SUV,90.0,6
VEH06652,SUV,80.0,6
VEH06653,SUV,70.0,9
VEH06654,Pickup,100.0,4
VEH06655,Sedan,90.0,7
VEH06656,Sedan,90.0,2
VEH06657,SUV,60.0,1
VEH06658,Pickup,80.0,3
VEH06659,Sedan,70.0,2
VEH06660,SUV,80.0,6
VEH06661,Pickup,50.0,3
VEH06662,SUV,60.0,8
VEH06663,SUV,90.0,9
VEH06664,Sedan,50.0,3
VEH06665,SUV,50.0,9
VEH06666,SUV,80.0,1
VEH06667,Hatchback,90.0,1
VEH06668,Pickup,70.0,0
VEH06669,SUV,80.0,3
VEH06670,Sedan,50.0,0
VEH06671,Sedan,50.0,3
VEH06672,Sedan,80.0,4
VEH06673,SUV,70.0,4
VEH06674,Sedan,70.0,5
VEH06675,Van,90.0,2
VEH06676,Sedan,40.0,3
VEH06677,Sedan,60.0,3
VEH06678,Pickup,80.0,5
VEH06679,Sedan,80.0,0
VEH06680,SUV,50.0,9
VEH06681,Hatchback,80.0,7
VEH06682,Hatchback,90.0,6
VEH06683,SUV,50.0,5
VEH06684,Pickup,90.0,7
VEH06685,Pickup,60.0,1
VEH06686,Pickup,50.0,3
VEH06687,Sedan,50.0,6
VEH06688,SUV,60.0,1
VEH06689,Sedan,40.0,3
VEH06690,SUV,60.0,7
VEH06691,Pickup,90.0,0
VEH06692,SUV,60.0,6
VEH06693,SUV,70.0,6
VEH06694,SUV,50.0,0
VEH06695,Hatchback,70.0,2
VEH06696,Pickup,50.0,6
VEH06697,Pickup,60.0,7
VEH06698,Pickup,90.0,7
VEH06699,Hatchback,40.0,9
VEH06700,Sedan,80.0,4
VEH06701,Van,40.0,11
VEH06702,Sedan,50.0,3
VEH06703,Sedan,70.0,10
VEH06704,SUV,40.0,11
VEH06705,Hatchback,50.0,4
VEH06706,Hatchback,80.0,9
VEH06707,Hatchback,60.0,2
VEH06708,SUV,100.0,0
VEH06709,Sedan,70.0,0
VEH06710,Van,40.0,5
VEH06711,Sedan,70.0,11
VEH06712,Sedan,40.0,2
VEH06713,SUV,50.0,2
VEH06714,Sedan,40.0,6
VEH06715,Pickup,50.0,3
VEH06716,Van,60.0,3
VEH06717,Hatchback,80.0,10
VEH06718,Sedan,60.0,2
VEH06719,Hatchback,60.0,2
VEH06720,Van,70.0,10
VEH06721,Sedan,80.0,4
VEH06722,SUV,80.0,0
VEH06723,Sedan,40.0,9
VEH06724,Pickup,60.0,5
VEH06725,Hatchback,50.0,1
VEH06726,Hatchback,90.0,8
VEH06727,SUV,40.0,1
VEH06728,Sedan,40.0,4
VEH06729,Hatchback,90.0,2
VEH06730,Hatchback,70.0,2
VEH06731,Pickup,60.0,0
VEH06732,Sedan,40.0,6
VEH06733,Hatchback,100.0,0
VEH06734,Hatchback,50.0,1
VEH06735,SUV,70.0,0
VEH06736,Sedan,70.0,9
VEH06737,Sedan,90.0,8
VEH06738,SUV,100.0,7
VEH06739,Hatchback,50.0,8
VEH06740,Sedan,80.0,9
VEH06741,SUV,70.0,7
VEH06742,SUV,70.0,3
VEH06743,SUV,70.0,6
VEH06744,SUV,60.0,10
VEH06745,Pickup,70.0,9
VEH06746,Sedan,60.0,7
VEH06747,Hatchback,90.0,0
VEH06748,SUV,70.0,7
VEH06749,SUV,60.0,9
VEH06750,Sedan,40.0,1
VEH06751,Pickup,60.0,7
VEH06752,Sedan,60.0,2
VEH06753,Hatchback,40.0,7
VEH06754,Hatchback,50.0,5
VEH06755,Sedan,60.0,2
VEH06756,SUV,50.0,5
VEH06757,SUV,80.0,4
VEH06758,Sedan,70.0,4
VEH06759,Sedan,60.0,4
VEH06760,SUV,70.0,11
VEH06761,SUV,50.0,5
VEH06762,Sedan,70.0,11
VEH06763,SUV,100.0,2
VEH06764,SUV,60.0,8
VEH06765,SUV,40.0,8
VEH06766,Sedan,50.0,5
VEH06767,SUV,90.0,9
VEH06768,Pickup,60.0,11
VEH06769,Pickup,60.0,10
VEH06770,SUV,40.0,0
VEH06771,SUV,90.0,11
VEH06772,Hatchback,80.0,7
VEH06773,SUV,70.0,1
VEH06774,Van,80.0,6
VEH06775,SUV,60.0,11
VEH06776,Sedan,80.0,11
VEH06777,Sedan,60.0,6
VEH06778,Hatchback,60.0,4
VEH06779,SUV,40.0,3
VEH06780,Hatchback,60.0,3
VEH06781,Hatchback,40.0,10
VEH06782,SUV,60.0,8
VEH06783,SUV,40.0,7
VEH06784,SUV,90.0,1
VEH06785,Pickup,40.0,1
VEH06786,Hatchback,60.0,11
VEH06787,Sedan,90.0,9
VEH06788,Sedan,80.0,10
VEH06789,SUV,60.0,8
VEH06790,Pickup,60.0,8
VEH06791,SUV,70.0,5
VEH06792,Hatchback,50.0,9
VEH06793,Pickup,80.0,4
VEH06794,Sedan,60.0,1
VEH06795,Van,60.0,3
VEH06796,Hatchback,90.0,5
VEH06797,SUV,60.0,11
VEH06798,Sedan,50.0,5
VEH06799,Hatchback,90.0,5
VEH06800,SUV,70.0,5
VEH06801,SUV,70.0,0
VEH06802,Pickup,40.0,11
VEH06803,Sedan,90.0,0
VEH06804,Sedan,50.0,10
VEH06805,Hatchback,60.0,3
VEH06806,SUV,40.0,9
VEH06807,SUV,70.0,5
VEH06808,SUV,70.0,3
VEH06809,Van,50.0,4
VEH06810,SUV,40.0,1
VEH06811,SUV,80.0,6
VEH06812,Sedan,70.0,9
VEH06813,Pickup,90.0,6
VEH06814,Hatchback,70.0,1
VEH06815,Hatchback,70.0,10
VEH06816,Sedan,100.0,5
VEH06817,Sedan,60.0,4
VEH06818,Pickup,40.0,0
VEH06819,Hatchback,50.0,0
VEH06820,Pickup,90.0,7
VEH06821,Pickup,50.0,3
VEH06822,Sedan,50.0,1
VEH06823,Hatchback,60.0,7
VEH06824,SUV,70.0,7
VEH06825,SUV,40.0,5
VEH06826,Pickup,50.0,1
VEH06827,SUV,50.0,7
VEH06828,SUV,90.0,3
VEH06829,Hatchback,70.0,7
VEH06830,Sedan,40.0,3
VEH06831,Pickup,50.0,3
VEH06832,SUV,90.0,2
VEH06833,Sedan,80.0,9
VEH06834,Pickup,80.0,3
VEH06835,Hatchback,90.0,10
VEH06836,Sedan,50.0,2
VEH06837,SUV,60.0,5
VEH06838,Sedan,80.0,2
VEH06839,Pickup,90.0,10
VEH06840,SUV,60.0,8
VEH06841,Sedan,70.0,6
VEH06842,Sedan,80.0,9
VEH06843,Pickup,80.0,1
VEH06844,SUV,70.0,1
VEH06845,Sedan,40.0,11
VEH06846,Pickup,60.0,8
VEH06847,Hatchback,60.0,4
VEH06848,Hatchback,50.0,10
VEH06849,SUV,80.0,9
VEH06850,Hatchback,70.0,3
VEH06851,Van,80.0,2
VEH06852,Sedan,60.0,2
VEH06853,Hatchback,70.0,10
VEH06854,Sedan,60.0,5
VEH06855,SUV,60.0,7
VEH06856,Sedan,40.0,1
VEH06857,Pickup,80.0,2
VEH06858,SUV,40.0,4
VEH06859,Pickup,50.0,3
VEH06860,Sedan,50.0,2
VEH06861,SUV,50.0,1
VEH06862,Sedan,60.0,9
VEH06863,SUV,100.0,7
VEH06864,Hatchback,80.0,8
VEH06865,Sedan,50.0,1
VEH06866,Sedan,50.0,3
VEH06867,SUV,90.0,3
VEH06868,SUV,60.0,10
VEH06869,Sedan,50.0,2
VEH06870,Van,70.0,11
VEH06871,Sedan,60.0,8
VEH06872,Sedan,70.0,11
VEH06873,Sedan,40.0,11
VEH06874,Sedan,50.0,11
VEH06875,Sedan,40.0,8
VEH06876,Hatchback,80.0,7
VEH06877,Pickup,80.0,3
VEH06878,SUV,40.0,3
VEH06879,Sedan,50.0,3
VEH06880,Hatchback,60.0,2
VEH06881,Hatchback,70.0,11
VEH06882,Pickup,90.0,10
VEH06883,Sedan,90.0,5
VEH06884,Pickup,40.0,7
VEH06885,Sedan,80.0,8
VEH06886,SUV,80.0,3
VEH06887,Hatchback,60.0,6
VEH06888,SUV,50.0,9
VEH06889,Sedan,40.0,10
VEH06890,SUV,60.0,7
VEH06891,SUV,100.0,1
VEH06892,Hatchback,70.0,4
VEH06893,Hatchback,50.0,5
VEH06894,Hatchback,90.0,7
VEH06895,Pickup,40.0,5
VEH06896,Pickup,50.0,8
VEH06897,Sedan,100.0,3
VEH06898,SUV,40.0,9
VEH06899,SUV,50.0,11
VEH06900,Hatchback,50.0,11
VEH06901,Pickup,40.0,11
VEH06902,SUV,60.0,9
VEH06903,SUV,60.0,2
VEH06904,Hatchback,60.0,3
VEH06905,Hatchback,40.0,9
VEH06906,SUV,70.0,2
VEH06907,Pickup,50.0,5
VEH06908,SUV,40.0,1
VEH06909,SUV,90.0,2
VEH06910,SUV,100.0,5
VEH06911,Sedan,70.0,3
VEH06912,SUV,70.0,9
VEH06913,SUV,60.0,11
VEH06914,Hatchback,90.0,10
VEH06915,SUV,60.0,11
VEH06916,Hatchback,60.0,4
VEH06917,SUV,40.0,8
VEH06918,SUV,70.0,5
VEH06919,Hatchback,40.0,6
VEH06920,Sedan,80.0,4
VEH06921,Pickup,60.0,7
VEH06922,Hatchback,40.0,2
VEH06923,SUV,90.0,7
VEH06924,Hatchback,70.0,2
VEH06925,Sedan,60.0,7
VEH06926,Sedan,70.0,10
VEH06927,Hatchback,90.0,1
VEH06928,SUV,60.0,10
VEH06929,Sedan,40.0,2
VEH06930,Sedan,70.0,2
VEH06931,Sedan,80.0,2
VEH06932,Sedan,60.0,3
VEH06933,Pickup,80.0,1
VEH06934,Sedan,50.0,7
VEH06935,Sedan,50.0,10
VEH06936,Pickup,60.0,4
VEH06937,Pickup,40.0,2
VEH06938,Hatchback,90.0,8
VEH06939,Pickup,40.0,4
VEH06940,Pickup,80.0,8
VEH06941,Van,50.0,0
VEH06942,Pickup,80.0,8
VEH06943,Van,90.0,3
VEH06944,Hatchback,40.0,5
VEH06945,Sedan,90.0,8
VEH06946,SUV,50.0,0
VEH06947,Sedan,70.0,9
VEH06948,Sedan,70.0,3
VEH06949,Sedan,80.0,6
VEH06950,Pickup,50.0,7
VEH06951,SUV,80.0,6
VEH06952,Sedan,70.0,1
VEH06953,Sedan,80.0,11
VEH06954,SUV,80.0,8
VEH06955,Pickup,90.0,10
VEH06956,SUV,50.0,11
VEH06957,SUV,80.0,6
VEH06958,Sedan,50.0,3
VEH06959,SUV,100.0,3
VEH06960,SUV,80.0,6
VEH06961,SUV,60.0,11
VEH06962,Pickup,50.0,9
VEH06963,Hatchback,70.0,1
VEH06964,Pickup,60.0,8
VEH06965,Pickup,80.0,8
VEH06966,Sedan,70.0,11
VEH06967,Hatchback,70.0,2
VEH06968,Pickup,90.0,2
VEH06969,Sedan,60.0,3
VEH06970,SUV,90.0,9
VEH06971,Sedan,90.0,1
VEH06972,Sedan,60.0,11
VEH06973,Hatchback,40.0,10
VEH06974,Hatchback,40.0,3
VEH06975,Hatchback,40.0,2
VEH06976,Hatchback,70.0,5
VEH06977,Sedan,50.0,3
VEH06978,SUV,70.0,8
VEH06979,SUV,60.0,6
VEH06980,Hatchback,70.0,7
VEH06981,Sedan,50.0,4
VEH06982,Sedan,80.0,4
VEH06983,SUV,60.0,3
VEH06984,SUV,70.0,6
VEH06985,Van,90.0,0
VEH06986,Van,80.0,11
VEH06987,SUV,60.0,2
VEH06988,Sedan,80.0,5
VEH06989,Pickup,90.0,4
VEH06990,SUV,80.0,6
VEH06991,SUV,40.0,7
VEH06992,Hatchback,60.0,8
VEH06993,Sedan,70.0,11
VEH06994,SUV,60.0,3
VEH06995,SUV,100.0,6
VEH06996,SUV,80.0,10
VEH06997,Sedan,60.0,1
VEH06998,Sedan,80.0,5
VEH06999,SUV,60.0,5
VEH07000,Sedan,90.0,7
VEH07001,Hatchback,70.0,1
VEH07002,Sedan,50.0,5
VEH07003,SUV,80.0,0
VEH07004,Sedan,90.0,2
VEH07005,Sedan,60.0,1
VEH07006,Hatchback,70.0,5
VEH07007,Sedan,100.0,3
VEH07008,SUV,80.0,2
VEH07009,Sedan,90.0,10
VEH07010,SUV,60.0,4
VEH07011,Sedan,60.0,10
VEH07012,Sedan,60.0,1
VEH07013,Pickup,50.0,0
VEH07014,Sedan,90.0,8
VEH07015,Sedan,80.0,3
VEH07016,SUV,60.0,7
VEH07017,Sedan,70.0,10
VEH07018,Sedan,50.0,1
VEH07019,Sedan,60.0,0
VEH07020,SUV,90.0,3
VEH07021,Pickup,80.0,8
VEH07022,Pickup,40.0,11
VEH07023,Sedan,70.0,2
VEH07024,Sedan,80.0,10
VEH07025,SUV,60.0,4
VEH07026,Sedan,80.0,3
VEH07027,Pickup,80.0,1
VEH07028,Hatchback,60.0,4
VEH07029,SUV,70.0,6
VEH07030,Hatchback,70.0,2
VEH07031,SUV,80.0,6
VEH07032,SUV,50.0,7
VEH07033,SUV,50.0,1
VEH07034,Van,40.0,1
VEH07035,SUV,70.0,1
VEH07036,Sedan,70.0,4
VEH07037,Sedan,70.0,4
VEH07038,Van,40.0,4
VEH07039,Pickup,70.0,0
VEH07040,Hatchback,60.0,2
VEH07041,SUV,60.0,3
VEH07042,SUV,60.0,6
VEH07043,Pickup,40.0,3
VEH07044,Sedan,50.0,6
VEH07045,Hatchback,90.0,5
VEH07046,Pickup,70.0,5
VEH07047,Hatchback,40.0,5
VEH07048,SUV,50.0,9
VEH07049,Sedan,40.0,4
VEH07050,Sedan,90.0,5
VEH07051,Sedan,100.0,11
VEH07052,Pickup,70.0,1
VEH07053,Sedan,80.0,3
VEH07054,Hatchback,70.0,2
VEH07055,Hatchback,60.0,2
VEH07056,Hatchback,50.0,1
VEH07057,Sedan,70.0,5
VEH07058,Sedan,70.0,2
VEH07059,SUV,40.0,2
VEH07060,Pickup,80.0,7
VEH07061,Sedan,40.0,2
VEH07062,Sedan,60.0,1
VEH07063,Hatchback,40.0,11
VEH07064,Sedan,40.0,5
VEH07065,SUV,100.0,4
VEH07066,Sedan,60.0,4
VEH07067,Pickup,40.0,9
VEH07068,Sedan,50.0,0
VEH07069,Hatchback,60.0,6
VEH07070,SUV,80.0,3
VEH07071,SUV,70.0,7
VEH07072,Sedan,40.0,7
VEH07073,Sedan,80.0,8
VEH07074,Sedan,90.0,7
VEH07075,Pickup,90.0,4
VEH07076,SUV,60.0,11
VEH07077,Van,90.0,1
VEH07078,Pickup,70.0,3
VEH07079,Sedan,60.0,6
VEH07080,Sedan,60.0,5
VEH07081,Hatchback,90.0,3
VEH07082,SUV,60.0,7
VEH07083,Sedan,40.0,4
VEH07084,Sedan,50.0,9
VEH07085,Sedan,60.0,5
VEH07086,SUV,70.0,5
VEH07087,Hatchback,90.0,10
VEH07088,Sedan,80.0,9
VEH07089,Van,60.0,1
VEH07090,Sedan,90.0,11
VEH07091,Hatchback,80.0,4
VEH07092,Sedan,80.0,4
VEH07093,Van,50.0,6
VEH07094,Pickup,70.0,3
VEH07095,Sedan,70.0,9
VEH07096,Hatchback,70.0,11
VEH07097,Sedan,80.0,5
VEH07098,Hatchback,80.0,3
VEH07099,Pickup,70.0,10
VEH07100,Van,90.0,1
VEH07101,SUV,70.0,6
VEH07102,Sedan,80.0,0
VEH07103,Sedan,60.0,10
VEH07104,Sedan,50.0,10
VEH07105,Sedan,70.0,0
VEH07106,Hatchback,70.0,0
VEH07107,Sedan,70.0,6
VEH07108,Pickup,70.0,0
VEH07109,Hatchback,40.0,8
VEH07110,SUV,60.0,10
VEH07111,Hatchback,70.0,9
VEH07112,Hatchback,70.0,9
VEH07113,SUV,60.0,4
VEH07114,SUV,60.0,3
VEH07115,SUV,100.0,3
VEH07116,Hatchback,70.0,11
VEH07117,Hatchback,50.0,4
VEH07118,SUV,60.0,11
VEH07119,Hatchback,50.0,1
VEH07120,Hatchback,70.0,4
VEH07121,Hatchback,60.0,8
VEH07122,Van,50.0,10
VEH07123,Van,60.0,5
VEH07124,SUV,60.0,6
VEH07125,Pickup,60.0,0
VEH07126,SUV,70.0,10
VEH07127,Pickup,60.0,3
VEH07128,Sedan,50.0,8
VEH07129,Sedan,80.0,1
VEH07130,Pickup,60.0,0
VEH07131,Hatchback,60.0,8
VEH07132,SUV,40.0,0
VEH07133,SUV,50.0,1
VEH07134,SUV,50.0,8
VEH07135,Sedan,40.0,8
VEH07136,SUV,60.0,3
VEH07137,SUV,40.0,9
VEH07138,SUV,50.0,6
VEH07139,Pickup,90.0,3
VEH07140,SUV,50.0,5
VEH07141,Sedan,90.0,9
VEH07142,Hatchback,60.0,3
VEH07143,Hatchback,60.0,2
VEH07144,Sedan,40.0,2
VEH07145,Hatchback,80.0,5
VEH07146,Sedan,80.0,8
VEH07147,SUV,40.0,0
VEH07148,Sedan,50.0,8
VEH07149,Hatchback,40.0,5
VEH07150,SUV,100.0,1
VEH07151,Hatchback,40.0,11
VEH07152,SUV,80.0,10
VEH07153,SUV,90.0,2
VEH07154,Sedan,70.0,1
VEH07155,Van,40.0,3
VEH07156,Sedan,90.0,9
VEH07157,SUV,70.0,11
VEH07158,SUV,80.0,7
VEH07159,SUV,70.0,2
VEH07160,Hatchback,60.0,10
VEH07161,Pickup,60.0,3
VEH07162,Hatchback,70.0,0
VEH07163,Pickup,70.0,3
VEH07164,Pickup,80.0,7
VEH07165,Sedan,50.0,9
VEH07166,Pickup,60.0,9
VEH07167,Sedan,80.0,6
VEH07168,SUV,100.0,6
VEH07169,Sedan,60.0,4
VEH07170,Sedan,40.0,2
VEH07171,SUV,80.0,7
VEH07172,Sedan,100.0,6
VEH07173,Hatchback,100.0,9
VEH07174,SUV,70.0,11
VEH07175,Hatchback,70.0,6
VEH07176,Hatchback,90.0,0
VEH07177,SUV,60.0,6
VEH07178,SUV,60.0,8
VEH07179,Pickup,40.0,1
VEH07180,SUV,40.0,7
VEH07181,Hatchback,70.0,9
VEH07182,SUV,60.0,2
VEH07183,SUV,50.0,2
VEH07184,SUV,60.0,2
VEH07185,Sedan,50.0,1
VEH07186,SUV,60.0,6
VEH07187,SUV,60.0,6
VEH07188,SUV,70.0,6
VEH07189,Sedan,40.0,3
VEH07190,SUV,40.0,5
VEH07191,Hatchback,40.0,2
VEH07192,SUV,50.0,3
VEH07193,Pickup,100.0,10
VEH07194,Hatchback,80.0,9
VEH07195,SUV,80.0,7
VEH07196,Pickup,70.0,5
VEH07197,SUV,40.0,6
VEH07198,Sedan,70.0,7
VEH07199,SUV,70.0,9
VEH07200,SUV,50.0,4
VEH07201,Sedan,90.0,3
VEH07202,SUV,80.0,10
VEH07203,Pickup,50.0,1
VEH07204,Pickup,60.0,11
VEH07205,SUV,60.0,5
VEH07206,Sedan,40.0,11
VEH07207,Sedan,50.0,0
VEH07208,Hatchback,100.0,4
VEH07209,SUV,50.0,7
VEH07210,SUV,60.0,7
VEH07211,Hatchback,50.0,11
VEH07212,Sedan,70.0,6
VEH07213,SUV,70.0,11
VEH07214,Sedan,60.0,2
VEH07215,Hatchback,50.0,10
VEH07216,Hatchback,50.0,11
VEH07217,Sedan,100.0,8
VEH07218,Hatchback,60.0,11
VEH07219,SUV,60.0,8
VEH07220,Van,50.0,9
VEH07221,Pickup,60.0,9
VEH07222,SUV,60.0,10
VEH07223,SUV,80.0,9
VEH07224,Pickup,50.0,1
VEH07225,SUV,70.0,5
VEH07226,SUV,80.0,10
VEH07227,Sedan,70.0,9
VEH07228,Sedan,80.0,1
VEH07229,Sedan,60.0,6
VEH07230,SUV,50.0,3
VEH07231,Hatchback,60.0,1
VEH07232,Hatchback,50.0,9
VEH07233,Pickup,70.0,11
VEH07234,Sedan,40.0,3
VEH07235,Hatchback,60.0,0
VEH07236,Hatchback,60.0,2
VEH07237,Sedan,60.0,2
VEH07238,Pickup,40.0,2
VEH07239,Sedan,90.0,4
VEH07240,Sedan,70.0,9
VEH07241,SUV,50.0,1
VEH07242,Pickup,100.0,1
VEH07243,SUV,70.0,4
VEH07244,Sedan,60.0,0
VEH07245,Hatchback,40.0,11
VEH07246,Sedan,70.0,10
VEH07247,Pickup,80.0,4
VEH07248,Sedan,40.0,6
VEH07249,Sedan,50.0,6
VEH07250,SUV,50.0,7
VEH07251,Sedan,100.0,0
VEH07252,Van,50.0,10
VEH07253,Van,90.0,7
VEH07254,Hatchback,70.0,11
VEH07255,Hatchback,80.0,11
VEH07256,SUV,80.0,7
VEH07257,Sedan,60.0,7
VEH07258,SUV,70.0,11
VEH07259,SUV,70.0,6
VEH07260,SUV,80.0,3
VEH07261,Hatchback,80.0,0
VEH07262,SUV,40.0,7
VEH07263,Sedan,40.0,10
VEH07264,SUV,40.0,2
VEH07265,Van,50.0,1
VEH07266,Pickup,60.0,10
VEH07267,Sedan,50.0,2
VEH07268,Sedan,100.0,10
VEH07269,Hatchback,40.0,3
VEH07270,Pickup,80.0,5
VEH07271,Sedan,80.0,1
VEH07272,Hatchback,40.0,1
VEH07273,Van,50.0,7
VEH07274,SUV,90.0,6
VEH07275,Sedan,50.0,6
VEH07276,Sedan,50.0,7
VEH07277,Pickup,70.0,11
VEH07278,Sedan,90.0,5
VEH07279,Sedan,80.0,7
VEH07280,SUV,70.0,8
VEH07281,SUV,60.0,1
VEH07282,SUV,60.0,1
VEH07283,Hatchback,70.0,6
VEH07284,Pickup,70.0,5
VEH07285,SUV,70.0,8
VEH07286,Hatchback,50.0,6
VEH07287,Sedan,50.0,7
VEH07288,Sedan,90.0,7
VEH07289,Pickup,90.0,11
VEH07290,SUV,80.0,10
VEH07291,Hatchback,70.0,7
VEH07292,SUV,90.0,9
VEH07293,Pickup,50.0,6
VEH07294,SUV,40.0,6
VEH07295,SUV,50.0,0
VEH07296,Hatchback,70.0,1
VEH07297,SUV,60.0,10
VEH07298,SUV,60.0,2
VEH07299,Hatchback,40.0,8
VEH07300,SUV,60.0,0
VEH07301,Sedan,70.0,11
VEH07302,Hatchback,60.0,6
VEH07303,SUV,80.0,3
VEH07304,Sedan,40.0,6
VEH07305,Hatchback,60.0,3
VEH07306,SUV,90.0,7
VEH07307,Sedan,50.0,11
VEH07308,Hatchback,80.0,11
VEH07309,Pickup,50.0,0
VEH07310,Hatchback,60.0,8
VEH07311,Pickup,60.0,0
VEH07312,SUV,100.0,8
VEH07313,Pickup,60.0,4
VEH07314,Van,90.0,2
VEH07315,Pickup,50.0,9
VEH07316,SUV,60.0,7
VEH07317,Hatchback,100.0,1
VEH07318,SUV,60.0,11
VEH07319,Hatchback,80.0,9
VEH07320,Pickup,40.0,5
VEH07321,SUV,50.0,10
VEH07322,Sedan,50.0,7
VEH07323,SUV,70.0,9
VEH07324,SUV,80.0,11
VEH07325,SUV,80.0,9
VEH07326,SUV,60.0,11
VEH07327,SUV,40.0,7
VEH07328,Sedan,100.0,4
VEH07329,Hatchback,60.0,4
VEH07330,Hatchback,80.0,11
VEH07331,Hatchback,60.0,2
VEH07332,Sedan,80.0,5
VEH07333,Pickup,50.0,3
VEH07334,Sedan,70.0,10
VEH07335,Pickup,80.0,7
VEH07336,SUV,70.0,9
VEH07337,Sedan,70.0,10
VEH07338,SUV,80.0,2
VEH07339,Sedan,90.0,8
VEH07340,Sedan,80.0,10
VEH07341,SUV,40.0,9
VEH07342,Hatchback,50.0,6
VEH07343,Pickup,40.0,7
VEH07344,Hatchback,100.0,3
VEH07345,Hatchback,80.0,6
VEH07346,Sedan,40.0,1
VEH07347,Pickup,70.0,9
VEH07348,Sedan,40.0,11
VEH07349,Pickup,40.0,10
VEH07350,SUV,40.0,11
VEH07351,Sedan,70.0,10
VEH07352,SUV,50.0,7
VEH07353,Sedan,60.0,4
VEH07354,Sedan,60.0,6
VEH07355,Sedan,70.0,10
VEH07356,Hatchback,60.0,2
VEH07357,SUV,70.0,7
VEH07358,Hatchback,60.0,10
VEH07359,Sedan,50.0,9
VEH07360,SUV,60.0,6
VEH07361,Hatchback,80.0,8
VEH07362,SUV,100.0,11
VEH07363,Pickup,60.0,10
VEH07364,Sedan,70.0,7
VEH07365,Sedan,60.0,1
VEH07366,SUV,50.0,8
VEH07367,Sedan,70.0,11
VEH07368,Hatchback,50.0,10
VEH07369,Hatchback,50.0,0
VEH07370,SUV,50.0,4
VEH07371,SUV,70.0,5
VEH07372,Sedan,80.0,9
VEH07373,Hatchback,70.0,2
VEH07374,Sedan,50.0,2
VEH07375,Hatchback,60.0,2
VEH07376,Sedan,60.0,11
VEH07377,Pickup,60.0,1
VEH07378,SUV,90.0,11
VEH07379,SUV,60.0,10
VEH07380,Sedan,50.0,6
VEH07381,Van,50.0,4
VEH07382,Sedan,70.0,11
VEH07383,Sedan,70.0,3
VEH07384,SUV,60.0,11
VEH07385,Sedan,90.0,0
VEH07386,SUV,50.0,1
VEH07387,SUV,50.0,10
VEH07388,Hatchback,100.0,11
VEH07389,Hatchback,50.0,7
VEH07390,Pickup,80.0,2
VEH07391,Sedan,80.0,3
VEH07392,Hatchback,50.0,9
VEH07393,SUV,40.0,11
VEH07394,Sedan,80.0,6
VEH07395,SUV,50.0,6
VEH07396,Van,90.0,2
VEH07397,Sedan,60.0,3
VEH07398,Sedan,70.0,6
VEH07399,Hatchback,40.0,1
VEH07400,Van,80.0,2
VEH07401,Pickup,70.0,2
VEH07402,Pickup,90.0,6
VEH07403,SUV,90.0,3
VEH07404,SUV,80.0,6
VEH07405,Pickup,100.0,5
VEH07406,Hatchback,60.0,6
VEH07407,Hatchback,80.0,1
VEH07408,Sedan,90.0,8
VEH07409,SUV,90.0,5
VEH07410,SUV,90.0,0
VEH07411,Hatchback,50.0,3
VEH07412,Hatchback,60.0,4
VEH07413,Sedan,70.0,9
VEH07414,SUV,80.0,10
VEH07415,SUV,60.0,7
VEH07416,SUV,70.0,3
VEH07417,Hatchback,40.0,9
VEH07418,Sedan,70.0,11
VEH07419,Pickup,60.0,2
VEH07420,SUV,80.0,4
VEH07421,SUV,50.0,1
VEH07422,Hatchback,60.0,3
VEH07423,SUV,70.0,10
VEH07424,SUV,90.0,3
VEH07425,Van,90.0,9
VEH07426,Pickup,50.0,1
VEH07427,SUV,70.0,10
VEH07428,SUV,60.0,3
VEH07429,Hatchback,80.0,10
VEH07430,SUV,80.0,3
VEH07431,Sedan,70.0,10
VEH07432,SUV,80.0,0
VEH07433,Sedan,80.0,11
VEH07434,SUV,80.0,8
VEH07435,Pickup,60.0,2
VEH07436,Van,70.0,11
VEH07437,Hatchback,80.0,11
VEH07438,Pickup,50.0,0
VEH07439,Sedan,80.0,11
VEH07440,Hatchback,100.0,7
VEH07441,Sedan,50.0,3
VEH07442,Hatchback,90.0,11
VEH07443,Sedan,80.0,2
VEH07444,Hatchback,100.0,8
VEH07445,SUV,80.0,9
VEH07446,Sedan,60.0,6
VEH07447,Hatchback,80.0,11
VEH07448,Van,60.0,1
VEH07449,SUV,40.0,0
VEH07450,SUV,60.0,6
VEH07451,Sedan,70.0,8
VEH07452,SUV,70.0,8
VEH07453,Pickup,40.0,3
VEH07454,Pickup,80.0,9
VEH07455,Sedan,70.0,2
VEH07456,SUV,80.0,0
VEH07457,Sedan,60.0,6
VEH07458,Pickup,50.0,10
VEH07459,Hatchback,50.0,10
VEH07460,SUV,50.0,11
VEH07461,SUV,40.0,4
VEH07462,Hatchback,40.0,11
VEH07463,Sedan,40.0,6
VEH07464,Sedan,80.0,10
VEH07465,Sedan,50.0,9
VEH07466,SUV,70.0,0
VEH07467,Sedan,70.0,2
VEH07468,Hatchback,100.0,8
VEH07469,Van,70.0,6
VEH07470,Hatchback,70.0,1
VEH07471,Sedan,80.0,1
VEH07472,Hatchback,50.0,10
VEH07473,SUV,60.0,11
VEH07474,SUV,70.0,11
VEH07475,SUV,50.0,10
VEH07476,SUV,90.0,5
VEH07477,Sedan,80.0,5
VEH07478,Hatchback,40.0,7
VEH07479,Van,40.0,5
VEH07480,Sedan,60.0,6
VEH07481,Sedan,80.0,2
VEH07482,Sedan,80.0,5
VEH07483,SUV,40.0,7
VEH07484,Sedan,100.0,0
VEH07485,Pickup,50.0,3
VEH07486,Van,50.0,3
VEH07487,Pickup,60.0,8
VEH07488,SUV,60.0,3
VEH07489,Pickup,50.0,8
VEH07490,SUV,60.0,5
VEH07491,Sedan,50.0,10
VEH07492,Sedan,60.0,6
VEH07493,Pickup,90.0,4
VEH07494,SUV,90.0,9
VEH07495,Sedan,70.0,1
VEH07496,Van,70.0,1
VEH07497,Hatchback,60.0,0
VEH07498,Sedan,50.0,11
VEH07499,Sedan,50.0,7
VEH07500,SUV,80.0,8
VEH07501,Van,60.0,0
VEH07502,Hatchback,90.0,11
VEH07503,Pickup,40.0,8
VEH07504,SUV,60.0,4
VEH07505,Pickup,40.0,3
VEH07506,Hatchback,40.0,6
VEH07507,SUV,50.0,9
VEH07508,SUV,50.0,2
VEH07509,Van,50.0,11
VEH07510,SUV,70.0,6
VEH07511,SUV,60.0,4
VEH07512,Sedan,90.0,1
VEH07513,SUV,60.0,8
VEH07514,Sedan,80.0,1
VEH07515,Hatchback,60.0,2
VEH07516,Sedan,70.0,8
VEH07517,Sedan,90.0,8
VEH07518,Pickup,60.0,7
VEH07519,Pickup,40.0,3
VEH07520,Sedan,40.0,0
VEH07521,Hatchback,50.0,2
VEH07522,Hatchback,60.0,1
VEH07523,Pickup,80.0,8
VEH07524,Pickup,100.0,11
VEH07525,Hatchback,50.0,11
VEH07526,SUV,40.0,0
VEH07527,SUV,90.0,10
VEH07528,Hatchback,90.0,3
VEH07529,SUV,80.0,8
VEH07530,Sedan,70.0,8
VEH07531,Van,60.0,4
VEH07532,Pickup,50.0,10
VEH07533,Hatchback,50.0,7
VEH07534,SUV,50.0,3
VEH07535,Sedan,60.0,8
VEH07536,Hatchback,60.0,8
VEH07537,Sedan,60.0,4
VEH07538,SUV,80.0,6
VEH07539,Hatchback,50.0,3
VEH07540,Hatchback,40.0,9
VEH07541,Van,60.0,7
VEH07542,Sedan,50.0,9
VEH07543,SUV,70.0,11
VEH07544,Sedan,60.0,8
VEH07545,Hatchback,70.0,11
VEH07546,Hatchback,70.0,2
VEH07547,Sedan,80.0,8
VEH07548,SUV,70.0,0
VEH07549,Sedan,80.0,8
VEH07550,SUV,90.0,3
VEH07551,Sedan,50.0,2
VEH07552,Sedan,60.0,9
VEH07553,Pickup,60.0,8
VEH07554,SUV,60.0,0
VEH07555,Sedan,50.0,10
VEH07556,Sedan,70.0,2
VEH07557,Hatchback,80.0,0
VEH07558,SUV,70.0,3
VEH07559,SUV,80.0,8
VEH07560,Hatchback,90.0,1
VEH07561,SUV,70.0,10
VEH07562,Sedan,90.0,1
VEH07563,SUV,80.0,10
VEH07564,Sedan,40.0,3
VEH07565,Pickup,90.0,1
VEH07566,SUV,80.0,4
VEH07567,Pickup,50.0,3
VEH07568,SUV,70.0,2
VEH07569,Sedan,50.0,9
VEH07570,Sedan,80.0,4
VEH07571,Pickup,50.0,10
VEH07572,Hatchback,40.0,2
VEH07573,Sedan,70.0,10
VEH07574,SUV,40.0,8
VEH07575,Hatchback,70.0,6
VEH07576,SUV,50.0,5
VEH07577,SUV,80.0,10
VEH07578,Sedan,40.0,1
VEH07579,Hatchback,60.0,3
VEH07580,Sedan,70.0,2
VEH07581,Hatchback,70.0,11
VEH07582,Hatchback,70.0,9
VEH07583,Hatchback,40.0,2
VEH07584,SUV,60.0,10
VEH07585,Van,70.0,11
VEH07586,Hatchback,80.0,3
VEH07587,SUV,100.0,8
VEH07588,SUV,40.0,10
VEH07589,Van,70.0,3
VEH07590,SUV,80.0,5
VEH07591,Sedan,50.0,8
VEH07592,Pickup,50.0,8
VEH07593,Hatchback,100.0,4
VEH07594,SUV,80.0,11
VEH07595,SUV,50.0,6
VEH07596,Pickup,60.0,7
VEH07597,Sedan,50.0,10
VEH07598,Hatchback,60.0,9
VEH07599,Van,60.0,4
VEH07600,Sedan,90.0,3
VEH07601,Hatchback,80.0,4
VEH07602,SUV,80.0,10
VEH07603,Pickup,40.0,8
VEH07604,Van,50.0,8
VEH07605,SUV,40.0,8
VEH07606,Pickup,60.0,4
VEH07607,Sedan,90.0,2
VEH07608,Pickup,60.0,11
VEH07609,Sedan,50.0,6
VEH07610,SUV,50.0,9
VEH07611,SUV,60.0,9
VEH07612,SUV,90.0,0
VEH07613,Hatchback,50.0,5
VEH07614,SUV,80.0,2
VEH07615,Hatchback,70.0,3
VEH07616,Sedan,80.0,3
VEH07617,Sedan,80.0,9
VEH07618,SUV,100.0,6
VEH07619,Hatchback,70.0,0
VEH07620,Pickup,70.0,0
VEH07621,SUV,100.0,3
VEH07622,Sedan,60.0,6
VEH07623,Van,60.0,6
VEH07624,Hatchback,60.0,4
VEH07625,Hatchback,90.0,8
VEH07626,Sedan,80.0,11
VEH07627,SUV,50.0,2
VEH07628,Van,70.0,2
VEH07629,Pickup,60.0,8
VEH07630,SUV,60.0,11
VEH07631,Sedan,40.0,1
VEH07632,Sedan,80.0,0
VEH07633,Sedan,100.0,7
VEH07634,Sedan,50.0,4
VEH07635,SUV,70.0,10
VEH07636,Sedan,60.0,4
VEH07637,Pickup,60.0,10
VEH07638,Sedan,100.0,10
VEH07639,Sedan,70.0,6
VEH07640,SUV,50.0,9
VEH07641,Sedan,90.0,11
VEH07642,Pickup,90.0,5
VEH07643,SUV,60.0,0
VEH07644,Pickup,70.0,8
VEH07645,Pickup,80.0,1
VEH07646,SUV,40.0,7
VEH07647,SUV,40.0,8
VEH07648,Sedan,50.0,1
VEH07649,Sedan,80.0,8
VEH07650,SUV,70.0,7
VEH07651,Van,40.0,9
VEH07652,Van,90.0,3
VEH07653,Sedan,90.0,6
VEH07654,Pickup,70.0,5
VEH07655,SUV,50.0,7
VEH07656,Sedan,90.0,6
VEH07657,SUV,40.0,10
VEH07658,SUV,90.0,3
VEH07659,Sedan,50.0,10
VEH07660,Sedan,80.0,6
VEH07661,SUV,70.0,0
VEH07662,SUV,40.0,6
VEH07663,Sedan,70.0,1
VEH07664,Pickup,40.0,1
VEH07665,Pickup,40.0,7
VEH07666,SUV,50.0,5
VEH07667,Sedan,60.0,11
VEH07668,Sedan,60.0,9
VEH07669,Sedan,60.0,1
VEH07670,SUV,70.0,9
VEH07671,SUV,50.0,9
VEH07672,Hatchback,70.0,8
VEH07673,Sedan,40.0,10
VEH07674,Hatchback,60.0,11
VEH07675,SUV,50.0,10
VEH07676,Sedan,60.0,10
VEH07677,SUV,70.0,0
VEH07678,Pickup,60.0,3
VEH07679,SUV,80.0,2
VEH07680,Pickup,70.0,3
VEH07681,Sedan,60.0,4
VEH07682,Sedan,50.0,5
VEH07683,Hatchback,80.0,2
VEH07684,Hatchback,40.0,5
VEH07685,Hatchback,80.0,3
VEH07686,SUV,70.0,10
VEH07687,Sedan,60.0,6
VEH07688,Hatchback,60.0,2
VEH07689,SUV,80.0,4
VEH07690,SUV,40.0,10
VEH07691,Pickup,40.0,0
VEH07692,Sedan,70.0,8
VEH07693,Sedan,100.0,11
VEH07694,Sedan,40.0,6
VEH07695,Van,60.0,2
VEH07696,Sedan,90.0,6
VEH07697,Sedan,40.0,7
VEH07698,Pickup,80.0,3
VEH07699,SUV,80.0,10
VEH07700,Hatchback,90.0,0
VEH07701,Pickup,50.0,11
VEH07702,Hatchback,80.0,1
VEH07703,Sedan,90.0,2
VEH07704,SUV,80.0,5
VEH07705,Sedan,90.0,11
VEH07706,SUV,50.0,10
VEH07707,Hatchback,50.0,8
VEH07708,SUV,60.0,5
VEH07709,Hatchback,70.0,0
VEH07710,SUV,80.0,5
VEH07711,Sedan,60.0,6
VEH07712,Sedan,40.0,7
VEH07713,Sedan,70.0,9
VEH07714,SUV,70.0,0
VEH07715,Sedan,40.0,1
VEH07716,SUV,60.0,10
VEH07717,Sedan,80.0,8
VEH07718,Pickup,90.0,1
VEH07719,SUV,70.0,0
VEH07720,Hatchback,90.0,6
VEH07721,Pickup,70.0,0
VEH07722,SUV,70.0,0
VEH07723,SUV,60.0,8
VEH07724,Sedan,50.0,1
VEH07725,SUV,70.0,8
VEH07726,Sedan,70.0,10
VEH07727,Sedan,80.0,3
VEH07728,SUV,80.0,4
VEH07729,Van,40.0,8
VEH07730,Pickup,40.0,6
VEH07731,Hatchback,50.0,10
VEH07732,Pickup,80.0,1
VEH07733,Sedan,90.0,5
VEH07734,Sedan,100.0,9
VEH07735,Sedan,80.0,1
VEH07736,SUV,50.0,9
VEH07737,Hatchback,70.0,3
VEH07738,SUV,90.0,0
VEH07739,SUV,80.0,1
VEH07740,Sedan,90.0,9
VEH07741,Pickup,50.0,8
VEH07742,Sedan,60.0,5
VEH07743,Hatchback,50.0,2
VEH07744,Hatchback,60.0,2
VEH07745,Hatchback,80.0,4
VEH07746,Pickup,40.0,9
VEH07747,Pickup,60.0,0
VEH07748,Van,80.0,2
VEH07749,Sedan,70.0,1
VEH07750,SUV,70.0,3
VEH07751,Sedan,60.0,9
VEH07752,Hatchback,80.0,9
VEH07753,Sedan,70.0,3
VEH07754,SUV,70.0,8
VEH07755,SUV,70.0,9
VEH07756,Hatchback,40.0,11
VEH07757,Pickup,70.0,3
VEH07758,Sedan,70.0,8
VEH07759,SUV,70.0,4
VEH07760,Hatchback,40.0,2
VEH07761,SUV,60.0,5
VEH07762,Hatchback,40.0,3
VEH07763,SUV,80.0,8
VEH07764,SUV,80.0,7
VEH07765,SUV,50.0,8
VEH07766,Sedan,70.0,6
VEH07767,Sedan,70.0,4
VEH07768,SUV,40.0,2
VEH07769,Pickup,70.0,10
VEH07770,Sedan,40.0,5
VEH07771,Sedan,50.0,9
VEH07772,Van,60.0,6
VEH07773,SUV,70.0,1
VEH07774,SUV,60.0,0
VEH07775,Hatchback,70.0,5
VEH07776,SUV,90.0,1
VEH07777,Van,90.0,5
VEH07778,Sedan,60.0,0
VEH07779,SUV,60.0,1
VEH07780,Van,60.0,11
VEH07781,Van,40.0,2
VEH07782,Sedan,40.0,6
VEH07783,Pickup,80.0,4
VEH07784,Sedan,60.0,5
VEH07785,Sedan,70.0,10
VEH07786,Pickup,60.0,11
VEH07787,Pickup,40.0,10
VEH07788,Pickup,90.0,5
VEH07789,Pickup,60.0,1
VEH07790,Van,50.0,11
VEH07791,SUV,40.0,11
VEH07792,SUV,60.0,10
VEH07793,Hatchback,40.0,3
VEH07794,Pickup,100.0,9
VEH07795,SUV,50.0,3
VEH07796,SUV,80.0,9
VEH07797,SUV,80.0,0
VEH07798,Van,80.0,10
VEH07799,Sedan,80.0,1
VEH07800,Sedan,50.0,10
VEH07801,Hatchback,70.0,11
VEH07802,Sedan,60.0,5
VEH07803,Sedan,50.0,0
VEH07804,Pickup,40.0,6
VEH07805,Hatchback,50.0,5
VEH07806,Van,70.0,2
VEH07807,Sedan,90.0,7
VEH07808,SUV,60.0,11
VEH07809,Sedan,100.0,1
VEH07810,SUV,60.0,5
VEH07811,Sedan,70.0,2
VEH07812,Sedan,90.0,3
VEH07813,Sedan,60.0,3
VEH07814,SUV,40.0,2
VEH07815,Sedan,70.0,6
VEH07816,Sedan,70.0,8
VEH07817,Pickup,70.0,4
VEH07818,Sedan,70.0,11
VEH07819,Sedan,70.0,8
VEH07820,SUV,90.0,2
VEH07821,Pickup,40.0,10
VEH07822,Pickup,80.0,9
VEH07823,SUV,80.0,9
VEH07824,SUV,70.0,6
VEH07825,SUV,50.0,5
VEH07826,Sedan,50.0,5
VEH07827,Van,90.0,4
VEH07828,Sedan,70.0,1
VEH07829,SUV,70.0,6
VEH07830,Hatchback,40.0,2
VEH07831,Pickup,90.0,5
VEH07832,Hatchback,40.0,5
VEH07833,SUV,50.0,10
VEH07834,SUV,70.0,4
VEH07835,Sedan,90.0,2
VEH07836,Sedan,70.0,7
VEH07837,Sedan,40.0,7
VEH07838,SUV,60.0,0
VEH07839,SUV,50.0,1
VEH07840,Pickup,60.0,11
VEH07841,Sedan,70.0,8
VEH07842,Sedan,80.0,0
VEH07843,Hatchback,40.0,6
VEH07844,Hatchback,100.0,7
VEH07845,Hatchback,90.0,3
VEH07846,Pickup,40.0,3
VEH07847,SUV,50.0,5
VEH07848,Hatchback,60.0,9
VEH07849,Van,50.0,11
VEH07850,Hatchback,60.0,5
VEH07851,Van,80.0,3
VEH07852,Pickup,40.0,6
VEH07853,SUV,60.0,5
VEH07854,Sedan,90.0,4
VEH07855,SUV,40.0,6
VEH07856,Sedan,60.0,11
VEH07857,Sedan,80.0,2
VEH07858,Hatchback,80.0,7
VEH07859,Sedan,40.0,4
VEH07860,SUV,100.0,6
VEH07861,SUV,70.0,8
VEH07862,SUV,60.0,7
VEH07863,Sedan,60.0,7
VEH07864,Pickup,60.0,11
VEH07865,Pickup,40.0,11
VEH07866,SUV,70.0,7
VEH07867,Pickup,80.0,4
VEH07868,Sedan,70.0,10
VEH07869,SUV,70.0,7
VEH07870,Pickup,70.0,3
VEH07871,Sedan,80.0,9
VEH07872,SUV,40.0,4
VEH07873,Sedan,90.0,11
VEH07874,Sedan,50.0,10
VEH07875,Hatchback,60.0,11
VEH07876,Hatchback,70.0,11
VEH07877,Sedan,60.0,2
VEH07878,Hatchback,80.0,2
VEH07879,Pickup,60.0,1
VEH07880,Sedan,60.0,2
VEH07881,Hatchback,60.0,8
VEH07882,Sedan,60.0,8
VEH07883,Sedan,40.0,5
VEH07884,Pickup,60.0,7
VEH07885,Hatchback,60.0,4
VEH07886,Hatchback,60.0,2
VEH07887,Sedan,70.0,8
VEH07888,Sedan,50.0,4
VEH07889,Sedan,70.0,2
VEH07890,SUV,40.0,2
VEH07891,Pickup,60.0,4
VEH07892,Sedan,90.0,5
VEH07893,SUV,50.0,10
VEH07894,Pickup,50.0,3
VEH07895,Pickup,40.0,6
VEH07896,Pickup,90.0,1
VEH07897,Sedan,40.0,4
VEH07898,SUV,50.0,11
VEH07899,Sedan,40.0,8
VEH07900,SUV,60.0,7
VEH07901,Van,60.0,1
VEH07902,Sedan,60.0,4
VEH07903,Van,70.0,2
VEH07904,Hatchback,40.0,11
VEH07905,Pickup,50.0,5
VEH07906,Hatchback,70.0,2
VEH07907,Hatchback,60.0,11
VEH07908,SUV,80.0,0
VEH07909,SUV,90.0,11
VEH07910,Pickup,60.0,8
VEH07911,SUV,60.0,9
VEH07912,Hatchback,60.0,5
VEH07913,Sedan,70.0,5
VEH07914,SUV,50.0,5
VEH07915,Sedan,70.0,6
VEH07916,Pickup,70.0,4
VEH07917,SUV,90.0,5
VEH07918,Hatchback,50.0,11
VEH07919,SUV,80.0,6
VEH07920,Van,90.0,0
VEH07921,Sedan,90.0,3
VEH07922,SUV,80.0,10
VEH07923,Hatchback,60.0,2
VEH07924,Pickup,70.0,4
VEH07925,Hatchback,40.0,8
VEH07926,Van,70.0,2
VEH07927,SUV,50.0,8
VEH07928,Hatchback,70.0,4
VEH07929,Hatchback,40.0,9
VEH07930,Sedan,50.0,9
VEH07931,Hatchback,70.0,10
VEH07932,Sedan,60.0,4
VEH07933,Sedan,50.0,6
VEH07934,Hatchback,100.0,2
VEH07935,Sedan,60.0,9
VEH07936,Sedan,70.0,1
VEH07937,Pickup,90.0,3
VEH07938,Hatchback,90.0,8
VEH07939,Hatchback,80.0,10
VEH07940,Pickup,90.0,6
VEH07941,SUV,70.0,1
VEH07942,Sedan,80.0,9
VEH07943,Sedan,50.0,11
VEH07944,SUV,100.0,1
VEH07945,Hatchback,90.0,7
VEH07946,Pickup,80.0,2
VEH07947,SUV,40.0,3
VEH07948,SUV,70.0,7
VEH07949,SUV,60.0,2
VEH07950,Sedan,50.0,11
VEH07951,Van,90.0,5
VEH07952,Sedan,50.0,3
VEH07953,Van,100.0,2
VEH07954,Hatchback,50.0,10
VEH07955,Pickup,50.0,1
VEH07956,Sedan,60.0,2
VEH07957,Van,40.0,11
VEH07958,Hatchback,50.0,4
VEH07959,Sedan,60.0,11
VEH07960,Sedan,100.0,3
VEH07961,SUV,60.0,1
VEH07962,Sedan,50.0,6
VEH07963,Van,50.0,4
VEH07964,Pickup,60.0,0
VEH07965,Sedan,60.0,7
VEH07966,Van,90.0,0
VEH07967,SUV,40.0,2
VEH07968,Hatchback,50.0,7
VEH07969,Sedan,40.0,3
VEH07970,Hatchback,90.0,7
VEH07971,Pickup,60.0,5
VEH07972,Sedan,50.0,4
VEH07973,Pickup,50.0,3
VEH07974,Pickup,70.0,10
VEH07975,Van,90.0,5
VEH07976,Hatchback,80.0,10
VEH07977,Hatchback,50.0,2
VEH07978,Van,90.0,11
VEH07979,Hatchback,70.0,9
VEH07980,SUV,60.0,5
VEH07981,SUV,50.0,2
VEH07982,Sedan,60.0,9
VEH07983,Sedan,70.0,7
VEH07984,Pickup,100.0,5
VEH07985,Pickup,70.0,6
VEH07986,Hatchback,40.0,6
VEH07987,Sedan,80.0,2
VEH07988,Pickup,80.0,1
VEH07989,Hatchback,60.0,4
VEH07990,Van,50.0,2
VEH07991,SUV,60.0,10
VEH07992,Van,50.0,4
VEH07993,SUV,60.0,0
VEH07994,SUV,80.0,7
VEH07995,SUV,80.0,1
VEH07996,Sedan,40.0,3
VEH07997,Hatchback,60.0,3
VEH07998,Sedan,80.0,9
VEH07999,SUV,80.0,1
VEH08000,SUV,90.0,7
VEH08001,Pickup,60.0,5
VEH08002,SUV,80.0,9
VEH08003,Pickup,40.0,9
VEH08004,Pickup,90.0,0
VEH08005,SUV,40.0,5
VEH08006,Sedan,80.0,10
VEH08007,SUV,60.0,3
VEH08008,Hatchback,80.0,9
VEH08009,SUV,70.0,6
VEH08010,Pickup,50.0,5
VEH08011,Van,60.0,4
VEH08012,Sedan,60.0,10
VEH08013,Hatchback,80.0,1
VEH08014,Hatchback,90.0,10
VEH08015,Sedan,70.0,10
VEH08016,Pickup,60.0,6
VEH08017,Pickup,50.0,8
VEH08018,Pickup,70.0,8
VEH08019,SUV,60.0,0
VEH08020,SUV,70.0,0
VEH08021,Hatchback,50.0,0
VEH08022,SUV,90.0,7
VEH08023,Hatchback,90.0,4
VEH08024,Pickup,60.0,2
VEH08025,Sedan,40.0,0
VEH08026,SUV,70.0,8
VEH08027,SUV,80.0,9
VEH08028,Pickup,60.0,4
VEH08029,Pickup,70.0,1
VEH08030,Sedan,60.0,10
VEH08031,Van,60.0,2
VEH08032,Hatchback,60.0,7
VEH08033,SUV,50.0,0
VEH08034,Hatchback,60.0,9
VEH08035,Sedan,60.0,10
VEH08036,SUV,40.0,10
VEH08037,Sedan,100.0,2
VEH08038,Sedan,40.0,7
VEH08039,Hatchback,80.0,7
VEH08040,Sedan,100.0,10
VEH08041,Hatchback,70.0,1
VEH08042,SUV,90.0,11
VEH08043,SUV,90.0,8
VEH08044,Sedan,90.0,0
VEH08045,SUV,70.0,9
VEH08046,SUV,70.0,10
VEH08047,SUV,60.0,2
VEH08048,Hatchback,70.0,6
VEH08049,Sedan,80.0,8
VEH08050,Sedan,100.0,9
VEH08051,SUV,80.0,9
VEH08052,Hatchback,60.0,1
VEH08053,SUV,50.0,11
VEH08054,Sedan,60.0,0
VEH08055,SUV,60.0,0
VEH08056,SUV,40.0,6
VEH08057,Hatchback,90.0,2
VEH08058,Van,80.0,10
VEH08059,Pickup,60.0,9
VEH08060,Hatchback,60.0,0
VEH08061,Van,60.0,10
VEH08062,Van,70.0,9
VEH08063,Pickup,50.0,6
VEH08064,Van,60.0,2
VEH08065,SUV,90.0,4
VEH08066,SUV,50.0,2
VEH08067,Van,90.0,1
VEH08068,Pickup,80.0,11
VEH08069,Sedan,70.0,6
VEH08070,SUV,50.0,6
VEH08071,Hatchback,70.0,5
VEH08072,Hatchback,80.0,10
VEH08073,Pickup,50.0,7
VEH08074,SUV,70.0,8
VEH08075,SUV,60.0,6
VEH08076,Sedan,80.0,6
VEH08077,Sedan,60.0,1
VEH08078,SUV,60.0,8
VEH08079,Hatchback,40.0,5
VEH08080,Hatchback,60.0,8
VEH08081,Pickup,40.0,9
VEH08082,Hatchback,80.0,11
VEH08083,SUV,40.0,5
VEH08084,Van,50.0,10
VEH08085,Sedan,60.0,3
VEH08086,Sedan,80.0,8
VEH08087,SUV,70.0,1
VEH08088,SUV,50.0,3
VEH08089,Hatchback,50.0,10
VEH08090,SUV,50.0,0
VEH08091,SUV,80.0,5
VEH08092,Sedan,90.0,3
VEH08093,Sedan,50.0,2
VEH08094,SUV,50.0,1
VEH08095,Sedan,50.0,6
VEH08096,SUV,60.0,2
VEH08097,Sedan,80.0,3
VEH08098,Hatchback,80.0,4
VEH08099,SUV,40.0,8
VEH08100,Sedan,80.0,1
VEH08101,Hatchback,70.0,5
VEH08102,Sedan,80.0,8
VEH08103,SUV,40.0,6
VEH08104,SUV,50.0,1
VEH08105,Sedan,60.0,5
VEH08106,Sedan,90.0,10
VEH08107,Hatchback,40.0,3
VEH08108,Sedan,60.0,7
VEH08109,Sedan,40.0,10
VEH08110,Pickup,50.0,8
VEH08111,Sedan,60.0,2
VEH08112,SUV,60.0,1
VEH08113,Hatchback,90.0,3
VEH08114,SUV,60.0,7
VEH08115,Sedan,60.0,4
VEH08116,Pickup,70.0,8
VEH08117,Pickup,70.0,0
VEH08118,Pickup,70.0,10
VEH08119,Pickup,80.0,9
VEH08120,SUV,50.0,5
VEH08121,Sedan,60.0,0
VEH08122,Sedan,70.0,10
VEH08123,Sedan,40.0,4
VEH08124,Pickup,70.0,7
VEH08125,SUV,40.0,11
VEH08126,Sedan,60.0,4
VEH08127,SUV,80.0,10
VEH08128,Pickup,60.0,0
VEH08129,SUV,50.0,3
VEH08130,Van,80.0,7
VEH08131,Van,70.0,6
VEH08132,Sedan,70.0,7
VEH08133,SUV,60.0,1
VEH08134,SUV,40.0,2
VEH08135,Sedan,100.0,11
VEH08136,Sedan,70.0,11
VEH08137,Pickup,70.0,5
VEH08138,SUV,90.0,9
VEH08139,Pickup,80.0,9
VEH08140,Sedan,90.0,0
VEH08141,SUV,90.0,3
VEH08142,Sedan,60.0,8
VEH08143,Sedan,70.0,9
VEH08144,Van,70.0,11
VEH08145,Sedan,60.0,3
VEH08146,Pickup,100.0,5
VEH08147,Hatchback,60.0,5
VEH08148,Sedan,70.0,11
VEH08149,Van,40.0,9
VEH08150,Pickup,50.0,8
VEH08151,SUV,50.0,2
VEH08152,SUV,70.0,2
VEH08153,Sedan,40.0,3
VEH08154,Hatchback,40.0,3
VEH08155,Hatchback,60.0,10
VEH08156,SUV,60.0,5
VEH08157,Pickup,70.0,1
VEH08158,SUV,80.0,8
VEH08159,Sedan,60.0,3
VEH08160,SUV,40.0,7
VEH08161,Sedan,70.0,7
VEH08162,SUV,70.0,7
VEH08163,Sedan,40.0,3
VEH08164,Hatchback,100.0,11
VEH08165,Sedan,40.0,7
VEH08166,Sedan,80.0,6
VEH08167,Sedan,80.0,2
VEH08168,SUV,60.0,11
VEH08169,Hatchback,70.0,4
VEH08170,Hatchback,60.0,0
VEH08171,Pickup,60.0,3
VEH08172,Sedan,50.0,8
VEH08173,Sedan,70.0,6
VEH08174,Hatchback,50.0,11
VEH08175,Sedan,50.0,3
VEH08176,SUV,90.0,9
VEH08177,Hatchback,60.0,7
VEH08178,Hatchback,50.0,5
VEH08179,Sedan,100.0,8
VEH08180,Sedan,90.0,9
VEH08181,SUV,60.0,4
VEH08182,SUV,50.0,1
VEH08183,Sedan,50.0,0
VEH08184,Hatchback,70.0,5
VEH08185,Sedan,40.0,6
VEH08186,Sedan,50.0,8
VEH08187,SUV,70.0,2
VEH08188,Sedan,60.0,0
VEH08189,Sedan,40.0,2
VEH08190,Sedan,70.0,11
VEH08191,Hatchback,70.0,0
VEH08192,SUV,60.0,3
VEH08193,Sedan,70.0,8
VEH08194,Sedan,90.0,8
VEH08195,Hatchback,80.0,3
VEH08196,Hatchback,60.0,2
VEH08197,Pickup,80.0,5
VEH08198,Sedan,60.0,11
VEH08199,Sedan,80.0,6
VEH08200,SUV,100.0,10
VEH08201,SUV,60.0,0
VEH08202,Pickup,90.0,11
VEH08203,SUV,90.0,8
VEH08204,SUV,70.0,7
VEH08205,Hatchback,50.0,11
VEH08206,Hatchback,70.0,3
VEH08207,Sedan,70.0,11
VEH08208,Hatchback,40.0,0
VEH08209,Hatchback,40.0,3
VEH08210,Pickup,50.0,2
VEH08211,Pickup,80.0,8
VEH08212,Van,90.0,9
VEH08213,Sedan,80.0,8
VEH08214,SUV,80.0,3
VEH08215,Sedan,60.0,5
VEH08216,Pickup,50.0,1
VEH08217,SUV,60.0,6
VEH08218,Hatchback,50.0,0
VEH08219,Sedan,50.0,6
VEH08220,SUV,60.0,9
VEH08221,SUV,100.0,0
VEH08222,Hatchback,70.0,11
VEH08223,Sedan,40.0,0
VEH08224,SUV,90.0,6
VEH08225,Sedan,60.0,7
VEH08226,SUV,80.0,2
VEH08227,SUV,70.0,11
VEH08228,Pickup,40.0,0
VEH08229,Sedan,50.0,5
VEH08230,Hatchback,70.0,8
VEH08231,Sedan,80.0,8
VEH08232,SUV,60.0,2
VEH08233,Hatchback,60.0,11
VEH08234,Pickup,100.0,0
VEH08235,Van,60.0,2
VEH08236,Hatchback,70.0,10
VEH08237,SUV,80.0,5
VEH08238,SUV,40.0,0
VEH08239,Hatchback,60.0,10
VEH08240,Sedan,70.0,11
VEH08241,Hatchback,40.0,9
VEH08242,Sedan,80.0,0
VEH08243,Sedan,70.0,1
VEH08244,Sedan,40.0,7
VEH08245,Sedan,70.0,11
VEH08246,Van,50.0,5
VEH08247,Sedan,80.0,2
VEH08248,SUV,60.0,5
VEH08249,Hatchback,80.0,3
VEH08250,Hatchback,80.0,7
VEH08251,Sedan,60.0,5
VEH08252,Sedan,40.0,7
VEH08253,Sedan,40.0,11
VEH08254,Pickup,70.0,3
VEH08255,Sedan,50.0,0
VEH08256,Pickup,60.0,3
VEH08257,SUV,70.0,9
VEH08258,Sedan,80.0,11
VEH08259,Hatchback,50.0,7
VEH08260,Van,50.0,2
VEH08261,Hatchback,70.0,6
VEH08262,SUV,90.0,2
VEH08263,SUV,70.0,9
VEH08264,Sedan,90.0,0
VEH08265,Hatchback,80.0,0
VEH08266,SUV,100.0,3
VEH08267,Sedan,80.0,4
VEH08268,Hatchback,60.0,4
VEH08269,SUV,40.0,7
VEH08270,Hatchback,60.0,5
VEH08271,Pickup,80.0,0
VEH08272,Pickup,40.0,0
VEH08273,SUV,60.0,2
VEH08274,SUV,80.0,4
VEH08275,Sedan,50.0,0
VEH08276,Sedan,50.0,9
VEH08277,Van,60.0,10
VEH08278,Sedan,70.0,11
VEH08279,Sedan,60.0,0
VEH08280,Sedan,40.0,10
VEH08281,SUV,70.0,7
VEH08282,Hatchback,80.0,8
VEH08283,SUV,70.0,11
VEH08284,SUV,60.0,1
VEH08285,Van,80.0,10
VEH08286,Hatchback,80.0,0
VEH08287,SUV,40.0,7
VEH08288,Sedan,70.0,5
VEH08289,SUV,40.0,5
VEH08290,SUV,40.0,3
VEH08291,Hatchback,60.0,6
VEH08292,SUV,70.0,2
VEH08293,Pickup,80.0,11
VEH08294,Van,70.0,8
VEH08295,SUV,60.0,8
VEH08296,Hatchback,50.0,9
VEH08297,Sedan,60.0,3
VEH08298,Van,50.0,8
VEH08299,Hatchback,50.0,6
VEH08300,Hatchback,70.0,4
VEH08301,Pickup,80.0,8
VEH08302,Sedan,50.0,2
VEH08303,Pickup,80.0,4
VEH08304,SUV,70.0,6
VEH08305,Pickup,40.0,9
VEH08306,Sedan,60.0,0
VEH08307,SUV,70.0,0
VEH08308,SUV,60.0,3
VEH08309,Sedan,80.0,9
VEH08310,Van,70.0,3
VEH08311,Pickup,80.0,1
VEH08312,SUV,60.0,6
VEH08313,Van,80.0,2
VEH08314,SUV,80.0,9
VEH08315,Pickup,40.0,9
VEH08316,Pickup,60.0,4
VEH08317,Pickup,70.0,1
VEH08318,Sedan,70.0,8
VEH08319,Pickup,40.0,9
VEH08320,Sedan,60.0,4
VEH08321,Hatchback,100.0,6
VEH08322,Sedan,50.0,7
VEH08323,Pickup,40.0,9
VEH08324,Sedan,70.0,9
VEH08325,Pickup,40.0,10
VEH08326,Hatchback,100.0,8
VEH08327,Hatchback,80.0,5
VEH08328,Hatchback,50.0,3
VEH08329,Van,70.0,8
VEH08330,Hatchback,70.0,3
VEH08331,Sedan,100.0,4
VEH08332,SUV,70.0,8
VEH08333,Pickup,60.0,0
VEH08334,Pickup,50.0,4
VEH08335,Pickup,90.0,8
VEH08336,Van,50.0,4
VEH08337,SUV,60.0,2
VEH08338,SUV,90.0,1
VEH08339,SUV,50.0,4
VEH08340,Van,60.0,6
VEH08341,Pickup,70.0,3
VEH08342,Sedan,50.0,4
VEH08343,Sedan,40.0,4
VEH08344,SUV,60.0,6
VEH08345,Sedan,50.0,0
VEH08346,SUV,40.0,7
VEH08347,SUV,50.0,0
VEH08348,Pickup,60.0,8
VEH08349,Sedan,90.0,7
VEH08350,Sedan,60.0,9
VEH08351,SUV,50.0,7
VEH08352,SUV,100.0,5
VEH08353,Sedan,70.0,11
VEH08354,Pickup,80.0,4
VEH08355,Sedan,60.0,11
VEH08356,Hatchback,40.0,1
VEH08357,Pickup,70.0,7
VEH08358,SUV,50.0,8
VEH08359,SUV,60.0,11
VEH08360,SUV,70.0,2
VEH08361,Pickup,50.0,1
VEH08362,SUV,50.0,10
VEH08363,Sedan,50.0,5
VEH08364,SUV,90.0,3
VEH08365,Sedan,90.0,7
VEH08366,Van,40.0,10
VEH08367,Hatchback,100.0,8
VEH08368,Sedan,80.0,4
VEH08369,SUV,80.0,2
VEH08370,Van,60.0,1
VEH08371,Hatchback,50.0,3
VEH08372,Hatchback,50.0,2
VEH08373,Hatchback,80.0,8
VEH08374,Van,60.0,10
VEH08375,Pickup,100.0,9
VEH08376,Sedan,90.0,3
VEH08377,Hatchback,70.0,4
VEH08378,SUV,60.0,4
VEH08379,Pickup,90.0,0
VEH08380,SUV,80.0,2
VEH08381,SUV,50.0,2
VEH08382,Hatchback,50.0,0
VEH08383,Sedan,60.0,3
VEH08384,Sedan,70.0,0
VEH08385,Sedan,50.0,5
VEH08386,SUV,70.0,4
VEH08387,SUV,100.0,6
VEH08388,Hatchback,80.0,3
VEH08389,Sedan,70.0,4
VEH08390,SUV,80.0,9
VEH08391,SUV,80.0,7
VEH08392,Sedan,70.0,4
VEH08393,SUV,70.0,10
VEH08394,SUV,70.0,2
VEH08395,Sedan,80.0,10
VEH08396,Sedan,70.0,5
VEH08397,Pickup,50.0,0
VEH08398,Van,70.0,7
VEH08399,Pickup,50.0,0
VEH08400,SUV,80.0,6
VEH08401,Sedan,40.0,6
VEH08402,SUV,90.0,0
VEH08403,Sedan,40.0,8
VEH08404,SUV,70.0,0
VEH08405,Sedan,40.0,0
VEH08406,Van,50.0,6
VEH08407,Van,50.0,2
VEH08408,Hatchback,60.0,3
VEH08409,Sedan,90.0,11
VEH08410,SUV,70.0,1
VEH08411,SUV,80.0,0
VEH08412,Sedan,50.0,11
VEH08413,Sedan,60.0,0
VEH08414,Van,60.0,5
VEH08415,SUV,60.0,10
VEH08416,Hatchback,70.0,1
VEH08417,Pickup,90.0,10
VEH08418,SUV,90.0,6
VEH08419,Hatchback,60.0,3
VEH08420,Sedan,40.0,3
VEH08421,Sedan,60.0,7
VEH08422,Sedan,80.0,11
VEH08423,Hatchback,60.0,7
VEH08424,Hatchback,80.0,6
VEH08425,Pickup,40.0,5
VEH08426,Sedan,50.0,1
VEH08427,Sedan,70.0,5
VEH08428,Sedan,60.0,5
VEH08429,Hatchback,50.0,5
VEH08430,Sedan,70.0,9
VEH08431,Hatchback,80.0,4
VEH08432,Pickup,60.0,11
VEH08433,Hatchback,40.0,2
VEH08434,Pickup,70.0,3
VEH08435,Van,60.0,8
VEH08436,Hatchback,80.0,6
VEH08437,Sedan,100.0,0
VEH08438,Pickup,40.0,10
VEH08439,Pickup,40.0,5
VEH08440,SUV,70.0,3
VEH08441,SUV,70.0,1
VEH08442,SUV,70.0,5
VEH08443,SUV,50.0,0
VEH08444,Van,60.0,11
VEH08445,Hatchback,40.0,6
VEH08446,SUV,50.0,8
VEH08447,SUV,70.0,1
VEH08448,Sedan,80.0,1
VEH08449,Sedan,50.0,2
VEH08450,Sedan,70.0,9
VEH08451,Van,50.0,2
VEH08452,Sedan,50.0,1
VEH08453,SUV,50.0,9
VEH08454,Van,80.0,9
VEH08455,Pickup,60.0,5
VEH08456,Sedan,90.0,2
VEH08457,SUV,70.0,6
VEH08458,SUV,60.0,0
VEH08459,Pickup,80.0,1
VEH08460,SUV,80.0,4
VEH08461,Pickup,50.0,8
VEH08462,Pickup,70.0,4
VEH08463,Van,90.0,3
VEH08464,Sedan,80.0,6
VEH08465,Pickup,60.0,11
VEH08466,Hatchback,80.0,6
VEH08467,SUV,60.0,11
VEH08468,SUV,60.0,2
VEH08469,Pickup,60.0,10
VEH08470,Sedan,90.0,1
VEH08471,Pickup,70.0,5
VEH08472,Sedan,40.0,8
VEH08473,SUV,80.0,11
VEH08474,Sedan,70.0,7
VEH08475,SUV,40.0,8
VEH08476,Sedan,70.0,11
VEH08477,Van,60.0,11
VEH08478,Hatchback,80.0,0
VEH08479,Sedan,90.0,8
VEH08480,Hatchback,90.0,5
VEH08481,Van,60.0,2
VEH08482,SUV,80.0,7
VEH08483,Pickup,40.0,3
VEH08484,SUV,40.0,2
VEH08485,Sedan,70.0,0
VEH08486,SUV,60.0,10
VEH08487,Pickup,50.0,5
VEH08488,Hatchback,70.0,4
VEH08489,Hatchback,80.0,11
VEH08490,SUV,40.0,5
VEH08491,Pickup,40.0,2
VEH08492,Sedan,60.0,5
VEH08493,Sedan,40.0,3
VEH08494,SUV,80.0,8
VEH08495,Sedan,40.0,6
VEH08496,SUV,80.0,3
VEH08497,SUV,90.0,11
VEH08498,SUV,50.0,7
VEH08499,Sedan,90.0,10
VEH08500,Sedan,40.0,3
VEH08501,SUV,40.0,11
VEH08502,Sedan,60.0,3
VEH08503,SUV,60.0,0
VEH08504,Pickup,50.0,8
VEH08505,SUV,60.0,5
VEH08506,Sedan,80.0,6
VEH08507,Hatchback,70.0,9
VEH08508,Van,60.0,10
VEH08509,SUV,40.0,3
VEH08510,Hatchback,40.0,8
VEH08511,Sedan,40.0,6
VEH08512,SUV,70.0,11
VEH08513,Sedan,60.0,8
VEH08514,Hatchback,40.0,1
VEH08515,Pickup,50.0,3
VEH08516,Sedan,80.0,5
VEH08517,Pickup,70.0,8
VEH08518,Van,50.0,4
VEH08519,Hatchback,80.0,1
VEH08520,Hatchback,80.0,1
VEH08521,Pickup,40.0,0
VEH08522,Pickup,60.0,9
VEH08523,Sedan,70.0,7
VEH08524,Sedan,80.0,11
VEH08525,SUV,50.0,8
VEH08526,Sedan,90.0,11
VEH08527,Hatchback,80.0,10
VEH08528,Hatchback,80.0,8
VEH08529,Sedan,90.0,8
VEH08530,SUV,70.0,8
VEH08531,Sedan,50.0,5
VEH08532,Sedan,60.0,5
VEH08533,SUV,60.0,6
VEH08534,Sedan,60.0,11
VEH08535,Sedan,70.0,9
VEH08536,SUV,60.0,5
VEH08537,SUV,50.0,0
VEH08538,Hatchback,70.0,3
VEH08539,Sedan,40.0,0
VEH08540,Pickup,60.0,3
VEH08541,Sedan,40.0,3
VEH08542,SUV,70.0,2
VEH08543,SUV,60.0,7
VEH08544,Hatchback,40.0,5
VEH08545,Pickup,90.0,11
VEH08546,SUV,40.0,5
VEH08547,Sedan,70.0,5
VEH08548,Hatchback,50.0,7
VEH08549,Hatchback,90.0,6
VEH08550,SUV,60.0,11
VEH08551,SUV,90.0,10
VEH08552,SUV,90.0,11
VEH08553,SUV,60.0,8
VEH08554,SUV,80.0,0
VEH08555,Sedan,60.0,9
VEH08556,SUV,70.0,5
VEH08557,Pickup,70.0,2
VEH08558,Sedan,50.0,5
VEH08559,Hatchback,70.0,8
VEH08560,Hatchback,90.0,4
VEH08561,Hatchback,60.0,6
VEH08562,Van,50.0,2
VEH08563,Sedan,40.0,10
VEH08564,Hatchback,70.0,5
VEH08565,Sedan,60.0,3
VEH08566,Hatchback,80.0,8
VEH08567,SUV,70.0,1
VEH08568,SUV,70.0,5
VEH08569,Sedan,50.0,10
VEH08570,SUV,50.0,3
VEH08571,Pickup,70.0,3
VEH08572,Van,80.0,0
VEH08573,Sedan,50.0,6
VEH08574,Sedan,60.0,3
VEH08575,Sedan,40.0,2
VEH08576,Hatchback,70.0,0
VEH08577,SUV,70.0,11
VEH08578,Hatchback,60.0,0
VEH08579,Sedan,50.0,7
VEH08580,Pickup,80.0,3
VEH08581,SUV,60.0,11
VEH08582,Pickup,80.0,9
VEH08583,Sedan,60.0,11
VEH08584,Hatchback,50.0,7
VEH08585,Hatchback,50.0,0
VEH08586,Sedan,100.0,5
VEH08587,Sedan,80.0,2
VEH08588,SUV,40.0,8
VEH08589,SUV,50.0,4
VEH08590,Sedan,100.0,7
VEH08591,Sedan,90.0,6
VEH08592,SUV,80.0,3
VEH08593,SUV,90.0,5
VEH08594,SUV,90.0,0
VEH08595,Hatchback,60.0,7
VEH08596,Sedan,60.0,0
VEH08597,Van,50.0,7
VEH08598,Sedan,60.0,3
VEH08599,Sedan,70.0,8
VEH08600,SUV,70.0,3
VEH08601,Pickup,50.0,9
VEH08602,SUV,80.0,0
VEH08603,SUV,80.0,10
VEH08604,Pickup,60.0,8
VEH08605,SUV,70.0,6
VEH08606,SUV,100.0,2
VEH08607,Hatchback,50.0,1
VEH08608,Van,60.0,2
VEH08609,Sedan,40.0,3
VEH08610,SUV,80.0,7
VEH08611,Sedan,70.0,1
VEH08612,Pickup,100.0,11
VEH08613,SUV,70.0,10
VEH08614,Sedan,60.0,4
VEH08615,SUV,50.0,10
VEH08616,Pickup,70.0,9
VEH08617,SUV,80.0,2
VEH08618,Sedan,40.0,2
VEH08619,Sedan,80.0,2
VEH08620,SUV,40.0,0
VEH08621,Hatchback,90.0,8
VEH08622,Pickup,40.0,3
VEH08623,Sedan,50.0,7
VEH08624,SUV,70.0,5
VEH08625,SUV,70.0,5
VEH08626,Sedan,80.0,2
VEH08627,Sedan,70.0,1
VEH08628,Hatchback,70.0,3
VEH08629,Sedan,40.0,7
VEH08630,SUV,80.0,2
VEH08631,Sedan,60.0,11
VEH08632,SUV,80.0,9
VEH08633,Pickup,90.0,10
VEH08634,Pickup,80.0,10
VEH08635,Hatchback,70.0,1
VEH08636,SUV,70.0,9
VEH08637,Sedan,60.0,5
VEH08638,SUV,60.0,10
VEH08639,Pickup,50.0,6
VEH08640,Van,80.0,6
VEH08641,Sedan,60.0,8
VEH08642,Sedan,80.0,7
VEH08643,Hatchback,50.0,3
VEH08644,Hatchback,100.0,1
VEH08645,SUV,50.0,1
VEH08646,Sedan,60.0,4
VEH08647,Sedan,70.0,9
VEH08648,Sedan,70.0,11
VEH08649,Van,70.0,4
VEH08650,SUV,70.0,8
VEH08651,SUV,50.0,3
VEH08652,SUV,70.0,10
VEH08653,SUV,50.0,9
VEH08654,Hatchback,80.0,8
VEH08655,SUV,70.0,11
VEH08656,SUV,90.0,1
VEH08657,Sedan,60.0,10
VEH08658,SUV,50.0,2
VEH08659,Sedan,70.0,10
VEH08660,SUV,50.0,11
VEH08661,Hatchback,50.0,7
VEH08662,Van,40.0,4
VEH08663,SUV,40.0,0
VEH08664,Pickup,70.0,3
VEH08665,SUV,50.0,1
VEH08666,SUV,60.0,10
VEH08667,SUV,50.0,7
VEH08668,Hatchback,70.0,10
VEH08669,SUV,40.0,6
VEH08670,Hatchback,60.0,2
VEH08671,SUV,70.0,11
VEH08672,Sedan,70.0,0
VEH08673,SUV,90.0,3
VEH08674,SUV,60.0,6
VEH08675,SUV,40.0,3
VEH08676,Hatchback,80.0,7
VEH08677,SUV,70.0,11
VEH08678,SUV,70.0,9
VEH08679,Sedan,50.0,9
VEH08680,Sedan,60.0,5
VEH08681,Hatchback,80.0,8
VEH08682,Sedan,70.0,2
VEH08683,Sedan,70.0,9
VEH08684,SUV,70.0,1
VEH08685,Sedan,100.0,5
VEH08686,Sedan,50.0,6
VEH08687,SUV,80.0,1
VEH08688,Pickup,100.0,4
VEH08689,Sedan,50.0,2
VEH08690,Hatchback,70.0,9
VEH08691,SUV,80.0,10
VEH08692,Sedan,60.0,8
VEH08693,Sedan,60.0,5
VEH08694,Pickup,60.0,10
VEH08695,Pickup,60.0,9
VEH08696,Hatchback,40.0,5
VEH08697,Sedan,50.0,10
VEH08698,SUV,70.0,11
VEH08699,SUV,40.0,10
VEH08700,Sedan,80.0,8
VEH08701,Pickup,70.0,3
VEH08702,Hatchback,50.0,8
VEH08703,SUV,70.0,0
VEH08704,SUV,60.0,10
VEH08705,Sedan,70.0,6
VEH08706,Hatchback,80.0,8
VEH08707,Sedan,60.0,6
VEH08708,Hatchback,40.0,0
VEH08709,Pickup,40.0,9
VEH08710,Sedan,60.0,10
VEH08711,Van,70.0,9
VEH08712,Sedan,80.0,8
VEH08713,Sedan,50.0,1
VEH08714,Hatchback,50.0,6
VEH08715,SUV,60.0,11
VEH08716,Hatchback,40.0,7
VEH08717,SUV,60.0,10
VEH08718,Pickup,50.0,1
VEH08719,SUV,60.0,7
VEH08720,SUV,80.0,10
VEH08721,Sedan,60.0,1
VEH08722,Hatchback,40.0,2
VEH08723,SUV,80.0,2
VEH08724,Sedan,60.0,10
VEH08725,Sedan,70.0,3
VEH08726,Sedan,70.0,8
VEH08727,SUV,70.0,5
VEH08728,Pickup,40.0,7
VEH08729,Pickup,90.0,5
VEH08730,Van,60.0,10
VEH08731,Van,60.0,4
VEH08732,SUV,90.0,4
VEH08733,Hatchback,40.0,3
VEH08734,Sedan,60.0,8
VEH08735,Sedan,50.0,6
VEH08736,SUV,50.0,8
VEH08737,Pickup,50.0,1
VEH08738,SUV,40.0,10
VEH08739,SUV,80.0,11
VEH08740,SUV,80.0,10
VEH08741,SUV,50.0,4
VEH08742,Sedan,80.0,9
VEH08743,Sedan,60.0,9
VEH08744,Van,60.0,1
VEH08745,SUV,60.0,4
VEH08746,SUV,50.0,4
VEH08747,SUV,50.0,5
VEH08748,Sedan,60.0,3
VEH08749,Sedan,50.0,5
VEH08750,SUV,70.0,2
VEH08751,Sedan,70.0,3
VEH08752,SUV,60.0,3
VEH08753,Sedan,50.0,0
VEH08754,SUV,50.0,8
VEH08755,Sedan,80.0,6
VEH08756,Sedan,70.0,4
VEH08757,SUV,90.0,4
VEH08758,Pickup,90.0,8
VEH08759,Pickup,90.0,9
VEH08760,Sedan,50.0,2
VEH08761,Sedan,80.0,9
VEH08762,Pickup,70.0,1
VEH08763,Pickup,70.0,11
VEH08764,Hatchback,70.0,8
VEH08765,Van,80.0,8
VEH08766,Pickup,70.0,1
VEH08767,SUV,80.0,4
VEH08768,Sedan,70.0,10
VEH08769,Hatchback,60.0,3
VEH08770,Sedan,50.0,1
VEH08771,Sedan,90.0,9
VEH08772,SUV,80.0,10
VEH08773,SUV,40.0,6
VEH08774,Van,80.0,8
VEH08775,Sedan,60.0,9
VEH08776,Sedan,80.0,0
VEH08777,SUV,80.0,5
VEH08778,SUV,60.0,3
VEH08779,Sedan,60.0,0
VEH08780,SUV,50.0,3
VEH08781,Hatchback,40.0,9
VEH08782,SUV,60.0,11
VEH08783,SUV,100.0,8
VEH08784,SUV,60.0,10
VEH08785,Hatchback,90.0,1
VEH08786,SUV,40.0,5
VEH08787,Sedan,90.0,9
VEH08788,Pickup,90.0,6
VEH08789,Pickup,70.0,5
VEH08790,SUV,80.0,11
VEH08791,Sedan,40.0,1
VEH08792,SUV,60.0,2
VEH08793,Hatchback,70.0,0
VEH08794,SUV,70.0,5
VEH08795,Sedan,70.0,10
VEH08796,Sedan,90.0,6
VEH08797,Pickup,80.0,5
VEH08798,SUV,60.0,3
VEH08799,SUV,40.0,0
VEH08800,Sedan,80.0,3
VEH08801,Sedan,40.0,11
VEH08802,Hatchback,50.0,5
VEH08803,Sedan,50.0,9
VEH08804,Hatchback,70.0,6
VEH08805,SUV,70.0,10
VEH08806,Hatchback,40.0,2
VEH08807,Pickup,90.0,11
VEH08808,SUV,50.0,3
VEH08809,Sedan,70.0,9
VEH08810,SUV,80.0,8
VEH08811,SUV,70.0,9
VEH08812,Van,80.0,1
VEH08813,Pickup,70.0,5
VEH08814,SUV,90.0,5
VEH08815,SUV,60.0,8
VEH08816,SUV,100.0,11
VEH08817,SUV,50.0,4
VEH08818,Sedan,70.0,5
VEH08819,SUV,50.0,11
VEH08820,Sedan,60.0,10
VEH08821,Van,70.0,3
VEH08822,Sedan,60.0,11
VEH08823,SUV,40.0,2
VEH08824,Hatchback,60.0,8
VEH08825,Sedan,90.0,5
VEH08826,Hatchback,60.0,8
VEH08827,Hatchback,90.0,0
VEH08828,Sedan,50.0,3
VEH08829,Sedan,50.0,0
VEH08830,Sedan,80.0,8
VEH08831,Sedan,80.0,11
VEH08832,SUV,40.0,10
VEH08833,SUV,60.0,10
VEH08834,SUV,70.0,9
VEH08835,SUV,80.0,8
VEH08836,SUV,80.0,3
VEH08837,SUV,80.0,7
VEH08838,Pickup,100.0,8
VEH08839,SUV,60.0,3
VEH08840,Sedan,90.0,11
VEH08841,Sedan,80.0,0
VEH08842,SUV,70.0,9
VEH08843,Pickup,100.0,2
VEH08844,Sedan,100.0,6
VEH08845,Sedan,50.0,10
VEH08846,Sedan,70.0,8
VEH08847,Sedan,90.0,7
VEH08848,SUV,40.0,8
VEH08849,SUV,60.0,10
VEH08850,Hatchback,90.0,7
VEH08851,SUV,60.0,11
VEH08852,Sedan,40.0,6
VEH08853,SUV,80.0,7
VEH08854,Pickup,50.0,6
VEH08855,SUV,90.0,7
VEH08856,Pickup,40.0,10
VEH08857,Pickup,80.0,9
VEH08858,Sedan,50.0,7
VEH08859,Van,50.0,1
VEH08860,SUV,50.0,3
VEH08861,Pickup,60.0,6
VEH08862,SUV,70.0,8
VEH08863,Hatchback,40.0,2
VEH08864,Hatchback,60.0,0
VEH08865,Sedan,80.0,8
VEH08866,Sedan,80.0,10
VEH08867,SUV,80.0,3
VEH08868,Pickup,80.0,2
VEH08869,SUV,80.0,6
VEH08870,Sedan,90.0,6
VEH08871,SUV,70.0,10
VEH08872,Sedan,60.0,5
VEH08873,SUV,40.0,3
VEH08874,Sedan,60.0,0
VEH08875,Hatchback,50.0,0
VEH08876,Hatchback,70.0,11
VEH08877,Sedan,50.0,0
VEH08878,Hatchback,80.0,9
VEH08879,Van,70.0,7
VEH08880,Hatchback,70.0,11
VEH08881,Sedan,60.0,0
VEH08882,SUV,100.0,5
VEH08883,Sedan,70.0,1
VEH08884,Sedan,40.0,11
VEH08885,Van,60.0,4
VEH08886,Pickup,60.0,5
VEH08887,Sedan,60.0,4
VEH08888,SUV,90.0,10
VEH08889,SUV,60.0,2
VEH08890,SUV,50.0,3
VEH08891,Sedan,100.0,11
VEH08892,SUV,100.0,9
VEH08893,Pickup,70.0,2
VEH08894,Pickup,40.0,1
VEH08895,Hatchback,50.0,1
VEH08896,SUV,40.0,4
VEH08897,Hatchback,90.0,3
VEH08898,SUV,70.0,1
VEH08899,Pickup,60.0,2
VEH08900,SUV,80.0,2
VEH08901,Sedan,60.0,4
VEH08902,Sedan,70.0,6
VEH08903,SUV,80.0,8
VEH08904,SUV,60.0,3
VEH08905,SUV,50.0,2
VEH08906,Van,80.0,8
VEH08907,Sedan,70.0,0
VEH08908,Hatchback,90.0,10
VEH08909,SUV,40.0,6
VEH08910,SUV,50.0,11
VEH08911,Sedan,80.0,9
VEH08912,Hatchback,70.0,1
VEH08913,SUV,50.0,3
VEH08914,SUV,70.0,2
VEH08915,Hatchback,60.0,3
VEH08916,Pickup,40.0,7
VEH08917,Hatchback,50.0,7
VEH08918,Van,70.0,10
VEH08919,SUV,60.0,1
VEH08920,Pickup,60.0,10
VEH08921,Hatchback,80.0,5
VEH08922,SUV,60.0,11
VEH08923,Pickup,50.0,1
VEH08924,Sedan,80.0,0
VEH08925,SUV,90.0,2
VEH08926,Sedan,90.0,6
VEH08927,Van,40.0,4
VEH08928,Sedan,50.0,5
VEH08929,SUV,60.0,9
VEH08930,Sedan,60.0,3
VEH08931,SUV,80.0,1
VEH08932,Pickup,60.0,0
VEH08933,SUV,90.0,10
VEH08934,Sedan,50.0,7
VEH08935,SUV,80.0,6
VEH08936,Van,40.0,10
VEH08937,Sedan,70.0,0
VEH08938,Sedan,60.0,2
VEH08939,SUV,70.0,4
VEH08940,Van,40.0,10
VEH08941,Sedan,50.0,9
VEH08942,Pickup,50.0,0
VEH08943,SUV,60.0,5
VEH08944,Van,50.0,8
VEH08945,Sedan,80.0,6
VEH08946,SUV,50.0,5
VEH08947,Hatchback,70.0,7
VEH08948,SUV,50.0,1
VEH08949,Sedan,70.0,2
VEH08950,Pickup,50.0,4
VEH08951,Sedan,60.0,9
VEH08952,SUV,80.0,8
VEH08953,Hatchback,60.0,1
VEH08954,Sedan,70.0,9
VEH08955,Pickup,50.0,8
VEH08956,Sedan,60.0,9
VEH08957,Sedan,80.0,9
VEH08958,SUV,40.0,2
VEH08959,SUV,40.0,2
VEH08960,SUV,50.0,2
VEH08961,SUV,100.0,9
VEH08962,Hatchback,50.0,3
VEH08963,Sedan,60.0,4
VEH08964,Van,60.0,4
VEH08965,Van,80.0,1
VEH08966,Pickup,70.0,10
VEH08967,Pickup,60.0,2
VEH08968,SUV,70.0,5
VEH08969,Pickup,80.0,8
VEH08970,Sedan,50.0,6
VEH08971,SUV,40.0,8
VEH08972,Hatchback,70.0,4
VEH08973,Sedan,50.0,0
VEH08974,SUV,70.0,11
VEH08975,Sedan,80.0,5
VEH08976,Pickup,70.0,11
VEH08977,Pickup,50.0,9
VEH08978,SUV,70.0,1
VEH08979,Sedan,60.0,5
VEH08980,Sedan,40.0,4
VEH08981,Hatchback,70.0,3
VEH08982,Pickup,40.0,5
VEH08983,Sedan,60.0,8
VEH08984,Hatchback,100.0,1
VEH08985,SUV,80.0,1
VEH08986,Sedan,40.0,9
VEH08987,Van,70.0,2
VEH08988,Hatchback,60.0,8
VEH08989,Pickup,70.0,1
VEH08990,Sedan,60.0,1
VEH08991,Van,70.0,5
VEH08992,Sedan,70.0,6
VEH08993,Pickup,60.0,10
VEH08994,Sedan,70.0,1
VEH08995,Sedan,60.0,10
VEH08996,Pickup,70.0,1
VEH08997,Sedan,100.0,6
VEH08998,SUV,60.0,1
VEH08999,Sedan,100.0,4
VEH09000,Hatchback,60.0,2
VEH09001,Sedan,60.0,5
VEH09002,Sedan,80.0,5
VEH09003,SUV,50.0,2
VEH09004,SUV,50.0,5
VEH09005,Sedan,50.0,4
VEH09006,SUV,50.0,3
VEH09007,Sedan,70.0,5
VEH09008,Sedan,90.0,8
VEH09009,SUV,60.0,1
VEH09010,SUV,70.0,4
VEH09011,Hatchback,70.0,8
VEH09012,SUV,80.0,8
VEH09013,Sedan,50.0,11
VEH09014,Van,100.0,7
VEH09015,Hatchback,70.0,4
VEH09016,Sedan,80.0,3
VEH09017,Hatchback,70.0,6
VEH09018,SUV,80.0,6
VEH09019,Sedan,60.0,11
VEH09020,SUV,70.0,11
VEH09021,Pickup,50.0,10
VEH09022,Sedan,50.0,4
VEH09023,Hatchback,90.0,11
VEH09024,SUV,90.0,2
VEH09025,Hatchback,90.0,9
VEH09026,SUV,40.0,10
VEH09027,Pickup,50.0,3
VEH09028,SUV,80.0,8
VEH09029,Sedan,80.0,1
VEH09030,Pickup,60.0,3
VEH09031,SUV,40.0,4
VEH09032,Hatchback,90.0,10
VEH09033,Sedan,40.0,4
VEH09034,Pickup,70.0,0
VEH09035,SUV,50.0,1
VEH09036,Sedan,70.0,9
VEH09037,SUV,60.0,10
VEH09038,SUV,80.0,4
VEH09039,Sedan,60.0,0
VEH09040,SUV,90.0,7
VEH09041,Pickup,70.0,2
VEH09042,SUV,80.0,10
VEH09043,Sedan,60.0,2
VEH09044,Pickup,80.0,4
VEH09045,SUV,80.0,6
VEH09046,SUV,70.0,0
VEH09047,Sedan,70.0,0
VEH09048,Hatchback,100.0,1
VEH09049,SUV,80.0,4
VEH09050,Sedan,50.0,6
VEH09051,SUV,100.0,10
VEH09052,Hatchback,80.0,5
VEH09053,Pickup,80.0,10
VEH09054,Sedan,60.0,3
VEH09055,Pickup,70.0,8
VEH09056,SUV,60.0,8
VEH09057,Hatchback,100.0,8
VEH09058,Hatchback,60.0,1
VEH09059,SUV,40.0,8
VEH09060,Hatchback,60.0,4
VEH09061,Sedan,40.0,10
VEH09062,Hatchback,50.0,0
VEH09063,Pickup,50.0,4
VEH09064,Hatchback,40.0,9
VEH09065,SUV,100.0,5
VEH09066,Pickup,90.0,2
VEH09067,SUV,60.0,7
VEH09068,Pickup,60.0,11
VEH09069,Hatchback,80.0,0
VEH09070,Sedan,60.0,2
VEH09071,SUV,80.0,2
VEH09072,SUV,60.0,7
VEH09073,Sedan,100.0,5
VEH09074,Pickup,60.0,5
VEH09075,Hatchback,70.0,0
VEH09076,Sedan,60.0,7
VEH09077,Pickup,70.0,7
VEH09078,Sedan,70.0,10
VEH09079,Pickup,90.0,6
VEH09080,SUV,90.0,2
VEH09081,Sedan,70.0,1
VEH09082,Sedan,90.0,2
VEH09083,Hatchback,40.0,10
VEH09084,Hatchback,80.0,11
VEH09085,Sedan,50.0,1
VEH09086,Hatchback,80.0,5
VEH09087,SUV,50.0,4
VEH09088,Sedan,70.0,11
VEH09089,Hatchback,70.0,10
VEH09090,Sedan,70.0,0
VEH09091,SUV,70.0,5
VEH09092,Pickup,70.0,8
VEH09093,SUV,40.0,1
VEH09094,SUV,50.0,3
VEH09095,Pickup,70.0,7
VEH09096,SUV,80.0,1
VEH09097,SUV,50.0,9
VEH09098,SUV,60.0,0
VEH09099,Hatchback,80.0,9
VEH09100,Van,80.0,0
VEH09101,Sedan,40.0,0
VEH09102,Van,70.0,7
VEH09103,Van,50.0,4
VEH09104,SUV,40.0,7
VEH09105,Hatchback,90.0,10
VEH09106,Sedan,40.0,0
VEH09107,SUV,90.0,11
VEH09108,Sedan,50.0,5
VEH09109,Hatchback,90.0,11
VEH09110,SUV,70.0,6
VEH09111,SUV,70.0,10
VEH09112,SUV,50.0,4
VEH09113,Sedan,60.0,6
VEH09114,Hatchback,70.0,7
VEH09115,Pickup,50.0,7
VEH09116,Hatchback,80.0,8
VEH09117,Pickup,40.0,4
VEH09118,Van,60.0,6
VEH09119,Sedan,60.0,1
VEH09120,Hatchback,70.0,5
VEH09121,Hatchback,50.0,5
VEH09122,Van,50.0,5
VEH09123,Hatchback,90.0,4
VEH09124,Van,80.0,6
VEH09125,Pickup,50.0,2
VEH09126,Sedan,70.0,0
VEH09127,Pickup,100.0,5
VEH09128,Sedan,40.0,8
VEH09129,SUV,40.0,6
VEH09130,Sedan,80.0,7
VEH09131,Hatchback,40.0,4
VEH09132,SUV,50.0,1
VEH09133,SUV,50.0,8
VEH09134,Sedan,60.0,8
VEH09135,Sedan,70.0,7
VEH09136,Sedan,80.0,2
VEH09137,Pickup,60.0,0
VEH09138,Sedan,60.0,5
VEH09139,Sedan,100.0,1
VEH09140,Van,40.0,10
VEH09141,Sedan,80.0,10
VEH09142,Hatchback,80.0,9
VEH09143,Sedan,90.0,10
VEH09144,SUV,50.0,3
VEH09145,SUV,80.0,2
VEH09146,Van,70.0,4
VEH09147,Sedan,60.0,0
VEH09148,SUV,80.0,0
VEH09149,Hatchback,60.0,1
VEH09150,Hatchback,90.0,1
VEH09151,Sedan,40.0,10
VEH09152,SUV,70.0,6
VEH09153,SUV,80.0,7
VEH09154,Sedan,60.0,10
VEH09155,Van,50.0,7
VEH09156,Van,70.0,2
VEH09157,SUV,50.0,4
VEH09158,SUV,70.0,9
VEH09159,SUV,70.0,6
VEH09160,Pickup,50.0,3
VEH09161,Sedan,80.0,8
VEH09162,Van,40.0,1
VEH09163,SUV,40.0,1
VEH09164,SUV,60.0,11
VEH09165,Van,80.0,3
VEH09166,Pickup,90.0,11
VEH09167,SUV,80.0,1
VEH09168,Van,50.0,7
VEH09169,Sedan,50.0,6
VEH09170,Pickup,70.0,2
VEH09171,SUV,70.0,9
VEH09172,Sedan,70.0,9
VEH09173,Pickup,80.0,4
VEH09174,SUV,70.0,8
VEH09175,SUV,60.0,0
VEH09176,SUV,60.0,0
VEH09177,Pickup,70.0,11
VEH09178,Pickup,60.0,4
VEH09179,Sedan,90.0,9
VEH09180,SUV,60.0,10
VEH09181,SUV,80.0,6
VEH09182,Van,90.0,1
VEH09183,Hatchback,70.0,7
VEH09184,SUV,70.0,4
VEH09185,Hatchback,50.0,8
VEH09186,Pickup,50.0,11
VEH09187,Sedan,90.0,3
VEH09188,Sedan,60.0,10
VEH09189,SUV,60.0,4
VEH09190,Hatchback,40.0,5
VEH09191,Sedan,60.0,3
VEH09192,Hatchback,40.0,2
VEH09193,Hatchback,80.0,9
VEH09194,Van,70.0,3
VEH09195,Sedan,100.0,7
VEH09196,Pickup,50.0,5
VEH09197,SUV,50.0,0
VEH09198,SUV,70.0,10
VEH09199,Hatchback,50.0,5
VEH09200,Sedan,100.0,8
VEH09201,SUV,100.0,6
VEH09202,Hatchback,40.0,3
VEH09203,SUV,50.0,8
VEH09204,Sedan,70.0,8
VEH09205,Pickup,60.0,5
VEH09206,Sedan,70.0,2
VEH09207,Van,40.0,8
VEH09208,Hatchback,50.0,2
VEH09209,Hatchback,40.0,5
VEH09210,SUV,70.0,5
VEH09211,Hatchback,60.0,8
VEH09212,Sedan,50.0,8
VEH09213,Sedan,70.0,4
VEH09214,Sedan,50.0,0
VEH09215,Sedan,40.0,2
VEH09216,Sedan,90.0,10
VEH09217,Pickup,90.0,1
VEH09218,Sedan,70.0,3
VEH09219,Sedan,80.0,4
VEH09220,Hatchback,70.0,7
VEH09221,Pickup,40.0,2
VEH09222,Sedan,80.0,7
VEH09223,Hatchback,60.0,5
VEH09224,Sedan,70.0,9
VEH09225,Sedan,100.0,5
VEH09226,Sedan,50.0,7
VEH09227,Van,70.0,4
VEH09228,Sedan,70.0,6
VEH09229,Sedan,70.0,2
VEH09230,Sedan,50.0,3
VEH09231,Sedan,80.0,2
VEH09232,SUV,100.0,11
VEH09233,Sedan,70.0,5
VEH09234,Sedan,60.0,10
VEH09235,Sedan,40.0,4
VEH09236,SUV,90.0,6
VEH09237,Pickup,80.0,11
VEH09238,Pickup,50.0,3
VEH09239,SUV,90.0,10
VEH09240,Sedan,80.0,9
VEH09241,SUV,50.0,9
VEH09242,Sedan,100.0,11
VEH09243,Hatchback,70.0,11
VEH09244,Hatchback,50.0,10
VEH09245,SUV,60.0,5
VEH09246,Van,100.0,2
VEH09247,SUV,50.0,6
VEH09248,Hatchback,60.0,0
VEH09249,SUV,70.0,10
VEH09250,SUV,50.0,4
VEH09251,Sedan,60.0,11
VEH09252,SUV,60.0,3
VEH09253,SUV,90.0,4
VEH09254,Sedan,60.0,5
VEH09255,Hatchback,40.0,9
VEH09256,Pickup,40.0,8
VEH09257,Hatchback,90.0,8
VEH09258,SUV,60.0,9
VEH09259,Hatchback,60.0,9
VEH09260,SUV,50.0,9
VEH09261,Sedan,60.0,1
VEH09262,Hatchback,60.0,4
VEH09263,SUV,80.0,8
VEH09264,Hatchback,50.0,9
VEH09265,Hatchback,90.0,11
VEH09266,SUV,100.0,4
VEH09267,Hatchback,90.0,9
VEH09268,Hatchback,60.0,5
VEH09269,SUV,40.0,2
VEH09270,SUV,60.0,5
VEH09271,Pickup,50.0,2
VEH09272,Sedan,60.0,2
VEH09273,SUV,60.0,1
VEH09274,Sedan,70.0,5
VEH09275,Hatchback,50.0,4
VEH09276,SUV,80.0,4
VEH09277,Hatchback,80.0,10
VEH09278,Sedan,60.0,2
VEH09279,Pickup,40.0,1
VEH09280,Sedan,70.0,3
VEH09281,Hatchback,50.0,1
VEH09282,SUV,80.0,10
VEH09283,Hatchback,90.0,0
VEH09284,Pickup,70.0,9
VEH09285,Pickup,70.0,6
VEH09286,Hatchback,50.0,7
VEH09287,Hatchback,60.0,0
VEH09288,Sedan,80.0,10
VEH09289,Sedan,70.0,5
VEH09290,SUV,80.0,11
VEH09291,Hatchback,40.0,0
VEH09292,Sedan,70.0,8
VEH09293,Sedan,90.0,0
VEH09294,Sedan,60.0,1
VEH09295,Sedan,50.0,5
VEH09296,Pickup,50.0,4
VEH09297,SUV,80.0,10
VEH09298,SUV,40.0,10
VEH09299,Pickup,60.0,11
VEH09300,Sedan,90.0,3
VEH09301,Pickup,60.0,7
VEH09302,Pickup,70.0,11
VEH09303,Sedan,90.0,2
VEH09304,Sedan,70.0,6
VEH09305,SUV,40.0,0
VEH09306,SUV,60.0,6
VEH09307,Hatchback,100.0,2
VEH09308,SUV,50.0,7
VEH09309,SUV,60.0,5
VEH09310,Sedan,80.0,5
VEH09311,SUV,40.0,11
VEH09312,Sedan,60.0,0
VEH09313,Hatchback,50.0,1
VEH09314,SUV,40.0,4
VEH09315,Van,70.0,8
VEH09316,SUV,60.0,6
VEH09317,Van,50.0,7
VEH09318,Pickup,100.0,4
VEH09319,Hatchback,40.0,5
VEH09320,Hatchback,50.0,9
VEH09321,Van,40.0,7
VEH09322,Sedan,80.0,6
VEH09323,SUV,50.0,6
VEH09324,Pickup,100.0,2
VEH09325,SUV,60.0,9
VEH09326,Hatchback,60.0,9
VEH09327,Hatchback,70.0,2
VEH09328,Sedan,100.0,6
VEH09329,Pickup,40.0,3
VEH09330,SUV,80.0,7
VEH09331,Sedan,80.0,7
VEH09332,Sedan,70.0,10
VEH09333,Pickup,90.0,8
VEH09334,Pickup,80.0,3
VEH09335,SUV,70.0,10
VEH09336,Sedan,40.0,7
VEH09337,Sedan,60.0,10
VEH09338,SUV,50.0,8
VEH09339,Sedan,50.0,8
VEH09340,Hatchback,70.0,0
VEH09341,Sedan,50.0,0
VEH09342,Sedan,90.0,11
VEH09343,SUV,80.0,5
VEH09344,SUV,70.0,4
VEH09345,SUV,60.0,0
VEH09346,Pickup,60.0,4
VEH09347,Sedan,40.0,2
VEH09348,Pickup,70.0,1
VEH09349,Sedan,90.0,6
VEH09350,Hatchback,80.0,10
VEH09351,SUV,70.0,4
VEH09352,Sedan,70.0,6
VEH09353,Sedan,40.0,11
VEH09354,Sedan,60.0,1
VEH09355,SUV,90.0,10
VEH09356,SUV,40.0,6
VEH09357,Sedan,70.0,0
VEH09358,SUV,60.0,4
VEH09359,Van,50.0,8
VEH09360,Pickup,80.0,3
VEH09361,Sedan,60.0,3
VEH09362,Sedan,60.0,6
VEH09363,Sedan,100.0,2
VEH09364,Hatchback,80.0,6
VEH09365,Pickup,80.0,8
VEH09366,Pickup,50.0,0
VEH09367,Pickup,70.0,10
VEH09368,Van,50.0,11
VEH09369,SUV,40.0,8
VEH09370,Sedan,70.0,8
VEH09371,SUV,70.0,2
VEH09372,SUV,90.0,10
VEH09373,Pickup,80.0,3
VEH09374,Sedan,60.0,4
VEH09375,Hatchback,50.0,0
VEH09376,Hatchback,60.0,6
VEH09377,Pickup,80.0,4
VEH09378,Sedan,80.0,11
VEH09379,Sedan,70.0,1
VEH09380,SUV,70.0,5
VEH09381,Sedan,70.0,2
VEH09382,Pickup,70.0,9
VEH09383,Sedan,60.0,4
VEH09384,Sedan,70.0,6
VEH09385,Pickup,40.0,0
VEH09386,Pickup,80.0,6
VEH09387,Pickup,50.0,8
VEH09388,Pickup,40.0,3
VEH09389,Hatchback,70.0,10
VEH09390,Sedan,40.0,6
VEH09391,Pickup,70.0,10
VEH09392,SUV,60.0,3
VEH09393,Pickup,70.0,2
VEH09394,Van,60.0,4
VEH09395,Pickup,80.0,1
VEH09396,Sedan,60.0,3
VEH09397,Sedan,70.0,4
VEH09398,Sedan,50.0,9
VEH09399,Hatchback,60.0,7
VEH09400,SUV,80.0,9
VEH09401,Sedan,90.0,8
VEH09402,Sedan,60.0,8
VEH09403,SUV,60.0,9
VEH09404,SUV,80.0,11
VEH09405,Pickup,70.0,9
VEH09406,Sedan,80.0,5
VEH09407,Sedan,60.0,10
VEH09408,Sedan,100.0,4
VEH09409,SUV,90.0,5
VEH09410,Sedan,60.0,6
VEH09411,Hatchback,60.0,0
VEH09412,Sedan,50.0,4
VEH09413,SUV,80.0,4
VEH09414,SUV,50.0,7
VEH09415,Sedan,40.0,2
VEH09416,Hatchback,80.0,5
VEH09417,Sedan,70.0,10
VEH09418,Sedan,60.0,6
VEH09419,Hatchback,50.0,9
VEH09420,SUV,90.0,0
VEH09421,SUV,60.0,9
VEH09422,Sedan,90.0,8
VEH09423,Van,90.0,7
VEH09424,Pickup,80.0,2
VEH09425,Sedan,70.0,3
VEH09426,Sedan,50.0,7
VEH09427,Van,40.0,5
VEH09428,Van,40.0,4
VEH09429,SUV,50.0,0
VEH09430,SUV,40.0,2
VEH09431,SUV,80.0,6
VEH09432,SUV,40.0,0
VEH09433,Pickup,70.0,11
VEH09434,SUV,70.0,8
VEH09435,Hatchback,90.0,4
VEH09436,Hatchback,80.0,2
VEH09437,SUV,70.0,9
VEH09438,Sedan,50.0,1
VEH09439,SUV,70.0,6
VEH09440,Hatchback,60.0,3
VEH09441,Hatchback,80.0,9
VEH09442,Pickup,80.0,8
VEH09443,Hatchback,40.0,2
VEH09444,Pickup,70.0,8
VEH09445,Pickup,60.0,5
VEH09446,Sedan,80.0,11
VEH09447,Sedan,40.0,3
VEH09448,Sedan,90.0,4
VEH09449,Pickup,90.0,5
VEH09450,Hatchback,70.0,9
VEH09451,Sedan,90.0,3
VEH09452,Sedan,50.0,0
VEH09453,Sedan,70.0,2
VEH09454,Pickup,80.0,1
VEH09455,Sedan,40.0,1
VEH09456,Hatchback,100.0,0
VEH09457,SUV,40.0,7
VEH09458,Pickup,50.0,11
VEH09459,Pickup,70.0,5
VEH09460,Hatchback,70.0,9
VEH09461,Hatchback,40.0,7
VEH09462,SUV,90.0,3
VEH09463,Hatchback,90.0,6
VEH09464,Sedan,50.0,2
VEH09465,Sedan,60.0,7
VEH09466,Van,80.0,7
VEH09467,SUV,90.0,5
VEH09468,Sedan,50.0,5
VEH09469,SUV,70.0,0
VEH09470,Sedan,40.0,6
VEH09471,SUV,70.0,6
VEH09472,Van,50.0,0
VEH09473,SUV,80.0,0
VEH09474,SUV,80.0,0
VEH09475,SUV,80.0,8
VEH09476,Hatchback,70.0,0
VEH09477,Sedan,50.0,10
VEH09478,SUV,90.0,9
VEH09479,Hatchback,40.0,0
VEH09480,Sedan,90.0,11
VEH09481,SUV,40.0,6
VEH09482,SUV,50.0,1
VEH09483,Sedan,70.0,2
VEH09484,Hatchback,70.0,9
VEH09485,Hatchback,80.0,10
VEH09486,Hatchback,50.0,10
VEH09487,Pickup,60.0,3
VEH09488,Sedan,50.0,1
VEH09489,Hatchback,60.0,7
VEH09490,Sedan,60.0,2
VEH09491,Hatchback,90.0,2
VEH09492,SUV,80.0,3
VEH09493,Pickup,80.0,0
VEH09494,SUV,40.0,8
VEH09495,Van,70.0,0
VEH09496,Sedan,60.0,2
VEH09497,Hatchback,80.0,2
VEH09498,Van,50.0,3
VEH09499,Sedan,50.0,4
VEH09500,Sedan,60.0,5
VEH09501,Sedan,40.0,8
VEH09502,Sedan,50.0,2
VEH09503,SUV,70.0,5
VEH09504,SUV,50.0,3
VEH09505,Hatchback,90.0,4
VEH09506,Hatchback,70.0,0
VEH09507,Sedan,60.0,1
VEH09508,Sedan,70.0,11
VEH09509,Pickup,50.0,4
VEH09510,Pickup,40.0,8
VEH09511,Sedan,70.0,7
VEH09512,Sedan,80.0,1
VEH09513,Sedan,100.0,0
VEH09514,Sedan,50.0,1
VEH09515,Sedan,80.0,1
VEH09516,Van,60.0,7
VEH09517,SUV,70.0,1
VEH09518,Hatchback,70.0,8
VEH09519,Pickup,50.0,5
VEH09520,Van,80.0,3
VEH09521,Sedan,70.0,2
VEH09522,SUV,50.0,8
VEH09523,Hatchback,50.0,2
VEH09524,SUV,100.0,11
VEH09525,Pickup,80.0,2
VEH09526,SUV,70.0,2
VEH09527,SUV,80.0,7
VEH09528,Sedan,80.0,11
VEH09529,Sedan,40.0,2
VEH09530,Pickup,60.0,5
VEH09531,Pickup,80.0,7
VEH09532,Hatchback,40.0,10
VEH09533,SUV,40.0,11
VEH09534,Hatchback,70.0,1
VEH09535,Pickup,60.0,3
VEH09536,Sedan,80.0,5
VEH09537,Pickup,80.0,11
VEH09538,Sedan,100.0,7
VEH09539,Van,50.0,11
VEH09540,Sedan,70.0,11
VEH09541,Pickup,40.0,3
VEH09542,Sedan,40.0,4
VEH09543,Sedan,40.0,9
VEH09544,Pickup,80.0,11
VEH09545,Van,80.0,10
VEH09546,Hatchback,70.0,5
VEH09547,Sedan,70.0,5
VEH09548,Pickup,60.0,6
VEH09549,Pickup,60.0,7
VEH09550,SUV,90.0,2
VEH09551,Sedan,80.0,11
VEH09552,Van,60.0,11
VEH09553,Pickup,100.0,9
VEH09554,Pickup,50.0,4
VEH09555,Pickup,60.0,5
VEH09556,Sedan,50.0,5
VEH09557,SUV,50.0,5
VEH09558,SUV,90.0,8
VEH09559,Sedan,70.0,11
VEH09560,SUV,90.0,5
VEH09561,Sedan,50.0,5
VEH09562,Hatchback,70.0,3
VEH09563,SUV,100.0,5
VEH09564,Hatchback,40.0,1
VEH09565,Hatchback,50.0,10
VEH09566,Pickup,80.0,9
VEH09567,Pickup,50.0,10
VEH09568,Van,50.0,5
VEH09569,Pickup,70.0,11
VEH09570,Van,70.0,2
VEH09571,Sedan,50.0,7
VEH09572,Pickup,50.0,9
VEH09573,SUV,70.0,4
VEH09574,Sedan,100.0,11
VEH09575,SUV,70.0,5
VEH09576,Pickup,40.0,5
VEH09577,Sedan,80.0,6
VEH09578,Sedan,60.0,3
VEH09579,Sedan,80.0,0
VEH09580,SUV,60.0,5
VEH09581,Sedan,100.0,1
VEH09582,Hatchback,80.0,7
VEH09583,Hatchback,40.0,5
VEH09584,Sedan,80.0,10
VEH09585,Hatchback,60.0,4
VEH09586,SUV,40.0,6
VEH09587,SUV,90.0,7
VEH09588,Pickup,70.0,10
VEH09589,Sedan,60.0,3
VEH09590,Sedan,80.0,11
VEH09591,Sedan,60.0,5
VEH09592,Hatchback,70.0,1
VEH09593,Hatchback,60.0,10
VEH09594,Sedan,50.0,0
VEH09595,Pickup,70.0,1
VEH09596,Sedan,80.0,8
VEH09597,Pickup,60.0,0
VEH09598,Pickup,100.0,9
VEH09599,Sedan,70.0,5
VEH09600,Sedan,70.0,8
VEH09601,Pickup,80.0,9
VEH09602,SUV,60.0,0
VEH09603,Sedan,90.0,8
VEH09604,Hatchback,60.0,3
VEH09605,Van,60.0,0
VEH09606,Sedan,60.0,4
VEH09607,Sedan,80.0,2
VEH09608,SUV,50.0,5
VEH09609,SUV,50.0,7
VEH09610,Pickup,80.0,10
VEH09611,SUV,100.0,11
VEH09612,SUV,90.0,0
VEH09613,SUV,90.0,8
VEH09614,SUV,80.0,3
VEH09615,Hatchback,60.0,11
VEH09616,Sedan,80.0,5
VEH09617,Pickup,60.0,9
VEH09618,SUV,60.0,7
VEH09619,SUV,60.0,9
VEH09620,Sedan,40.0,9
VEH09621,Sedan,80.0,9
VEH09622,Hatchback,90.0,10
VEH09623,Pickup,60.0,11
VEH09624,SUV,40.0,5
VEH09625,Sedan,60.0,10
VEH09626,Hatchback,50.0,6
VEH09627,SUV,40.0,0
VEH09628,SUV,80.0,3
VEH09629,Sedan,90.0,5
VEH09630,Sedan,70.0,4
VEH09631,Sedan,50.0,11
VEH09632,SUV,100.0,10
VEH09633,SUV,50.0,3
VEH09634,Pickup,80.0,2
VEH09635,Hatchback,80.0,2
VEH09636,SUV,60.0,3
VEH09637,Van,50.0,3
VEH09638,Van,70.0,0
VEH09639,Sedan,70.0,8
VEH09640,SUV,80.0,5
VEH09641,SUV,70.0,10
VEH09642,Van,40.0,3
VEH09643,SUV,60.0,7
VEH09644,Sedan,90.0,9
VEH09645,SUV,60.0,4
VEH09646,Pickup,60.0,0
VEH09647,Hatchback,50.0,4
VEH09648,Hatchback,50.0,2
VEH09649,Sedan,50.0,4
VEH09650,SUV,50.0,5
VEH09651,Sedan,50.0,10
VEH09652,Sedan,80.0,6
VEH09653,SUV,70.0,11
VEH09654,Pickup,60.0,4
VEH09655,SUV,50.0,8
VEH09656,Pickup,90.0,7
VEH09657,Sedan,70.0,5
VEH09658,Sedan,60.0,11
VEH09659,SUV,60.0,8
VEH09660,Pickup,70.0,3
VEH09661,Sedan,70.0,1
VEH09662,Sedan,90.0,8
VEH09663,Van,60.0,10
VEH09664,Sedan,50.0,2
VEH09665,Sedan,40.0,2
VEH09666,SUV,40.0,0
VEH09667,Sedan,60.0,11
VEH09668,SUV,50.0,10
VEH09669,Pickup,50.0,1
VEH09670,SUV,60.0,9
VEH09671,Van,70.0,10
VEH09672,Van,50.0,9
VEH09673,Van,60.0,2
VEH09674,SUV,60.0,3
VEH09675,Sedan,90.0,5
VEH09676,Pickup,90.0,7
VEH09677,Pickup,50.0,11
VEH09678,Hatchback,50.0,7
VEH09679,SUV,80.0,5
VEH09680,Pickup,100.0,2
VEH09681,SUV,60.0,0
VEH09682,Hatchback,90.0,7
VEH09683,Sedan,40.0,3
VEH09684,Pickup,50.0,3
VEH09685,Sedan,60.0,7
VEH09686,Sedan,70.0,4
VEH09687,Sedan,60.0,1
VEH09688,Hatchback,100.0,7
VEH09689,Pickup,50.0,6
VEH09690,Hatchback,90.0,6
VEH09691,Sedan,40.0,8
VEH09692,Van,60.0,2
VEH09693,Sedan,60.0,2
VEH09694,SUV,50.0,11
VEH09695,Hatchback,70.0,6
VEH09696,SUV,90.0,3
VEH09697,SUV,80.0,6
VEH09698,Van,50.0,4
VEH09699,Van,70.0,5
VEH09700,Sedan,60.0,6
VEH09701,SUV,80.0,10
VEH09702,SUV,70.0,6
VEH09703,SUV,60.0,7
VEH09704,Sedan,80.0,0
VEH09705,Sedan,60.0,5
VEH09706,SUV,50.0,2
VEH09707,Sedan,60.0,5
VEH09708,SUV,70.0,2
VEH09709,Pickup,60.0,1
VEH09710,Pickup,60.0,1
VEH09711,Sedan,80.0,7
VEH09712,SUV,60.0,7
VEH09713,SUV,40.0,4
VEH09714,SUV,90.0,8
VEH09715,Pickup,60.0,1
VEH09716,Hatchback,70.0,9
VEH09717,Sedan,60.0,11
VEH09718,Sedan,70.0,7
VEH09719,Sedan,100.0,6
VEH09720,SUV,100.0,2
VEH09721,SUV,100.0,0
VEH09722,Sedan,80.0,1
VEH09723,SUV,70.0,10
VEH09724,Pickup,50.0,11
VEH09725,SUV,40.0,11
VEH09726,Sedan,90.0,1
VEH09727,Pickup,60.0,11
VEH09728,Hatchback,70.0,4
VEH09729,Pickup,50.0,8
VEH09730,Hatchback,90.0,4
VEH09731,SUV,70.0,5
VEH09732,SUV,60.0,2
VEH09733,Sedan,70.0,2
VEH09734,Sedan,50.0,10
VEH09735,Sedan,60.0,11
VEH09736,SUV,80.0,4
VEH09737,SUV,50.0,4
VEH09738,Sedan,60.0,6
VEH09739,Sedan,80.0,4
VEH09740,SUV,60.0,6
VEH09741,Sedan,70.0,0
VEH09742,Sedan,70.0,6
VEH09743,Hatchback,100.0,10
VEH09744,Sedan,80.0,1
VEH09745,Van,60.0,9
VEH09746,Van,80.0,9
VEH09747,Sedan,60.0,0
VEH09748,SUV,70.0,0
VEH09749,Sedan,60.0,0
VEH09750,SUV,60.0,3
VEH09751,Sedan,80.0,5
VEH09752,Sedan,60.0,4
VEH09753,Sedan,50.0,8
VEH09754,Pickup,70.0,0
VEH09755,SUV,40.0,9
VEH09756,Pickup,60.0,3
VEH09757,Sedan,60.0,7
VEH09758,Sedan,50.0,8
VEH09759,Pickup,70.0,3
VEH09760,Sedan,90.0,1
VEH09761,Sedan,70.0,3
VEH09762,Sedan,40.0,10
VEH09763,Sedan,100.0,5
VEH09764,Pickup,40.0,11
VEH09765,SUV,50.0,8
VEH09766,Sedan,70.0,10
VEH09767,Sedan,60.0,8
VEH09768,Van,60.0,2
VEH09769,SUV,70.0,6
VEH09770,Pickup,50.0,8
VEH09771,Sedan,100.0,5
VEH09772,Pickup,60.0,7
VEH09773,Sedan,60.0,9
VEH09774,Sedan,90.0,4
VEH09775,Pickup,80.0,7
VEH09776,Sedan,60.0,3
VEH09777,Pickup,60.0,2
VEH09778,Pickup,40.0,11
VEH09779,Sedan,70.0,7
VEH09780,Van,40.0,6
VEH09781,Pickup,70.0,11
VEH09782,SUV,60.0,6
VEH09783,Hatchback,60.0,8
VEH09784,Hatchback,90.0,6
VEH09785,SUV,50.0,6
VEH09786,SUV,60.0,11
VEH09787,SUV,50.0,6
VEH09788,Sedan,90.0,2
VEH09789,SUV,80.0,8
VEH09790,Pickup,80.0,10
VEH09791,SUV,40.0,6
VEH09792,Pickup,100.0,2
VEH09793,Van,60.0,7
VEH09794,Sedan,90.0,10
VEH09795,SUV,60.0,7
VEH09796,Sedan,80.0,9
VEH09797,Sedan,70.0,3
VEH09798,Van,40.0,8
VEH09799,Hatchback,50.0,5
VEH09800,Sedan,90.0,4
VEH09801,Sedan,70.0,4
VEH09802,SUV,100.0,7
VEH09803,Sedan,40.0,2
VEH09804,Hatchback,70.0,3
VEH09805,Pickup,60.0,1
VEH09806,Pickup,70.0,8
VEH09807,Sedan,100.0,6
VEH09808,Sedan,100.0,1
VEH09809,Van,50.0,8
VEH09810,Hatchback,50.0,9
VEH09811,Van,70.0,1
VEH09812,SUV,70.0,5
VEH09813,Sedan,80.0,6
VEH09814,SUV,40.0,5
VEH09815,SUV,40.0,6
VEH09816,Hatchback,90.0,6
VEH09817,SUV,60.0,8
VEH09818,Hatchback,80.0,6
VEH09819,Hatchback,90.0,3
VEH09820,Hatchback,60.0,5
VEH09821,SUV,80.0,7
VEH09822,SUV,50.0,10
VEH09823,Pickup,60.0,8
VEH09824,SUV,40.0,8
VEH09825,Hatchback,50.0,7
VEH09826,Sedan,80.0,4
VEH09827,SUV,60.0,9
VEH09828,Sedan,50.0,8
VEH09829,Van,100.0,6
VEH09830,Hatchback,60.0,1
VEH09831,Sedan,50.0,4
VEH09832,Van,50.0,9
VEH09833,Sedan,70.0,3
VEH09834,SUV,90.0,4
VEH09835,Hatchback,40.0,9
VEH09836,SUV,100.0,8
VEH09837,SUV,60.0,2
VEH09838,SUV,80.0,3
VEH09839,SUV,80.0,2
VEH09840,Pickup,100.0,6
VEH09841,Pickup,90.0,11
VEH09842,Hatchback,50.0,4
VEH09843,Pickup,100.0,4
VEH09844,Sedan,80.0,9
VEH09845,Hatchback,80.0,9
VEH09846,Pickup,40.0,0
VEH09847,Sedan,70.0,8
VEH09848,Pickup,90.0,11
VEH09849,Sedan,80.0,2
VEH09850,Hatchback,90.0,5
VEH09851,Sedan,50.0,11
VEH09852,Pickup,50.0,10
VEH09853,Sedan,70.0,2
VEH09854,Pickup,70.0,3
VEH09855,Hatchback,60.0,11
VEH09856,SUV,90.0,6
VEH09857,Van,40.0,9
VEH09858,Sedan,40.0,10
VEH09859,Hatchback,50.0,4
VEH09860,Hatchback,60.0,6
VEH09861,SUV,90.0,10
VEH09862,Sedan,60.0,6
VEH09863,Sedan,60.0,3
VEH09864,Hatchback,90.0,6
VEH09865,Sedan,40.0,11
VEH09866,SUV,80.0,0
VEH09867,SUV,80.0,7
VEH09868,SUV,60.0,1
VEH09869,Sedan,50.0,4
VEH09870,Sedan,70.0,3
VEH09871,SUV,90.0,10
VEH09872,SUV,70.0,0
VEH09873,Pickup,50.0,5
VEH09874,Hatchback,60.0,11
VEH09875,Van,90.0,3
VEH09876,Pickup,50.0,11
VEH09877,Sedan,70.0,10
VEH09878,Pickup,90.0,0
VEH09879,SUV,90.0,0
VEH09880,Pickup,50.0,6
VEH09881,Sedan,90.0,0
VEH09882,Sedan,70.0,3
VEH09883,Sedan,80.0,7
VEH09884,Sedan,70.0,2
VEH09885,Sedan,70.0,8
VEH09886,Pickup,60.0,5
VEH09887,Sedan,70.0,8
VEH09888,SUV,50.0,5
VEH09889,Hatchback,40.0,7
VEH09890,Hatchback,60.0,4
VEH09891,SUV,80.0,4
VEH09892,SUV,80.0,5
VEH09893,Sedan,60.0,0
VEH09894,Sedan,80.0,1
VEH09895,Van,70.0,9
VEH09896,Pickup,50.0,2
VEH09897,SUV,40.0,10
VEH09898,SUV,40.0,9
VEH09899,Sedan,60.0,2
VEH09900,SUV,50.0,6
VEH09901,Pickup,70.0,9
VEH09902,Pickup,50.0,3
VEH09903,Pickup,80.0,8
VEH09904,SUV,80.0,6
VEH09905,SUV,60.0,10
VEH09906,SUV,40.0,3
VEH09907,Pickup,50.0,4
VEH09908,Sedan,90.0,11
VEH09909,SUV,80.0,10
VEH09910,Sedan,70.0,7
VEH09911,Hatchback,100.0,1
VEH09912,Hatchback,50.0,8
VEH09913,Sedan,60.0,2
VEH09914,Sedan,50.0,0
VEH09915,Pickup,60.0,1
VEH09916,Sedan,70.0,11
VEH09917,SUV,60.0,2
VEH09918,Hatchback,50.0,1
VEH09919,Sedan,80.0,8
VEH09920,SUV,40.0,0
VEH09921,Van,40.0,1
VEH09922,Hatchback,60.0,4
VEH09923,Sedan,60.0,1
VEH09924,Sedan,50.0,11
VEH09925,Pickup,50.0,5
VEH09926,SUV,50.0,3
VEH09927,Hatchback,50.0,6
VEH09928,Hatchback,80.0,8
VEH09929,SUV,50.0,0
VEH09930,Hatchback,60.0,6
VEH09931,Pickup,60.0,10
VEH09932,Sedan,60.0,10
VEH09933,Van,60.0,10
VEH09934,Hatchback,60.0,8
VEH09935,SUV,90.0,3
VEH09936,Van,60.0,9
VEH09937,Pickup,60.0,11
VEH09938,SUV,60.0,11
VEH09939,Hatchback,60.0,8
VEH09940,SUV,70.0,2
VEH09941,Sedan,50.0,11
VEH09942,Van,60.0,0
VEH09943,Sedan,90.0,1
VEH09944,Sedan,90.0,3
VEH09945,SUV,70.0,3
VEH09946,SUV,90.0,7
VEH09947,Sedan,60.0,9
VEH09948,Sedan,60.0,7
VEH09949,SUV,80.0,9
VEH09950,Sedan,90.0,8
VEH09951,Sedan,70.0,3
VEH09952,Sedan,90.0,6
VEH09953,Sedan,70.0,6
VEH09954,SUV,50.0,2
VEH09955,Pickup,80.0,6
VEH09956,Sedan,70.0,8
VEH09957,Sedan,70.0,11
VEH09958,Sedan,80.0,0
VEH09959,Sedan,60.0,8
VEH09960,SUV,100.0,3
VEH09961,Sedan,90.0,9
VEH09962,Hatchback,80.0,1
VEH09963,SUV,60.0,2
VEH09964,Sedan,70.0,10
VEH09965,Sedan,50.0,5
VEH09966,Sedan,90.0,10
VEH09967,Sedan,60.0,7
VEH09968,SUV,90.0,0
VEH09969,Pickup,60.0,6
VEH09970,Pickup,80.0,1
VEH09971,SUV,70.0,0
VEH09972,Van,60.0,6
VEH09973,SUV,80.0,0
VEH09974,Van,70.0,5
VEH09975,SUV,50.0,10
VEH09976,Sedan,50.0,10
VEH09977,Sedan,50.0,9
VEH09978,Hatchback,60.0,5
VEH09979,Sedan,60.0,10
VEH09980,SUV,70.0,0
VEH09981,SUV,60.0,5
VEH09982,Sedan,80.0,9
VEH09983,Pickup,80.0,4
VEH09984,Pickup,60.0,5
VEH09985,Sedan,60.0,11
VEH09986,SUV,90.0,0
VEH09987,Sedan,60.0,3
VEH09988,Hatchback,60.0,1
VEH09989,Sedan,50.0,8
VEH09990,Hatchback,40.0,9
VEH09991,SUV,40.0,8
VEH09992,SUV,70.0,2
VEH09993,Sedan,60.0,9
VEH09994,Sedan,60.0,3
VEH09995,Van,60.0,4
VEH09996,Pickup,60.0,3
VEH09997,SUV,60.0,8
VEH09998,Sedan,70.0,11
VEH09999,Pickup,80.0,8
VEH10000,SUV,80.0,4
